date,STK01,STK02,STK03,STK04,STK05,STK06,STK07,STK08,STK09,STK10,STK11,STK12,STK13,STK14,STK15,STK16,STK17,STK18,STK19,STK20,STK21,STK22,STK23,STK24,STK25,STK26,STK27,STK28,STK29,STK30,STK31,STK32,STK33,STK34,STK35,STK36,STK37,STK38,STK39,STK40,STK41,STK42,STK43,STK44,STK45,STK46,STK47,STK48,STK49,STK50
2014-01-31,1.5421364525192394,0.3632755920966825,1.111579473982714,0.2805872316878132,1.252349996176334,0.3214314281828989,1.742967697686,0.4380333356472881,0.9897014878285898,0.33939477304051185,1.3929845936514351,0.46275565268449254,1.2742667380987776,0.33473446915151717,1.3954518736181232,0.43777715142431384,1.6538650789268656,0.500932885918544,1.66037876115748,0.2994271326033109,1.55718737059192,0.5339952921165827,1.3817128093483104,0.4024310472114718,1.4935245556198191,0.4013074961276546,1.4265467868273745,0.3209612186015503,1.1557725434754231,0.46999364370595287,1.675629347872243,0.3596312029361779,1.009267281336248,0.38633549281124313,1.630421275164276,0.49945709495669427,1.6324118892480601,0.5485844046992873,1.5863658780050192,0.31675710238986193,1.6476539643964847,0.4295113210489945,1.3965078843232723,0.4572859448748203,1.6108013515661923,0.4955771033170313,1.356877964779496,0.5123114295544579,1.447216687081547,0.2758292770020836
2014-02-28,1.4737883530614224,0.4161612854249404,1.220376235828428,0.30582513847115494,1.5099591298499648,0.3473635200060193,1.162017813248461,0.3141302091714474,1.1854901449787651,0.3598350137345,1.541691793658845,0.3937104073970696,1.9533633286991658,0.3745157412839939,1.1951689429939387,0.48041985386622715,1.390448277233946,0.3252172421448582,1.4282123680777412,0.3362147974671839,1.9419202391459003,0.5098406316609363,1.290671076750371,0.2710861442415967,1.3695092951193268,0.5169787760512563,1.7046005016136225,0.3978754603753782,1.2849608994704242,0.32033148129719746,1.4343805992400631,0.31521325158087066,1.4418224815515792,0.41193184334547184,1.1282561095566104,0.4177789601149065,1.7215118734614594,0.597879107636316,1.1799990712799373,0.28568489102702194,1.4326249544000795,0.3772296516167886,1.2769289563812272,0.37624979683561605,1.5606461773348457,0.43847227350409956,1.6778195240235234,0.45316172769638485,1.3751770232478595,0.31142613916158546
2014-03-31,1.346000163039822,0.3818610412026475,1.286088724223714,0.26867462782826385,1.1442747813014205,0.5010846836119248,1.4873314047981825,0.5005568554033417,1.2164504098035747,0.2605404635087,1.7790244102178094,0.5258204273180609,1.3463589957814874,0.5239369054337499,1.4577720135948091,0.5184693231601598,1.211314784098731,0.5861752877818909,1.351787491277686,0.4013843707555352,1.4816725295016713,0.4529636414625317,1.2103899174879074,0.3845398078516326,1.558866932360709,0.3626519536700636,1.8254427394180481,0.3098302205623489,1.5786043111875068,0.35616027026154884,1.1621272146496622,0.39669965836362364,1.323331433497743,0.5106812632260065,1.1218479301506168,0.4545845857150721,1.6459688776467605,0.505576011494201,1.2578941952534322,0.24887303351471318,1.4256533944980327,0.4141056273737316,2.0629061012307925,0.4371969817220341,1.4776538723470247,0.42921037285291397,1.0708081373762333,0.46035780397772974,1.6667271828533705,0.3526839727353197
2014-04-30,1.595457523669407,0.36394037827421505,1.5179314688935703,0.34213630205962553,1.6477578431598074,0.31820615876587,1.1445004978101974,0.3795009242911962,1.3960947742173697,0.24633130123492974,1.5129710098598,0.5480810860350477,1.6962709539949432,0.3475856369210767,1.6751430716174207,0.48841924087541394,1.5060360795386274,0.4119382405579862,1.7331913924365974,0.4690014678520288,1.588184511629679,0.44718812680027203,1.544735869354557,0.3404173874584749,1.4265366345561485,0.49612618872491526,1.3832152655767669,0.2758238420434589,1.1079024793146957,0.454684293573389,1.1262627294113994,0.4954510167038236,1.1288753503722784,0.31755182552818906,1.2239485730270558,0.3617323246364888,1.2772059424915634,0.45446258701285513,1.2001652748519767,0.22302563847693044,1.3139388085466612,0.37905674617933927,1.0904957008832432,0.36831945652405373,2.096931880069339,0.3615388907338689,1.2586685945978813,0.46843567980211104,1.7413932684857618,0.2786382976397638
2014-05-30,1.534467702625544,0.35606750804104226,1.4451490322760643,0.40554849440538226,1.2810489607046849,0.33103724704910453,1.3291901485414048,0.4289447061593722,1.0382557705297928,0.33010197251426787,1.5231252434045222,0.45721232362272,1.5432369369617769,0.3445236572185135,1.2278612219439657,0.5012955163387093,1.2349404670904391,0.5749109638928716,0.8755949740421376,0.41558944404568504,1.7121799891629708,0.40363478166371647,1.2516892346884314,0.34077109268484146,1.2607181405811607,0.4369019240484921,1.3508627148515364,0.359306081421498,1.2434986055232584,0.4729701028223875,1.4978024882453458,0.29225738743656277,1.2664365339607393,0.46954035988116866,1.2091071306602539,0.3527560471435913,1.3339843962354243,0.41179997042138006,1.401563548709925,0.2565277800979205,1.0630971235966522,0.4114697375544846,1.7636953113538947,0.3143269736450351,1.5378191205094416,0.43851684271356556,1.228316986292847,0.3327436226998482,1.160424937421422,0.28958158027537373
2014-06-30,1.3781337693017346,0.36516537256941284,1.0129302877929238,0.3275809915167305,1.4269631326232453,0.504293466641837,1.3334756346918684,0.36284191516812464,1.2401451877315994,0.2992366025224553,1.240788640044277,0.4634161510866762,1.879124642818646,0.4203089210198962,0.8873115826942883,0.44605009670229995,1.3534350979481633,0.4119835897623587,1.339315989358069,0.301740565035923,1.4412162868018834,0.40628732512516985,1.9587926022849822,0.2780634579011349,1.473098937624274,0.3491061000099584,1.8834762386765547,0.2921963466694361,1.2961107241505687,0.37862531148100126,1.2247373127352235,0.3943406260683194,1.291939767616414,0.330229696226927,1.2537328272832384,0.4149351847823141,1.7780492499023028,0.5590300399282325,1.372659764300139,0.31534587647311146,1.2499096941744077,0.3828937386069053,1.2651063475115016,0.42109875207821046,1.3424204931722634,0.46242514296735354,1.0755973286144447,0.441337893815174,1.3265306762025517,0.35887175808073984
2014-07-31,1.1046370284936056,0.2697450808952715,1.3537288664539575,0.4000076793901406,1.245847758922294,0.4033551522973698,1.221444920048905,0.39797709413623344,1.355108645688708,0.33738344199743425,1.7080800730374672,0.46050562769948356,1.5599548067562483,0.34753776987768376,1.40417688596535,0.4470034976809692,1.17827530812436,0.4376092669561584,1.3788577054640876,0.3793782591873901,1.7841008687572635,0.46613544716752503,1.7006299784713752,0.2844943427312567,1.6055750691117225,0.447586602667223,1.3402975080292865,0.36237520377639953,1.0140073817941444,0.3117917309186392,1.4469313114687201,0.572875455080438,1.2671282609733787,0.44021301956547854,1.256817177136117,0.37430960172379224,1.5906357140082643,0.4096455368780502,1.3143675117060933,0.22121277529484945,1.0418070686181469,0.5314444013361984,1.8651825689131827,0.3158823021095151,1.7755950313084747,0.5431862868613586,1.4116233914020868,0.4572856993481164,1.0662723940759338,0.41964607976078544
2014-08-29,1.1921052382691608,0.45883069466327614,1.5043381448304478,0.3279250593437119,1.424728821947034,0.40923612247435004,1.1083527385114913,0.4179716666299209,1.3146124499105376,0.3885594399044164,1.936206361228513,0.3886308822281086,1.776986731955555,0.25359897341351173,1.2831759556662006,0.3829604445772981,1.6650525180419533,0.46151451843473,1.0381025890971305,0.3265436225807635,1.5404424873954694,0.41669197765273397,1.4229969660387647,0.32328102149600874,1.1505217692905538,0.5687903082732296,1.8215583188127458,0.3485239512340509,1.256339112449525,0.41788760512105283,1.8611270198372003,0.35071462556013705,1.2085065385173779,0.28273164268888856,1.2611047918570684,0.42670577805929544,1.3042872214930505,0.5304223237237509,1.2781340900737015,0.3721543076820809,1.0555691420961248,0.38205667014398775,1.646904454583528,0.3549695254632572,1.581396068671114,0.6632020259735749,1.0768630817142508,0.45545085791366946,1.2725039485499496,0.3791760138357895
2014-09-30,1.2071402333936971,0.4189984795429345,1.4302760376610897,0.38561973055310367,1.412972911001303,0.396623303154398,1.1283447119623806,0.4196534268288206,1.2727349458282076,0.3376193139683137,1.5057407742044187,0.605152973112389,1.4853458373509627,0.4121215667557026,1.9582146981973085,0.6003760358218896,1.6134836977111822,0.4113677138740975,1.6119529301196283,0.3144582478461011,1.3270613480161288,0.44848707051358794,1.5674300464317994,0.34831332303517193,1.6843505521272335,0.4284528805987519,1.911034765156784,0.3441732160236223,1.1650386938873758,0.4778339895334422,1.769710335089422,0.40093984729581383,1.0422804113202917,0.30688776889391933,1.2393730916119954,0.34749555488395534,1.7720364210936992,0.6747846070628205,1.0866832405239633,0.39598333414063197,1.2887767053495511,0.4110162830951442,1.7822527336218545,0.41210589197341124,1.4900597199236656,0.5098829852206154,1.4698331191273097,0.6592420214934511,1.5568938792658262,0.34801403332450564
2014-10-31,1.5091377998771363,0.36254202169307553,1.4299015596054516,0.29736358380158384,1.946770499967649,0.41527002039418437,1.26157969233441,0.5592778856860323,1.106706822231688,0.2842194432185937,1.4978556926576927,0.4310372629025605,1.9543965759442572,0.29559223428650727,1.4245890276166397,0.4002709070522316,1.1648378247898339,0.3093549795361193,1.5526276032965414,0.31713456103543036,1.3723675178388401,0.44626420107583675,1.6752382070105005,0.294233732292855,1.5831070584377487,0.5862774973586932,1.6049470101577528,0.2807840838289912,1.039871230599501,0.4069321209780485,1.5071215028417866,0.43627430128069744,1.3314415942774773,0.35004094864338126,0.991128298506158,0.3438568835007059,1.428045483020201,0.48424673148516745,1.2211359214200495,0.2788472769544801,1.3591273242606652,0.4477032498925369,1.8405517999506429,0.376141547443997,1.601997592085997,0.5015349318143887,1.226798494876177,0.5293877763774519,1.4902382357345605,0.34682452131683583
2014-11-28,1.5315085077601764,0.5109139521828824,1.3184833089450068,0.32869266995052315,1.4644388821301957,0.3657244996372818,1.1877054839472232,0.5421877717842333,1.2121277707284364,0.26798513909355415,1.4630023030729353,0.4177072008354296,1.4398277121141825,0.2694882199038666,1.2974324778347723,0.4168884953179432,1.7383430351949614,0.500289701014258,1.2204358992158595,0.2944595555191959,1.3587183337299449,0.48536079435371643,1.4632994493901412,0.27897869194492403,1.458679552894974,0.5349923949261535,1.4642488219549865,0.2857640809803527,1.1394221044131188,0.3793745695344295,1.553603164446561,0.4637797691671044,1.2795787091532638,0.4304540305416513,1.2806668235347491,0.36902948309283307,1.7180476370276825,0.4276544461242411,1.1099521969410966,0.33742023919097197,1.3159408316243502,0.3557649576729089,1.197232327495311,0.4171571893852194,1.8530857048798726,0.4776781133480182,1.119962336373441,0.4623003917018005,1.7357030057477232,0.3433895678123748
2014-12-31,1.1989401484935398,0.4481267754455942,1.7149823429411697,0.474645888822789,1.4733434625689148,0.3958432652364737,1.0147702988812126,0.3766156787591252,1.502296922829028,0.351577117789469,1.5810439557873446,0.40705761123721274,1.7046935583280534,0.3789814143887823,1.4420041445412284,0.4088091942547217,1.3057254980072688,0.35316071531772447,0.9495157639550922,0.3399135654339662,1.5538252363397138,0.3939858513116336,1.7714305645619337,0.27789365450274545,1.7746463276709672,0.5196536723444428,1.280064750553336,0.45671593589861453,1.2147306373517306,0.34185153735272916,1.305756510954055,0.35469063432436265,1.169697370697072,0.34910677378355887,1.287516966510526,0.5112057283029926,1.2692844062039192,0.5078200692620914,1.4311366240471042,0.28207567403878653,1.1110156276809273,0.42634657995208475,0.9031471094532675,0.3594001422190582,2.1571136397331694,0.4394880017879518,1.6644381164677722,0.490879461874277,1.3787084692557043,0.33891288621063415
2015-01-30,1.4107209092825266,0.36180815397443655,1.0280652659833405,0.331284094103019,1.225783444697625,0.4374186267960465,1.4056891774479003,0.3937516152151558,1.340747549021271,0.33299292144270165,1.100205556351891,0.5329233513578608,1.2391201110058465,0.3339150349895836,1.6982711446796397,0.5189618611585687,1.1838998897561306,0.4336602347531401,1.329622123086406,0.38368598319966957,1.2242169822335387,0.5868026369593821,1.5988310647308677,0.34380186794177603,1.6787892967722262,0.445859568773563,1.6943869309770447,0.2773391488861338,1.1391179325214864,0.4320437677535141,1.510436970734255,0.37849056314657975,1.305135914310955,0.31970220711269026,0.8329955456048964,0.40762458683098146,1.1433591812177732,0.5145412014144733,1.436141327766034,0.29591999907486294,0.9981808500179973,0.4076695907573778,1.2843312145120909,0.4309617032111885,1.5918600984303977,0.5626976976314976,1.1479469344150595,0.4601627944938316,1.2729109691844032,0.35224523114854234
2015-02-27,1.2621400365205029,0.35713356268151264,1.0351888877925806,0.3913785184311617,1.4940424784241702,0.36690556911427935,1.1342811598693987,0.4525694050091811,1.4963670138493748,0.18267253383274953,1.824130309950932,0.4833748000331294,1.639047738717464,0.3239201362336049,1.1491707689763178,0.4796643369169011,1.1286555097827213,0.5220986496606836,1.422009428940956,0.31581898047970225,1.6422944118654799,0.3376578330632683,1.644020824163898,0.3791201751436716,1.4674630512999256,0.5002693165081356,1.3330056671912744,0.21244417413185626,1.4010124667338308,0.4625938630039306,1.8229851339413001,0.3717864946680136,1.0590251521791099,0.2645104734435848,2.0251670349058597,0.4697518673977723,1.4927987342598916,0.4418629601729648,1.2542889004561706,0.313619564294603,1.1600617282898873,0.4373873061491843,1.461329321204394,0.4613449652233083,1.2402555966261337,0.4413091037814723,1.3135382642010776,0.46610260613534077,0.945997906401009,0.3177237524479317
2015-03-31,1.4290323855804363,0.26254814915922015,1.5573486232720208,0.3829049171696978,1.9066951888021388,0.34737059380933594,1.1114658720158892,0.3518274276595185,1.176951905582205,0.29619805569476265,1.1342334137874845,0.3957470500117003,1.710533792223007,0.30729503513830003,1.6934325285132992,0.36615641219997064,1.5876074516755718,0.37858162810098345,1.3739946331636108,0.37131415928093386,1.6304281927180546,0.3106673723198443,1.652567709407232,0.34216247874443817,1.448638121664929,0.5630178802095052,1.9525848288887353,0.3915638646448199,1.0226467349414456,0.4624982234369002,1.4201478513145909,0.3173052745254554,1.2070703731730288,0.312334289100996,1.1913260743767755,0.4732571374992503,1.3079927302254808,0.5122400974427237,1.4887441077856924,0.32121077498349115,1.6280208893629475,0.44150523030423083,1.2060942023724237,0.3314049572550301,1.5824338053229652,0.48741065790201105,1.502294069170653,0.3966023713397651,1.3724700648732446,0.3444051191661822
2015-04-30,1.388166536109648,0.5243535358165179,0.9864527595769639,0.37867232704974346,1.4243958522146427,0.4167619829586545,1.613366612768377,0.38403551804648317,1.0080261052949828,0.2488034753857497,1.4189011243299068,0.4809095347254903,1.5314811920501317,0.4435925738082269,1.1066525502121627,0.46179240022388773,1.262980098140027,0.380419035231479,1.42594484861454,0.42577915110163883,1.4929668772025624,0.37707830364157446,1.2640476941326373,0.322862432771944,1.4161765957720682,0.5177178142760107,1.2745710348215433,0.4103463896939086,1.9234878331247267,0.40819601650008924,1.5591662145836451,0.39483432737186586,1.3475906045324106,0.33483220588423146,1.2623017455584156,0.4147721145207217,1.3166693152365834,0.5660354953215875,1.078404944643564,0.3516249806084157,1.3129433547536424,0.48533596202992785,1.4369540514740446,0.340776011550263,1.5756163490466892,0.5438152517785765,1.616081984910463,0.5249031223388277,1.0414002947814267,0.38724933565998465
2015-05-29,1.3267062452839906,0.40012950119599716,0.8907806134446838,0.31077382617069493,1.507058776922898,0.3385455885794459,0.8654916357335912,0.4154759493450812,1.0584246779365354,0.33774347022496864,1.770669435159634,0.4700590508793801,1.462627411706283,0.3161927268744386,1.352156663065707,0.40814077380537783,1.4773896149645966,0.5021092563744679,1.2845104900755926,0.378834818646978,1.6162125776614655,0.3895261209880326,1.5095071182039728,0.3031069918821366,1.2788183862751408,0.5058741636273236,1.300475089162453,0.30887295671039033,1.2030956005789646,0.3516209524368365,1.5897864031402216,0.3034828566486978,1.0448386287737406,0.33196261362357554,1.022597179702846,0.38779196528700216,1.409979127581492,0.4846909927678222,1.241196990560631,0.2886652547725096,1.2348853633690053,0.5045843671266917,1.1003847179569917,0.377855182676644,1.5314754220751217,0.442194658982987,1.14094657303533,0.34117062365091927,1.421494781684896,0.27128109822976604
2015-06-30,1.4626720272807903,0.350689096580387,1.1590229939718357,0.32422234323126436,1.4745938558239566,0.44370458002184743,1.3956889021765109,0.3837820971470284,1.3702044822363124,0.25184662884726894,1.6803040373267335,0.48681341731409333,1.6458611750571988,0.3064646715053781,1.290806978468299,0.5533800392999596,1.1432060947289193,0.44270613864795183,1.2378833231292288,0.3597960885836734,1.5698552292640546,0.35870638813452793,1.6226807506157483,0.2866835367531364,1.4026236937658134,0.35715629603155297,1.5400712537225183,0.25372347070415163,1.3265010845473073,0.5333198137296875,1.419272289084686,0.32937243426044893,1.1720224523695508,0.39468993375563965,1.027751397735851,0.41253184673437754,1.8714890920536151,0.5342043001863197,1.0499714567652036,0.3113087392809845,1.1745975522299676,0.3803221371528902,1.2674202244957897,0.4801753879074513,1.1068893299773426,0.5366872708621613,1.200069116930793,0.5707237423582215,1.1778269398804329,0.35473406075929464
2015-07-31,1.5457064990986522,0.4037166692059571,1.3363791625464394,0.30378115120571597,1.2362039087618077,0.37663450593616316,1.3199773060866173,0.34155269291055207,0.9278375277929608,0.27385408554511265,1.6613001006066006,0.4145054298173488,1.3890857147816391,0.3642116930753476,1.3359018519893495,0.4725492292651126,1.5406632278734138,0.4041263615358815,1.1040122858790602,0.29235891486496157,1.1713443893276774,0.4676714135809649,1.1685273424319225,0.37491301563730106,1.3425595905072154,0.48751565321199186,1.6615762351088108,0.303054859003111,1.3309849499145727,0.41555362733119,1.7718092938745764,0.3096025387342445,1.2676256333562572,0.35264540781671766,1.1245336640097132,0.39189238364761836,1.6988431446870043,0.3951735075723402,1.185511903781143,0.27530923451727835,1.402249172487148,0.3573282039067236,1.4001376887597172,0.4173742936224175,1.8330433392448755,0.45759231370484527,1.2970935352809418,0.5062706215369646,1.4056872010670056,0.29090766897844006
2015-08-31,1.0611274764829146,0.40895056385145445,1.0810974659079915,0.3575501272590572,1.159634723846843,0.4117694239632284,1.1590073406974304,0.3766858275940125,1.6839510622469698,0.29868188951829167,1.8777048598696344,0.352642839380348,1.3588890382371803,0.4140111067525795,1.22918737433104,0.5029109186155899,1.1170926854329406,0.4236916646272246,1.2206561976041124,0.39604400157432545,1.291127534624066,0.3664566820835612,1.6140274838508977,0.3350046352762488,1.7203396786582419,0.3815792283377591,1.6614418091323169,0.2973628540377873,0.985338391701061,0.39788560500818776,1.3234342665913132,0.36209078219467156,0.9297524276015163,0.31066957879892493,1.4248769847354117,0.46340148268997167,1.2442071187610382,0.5204930751768256,1.0158509476982287,0.2544055671055662,1.1427068305615464,0.39624507477793186,1.1951327831085068,0.3444939215420318,1.7948038845899859,0.5472781257637814,1.1346174026570637,0.43064403285314246,1.1691089240103276,0.3164065653395077
2015-09-30,0.9549183229713655,0.4261548318349602,1.3270430235614616,0.34728905195809434,1.4750937813218163,0.3273428281642843,1.4656010846488212,0.45088472907618027,1.15805984972691,0.3690589257681183,1.6050447808670636,0.46852863670077244,1.499081760134904,0.3623347457607151,1.4900860839288639,0.33279994082652636,1.1789514448092977,0.42841692292958716,1.3066223563894321,0.3136221507266056,1.6024638778803417,0.3189642277182403,1.7040027070903798,0.3764420303220037,1.3195875999386066,0.4477643990874262,1.4121051823785902,0.29332928886672616,1.3909983752429995,0.43029633716003873,1.5070386060823648,0.2867838995409467,1.5992321273489412,0.40315115819618647,1.1703532031264334,0.5312285283607266,1.2093309298226622,0.42330989042094624,1.548418892603288,0.3194708047466459,1.2451950832281933,0.43999921810952886,1.5850965720098382,0.33668665900113565,1.2860139370870962,0.5670671485545086,1.3481487212432595,0.5231708874017,1.2428310490190109,0.3446271409635335
2015-10-30,0.986690212494542,0.3526124109729629,1.2481402219088573,0.3401980598278923,1.6568620814009383,0.3213305011301321,1.2472201472564235,0.4375767623158092,1.444878444230966,0.23938626057907172,1.666053204313672,0.497599917196239,1.0891066851255076,0.40489438025064284,1.7127711573183226,0.4227315110347003,1.8647909646995426,0.4418943888080418,0.9662663470127115,0.3517069795103787,1.6581322717163558,0.4436310772876258,1.7851213302823754,0.3314125236202043,1.1162304847778088,0.5521721665683024,1.4686231279713582,0.4297653527896444,1.2756674289875687,0.43541490968576607,1.269773580811367,0.2645723694584832,1.2658658431420267,0.389143990070387,1.1975041313541985,0.42684782286855283,1.5154812794910972,0.49230622197948287,1.502085188678555,0.31662152461894766,1.4956905780368017,0.4873408842226467,1.8515208896476818,0.3769145453179846,1.9652745992664937,0.4693544920704413,1.2278513101431152,0.3945753041033602,1.2442975818741708,0.24769838706202885
2015-11-30,1.7758773256547413,0.4343913030333783,1.6678264950408352,0.319020805142185,1.1231294320762675,0.404036516262856,1.2114952787072146,0.4980950577438513,1.199991547631698,0.29798218987493286,2.181750739907696,0.3509230206901767,1.4575332955662545,0.38325020423716943,1.2349150244165323,0.42476750188137025,1.7532502819941236,0.5929710422051879,1.5388615090861277,0.33354414119291703,1.9581940662558637,0.47363438220312476,1.6338312250347542,0.26499876138670503,1.373442134813909,0.5443309162138046,1.4706540180979122,0.33430624828279903,1.2829624635272787,0.42198209992211355,1.4496555706430632,0.44161042217370206,1.603261087272708,0.3013001859794322,1.181670989227359,0.4742222566237996,1.7003739247275251,0.4358929270362832,1.24864502418056,0.21427517338429225,1.1508977432729737,0.5634902521076692,1.4581207140390042,0.2707700859032559,1.8210176045154947,0.463070145006592,1.408433499053433,0.4897639266177757,1.4759192738758362,0.2898947213635236
2015-12-31,1.034518202070371,0.40324230075699574,1.4662806839636766,0.3052655234744374,1.2128079140115422,0.4285787603602406,1.6871848598962962,0.5464300718417152,1.0573586673774737,0.34355448048944887,1.5811153324972596,0.4927461842060276,1.5018471548299888,0.32099593797258247,1.5900903142059866,0.39839507449516265,1.5133743842990248,0.5515477572067241,1.3198078168265088,0.40316920866378736,1.8104580560692332,0.3723008716273239,1.2792620892907247,0.2950013086199198,1.980542503889655,0.43304152994281003,1.5628054855314641,0.2835169786952092,1.1174895444827158,0.3734916865381151,1.7979990295332497,0.39996576670556694,1.3351161281324668,0.35760045557219805,1.375739786368981,0.4499728905345253,1.1480481856818647,0.5231503905201856,1.0411621460324318,0.35107343939550306,1.2327821099346454,0.36286765785522157,1.5747623122616876,0.3151462504337671,1.682440974411701,0.37264138229170257,1.3496869207301647,0.4947168908095654,1.231554112640174,0.2820890259030355
2016-01-29,1.1533983631979903,0.3338153380248839,1.2980186308649815,0.3185792118416813,1.1922067176417854,0.4090751406451417,1.031274354973888,0.4376516989232354,1.5007499720093171,0.4427740875068519,1.34963442833374,0.40377461316283114,1.2437234295512805,0.4448508017481108,1.7501033312604724,0.5880193750531932,1.3122158597647056,0.5566064688001333,1.2735114383068977,0.28258551714401964,1.1485728111204028,0.456666042622693,1.2017286868201074,0.3834101475551126,1.6992028328115445,0.6018927441948119,1.4406086177857491,0.2705191949569169,1.1181030548098834,0.3912486160844559,1.3670993526516515,0.3717776140990625,1.464768830064882,0.3701603131858647,1.079257494632371,0.42637403023863735,1.1714273820820176,0.48565480765709684,1.4800671917618944,0.2743249296756381,1.0859341197976304,0.40430199220177304,2.006568259022543,0.3612165091871718,1.3199749257577014,0.5131698510049318,1.4207526397341295,0.574657313421253,1.4933048435785359,0.2726440334389033
2016-02-29,1.0804344313830887,0.3773637934937682,1.5475471580332523,0.30359965212846096,1.4451541195224915,0.3655574570863633,1.3503091120848816,0.5242018432520147,1.284721717036187,0.28468515775358305,1.644962733213115,0.6421186531520334,1.4311977927269717,0.36535617509981594,1.5437406476620006,0.5316457930651141,1.6201432975462562,0.4543200359564272,1.648533715630046,0.4401140826014251,1.4043920393942992,0.45234430253303537,1.5783977497284163,0.31807528173974453,1.0814181782020529,0.5236331377828676,1.4359802122137724,0.2961060122516937,1.3203215373079047,0.34723307582832175,1.6154443669149483,0.4694021948489112,1.276795534817511,0.4562323057316611,1.115736360074398,0.45991894774380937,1.3905856325549675,0.3573349469252355,1.445237495141159,0.3027011161906763,1.319099081755965,0.4030423897158568,1.4055065186382045,0.3480047757294043,1.4883350166802856,0.44918433666386887,1.1881435516797436,0.41906216102180427,1.1969789164216686,0.49256418766268734
2016-03-31,1.195990283710084,0.4141926157109906,1.0624758284722131,0.3403201491315757,1.1825827250620116,0.3592730116518132,1.1431409940620036,0.43622358057282723,1.1173956151332327,0.3963318315990837,1.5689677201444752,0.3470964240525491,1.609485273793113,0.45789221649652256,1.3948139396062256,0.4935095861878067,1.3830217708588988,0.47092886022121816,1.528765357044518,0.3817282981304175,1.8350226056409433,0.5141514372332218,1.6014508455948346,0.29764123329281317,1.3500843032196175,0.4779760829034981,1.5150030726253634,0.27349061132923425,1.4304459922007462,0.37124408731055425,1.2920644341429899,0.4109893510747007,1.124597180969383,0.33014955631590304,1.2501134763568797,0.6469019184549287,1.3011782800356455,0.4860037477926627,1.1487003845938242,0.3060977422291886,0.9984806312965715,0.3989432172386389,1.7043953208692817,0.2977360416183329,1.9899437634969852,0.36348837609596807,1.484681608586971,0.5343858269410766,1.6794861866233197,0.3332631434576573
2016-04-29,1.3848574077110056,0.44444478851366637,1.042717020814993,0.3757177212837662,1.2038021700430748,0.3993463924227295,1.5665467596145677,0.458456736018111,1.0942464482009764,0.3963997641587085,1.2710203498653092,0.4061749212612418,1.7614744782742642,0.31010645891722366,1.485098929922409,0.506187345653994,1.471623501871632,0.4736240583605196,1.2280398438609974,0.33177923556802225,1.473831315406435,0.4217037412240167,1.3036072034750097,0.25205058330490476,1.733112315258798,0.5262915870785521,1.5686318516010769,0.274688211226821,1.8852897326088132,0.467345707986009,1.208816039483646,0.4165716997643269,1.1837022064826237,0.4908879117203822,1.3411603135370007,0.35819176132400177,1.1702956904198014,0.3991073123124909,1.248896389289345,0.23755688608297781,0.8203002372899897,0.3864446551533988,1.2163227759004884,0.34340227853050626,1.1518161376134757,0.46146772900840727,1.3000332426799255,0.38858560544226084,1.0701686066559195,0.3235063067259094
2016-05-31,1.5676185446785684,0.27408237699440147,1.2794549474348333,0.23319164302837295,1.4926665184229768,0.362787741749774,1.2616164125076297,0.34235724644156995,1.4779775223289509,0.3549140768669703,1.9315984752257966,0.39247609777973486,1.7106641806334095,0.6365024344533229,1.0696820310727306,0.4491211923054845,1.3226212861945434,0.360899656978445,1.4491475242809144,0.39228704627013394,1.1562184518300886,0.40322497761146686,1.1431150495523028,0.23553981796101314,1.595688385200461,0.5199823731319222,1.3979359911425115,0.26687119891079825,1.270837887533287,0.4352143848675048,2.21776357862016,0.40330205741582625,1.6243063561530378,0.4714396030258821,0.9814973346713445,0.3350583728848461,1.4468094378735674,0.512519750974579,0.9973321690426694,0.273374209314158,1.1585042766477216,0.38088712067705943,1.6620937947848287,0.37797055613387165,1.8796706950183324,0.44653685069646193,1.1347060746309532,0.482519483834706,1.906035393634244,0.41121362467457717
2016-06-30,1.4347393588674067,0.3072686053009054,1.1397406579590648,0.3150770507900134,1.578727965411562,0.6065593465390555,1.1282226391915482,0.39289545408747134,1.380876817455876,0.34357541554710425,1.3784585417170325,0.49453286852953726,2.0149792474724757,0.27710596057441594,1.29006261362062,0.45221108354239226,1.8703138018547663,0.45764023971135104,1.2385824480746166,0.28900038891973273,1.3555051155817455,0.37614548122603453,1.2512179886622934,0.2923691939071846,1.5546593301644174,0.4537642485052216,1.3394721461630383,0.3001496807015995,1.3074161253117405,0.3475429142789717,1.3300390820540486,0.40063487479234416,1.3171887766691852,0.34110754538390387,1.2194437119426393,0.4712331159858997,1.5071956375764464,0.39977087451591664,1.1763650669133725,0.27842089621484745,1.1102091659705284,0.3682279049185759,1.1544078977760102,0.5074787195549174,1.5775425076287388,0.5709507717344408,1.330305823825129,0.3105333689120857,1.5144020680472965,0.44561623639855347
2016-07-29,1.3177098203466908,0.36878849211467857,1.1949715050546605,0.33254153982139906,1.684089868509221,0.3693874551389243,1.0563739586705354,0.45388772412852035,1.5719934720553739,0.25925741332451907,2.2048351238761246,0.43190606347111093,1.900379232450791,0.3603381744197412,1.5226002522751314,0.48479264596604427,1.4184676346407425,0.3078908222929441,0.8539911335301594,0.37851845682073276,1.4532631167228296,0.4631882335730708,1.1531420031121353,0.3031419278038216,1.4114499311336455,0.543126475765019,1.780704994054866,0.2498278936673274,1.0875022388809519,0.42332018048913655,1.572795952253075,0.39675352179696705,1.5421192040483724,0.40891255181438224,1.3867002142867513,0.48493708321129303,1.3195887283480874,0.3961142295933909,1.638808213724266,0.3149363508020117,1.1016296474076395,0.3654523976014467,1.6367874216824758,0.2848160804186971,1.179381231462641,0.4030118436878281,1.8238746642023396,0.5288916145388467,1.6770214674473316,0.3132234030187683
2016-08-31,1.4099116293218943,0.4166539511961995,1.250033802837407,0.3424616467607329,1.3242394086683824,0.3725336857902739,1.2722289629501742,0.3868945933757131,1.1944746741617909,0.2892082567946568,1.4572896397319772,0.5007304540081714,1.7638346809468117,0.33255355375496315,1.428422696706621,0.47636839231956946,1.5509537382409475,0.4304347181208072,1.2737281603595076,0.34823606654137473,1.477813267953682,0.42259550827514614,1.239716640880009,0.30192430587301816,1.148656705742049,0.4006216837215152,1.5686147897329576,0.33163305268800997,0.9547878639046089,0.4489605730596098,1.6350171503634483,0.5622639427543202,1.4985662320186097,0.30361609635552245,1.1382276655764916,0.6126430325310146,0.9852625366350607,0.5307310285684412,1.545748559474124,0.34686070232438265,1.1964511160681448,0.4710771962310604,1.579181782848632,0.3496050381148617,1.7428807856774895,0.4523616691021264,1.5569563814708485,0.4978345008409109,1.3184223058073932,0.37168773464871596
2016-09-30,1.0476268259281314,0.37618358001044305,1.8175110230197662,0.35388312255374804,1.474575591578696,0.41797945538744247,1.2120247986199355,0.39355114259522866,1.1196897993390795,0.35021254880122693,1.4415124762488498,0.511369566021691,1.9054293186999927,0.35197704137260905,1.3121993946000103,0.4492081864500215,1.3464418973673131,0.4028783627164229,1.451255376202606,0.31673402335460615,1.637578400718605,0.37040148881174395,1.5134935782239036,0.24323441920658148,1.6451237525593976,0.5983117971361375,1.4161661668759136,0.2965986975080855,1.345206872903313,0.5071256555405959,1.6978378341213636,0.30838855474697935,1.2322219830456353,0.46284157626924327,1.569956056352738,0.4405880845313163,1.377171030339922,0.492844619778202,1.2596968900736298,0.3165217595845213,1.1217352748835632,0.3779173986960266,1.841429736533483,0.30353424074514596,1.4318186272141367,0.5592952162882512,1.131794408778664,0.4253253627213588,1.4304616799812049,0.26483330850048936
2016-10-31,2.2504302443382764,0.30974049655319397,1.4996158770179644,0.4363124043492234,1.244710206146754,0.3836735989079535,1.1238255957789423,0.37031130686460834,1.4107337514423832,0.2814306371831444,1.1836990020383844,0.4711975931274343,1.5642726838825545,0.36428000746732186,1.0017449889909789,0.6599348228417886,1.6465024906125472,0.37140095988638266,1.1132815174750614,0.35211632820534505,1.8244953514080147,0.47764080750766474,1.350731123356231,0.34799661229337914,1.8311827043825974,0.4629054744454538,1.2256820773175643,0.2819935843801253,1.0734413208684273,0.3552962584222172,1.5735653186720768,0.44753204187399065,1.1338486557729601,0.407510573338783,1.4317113174677514,0.4150742227104642,1.0767627773673971,0.4111589560928032,1.2763171160063334,0.2641397299979034,0.9791081654943367,0.30654299003215396,1.9945050982939336,0.2837517714710791,1.7241099377572513,0.5995157136052068,1.4441846856200098,0.5092888548945183,1.2789226443631838,0.27485977452382554
2016-11-30,1.5371112192363665,0.4042465875856871,1.3620886146656703,0.3276700576190472,1.384546978253785,0.5082585552167559,0.9888930951261646,0.507439442656053,1.2480801219808595,0.3933968521769019,1.7486351154626776,0.42449672655737397,1.8694699608559193,0.4074915457761071,1.2942765896934416,0.3823410292223742,1.3318054441528047,0.4394445091380551,1.2224347567495717,0.4430823151786819,1.437627085431622,0.5749127708140297,1.8713934678607687,0.42197741979682074,1.5534097336747998,0.5187673527175728,1.718394022143865,0.2794371880435268,1.491661022177262,0.4702192212654779,2.1368476182469998,0.4112249643655654,1.3321128679843999,0.4277212816914024,0.9134444697583144,0.4558870907055275,1.4823231769838099,0.453294547533454,1.1695007942199305,0.24000590159868807,0.9086945422329112,0.40712764413424624,1.829316510392123,0.3125895189075577,1.8345422387036212,0.4568075198162322,1.304431869756891,0.5180833442825451,1.3572230145239672,0.317250979219509
2016-12-30,1.1346063170306013,0.45316805485904976,1.3532564321449723,0.44136851890659673,1.2890944048346484,0.47546862078455404,1.1404721162083595,0.5745143564750484,1.2180007526825325,0.30877197929267547,1.6253356429780381,0.6161297662246452,1.7588709242428573,0.4229988988237957,1.546974269992499,0.521409100132692,1.482425955901496,0.3900334224897777,1.6304817584173275,0.4131348710721453,1.4671593368928835,0.37060770319628333,1.1361798421354692,0.28793295870869257,1.2695327410788217,0.4621332742917111,1.2715139710898975,0.26801595682554896,1.2792985914629555,0.441885133695463,1.100448188389518,0.34051363175597027,1.07568721127477,0.37990089373752867,1.5040815184411611,0.41572606132989043,1.1676904405822113,0.48122507405111864,1.100533474608617,0.3820373351822836,1.1725717040800325,0.4348314623312032,1.1950872929327196,0.2844810409756044,1.2007100502688859,0.46007260739021366,1.1036648922634815,0.6081219583089371,1.3163323269336866,0.3497689897161328
2017-01-31,1.2295937960452978,0.4261674281328532,1.2397524411663026,0.28626266037101694,1.1942982309648247,0.3932421147333087,1.066447643075463,0.38967516084100434,1.4045771788855814,0.2948188180290885,1.5555707407867483,0.44463038430374435,1.2937960051697628,0.2819705303849314,1.5149838394915773,0.5308903432662285,1.2004430831890618,0.4896298521035239,1.3356132015536386,0.3953899829198042,2.038455021512512,0.30978994452402103,1.3960155341674534,0.3527301576417287,1.6546607708380254,0.38961193361137103,1.7036613066403086,0.31779319925214566,1.575373242437585,0.3657320903542523,1.6729957781820688,0.3796861942503901,1.0847480783873806,0.34401943474711894,1.1122044717450643,0.4165760555511175,1.4452659522966531,0.4486863359649382,1.3915052659949234,0.29071619042082736,1.4811361956100155,0.429678265030222,1.4922284285882006,0.34152017170427246,1.8275278986146284,0.3531348665151228,1.4026207193479612,0.5153115952221595,1.6244786251778696,0.33667492227455953
2017-02-28,2.072840410561379,0.40781514698018617,0.9532802111604662,0.3451430573486623,1.4049027114879815,0.35416589627621653,1.6208919770222305,0.4040194106159679,1.06095067835597,0.32083995635984264,1.5763946137958356,0.49567963992492264,1.0239163568566956,0.3056461795289213,1.4147476407801547,0.5450835064253571,1.5111434428813393,0.38063774719326593,1.2925524764813396,0.42540553177900226,1.686540410159528,0.4720440345242937,1.826597468431854,0.4250607239584917,1.2286982914410032,0.41500815668483626,1.8706717326003346,0.24586369123632065,1.45812900129667,0.3177085123094598,1.788608818503535,0.387962954295631,1.2658788444420437,0.40328201477447334,1.0722525516174921,0.51800401981619,1.6777748531792394,0.3622133432721487,1.6159642980419915,0.2650265434920687,1.0042818026987888,0.34499440369810536,1.6225153075411485,0.22073135856235743,1.4696503045401952,0.4298676360556787,1.2160979293972611,0.3711127380631648,1.4181881710031954,0.3308438198612419
2017-03-31,1.2271561556207629,0.469129788514805,1.1027828657966283,0.33328468035487974,1.4424327426769594,0.31364493150940753,0.9200991673494588,0.43399078589319096,1.4128135544849074,0.4084364759051129,1.5212342681486184,0.46341692502608345,1.3654767231071037,0.36417248035705785,1.1043656142222746,0.49902750120863093,1.4200946357278283,0.37922476471435124,1.4166638767285147,0.4082929070888094,2.1097092545475817,0.4334465615857596,1.4405811617395174,0.3531164523362277,1.527476620178755,0.4611585996911989,2.2526712395553052,0.37842757080063655,1.4559994553058928,0.40827891236745206,1.549367304113082,0.3530578870400157,0.9762252193705355,0.37815708411684107,1.2326096246730434,0.3984998321399715,1.6559029350192775,0.5173608154868841,1.2506493855759273,0.3265734168010625,1.031231567921877,0.3976177801053315,1.2548465476782453,0.42177406775445403,1.4458515907755025,0.3857761243360028,1.3564492098235237,0.5565388612468698,1.1682247118005358,0.3840642592072843
2017-04-28,1.285281638964552,0.3596606500709925,1.5939159570280996,0.4135644948550412,1.139213518713003,0.4788041648829209,1.3207026433746085,0.44073648125581955,1.0982901319413685,0.2954571651569076,1.959836645432366,0.418506850212168,1.8865031304715956,0.5239704552148426,1.201405457011886,0.4985612742312601,1.6974089153135148,0.44112398798507857,1.037405973054315,0.37490667403083755,1.6649146462531221,0.4835602728290015,1.2924019718435449,0.3577316123145869,1.5408975398796643,0.5859054045559157,1.8235501357294361,0.32910234491265516,1.5834862460188384,0.4424096758077102,1.4118135048542915,0.41127501884778483,1.2421704069106532,0.41436010712923943,1.7044615347915777,0.3933756384539525,1.5821843666075952,0.6182803800142759,1.713131567971539,0.3587557380607637,1.1769703627842123,0.36221846539883396,1.2842740544644946,0.25276180927097747,1.6959626690838514,0.452943142647511,1.2839185062971092,0.4358558215834275,1.4394853140075676,0.3064309258074279
2017-05-31,1.3041418833067504,0.38837518572154056,1.3455100671986986,0.43923226055894,1.490796168662617,0.4114048010311739,1.063109223141601,0.4105853344639174,1.5373273291141973,0.30612371359556545,2.0681333172504535,0.5398994371359567,1.288275513346754,0.33351536003874455,1.4482946447758418,0.5306849947863859,1.404091899891514,0.40102178419744294,1.5781897185771847,0.41483794165537896,1.9382109862022918,0.39106106746174907,1.2256380730568224,0.39997704090840724,1.5986960937492647,0.44207322035721,1.3299165399707522,0.27254598140598396,1.1553350301602996,0.30084035275219084,1.779893875238382,0.42436405550876793,1.142696135465039,0.3368031195660934,1.2242191267120386,0.6355134969566781,1.483151355366058,0.5058449129434492,1.0585401306012192,0.2679948851580921,1.5728708049845221,0.3873152687563235,1.5414858964208906,0.35589789242417424,1.5250740365001239,0.43853218119803933,1.449553958923222,0.3863286763148683,1.6542203755472111,0.3275582804101297
2017-06-30,1.0578298739384713,0.34647099189536257,1.1979324651796073,0.29850634848529545,1.1358637474731401,0.42288864418383043,1.6352131653901512,0.4326068284026989,1.1228562061563379,0.29487822200922276,1.499643289691673,0.48117898739167847,2.0395976657572565,0.36719477270273837,1.5907370225270614,0.4816099927292328,1.488123697824895,0.4021854577970112,1.2529646524882905,0.4400732342029914,1.7190430067338978,0.5030493033014756,1.5460956603303833,0.31659606307299937,1.774598493038106,0.3969774877222175,1.3883744240653761,0.3204259039842667,1.304356652441942,0.33900527096218247,1.4607033863261634,0.33819081262405387,1.884161517674266,0.38236452865808274,1.5397210268276318,0.43673466179973475,1.5265290341426139,0.4592542939520007,1.3848872504289973,0.40255671468970605,1.3832791814140781,0.39144960254008127,1.308195048583866,0.4324330052867507,1.3770893085257268,0.43093164400113954,1.46508357059858,0.4987051652071322,1.1801918558249582,0.31915411331579036
2017-07-31,1.3453699718028396,0.46395207764658924,1.2723587275552568,0.291228122790512,1.828161877573041,0.4807765097541256,1.1403210601403175,0.4369404470698093,1.4897219340575103,0.25294926726738903,1.6691040683334795,0.42435681863957014,1.3464047964650399,0.33543154884388715,1.2989867883217825,0.4259262599361707,1.1367637154802164,0.39189367811816334,1.2698487112254382,0.33019946794654836,1.4372773917393633,0.4560449248999842,1.7748747485590906,0.30572428255356626,1.4598281219630385,0.4509626346268837,1.8291950062047098,0.2954964782761558,1.3332295008366595,0.36654129342590236,1.2024560117047949,0.3963491584462644,0.9652931747024497,0.43020097741891217,1.2194904615290574,0.3705573408052326,1.3367235778320918,0.39399692563184374,1.03129638370996,0.3010375240957196,1.7200931503088412,0.37704193942063463,1.6668942928877735,0.281260904196415,1.6939923729859299,0.40260900216411877,1.549652992168372,0.37045087015611033,1.7587881877576093,0.35811460528038586
2017-08-31,0.9102382828778129,0.3553935047209543,1.184767809282611,0.28935888891890205,1.51266017841782,0.5202857955365501,1.589894169824659,0.6215843399252174,0.9145569258251828,0.2448868197463553,1.5024112985391567,0.5407518185952068,1.7216798217304101,0.34352992215577627,1.389652406538565,0.48111601320861835,2.1675574575594836,0.5399508590909228,1.3504742687519442,0.32402942283174335,1.0937533954125016,0.4718942869588202,1.4764582982029937,0.4089692353093199,1.671034670783692,0.42866380188457837,1.9091945138762145,0.4662152745738219,1.0300859423192399,0.4034976775607169,1.541667924616361,0.4290221216478492,1.644423866638577,0.3463102464524799,1.3261737906977464,0.29301715851332144,1.5180767019554968,0.5107854434866752,1.3282886395416686,0.2840945886900859,1.548091486437291,0.4252666123853944,1.178368514305044,0.3302219272944568,1.7660334716979331,0.5321875625058499,1.205339653183183,0.4567626319047391,1.3321438282213691,0.2443934003041676
2017-09-29,1.3138933400157686,0.3421176983947452,1.1223047876494985,0.32536754684464536,1.188948691014656,0.3400250183288637,1.4353883586322047,0.3352066096122411,1.0945750939087322,0.2783795602735575,1.742353699195028,0.5219249413214362,2.016989661284294,0.32800501696324386,1.3148567627208305,0.40486414655184844,1.2933532963736178,0.5618272029624654,1.1364383881167965,0.37978005546387056,1.54864856726507,0.4278147707216401,1.3801639596465487,0.41958248566261397,1.7039725984769891,0.4311837637687673,2.07316723977049,0.3569725907665331,1.287867164845644,0.3166224761769227,1.6364539896837034,0.422695075270851,1.2765771979163816,0.3758374902128794,1.2396588701110136,0.4438684135906833,1.4693172422159717,0.5436927114524318,1.0192607692001057,0.3110627103466216,1.1639297527370533,0.4492086299092745,1.1174304864991957,0.3801407935471889,1.643187407571173,0.5113793362063253,1.807070637585482,0.3521419571723435,1.4999744856153494,0.29249274192501795
2017-10-31,1.6451888650583177,0.40414338549073436,1.3643440260841397,0.31903861963632435,1.1744047329615093,0.4212431062810012,1.3832831712844311,0.34388896811973385,1.2848427859701865,0.31169852796026143,1.5744543178067643,0.44454365782648786,1.4282337037879302,0.29075814452442855,1.240388790829683,0.4917171125251529,1.9310921531811929,0.4627526320570224,1.0057489461231537,0.4353934817076178,1.5876245572744312,0.5120078543267601,2.001447783079111,0.4071044811749562,1.5295066176841046,0.45877731349078127,1.8039779062298031,0.29387780610265263,1.236281820932526,0.4636497451491344,1.745965358614737,0.3518125044230033,1.3961103861846327,0.33310645898160396,1.1395619609166265,0.4661369816886141,1.9485082617034262,0.5772098769591401,1.2628569022817067,0.23751169343368606,1.1492589007884517,0.4271717863979106,1.5502833565328338,0.3495089029639146,1.2312184570368894,0.430228690798986,1.2720626251877976,0.40964966470519704,1.543549370852809,0.2816655443647261
2017-11-30,1.280820184277819,0.37224330726501653,0.9534693401419039,0.3244871757757018,1.341086064296623,0.4653951972695419,1.3937839159058196,0.42920008923191494,1.1862390354539383,0.3340569358863684,1.6062981473905344,0.34728953627530623,1.2433249525948735,0.24707196207794452,1.563006162568254,0.3031347672518669,1.9936347477934884,0.4741325930581163,1.298482444313153,0.41073301231115295,1.301704754580314,0.3749469803877701,1.5829525206849677,0.3149139659252347,1.4261821891434383,0.41324188512050236,1.431755015649135,0.31233579167634273,1.549725691681208,0.40545261459694587,1.3834104528737263,0.4139093584169599,1.1018016985334795,0.3640534695861056,1.7414951998827044,0.37063910490219204,1.4853134147922487,0.46459997525915636,1.1171551680349394,0.2905267872113037,0.9131680805454754,0.35254146949682347,1.6199170142865729,0.34910150279276025,1.3056977289824387,0.35691578680728947,1.2030758478444061,0.4414060553266412,1.405099624270515,0.3958173490132981
2017-12-29,1.1905774442788655,0.39320008403508877,1.3071603181026028,0.26044549435760056,1.5257020418190994,0.36794836354873844,1.3203683635860504,0.40216891087887546,1.4325116820734967,0.3181486865040798,1.708187768212424,0.4926936865730271,1.4436394375632517,0.29690536571992565,1.0767289780168314,0.30584547650094884,1.5336437961857923,0.37342861744586653,1.5969567001003329,0.3752196925436361,1.8103121245100282,0.4784362720450914,1.509655284122352,0.3143603468979208,1.5664573973107179,0.44102734649625996,1.2540553011069884,0.27772213769515997,1.240004102750521,0.4172912016932706,1.2546832667115548,0.3411116418534547,1.4378054044976796,0.3306787467298885,1.060575421872577,0.519966327263354,1.4681245679623651,0.413512934613511,1.3289866323436086,0.29161621202747257,1.2230801314243038,0.38147650208448813,1.3803089861540747,0.42731707946562875,1.8951139165798323,0.6900267269761348,1.1001798091363528,0.545547023406661,1.4557752846267322,0.3493238696643503
2018-01-31,1.216540534884988,0.44371960971615865,1.129701918688793,0.42017793677199927,1.1495042890795033,0.3746025261862748,1.2570853821960126,0.3492001623462584,1.4012068494143781,0.3915544682897345,1.6482302038596532,0.40718835198459974,1.22588288995023,0.4958668487839061,2.0918631374810865,0.531379644511939,1.688851175145443,0.4829636373170724,1.1869439115662834,0.38551318096280546,1.4323447792343116,0.43075441605567644,2.0701485673230153,0.31304178076654327,1.3219850198370842,0.37907626647528087,1.5877258898297097,0.2814759210310033,0.9767923691715125,0.37146800937795926,1.495969582742296,0.38455937693873143,1.2045123431059497,0.34017620345231425,1.2521989097314619,0.430075791148539,1.212962495177141,0.4944194102057717,1.3620681889373598,0.27568032336672693,1.124813129867061,0.380145214859097,1.6326387178362427,0.2820678744022704,1.56936411603213,0.3757260603376901,1.3934784197097014,0.4529607968825285,1.6677017439687933,0.2923163201861577
2018-02-28,1.5076274343971539,0.3611853010163153,1.1651044151721148,0.30626117363102956,1.2917187397906629,0.39394214226262253,1.0923916516882168,0.3909893791387827,1.4217942745181362,0.31501481482027593,1.8874259920499827,0.5015096495983556,1.5961840223868098,0.3481793491773766,1.4804045248860882,0.4611090516870645,1.5412941508215976,0.4738845327833325,1.187066272750957,0.4930516992899557,1.6668201080562246,0.34556635816890774,1.842093794848716,0.28375697871061617,1.6736839209180197,0.38213429951485545,1.2737457829013454,0.3139990744431054,1.543524541068828,0.4023120904166815,1.4048956561686305,0.3209476604801684,1.4654529090006116,0.4108429354904664,1.1362111627644986,0.4144378122905162,1.6806315544635713,0.6039878083925926,1.3177450501939338,0.3015290348807633,1.1254129659437737,0.3773774075516108,1.876928712591801,0.37192005581548493,1.6691636907426155,0.6099414317415219,0.9647537157128175,0.6160690434607611,1.239114651387269,0.2648577966789621
2018-03-30,1.0953074313834148,0.3185250570638557,1.4530188250252536,0.37753948074995,1.5882434207200864,0.3409192369316203,1.3834232917979234,0.4439029640843236,1.2009933003650735,0.36866434149778143,1.3797063445420272,0.32797736276381373,1.7824582710327974,0.38733672687740783,1.2409634767855509,0.45851886444695394,1.4311964295322004,0.40658338663890037,1.3931273167798253,0.37390799460760404,1.4387948777256416,0.41668964073830095,1.206649931867954,0.3040568995963559,1.319462015266356,0.4507697223435246,1.566466362461052,0.3462095212080189,1.2225244601303626,0.3607873790262203,1.73439795940518,0.42096108007325644,1.2157178507835305,0.3312379117848192,1.5026842710755326,0.38783778229927446,1.5009260771827002,0.42719133592797714,1.3296418166072625,0.2899013976563543,1.349374299140347,0.39212189273329895,1.8804858695581528,0.36104495922171553,1.6380770654585146,0.5127717468825788,1.6558256648270078,0.4465547091993455,1.2544790067264249,0.32592544113280186
2018-04-30,1.0324577177366019,0.32325234817122045,1.7063845541779068,0.3518479207582078,1.3680775143439678,0.35742955317226444,0.9828821308013017,0.5011626605045371,1.2798031638702487,0.266522963507212,1.4203524079158063,0.4158286962472271,1.613562578179061,0.4267674581103696,1.091423459170433,0.47852719939280797,1.3516749875634586,0.3630090875394435,1.156559182273868,0.47617569605435217,1.182468326307154,0.4100702920992865,1.471193513324142,0.3118730212942444,1.644581400453,0.5037403180781205,1.811712757467842,0.39915343266175574,1.4876068082433482,0.42695692495147136,1.1639729315752847,0.35120172944534966,1.3472445475266293,0.4124661991175865,1.0270117788326725,0.39316213208769907,1.5634892217847416,0.46658528736880756,1.2740895356623707,0.3185540079960523,1.2085806148166842,0.46376203221887335,1.357009797587364,0.3588877829423731,1.560545394774879,0.3882825408952148,0.9890116972239098,0.42877741310726886,1.049112715187,0.41168315783274173
2018-05-31,1.4844083631311102,0.41077577578400515,1.334961464344978,0.27840485893982586,1.9821021057099075,0.4629996697854338,1.2556491087513906,0.45602133225478503,1.0230571749456008,0.292346419938543,1.5857038433566708,0.3817040432381519,1.2783655354713612,0.3039650501168386,1.2630367597363399,0.5581299204832303,1.5337152566050507,0.4547258736798812,1.0389979179104096,0.34202130257851093,1.2265459996754304,0.44091809927999975,1.3986796162209965,0.4050583370937316,1.4247463100309896,0.4074337223850575,1.8417002036074825,0.3085860475589378,1.060601478884035,0.30957508575388903,1.4807901152765939,0.4076318269168977,1.2568518877567987,0.34400044776020056,1.2298609515082835,0.36642625293379594,1.2288961270307062,0.36724937083077774,1.1610094240209778,0.3351722816598966,1.2059935012862828,0.40970047183190195,1.8701385323776647,0.4746445304624759,1.4546716091015586,0.4809553304375489,1.8057408976951217,0.383133144690215,1.117810343144671,0.29328092816861906
2018-06-29,1.232957480643205,0.4960816586141587,1.1122015147232753,0.29324110533064923,2.179171453491513,0.3709463911488616,1.340168175487037,0.44304649001729773,1.4135460671983124,0.3181439533152462,1.3479992863156787,0.47212656982598455,1.6452123281125772,0.3413778673702132,1.2970927103032726,0.5435024907854071,1.2338985309985473,0.4812176487692249,1.3797459879803944,0.4118525015418711,1.4166507941543178,0.47380207797573654,1.580859861165579,0.31121398249469345,1.149490054508703,0.3308295151634743,1.512853391937898,0.2735540145983351,1.170842623779589,0.3535442679946257,1.4733861086265305,0.3749693906073562,1.4229541702612207,0.3333841246945767,1.324048041769848,0.357623367499707,0.9341507844881209,0.5195486527999619,1.0424737540523186,0.3637636074607012,1.1092750630301376,0.3926094096479401,1.1644728825156494,0.4003612631391013,1.7451257048593318,0.49345245746439,1.430031365316513,0.38052559689784526,1.466491475210762,0.2878626575615165
2018-07-31,1.5994223975863329,0.36966336708913916,1.4236319416661762,0.37682788206568857,1.1142443597705414,0.3385714186484626,1.2688659034028147,0.500589793505665,1.2467882907133143,0.3598675154157379,1.4789760346720748,0.4349186115852352,1.7443070830216776,0.38612675496209065,1.1514664287561893,0.5227075720489747,1.6522447300730574,0.3500106866735997,1.4557090624428657,0.36389767051368177,1.8205445445476784,0.5902093004428246,1.8118214369115668,0.2834578862224374,1.025259530244554,0.412998803947526,1.9583411201860499,0.3495652972402973,1.0846963107840621,0.4027365576989761,1.6353988527854557,0.35767411084852635,1.2780715165908114,0.2988575480228555,0.9020971204562939,0.4086867786466246,1.5091186110672572,0.4259273237474317,1.1087644856602004,0.35591645428942315,1.0660073725422643,0.4763514047863697,1.7278943287806476,0.3503271066310813,1.525218025579957,0.381028518836495,1.424994493669091,0.4190027358180842,1.3010553612988405,0.261701926095679
2018-08-31,1.5827318578596548,0.4286941489611772,1.2452341635918573,0.3641168503955796,1.2314813948969363,0.45908228470686246,1.2298195469008069,0.4007090755425567,1.1066234765631175,0.34624581820996814,1.7456318027576272,0.4040276263692793,1.6811714392128245,0.3474616442038681,1.0479651924498945,0.597425195420945,1.5217012343412126,0.39129978763568485,1.0189276848868962,0.3359503765608103,1.4899733380104967,0.41288592142153663,1.6220403910146857,0.3305130745592178,1.1948966261479397,0.4452695873840474,1.565512770780584,0.36035521603186826,1.2626806738144793,0.36060967391144017,1.5005370261207516,0.31583044881508643,1.228666665043913,0.38259774443544886,1.4210307031818556,0.5553412666479233,1.4970091364883809,0.4987014433177808,1.23812137796063,0.3091171633900253,1.135173591106015,0.45029717783032364,1.4344921522891796,0.33956899987865957,1.7503870627788805,0.41862628323036144,1.4150838270154191,0.39190204332713924,1.223814079890242,0.2871640450918275
2018-09-28,1.1362568844086032,0.414734054863019,1.4803547182473191,0.3170754846110164,1.4952472732557525,0.25004233528393055,0.9848314856289978,0.4004881138604211,1.204447428564942,0.40671169589894923,1.6239520315007083,0.5341950189258798,1.6453089612776264,0.41078111402638257,1.3691085116007833,0.42119233499093617,1.4548934692897446,0.41717712195529677,1.264494519494749,0.3674714864630189,1.762242348269534,0.5407304130523735,1.8550115808743057,0.47289105555359573,1.4897892341982166,0.4739879519499095,1.6995542751740893,0.2764580497466814,1.0181994547200033,0.3491319886260494,1.1719046242801514,0.39393778879529806,1.1495532216427706,0.4197394862036026,1.47805291820602,0.36723846638990043,1.482917494760345,0.4775887884202047,1.1569424698344741,0.26875514193168487,1.351115473485362,0.3968686226626298,1.5390198416822833,0.370306428253293,1.5173686119774021,0.5994455911287688,1.4711083142047472,0.3615398781129422,1.589404751556622,0.2720362969725441
2018-10-31,1.446551034115725,0.43364136310855034,1.211514453593169,0.34834638703464743,1.6458589674135584,0.4039496062111927,1.3676799803574808,0.5356728947855178,1.081356580738831,0.2707186302202398,1.7496685868741253,0.39679052712009416,1.5594339823064987,0.3762124812368987,1.4994545955376168,0.5042437897070928,1.1363428168297276,0.4451002570655892,1.1075121689299303,0.29902314565711724,1.7120901469837237,0.46219356989049726,1.938660667928579,0.27856494612712224,1.3786005541183954,0.4572105119904571,1.194926395137309,0.22332690716005357,1.112024444916869,0.4757042030627286,1.3985919365907964,0.37270082486851414,1.1585512515598522,0.3608857011220971,1.1175171581154553,0.38989830098460376,1.1403063286039927,0.43960077901318567,1.7082365973767766,0.32334317188124745,1.4076098873185607,0.4024497179463015,1.3560684031411319,0.3762659701715671,1.344929860884228,0.6456912298751283,1.1648628464572643,0.5332322936136281,1.2523770662555378,0.3593190972528417
2018-11-30,1.3836972889136245,0.368089272468222,1.4673065044816778,0.3123747780713442,1.0186941242657956,0.4430815014526346,1.2371450380728224,0.4022572926558324,1.2651337988209428,0.29377761214756576,1.391229189481417,0.4248940781915068,1.5134631459481882,0.2502168091964627,1.3893816255710065,0.5051458731717037,1.326375271165302,0.4904613140235048,1.4606830941915692,0.32646471401229715,1.9668233122054926,0.3877021345144221,1.5312836547763333,0.25997537886854966,1.3680945844012855,0.4800810180871137,1.6093425996902064,0.3189806015677141,2.0890287149431237,0.49514132240844166,1.6787093681225211,0.4047988608297202,1.0989334462977611,0.38106259004468024,1.4273751179598462,0.43480479496346613,1.5053893140466337,0.5420906524520356,1.5621027118928015,0.2687001603641887,1.2950567468707062,0.47664721705520735,1.2010261433048148,0.30553861851164565,1.4639594466887706,0.40176723665210884,1.4711712684144043,0.5314461575639864,1.3425693527984333,0.3099863342058875
2018-12-31,1.526326447437754,0.5176186118045406,1.691206694798873,0.3808403578584815,1.689520537675518,0.4537355515966488,1.383589940544503,0.47917317471777465,1.5878567799242513,0.3912918727773231,1.9231161275774278,0.5258523887702207,1.1416879860285234,0.3277215681377694,1.1743487235271017,0.3723316870029542,1.4485032446991268,0.4092036081187781,1.1203308588679801,0.41858497087919483,1.3785538850669967,0.42798117041112366,2.031382699678389,0.3107944058517783,1.1641989510397324,0.5658003444167523,1.3200018080577987,0.32508710277783914,1.0409908607757874,0.4302446085076626,1.1961886619728024,0.43242289528565325,1.0227740091073876,0.43938567420625824,1.0375790398559066,0.4737718929238538,1.3670122138243477,0.432298539306368,1.3352820340240852,0.2772348499834282,1.249713242859214,0.4488095628682465,1.094747038650528,0.4734495825675874,1.9101843682246369,0.3679156514593622,1.3354045594459218,0.4827639545044108,1.7195446000655088,0.30979539291564534
2019-01-31,1.5752181961894116,0.5670467623027963,1.2462724183220892,0.33610075842234216,1.3370918987543885,0.3548198626588565,0.9925245609688479,0.42371687635149813,1.4570227888029599,0.39811170490720105,1.8057210180670125,0.45314482922488963,1.3428643439111114,0.41573449391085004,1.505112199670862,0.4164506803724405,1.5282246040739684,0.39497147769647134,1.1915450267626844,0.325350357034253,1.5966991981887528,0.4742650517633268,1.4119477971963,0.3358849430734223,1.3622166244546525,0.40529822796989967,1.3963717228272854,0.2243526677538957,1.1013119700801357,0.4772305157206179,1.4107375760318661,0.49428289541403597,1.253570057643028,0.3661948840175375,1.2208261963345322,0.3664368035816177,1.4965856386291723,0.3399678482531066,1.6030506305915322,0.302033671909677,1.0494567196874731,0.42996654283524854,1.4524994835170872,0.36880562495702146,1.4946357859381414,0.5001030641823933,1.33254726906654,0.4408237416478941,1.7535785676314306,0.2830256737236197
2019-02-28,1.2381801566332549,0.6797088000413776,1.5844205878341655,0.3185052716746352,1.1706080213784038,0.3887047149614052,1.2642374731442667,0.47686009290529746,1.1106954676947258,0.2796808400843748,1.3235057860277524,0.3847820102555654,1.6146534853485823,0.2776070865888117,1.31361894562039,0.36088486379037393,1.6940311807005133,0.30361280553745745,1.2916497179950932,0.3459717999248567,1.2912552922565919,0.5186260608175062,1.234173140496441,0.3412453328293751,1.3405240977528567,0.5799386781455554,1.4402640172093855,0.3271789052900754,1.3541249015137866,0.48219152544548444,1.3593972692496838,0.3773258366742503,1.2898166229348282,0.33991061002636336,1.5288406640224277,0.4033813222799155,1.5816139835723793,0.46239800679622745,1.0018897071066686,0.2999606221881258,1.1287195693478242,0.4229526409318687,1.4349584922669112,0.40590632630340207,1.4456565070514418,0.5334318770351966,1.18859889484506,0.46765599005695524,1.4050860823362583,0.30747625688822283
2019-03-29,1.4201862136399532,0.4422109437465139,1.5782883571272153,0.27891238179325123,2.080151469597761,0.4493407568442273,1.326476103750307,0.46406936818037,1.3496440309606546,0.390236373739541,1.4496343638181248,0.3589396276144703,1.2424225784407135,0.33997773618399574,1.4473892807607018,0.42237801495259525,1.2325384795039747,0.35395694895324603,1.5511855943225203,0.49053757168731293,1.656786935679188,0.38643601783131376,1.2139362986477706,0.31417193198416205,1.5891970503372972,0.5303309519337004,1.2814596277229715,0.2958762927445503,1.106763545676057,0.5679899570616064,1.6652896962064732,0.3934429406145816,1.147240716272093,0.32392692720857397,1.2331996841376651,0.4018637327903712,1.405800786471344,0.5606651391707831,1.1845096305611758,0.23500026527606815,1.1861040494814996,0.46246527063435733,1.124161325492106,0.2730500753032952,1.9297198043268682,0.4834365385375687,1.5317224141085932,0.41868734534332686,1.153959163007867,0.3185514332856811
2019-04-30,1.6271930188413937,0.3249971789973699,1.229956899408028,0.46054307995659644,1.2965279056569403,0.3649896789124462,1.3072612884846586,0.45360657312645625,1.7522195516577441,0.3461754160899261,1.6569806960462026,0.4416531350402146,1.4505476715877232,0.33695578758697176,1.591660535625413,0.49838963614548776,1.2442925802796305,0.5215558182368457,1.7879007176707173,0.4598198191800736,1.6439676867037012,0.39013942869007806,1.8895788148114814,0.2797158967387855,1.590289536890322,0.43348354973612857,1.1729454296954165,0.32551563346497003,1.560749523339204,0.40055979051319857,1.6243105448352089,0.32317489650459436,1.1873608303730132,0.29750564793408957,1.2646719431718108,0.4483267765249531,1.1860651583915278,0.46465802397445227,1.3985503561649948,0.38238289026645333,1.0326492873104445,0.5287241386824584,1.5638682022548203,0.44827090162430716,1.4092293183696518,0.3850090992246989,1.4407018400668572,0.4698362599461909,1.2105141855318984,0.37416179531440863
2019-05-31,1.358306942354543,0.38414385459495104,0.9843873175710949,0.37368417652332325,1.4802341478251184,0.38147539038475725,1.1098925016880519,0.42671535807454025,1.7199675539823187,0.377576150236766,1.4082153500488335,0.4894488912486871,1.450324638188064,0.375481072835481,1.5254146650477534,0.6131390786548484,1.500071092637283,0.31725222662876984,1.316711165578082,0.31283223631109974,1.4885951182246038,0.4483928101409998,1.7613995561666613,0.4281514756802919,1.7645203901738031,0.42368984134472765,1.3652711666464485,0.3148606049472133,1.371546378914531,0.47973491727293766,1.4150027431417236,0.37528797405955233,1.1642777709469443,0.328531938135063,1.364693522140106,0.44455810318864036,1.577517830026537,0.5015234815221574,1.2487157690462942,0.35413858842016444,0.9323753164812998,0.3655563932340215,1.567909734433568,0.3858668251565957,1.4940467155699675,0.4093360280796267,1.604657861194791,0.4018795431731647,1.5682303201718473,0.2522455696344064
2019-06-28,1.2349236949724232,0.43515389673430055,0.9913050217811609,0.36306378482093615,1.5956766387466663,0.44202544796358106,1.1071901246721916,0.37936171930355217,1.3842546666141065,0.3286119515426915,1.8564869087916014,0.375108595139055,1.2399727677268306,0.3135754604067059,1.1502479372452081,0.4327103687146465,1.4440031444484978,0.34314524538641417,1.2522136517155316,0.37942936777632064,1.3484782801457795,0.4093294704775472,1.5910368324320985,0.3526922980876193,1.636608898534731,0.5347801523669348,1.6234488036023074,0.2936219727853628,1.2846776770086108,0.43138865614237515,1.7728701603314074,0.518426172351878,1.2870585134386456,0.38298963678301845,1.0572676255648883,0.3167243772830029,1.8723235239524885,0.6425315347747852,1.519282021005306,0.322986734820845,1.4535389440034947,0.4689812662632868,1.4360687985011054,0.32340283122296776,1.5363280502396144,0.4795989624876808,0.9927181512471912,0.5183397880002101,1.4419452805959294,0.2580235070070473
2019-07-31,1.4056657143022462,0.4041376191194067,1.634980364214669,0.31017622533449224,0.9012818459028166,0.3519878807848858,1.3477839636277475,0.42955688618108784,1.11999816267309,0.33307187758765033,1.4613540844394832,0.3480476684894579,1.4201232508161994,0.46647603938029764,1.4480207720484715,0.43887870701402865,1.27795348465271,0.4245219503234321,1.4093010209432564,0.4008407725003231,1.4744069042022354,0.4964232813277525,1.267993811004203,0.29768078320586217,1.522939440953282,0.3622602681729547,1.2554467253895227,0.3539665369665477,1.3033029419612598,0.3731214235635932,1.3730661661685548,0.3300575357500217,1.04791005457749,0.29774913620999316,1.107775589603163,0.5118828767831406,1.4320695400540102,0.4324200999169113,1.1205822152615736,0.3171545428493291,1.223910620735357,0.41904889872142587,0.986771136553986,0.43169125008152043,1.6391639920264516,0.47525787951978693,1.5562389827788832,0.3842722299913207,1.246863224817782,0.4025593939329985
2019-08-30,1.2297262382724297,0.360919588296912,1.1344210571749012,0.298962283047318,1.4023135439634975,0.4784372290363559,1.1845014325521817,0.4422790718856404,1.2934570956690017,0.315191185440064,1.7399841108263143,0.5341237667536987,1.8508022195296607,0.39351080950916056,1.7499023547294694,0.368748876201893,1.3949397775163552,0.38791912694971575,1.166607081241382,0.3917181739785438,1.512649217768842,0.627275358379782,1.2723369786074994,0.24753383271490884,1.796552860891353,0.5200610467490211,1.451050916343918,0.2863272234090301,1.1182486324106788,0.44709331699108706,2.1492734424339277,0.3792275911314515,1.0020026724893027,0.34254877808190937,1.0159906572395214,0.4010684517157694,1.1649984146231884,0.5046320502197019,1.4531554739504526,0.2854359232784619,1.107333245940671,0.4555909534021042,1.271684603645472,0.306519251949815,1.4899123101510112,0.4773987776364485,1.3828540514521128,0.5165703207634311,1.5682696932254014,0.4102113048970473
2019-09-30,1.6045936748486074,0.447965101466318,1.5937802723002332,0.23079498871834694,1.3278068738146582,0.3999102909290806,1.2265193691859804,0.4127718239129632,1.25986534593169,0.35676094560281274,1.743695895779191,0.5315454168214014,1.9109010527830133,0.40941959418090945,1.1959250037208407,0.41812515126291466,1.2769875572757678,0.40858720215156097,1.5695746829103934,0.33873150228517246,1.6277283235835622,0.36085747660851303,1.4456025103411223,0.3347501211575544,1.9214304991176738,0.33329851878254374,1.6925864162415734,0.37781859093516573,1.0967749484261042,0.3528880562744947,1.2650393641690627,0.46202560641050594,1.135361535363833,0.479164190076181,1.4688724757960903,0.4639216531101711,1.4081328624111353,0.43497084346228243,1.3403207152950736,0.28571374659919174,1.4430276318231414,0.3723259469648912,1.2572924231632894,0.39159018283273617,1.410607232303421,0.3647234677742683,1.2646505935588483,0.5782986323255972,1.5466222691283467,0.363186569189382
2019-10-31,1.3101246569048863,0.3322169313933752,1.7760532456551295,0.4161049496140396,1.2475520548287735,0.5114694096097594,1.3180546782787472,0.4408752987690691,1.2486471376778607,0.28906371089094823,1.5836156751508936,0.4119405264607327,1.1309389281781608,0.34850562428705767,1.2377147846349514,0.4877609860966629,1.354801578646534,0.42190046278178583,1.9414140994009736,0.41953750471895834,1.8935202011833652,0.4007804452252119,1.5034594535301555,0.300319535200254,1.5982996390056543,0.41644258689620833,1.885306120830806,0.4503828168949438,1.166787502354379,0.4043490275521354,1.482307187035963,0.4437613224021841,1.2563068382354878,0.5139545463962981,1.263636752020378,0.34812064017256045,1.4592278276840966,0.4454214719082607,1.0384765372661657,0.31081418731427646,1.343816706259315,0.43182503118338483,1.1880998728886156,0.3322384740993327,1.6875193867088072,0.4376374662964814,1.6579748442797966,0.4886516814616722,1.0856212188056622,0.3282064371238531
2019-11-29,1.1894847274469527,0.40363706963643825,1.4513611690781896,0.259990027533876,1.1513482645956785,0.37517631821706643,1.3691007212537714,0.5214401642461869,1.491049276718556,0.256151003166358,1.6489614553261056,0.48481078458353777,1.4853506013635949,0.3799427633661178,1.2002140383519904,0.4367052697647383,1.7510865223363596,0.4715591778338041,0.8992076940728572,0.37229723652916524,1.2879776772896618,0.543207237805463,1.7329074473788475,0.32382141961644745,1.691391078748619,0.42039020398951704,1.7720509052761242,0.3256589937225408,1.405517956377607,0.31829519836652825,1.5859051444840866,0.3384066209237921,1.152474167795981,0.36378671179171285,1.180501247838459,0.3956169729577547,1.4171996464911472,0.5046172283784235,1.0815644939910303,0.28887732936094035,1.2646511913214447,0.5093050181358033,1.357139171635274,0.4307205840618306,1.345909023459965,0.4165623118118679,1.3658820056143803,0.5012725769743706,1.2396124567466953,0.27723442430296696
2019-12-31,1.760088939022991,0.40779794681157266,1.1373592685413974,0.374779837344236,1.670819142656111,0.48031254828951386,1.0396149821834948,0.37982983054788294,1.1023171404968923,0.32637382020724537,1.529178807738202,0.3863088256108476,1.3739256604534582,0.314879375976837,1.0862849571252349,0.5544475208187343,1.40518764066634,0.4027412980181021,1.6272782214179724,0.2991329923074669,1.6321138967454172,0.5268084600160889,1.673868685762374,0.4678890359256218,1.354439053655204,0.43566199720215276,1.5576395234330451,0.320053008636183,1.1142943724671641,0.44584053936298856,1.39312314684977,0.349705850412663,0.9941734298091802,0.4768239620999318,1.3105637665570862,0.40402070034432225,1.1317157318994215,0.6072714200711707,1.1408631866114467,0.2897648795071777,1.2420239577056988,0.49047764191275456,1.6816398527289846,0.3533785337350181,1.8232008214168869,0.49268497662260125,1.088096882716152,0.41384393736731284,1.4079166289147895,0.3050843977451911
2020-01-31,1.3346129704121104,0.39711996198339977,2.010867494327577,0.3279510506125459,1.5540532985055553,0.3578757879295098,1.3273371673961425,0.35835825486559536,1.3724454934694061,0.2909957160956866,1.43211818335136,0.44868974308112475,1.3438068422768863,0.4799806137678538,1.6542115958982622,0.5461682075828631,1.840620050663419,0.4218610778985483,1.6413578471900285,0.3547946915121587,1.2425760780920172,0.28103103348010067,2.2472914572445335,0.3192255776911393,1.3481986884664519,0.3705163561594892,1.9327360272643745,0.30217536953081253,1.3669606815600635,0.4063395346870884,1.6002763959905368,0.41870173275129113,1.2803218755681653,0.39245560050515454,1.1971131220131326,0.43199425313943346,1.486142337787532,0.4950310736708209,1.0117523380568467,0.31123401616141144,1.4244371483844884,0.3743713340644147,1.2246347175115722,0.4241280567894277,1.5023996299848297,0.3835864301152317,1.2192038874583813,0.44299354708764355,1.4172926295717598,0.2868198693551287
2020-02-28,1.480382871420229,0.3792930653201883,1.157819962142433,0.3726535549751445,1.122324940162884,0.48099537903969997,1.1386167473853377,0.43332098751013803,1.408836345039779,0.36101333507480227,1.4385032558066209,0.49717675708719306,1.5721042024044234,0.3435576476958293,1.485981043020601,0.5921488156602023,1.2468436534227183,0.3667657052030392,1.3589868554765299,0.41308793334561755,1.9080327165830477,0.5349383975128791,1.5118941633030156,0.36622801405357247,1.5597607873554329,0.3759678614884385,2.265285935119086,0.30250775370763505,1.5258099926637152,0.4865102836973871,1.5159358483718492,0.39478733705860986,0.99550344561454,0.5339616438157346,1.15804148494019,0.5204243848341479,1.1141583996839002,0.4828374949958392,1.2465902116067553,0.23076378871858086,1.0793583796670059,0.2914100613448074,1.4430581870231654,0.37869571897724946,1.3888529078174094,0.4516053296500752,1.289438600009395,0.527313932149385,1.5086575701132003,0.3921026098175222
2020-03-31,1.3303987377926738,0.38118203991341865,1.5266776925218133,0.3921009379653651,1.0644357303806995,0.357613820710966,0.9929505960432294,0.45068555561378215,1.1616559014802326,0.41727318208127506,1.609182667481895,0.5583287599287137,1.6565531490343863,0.2888600890345509,1.5828806469249095,0.5576790666021738,1.4961004622249217,0.44298261645118164,1.4730572016764316,0.3181281494185047,1.7770753122367104,0.5214246642695407,1.4665558058347303,0.3789342270393626,1.4861083251007137,0.43487261555047824,1.5595537490017588,0.31246385248147984,1.1514126225668142,0.3276521989603557,1.5960995396668667,0.4779536342444483,1.0610959841101644,0.36662738324570426,1.4936654726462981,0.4276399709347458,1.6708475831787848,0.5483995324160628,1.2992712807352347,0.2709372376365268,1.2354847734701082,0.3804166127292825,1.335169172750089,0.3751339969362233,1.596507743152348,0.39052977015459206,1.840485979751126,0.45303640261398015,1.3191243936717212,0.2903742335149004
2020-04-30,1.53268373622951,0.4105954923172572,1.7339830473245916,0.38806224122013216,0.9964716641015383,0.44066742278295185,0.9750524895482615,0.35325792007764795,1.0714225438686227,0.3463571851734376,1.6529614016505414,0.37315471084187624,1.4508391808871774,0.4240900481696055,1.39517026598584,0.4068566868501201,1.332131426064813,0.4604897223477972,1.3763392805638173,0.4455777777468162,1.555721178265786,0.36873604317311826,1.7532124764724941,0.38009752325875884,1.9505516220306929,0.5378926856755383,1.5174427097504148,0.35186513812002196,1.0985496873731402,0.3858489452971864,1.7151194481753824,0.3682004263802404,1.1920276400974872,0.3509247534649414,1.1390658571405043,0.4757840582765561,1.2210635189163335,0.4142610643569483,1.052358993449325,0.37502483242365914,1.1569920025887497,0.43957239911093987,1.6770850519371938,0.34364038656517076,1.9861319490650586,0.43099926199486105,1.378929953571551,0.5495346547794233,1.9946074434346954,0.36561201713260266
2020-05-29,1.4337352119176419,0.3626713353510755,1.4726555117482043,0.3399537695935823,1.3360187447254637,0.34847701610651255,1.2923121118625376,0.4380616098351892,1.2627885735853597,0.2390889945241201,1.3505681346831946,0.4927741363740111,1.3339400232044603,0.3817635430874157,0.9583053754308737,0.5768588444253452,1.4805412245063412,0.5067661504330689,1.621920507672573,0.4052445207507195,0.9662225737832822,0.4734233052217488,1.4998165757280697,0.3449191902975262,1.533757506467827,0.3550397413755589,1.321732354277244,0.19832677568127496,1.2523177275961155,0.5124910030528105,1.3812290394237392,0.4088891870506669,1.4139525484514632,0.31075718265416785,1.2820348312218015,0.4781233519546207,1.406504221412247,0.445029117343695,1.3165975072027858,0.26349705058690065,1.5444105641280121,0.41046685140588357,1.9638256169343498,0.4130860782998392,1.407997824131027,0.5248663599113721,1.217716999658237,0.4164648377634386,1.3488243041176968,0.3418365803822594
2020-06-30,1.0111655326568556,0.4330307013121707,1.1526016882546897,0.44299321768427286,1.766689602340446,0.49537668818076763,1.5263960719757106,0.3121071260037819,1.7360485221451578,0.33076071350502145,2.0138159515831457,0.6825291424241986,1.595822964933006,0.2709154539159576,1.3175831545743197,0.5207745033796084,1.409360704793308,0.37864098480318437,1.6287151243474909,0.3784490690391849,1.4556031098747553,0.42743087165044447,1.503608728332432,0.38921181641620345,1.7614230991118889,0.5318458556810809,1.4472847505013133,0.3662228269151089,1.203010732133552,0.4282140961848124,1.5767938258238343,0.32921379079443147,1.2940893596896301,0.3987054260744252,1.446976284377085,0.5695764296387136,2.015742760827371,0.47413619460834777,1.0196201357679247,0.32376990897382,1.2076226716875789,0.4074824758413408,1.4952709202618226,0.36461829969337767,1.3868981259236224,0.43127466137918274,1.6670142750296637,0.4488864673569046,1.400373415107631,0.4522839788700916
2020-07-31,1.293188389159781,0.40048503127759194,1.0915356930131412,0.44079165879816834,1.7484470235695402,0.3319313522150168,1.2807965442992655,0.441418399431776,1.203814557464209,0.3675823646013118,1.5265381801769133,0.48973169660961097,1.6384400298796569,0.35439741235777333,1.0172695759784425,0.41510322790316523,1.2592385051898107,0.4465489284016234,1.3008144271644135,0.35531898303621035,1.5522874863010623,0.4229505079309478,1.2498405094108371,0.28292445477968625,1.737820749722182,0.46908501864925833,1.5382902164623902,0.3505338075934974,1.2356280970681925,0.4067000522326244,1.5936339346434567,0.446875683781701,1.5233000975547282,0.342262040982675,1.4842026687803558,0.4044053694362141,1.5670500192870527,0.4469125041779674,1.016953475361127,0.35706985444942324,1.6403530633864114,0.4014564121130644,1.770117619989367,0.3393987327142824,1.6878051631825708,0.47651251928928234,1.2815358169430102,0.45466747674220875,1.2227435070393298,0.3966649858556046
2020-08-31,1.1994321620629795,0.4861823994564128,1.1770217982746864,0.32079117706909926,1.521984991924095,0.47196187796918615,1.5781802550847592,0.3416554856558299,1.1186212560129467,0.4008802098511975,1.3341618127587742,0.4770636767195015,1.4013297851385098,0.31646402367043136,0.9187352335999408,0.5182902418937148,1.1601017196136263,0.4340388873613992,1.1181873658998478,0.39855482534508807,1.5289737226220632,0.31842984407763664,1.2968174503535366,0.2855390363142359,1.4978614622843356,0.37383262160259617,1.5480151871032604,0.33378675252952394,1.2261875703875476,0.44898048182454525,1.10214086920051,0.32788783232563873,1.3865182951775297,0.47387204774301,1.0433963203689356,0.5701744730803786,1.7357209385614145,0.5643579737073658,1.3610249999708572,0.28772354577979264,1.1470828287734776,0.5383478639417505,1.587716226090476,0.41782012994900747,1.9683607113042234,0.44388732734255065,1.2117709924767812,0.45302420472802774,1.5488853437203745,0.3091998108986128
2020-09-30,1.2110894765658247,0.47167072008759797,1.075664688467077,0.31251948394280055,1.3802229230347884,0.5630711588860131,1.29700900957251,0.36526287825969755,0.9439457368214572,0.24135696379701205,1.6686724007834874,0.4276027372524833,1.3338116308395473,0.32506738234355587,1.2130580565181144,0.35618611750533824,1.5698572002965867,0.4427638925724357,1.621227441954357,0.40739189120382796,1.2218695258692933,0.36262704831207304,1.749844538018814,0.35445284330034454,1.5138567443653865,0.3400965708944361,1.4998161911467967,0.3610433293123577,1.0041563599001972,0.45168217101397806,1.5651690091964574,0.2899105283739268,1.2653835452427684,0.33932445266714695,1.134737505331534,0.4497696988300397,1.19552600644432,0.5025346630399476,1.1512251370487907,0.2583599716233802,1.0188318614681686,0.456071430692437,1.4425549504673991,0.38932429914660166,1.984420626772441,0.5079792313103507,1.5082572516553363,0.49172206393663337,1.173811728858822,0.31822313100669614
2020-10-30,1.022992381508406,0.35297385792775376,1.4902225768755724,0.37437457812357383,1.3659073427972506,0.47152743761731336,1.4599148410119076,0.38055140750709354,1.3782122657973344,0.24000344958866016,1.4348877529941322,0.4831894470110874,1.4383628574757334,0.386068300149567,1.4204318798880438,0.4772764173082811,1.6689023889327277,0.4211518088493195,1.6612193200915844,0.4206882607378574,1.8358003383482013,0.4739218132453758,1.1351411860543008,0.3618568306857857,1.5139529099402005,0.4719515331003315,1.4441871753911357,0.4346550199621726,1.5728977946326521,0.36848759384816404,1.202335994981724,0.30899553088202164,1.462522374918412,0.3337969643092393,1.359240270813326,0.41424421102058,1.5436517399938054,0.4891334248192391,1.1530282961535943,0.35477025898443126,1.3933535489679705,0.4388153415285184,1.5864066196836508,0.3535700898117107,1.3811256259823201,0.5044842226414986,1.3530722008247542,0.3893219492658292,1.5469731098409547,0.3575183506632542
2020-11-30,1.2090639995655983,0.4781430730978033,1.3270217966530118,0.28499821015307264,1.3923766146199084,0.4665928655634297,1.3321722457109542,0.37842417497204284,1.2368011038029292,0.32049036046650964,1.3374152410946656,0.3005128735396304,2.2070300683392117,0.3532354951958713,1.4103789834219174,0.42392037103219615,1.4464008350738884,0.5251235712836309,1.4207465013069505,0.30353669172328285,2.015195042619932,0.41907097320217035,1.4110699764122872,0.3190248461736268,1.3528549397040213,0.44349455207138355,1.8308288070180292,0.3261824885682152,1.3965781672548554,0.42869144769260326,2.05509275571479,0.32787554073319336,1.3073114141880589,0.44620176275603124,1.2616532888870962,0.37587736109922404,1.2901875386070656,0.4342604584238101,1.3077497885070541,0.24199112631623362,1.4756743609754022,0.46788148451799366,1.1712648579537948,0.28786900582655034,2.3114742256938876,0.4972160397109021,1.3926537947007085,0.6583516394055163,1.1920327082877749,0.27886821837611225
2020-12-31,1.247914198578458,0.37761148290366703,1.393815620876274,0.39504675180290694,1.95357598271007,0.45110857284600236,1.304654767618026,0.3779602402896802,1.775016579982666,0.3487075451732999,1.2123337152560303,0.4486100877377162,1.7528707337491967,0.31171672347025253,1.7344501910771044,0.43372102970164184,1.3097497351081986,0.45135290394987465,1.098437972665037,0.43247031707571637,1.565600692157176,0.47616997835997227,1.5907448146544163,0.344029913907093,1.8280833248237878,0.43954690505467137,1.7674124753475229,0.3291529496159905,1.3060125150790416,0.3890050896718023,1.3058782756229914,0.40354539370499803,1.045866147286948,0.29228346978264796,1.3057561856871567,0.3404585694418442,1.7598378538390131,0.44527805054060154,1.2416494771436273,0.2792319619174158,1.2728236974647844,0.4678210334936637,1.6963328843772487,0.33691190676611027,1.4522459815033861,0.3090810896659565,1.6198461903376253,0.42862031996198746,1.4734151961163149,0.3802690633131181
2021-01-29,1.8019168430755144,0.3276352918934903,1.1754911715606156,0.32042410973932905,1.0758460446457634,0.4005879183312557,1.2110781241949016,0.40483402274353514,1.0998107476815673,0.3164723500628569,1.6060500773099842,0.47431706838663384,1.4135325783448411,0.3830184246860183,1.431133443566582,0.42176745592023607,1.3881126806479243,0.40371590441786603,1.1115249045037787,0.34963076482587274,1.3022149902121578,0.4271272614280958,1.4997953587783928,0.28644656293698034,1.572634082138291,0.39218521914457416,1.5007085698305573,0.25078412942011236,1.1575381836552148,0.365842588008895,2.102024208383482,0.3108139923342285,1.2132240151049016,0.3212866226609653,1.5028691292503955,0.5666740891085754,1.33391349336155,0.6255625997534345,1.2789741006383613,0.2937852963001967,1.1688894497538576,0.33775565294934234,1.4007829774682483,0.3451176938182096,1.5948692115413863,0.47740966022386794,1.4669691607293687,0.5594361818691741,1.9120954038691118,0.35987437680874634
2021-02-26,1.1650848600466868,0.329552490567445,1.243143755922787,0.3705275298188177,1.1934651777353766,0.3785689297686537,1.2734116757146834,0.3695274192450344,1.4694448916080889,0.2290058339173625,1.8039472023810057,0.6551338210510701,1.561108632300665,0.3257270520916697,1.342436027400284,0.449597311140007,1.548044217951436,0.44300712053444297,1.182130954280141,0.41722636865567647,1.3077897905841829,0.4190118096765534,1.6548562551677386,0.4053642574269279,1.4608639248209796,0.5254911633528592,1.5047552954882415,0.348141616182115,1.3230522887248972,0.4418670980115088,1.6999939355775624,0.4142159584690876,1.1161345571048178,0.3413403875263332,1.2106760551206792,0.37488806939006974,1.8940889198323339,0.4467369928443402,1.1683620341494791,0.3190287072960863,1.1213688944547004,0.3547421661087922,1.5503514547172341,0.3651282076288511,1.7648455505171092,0.5040915491293402,1.818414433368744,0.4968595365953202,1.132779607332045,0.3174087065931245
2021-03-31,1.4720735713627695,0.41765594654470267,1.2545726779600603,0.25798906098004204,1.3604290956341267,0.45307102715243575,1.4834895047137469,0.38583188299135673,1.5314185567254643,0.31675499213247815,1.598665294514856,0.47734976919024186,1.507799841613043,0.2880608560790236,1.173365826618275,0.3897379859428422,1.3530216099683627,0.4552846165339346,1.5092636201255911,0.2821009651899897,1.1652232993022513,0.44008072178535335,1.680519910728843,0.32636349852692637,1.2208482295451353,0.39507817855353167,1.3517797834978347,0.28003569503176773,1.6249650552548665,0.4017746889889424,1.5716948340976526,0.3204979820809456,1.4197450122241093,0.3664920454612046,1.274285543642325,0.4228417699187989,1.255589678254982,0.4813930163944741,1.2658326379649183,0.2253556935001398,1.1436638160417496,0.37429786018485994,1.3139245546093974,0.3768497750206051,1.34425354194114,0.4527408287694847,1.2325160345492128,0.4760087618527898,2.0824494387066785,0.3342880920430735
2021-04-30,1.550520091376258,0.5136638301899396,1.0124436666203465,0.3552272660201362,1.3498553263175512,0.33089194252217496,1.3420780796056777,0.41562042786953546,0.9375339339271004,0.3882433176946591,1.6544242287780742,0.4886093188229965,1.6464545423055195,0.3071725876167387,1.6311814416842199,0.43884132097990036,1.6260029618306533,0.3578733910147719,1.5843268765696057,0.33028961488055336,1.5085241029327343,0.4290576019217751,1.9717811007264388,0.29853901577642683,1.5617307183380027,0.41861660949649204,2.1777508077488563,0.31913828621543017,1.629604045524403,0.5441548258420794,1.2104102426914023,0.4438510566600943,1.252480983140229,0.3510787986075392,1.0574605556712036,0.3191215867368594,1.6350048046927033,0.5573096750704539,1.2886425889788962,0.2749496756604257,1.023277192582033,0.38655351009995276,1.4207863608801146,0.35763940114886283,1.6840261290418639,0.6445289823961631,1.3681551028046908,0.45336592298664513,1.5252716296817237,0.37541889922438815
2021-05-31,1.5883624130106502,0.3845779845672449,1.0006571480180715,0.3377831398723677,1.0290625395825204,0.3203769317358143,1.1639813884520793,0.43628041525219563,1.2462901493980592,0.28179415708110633,1.5199501635967074,0.4903324199426362,1.638653760168531,0.32498809885627494,1.098926380078411,0.3872647165372794,0.981262810368861,0.6361096093204006,1.0371815456572948,0.3404660756964955,1.7007991181486288,0.36320124815653687,1.6326670927646463,0.37758694090415335,1.878144173458815,0.5267297264083285,1.1862373332300187,0.31941926746402455,1.496623327527021,0.38315395632459676,1.7143599522200077,0.38643470295442617,1.3602566034763617,0.5054802216865345,1.2910832900718403,0.5049359470004225,1.5008086201714572,0.5019438716305262,1.1332617200255282,0.24464932328629516,1.6613417764396046,0.5016211275093733,1.2835152345251748,0.26581856194143083,1.563695247992908,0.4554773049012933,1.2575506697644567,0.5268128409690731,1.354988360089042,0.3245382194657633
2021-06-30,1.5039185545442373,0.41914815862579474,1.2943854319261956,0.3396574710645531,1.2796488307752845,0.4697385380265853,1.1394812761121693,0.32718655216788256,1.067856267665838,0.2925151528155713,1.7036583621453856,0.4366222336970317,1.2747482793060079,0.302212121372227,1.2724415875299726,0.472693385872633,2.401466507995154,0.534596506388388,1.506258286715512,0.3552333207949789,1.7521620379669034,0.5197632788699096,1.5934184023818239,0.33349303474173786,1.1356371454481162,0.42781002726256484,1.3925108213641708,0.2958428453711024,1.4014639474405892,0.41802585314838897,1.3025781336507454,0.2247658567930991,1.5280769340230613,0.4376144821679693,1.3267802608474026,0.5226894200410549,1.3291098974942985,0.5109272840972332,1.095203734730225,0.3349991906505733,1.1353610579333275,0.42308977431335665,1.5973141848043306,0.3468476559777648,1.4676259754370182,0.403470991455941,1.1661828120450155,0.5821132312942144,1.2405481382941594,0.3109406600785641
2021-07-30,1.423205890674088,0.41219414722328446,1.055681892567048,0.323365720513938,1.4637094154854466,0.34278318073534303,1.402960127234745,0.366822644416473,1.692789600718585,0.3251152160126324,1.6429898497986086,0.39081337883873196,1.5920382601870804,0.439459664965292,1.4767232401001964,0.4278224204414395,1.4442783847913556,0.4187868454705716,1.3832458757026105,0.3486740984798957,1.1783841055663975,0.5155969634590698,1.5741621100626946,0.4509062416826237,1.5867542526800642,0.5821936684535404,1.5863969278391787,0.3103948088840086,1.3784045708071266,0.447451223547181,1.7014668750676323,0.4551308569247049,1.4670029917537222,0.2977288013003575,1.0812232684893077,0.4151785886515908,1.5517623311366027,0.5423931659203983,1.0264500008303798,0.4007542414380798,1.3805829614478697,0.3838678440216917,0.9985424680072935,0.289379040965391,1.4275131651476674,0.4234476548936307,1.5424246539636424,0.5604683230367583,1.6575141338163093,0.3097595844119008
2021-08-31,1.6726066617937727,0.29273189920346826,0.9063984507060201,0.2807188775103922,1.4040373716760746,0.3907237168775387,1.3025493927411442,0.37697951353271464,1.1404491541043853,0.3233979001994962,1.4767346146581004,0.5638484732984408,1.613346514264189,0.2822446928215813,1.2453984821979962,0.47057636653617224,1.3308708830456402,0.5021475078224615,1.1406493580892816,0.3220452139066062,1.437890938782795,0.46235563679912584,1.76974958477292,0.4188831384571864,1.42725725954193,0.3900196937973,1.5639417774207947,0.250694865979844,1.4486476099778767,0.43020980101490275,1.5312110870148998,0.2896786739732341,1.087393191906662,0.4199469832788029,1.2954521448767737,0.47325671899412813,1.1872916550589259,0.5759266704844153,1.278298721218166,0.30120393394389827,1.1037394049914475,0.3815828554238538,1.7314750087797015,0.42454387496832574,1.8247375977934712,0.3773332402953364,1.3020179293173189,0.5332596455301568,1.396627776705933,0.3216921824648689
2021-09-30,1.7707311125599474,0.5210548934052732,1.1708734924628825,0.3601576444306192,1.3049627191392916,0.42597443698804527,1.0421585974477243,0.62451925817447,1.4184847183502514,0.29197741900495766,1.5464836716680437,0.5017505414137919,1.525081566700109,0.3840786280113705,1.521109207150354,0.5921676462678341,1.7383784215467042,0.43801231804167223,1.242052924305489,0.397666761986113,1.6078609100293906,0.40293926663148266,1.858386186351025,0.2942662492277977,2.1652777564910166,0.4135805371413028,1.5103038138879559,0.3728758976410916,1.2546767399872563,0.34977302526179216,1.8266078132465737,0.38656879981637315,1.2210553598989555,0.3979531734889398,1.2274669668045974,0.4136188104334625,1.3479245433758604,0.5290014850563775,1.1677149925737957,0.30255282559281277,1.3894360487502992,0.3689116274577795,1.428959053166554,0.38022057623971817,1.6820142296103318,0.3779432718132025,1.3081594139004384,0.41644130416834996,1.3556808770839817,0.30903873670325444
2021-10-29,1.2726909227578251,0.3573449704974966,1.2858658044359481,0.3561404926321737,1.700105755358615,0.32802183199562057,1.3212628305708207,0.3365319655780825,1.1160321863988385,0.24884189785226302,1.6687757774230916,0.42815271984938486,1.4503493260470066,0.3313273921038345,1.1209308538070921,0.48659103498849765,1.5020202744050422,0.38278744536347004,1.421787623861558,0.4266389799776753,1.5394611588355631,0.4319831309017759,1.2790258771578815,0.3747817771134911,1.3680559113770339,0.38843030451633587,1.4933946520910575,0.3072770944651781,1.4751863267026575,0.42702491561975026,1.220574699382441,0.3794498890918479,1.6159098446038653,0.4179255747088609,1.2735061897174604,0.44054710022030386,1.2926175968063045,0.6372336573873936,1.3109477208915912,0.32184317311807853,1.2562887629172572,0.4506221550748054,1.3031708605318937,0.38047527071732706,1.5286481468255875,0.3423846605255502,1.2307521082283606,0.3998079859209643,1.3147038057634373,0.35510880784075793
2021-11-30,1.199316758307476,0.40154055910423386,1.056386433952572,0.40162893998854454,1.749528655170757,0.4558774132838825,1.5914847224505038,0.40799173855508775,1.497992156325004,0.3974692151582466,1.549720865095621,0.4294386551873284,1.3603725726977374,0.354656073688036,0.927437199893564,0.5979905740561636,1.6224361422454454,0.4600723745334338,1.7092124047667938,0.42449428184810367,1.2703699976822629,0.38997428965798475,1.6105325984654717,0.3922020215094712,1.528856729030403,0.4443991858166218,1.2719852995434668,0.25361220619124275,1.1205541365862612,0.3795926964200397,1.4905009791330146,0.28672008693035855,1.3545950996619711,0.5182557055390906,1.484787604776577,0.49749819946860646,1.416857992585045,0.5195077574968919,1.4366398277553682,0.22837771985667213,1.399746621553282,0.40609323041498124,1.4418079645554631,0.2970321373300131,1.404000387982504,0.49901009974461974,1.2715308444152238,0.4072328669694106,1.5064985753463558,0.30623924034236
2021-12-31,1.0990707152732841,0.5604181051277988,1.171930920505059,0.4179743142058089,1.133873718924337,0.42031022939221985,1.358738227529834,0.5071728743570616,1.186422966751026,0.3188146374653457,1.4437360326290218,0.5414216473498641,1.2097278622916856,0.3363405075219235,1.3832986548974056,0.5495582659188015,1.1455738698801075,0.37208163603499445,1.4389068008824228,0.34182960998311374,1.9737255618363945,0.41419275754182466,1.1904056658734972,0.3991926024501129,1.7256241221293407,0.3802565102863578,1.4048771612393012,0.2755976527345164,1.235523619244698,0.40584175950129303,1.9253134368820737,0.2961057340887818,1.236213125128942,0.31852489526613964,1.4047036204535894,0.3997516465796434,1.3708352649388098,0.5558323803006459,1.0836416308327486,0.36063739425297836,1.3565614429176212,0.44093959457271303,1.1388776632617288,0.36583620131393024,1.2270808883932682,0.4301722131704997,1.3438274063175293,0.3841435790810376,1.1900810291923476,0.2938365372892321
2022-01-31,1.4225643585025785,0.45078948994993545,1.3569921474206148,0.39746126923921227,1.7071815848663718,0.303819522720756,1.216132934682387,0.46425530891567457,1.3866782387245713,0.34250883320355885,1.7022499725884837,0.4623467349157172,1.4163817429720957,0.3688853011272658,1.0675939268247416,0.5394199405237452,1.602416852759923,0.469310555643327,1.5337367209243995,0.3574150586239271,1.7214870468676824,0.4067810984027529,1.261562571017739,0.32441178601522763,1.4126177932623145,0.3791858069485333,1.8083588403703172,0.2571300147407984,1.6679522561388285,0.38209973177064704,1.4558279812464057,0.35714782734530076,1.441172005190213,0.4433147560638129,1.6597964672973646,0.3555015258511,1.4304150929201953,0.524175375756967,1.2525712331463592,0.2624341012197725,1.2068408232988836,0.3840658963757055,1.468648185845262,0.33537359211498596,1.5057259295732235,0.5498667465094667,1.0070997859834694,0.4191933930502961,1.6254522840494012,0.2969351453610125
2022-02-28,1.2258546023292574,0.4229559505971066,1.34621504315648,0.3586778454478673,1.3927241410768385,0.3907765793435408,1.3943580312539776,0.38118038014300415,1.2983503756117731,0.3183902745264196,1.9260408086076417,0.3860396504703424,1.3566918626617228,0.28802107840756336,1.5500481990394264,0.5050404503282444,1.1999683998147854,0.39571559910387355,1.6482554755307002,0.4610211005889434,1.3895140030679902,0.3883701833231946,1.792911664577644,0.3422125009136971,1.4082792668870074,0.4588109285511257,1.5560615945652492,0.2585696819607588,1.0451588922635457,0.35632952456113176,1.3590528216675408,0.36136621299451993,1.263702842088759,0.40100754261750743,1.5486357832498752,0.4289204617549251,1.1443565750754152,0.4746318813322231,1.2081311533373138,0.29307740372911606,1.2330574839388448,0.430326163683469,1.5044059764835995,0.36402457791177184,2.08972229606969,0.40254435577258657,1.2470729461254189,0.4144887148833762,1.5484113652398925,0.2638756001844312
2022-03-31,1.3851580170326279,0.3308976123403861,1.2073813123453945,0.4065301745280083,1.3888838543618414,0.4528529645205052,1.247542890070164,0.48375419519172763,1.7077803409828471,0.3043370721918519,1.8667264529764056,0.4170018289526071,1.1186084583641194,0.35564099604673255,1.3983796291859387,0.5359070466257807,1.6073329286446372,0.4058209611050972,1.1942238842783846,0.4641187617762069,1.8140791273670964,0.4515513026059117,1.567017820634491,0.316099124105995,1.3122454947154227,0.369456924949614,1.415057450581739,0.263997768351721,1.4338089497303477,0.41999848263166367,1.5599660238271706,0.38134755296428835,1.3874827884348604,0.3770897087962409,1.078289301493142,0.3936074121794113,1.572813079204485,0.7179769787049269,1.2784080451991489,0.34232821615871967,1.1451961626085352,0.34097788405272333,1.3218365143698294,0.4265045018011288,1.8145400130262532,0.4575078101391846,1.2515189047529467,0.3824836916476176,1.363658172943697,0.2807307701504055
2022-04-29,1.1496533862621008,0.4138489992906663,1.4461891150905675,0.35497955036465517,1.4671212701533431,0.49700200906434744,1.3881994665418362,0.4659722721992589,1.2253512921502292,0.2547600104308905,1.1784324132224855,0.5837491555292188,1.7852558840858543,0.3735940352742791,1.6330089268041665,0.4901698466600432,1.5632368893133668,0.33448196638539457,1.1034587574712251,0.33154180259206023,1.582192385509472,0.38833424285180296,1.4557504297552644,0.406932984167414,1.5751323348392592,0.476536397385662,1.2611497306096686,0.3951328718443957,1.1071757336067378,0.4565361045949241,1.8595455869494955,0.317546300453791,1.1720962682678553,0.3947617321864286,1.1282901096086206,0.4559394997669779,1.1893217148431754,0.5472850566715753,1.0043965758503464,0.26452783295586296,1.105515718651735,0.33256431501703254,1.262109338568965,0.3967040625658001,1.5794723774651247,0.48501365046616485,1.0785846313680723,0.544395314183711,1.845217609932543,0.2809527352163802
2022-05-31,1.200632839357155,0.4405485234719081,1.2873282186928767,0.32157224953178937,1.5255883401277057,0.32153699235955574,1.4596969464580745,0.3240916550135269,1.3800190581041067,0.3546324063610592,1.4111443939254091,0.45798889472513643,1.248949934566366,0.488869048354995,1.2863373552309012,0.3843259422776323,1.327614151610938,0.4201900840813558,1.4179558108377182,0.39402627295715725,1.569281808425935,0.451924537362592,1.5137765023393899,0.34263390052130005,1.09102259278052,0.5260578313487847,1.3406607605771723,0.314279954663516,1.3893058090888648,0.34478489556387554,1.3359505878103155,0.3093141398259371,1.0468268337965458,0.538510070253758,1.5757293252924298,0.5370051829865291,1.3188354379866112,0.5439225529986784,1.178203585041474,0.3159806429664422,1.2160256090074308,0.3918898172226462,1.3760529950791383,0.4790971555704793,1.5863710225894763,0.45878206961323054,1.2712962317906182,0.5257522703583188,1.4207689631833746,0.2523198818857987
2022-06-30,1.2523189815670552,0.49286802752925857,1.404287815359127,0.2846022661170216,1.2124803012754064,0.5305011642654667,1.195183107863961,0.3760271482589372,1.25237150263301,0.3766428811085372,1.377950801440171,0.48955244276115695,1.5965270193085788,0.30844952080109034,1.4078675878759253,0.5046864943115612,1.1126124989722768,0.4174438592383983,1.3044026116584246,0.35052215758377986,1.48941380716448,0.36064091922286323,1.5728665620329516,0.3402278204361375,1.555484830934164,0.3806497865428196,1.4104259090354536,0.29631901371262853,1.038974685570168,0.41850963912741784,1.2970982519200158,0.28051332467916296,1.1138285740317238,0.32816314393557294,1.6540020926776149,0.5160949611173821,1.4524125058736743,0.48468274999806604,1.295112543543276,0.28271372648601856,1.400687521575838,0.3941658221139557,1.433408452709967,0.3914088368310813,1.3545758182338272,0.44406597536171305,1.221268803334151,0.4349903186267201,1.6406856701595842,0.33600162902634767
2022-07-29,1.802277137772249,0.6290935683872373,1.6007582019780937,0.35234211145940103,1.1602734602311224,0.35421516252810364,1.3256096814970648,0.38579432429284644,1.4193807044756754,0.32034058675730154,1.5769825718670958,0.5175912818747529,1.1692420284348999,0.2992018617306923,1.4397372367682153,0.43207769615741987,1.2901710532988453,0.3397585845032924,1.4097679795823883,0.39499080076933074,1.3797590309325374,0.3704899421595816,1.8467542030354418,0.23571206911442924,1.3796199956303223,0.36757231328854395,1.2580557387479792,0.2836295633566933,1.4923478662955907,0.3372352925405621,1.4078443759735124,0.3653247362686134,1.10722432167848,0.35075717760707453,1.3503596268938924,0.4056259959314011,1.3773687219246633,0.646165637635297,1.6181573192757073,0.26314480624860476,1.3951045609467403,0.38411811990502265,1.9964705638069133,0.4592914988889521,1.2340869883183596,0.5538378489034456,1.2229137747347227,0.5932620573377654,1.6090238225688693,0.4283878529448779
2022-08-31,1.258031623105628,0.397403213245359,1.4141188381250036,0.2851886859035735,1.4475917615962748,0.4346243253766431,1.143872309895776,0.2805801010566403,1.2783787144655003,0.36783806306241684,1.6171467791713858,0.4615103533578713,1.541894440403377,0.3807309033321098,1.1959334280448604,0.40289738479997755,1.4595342653995218,0.5379506118446027,1.2034876328281028,0.326772002396974,1.9567016882376735,0.4536802413740659,1.1807213532260852,0.3968808902477615,1.4953020119658857,0.5217432817105065,1.2747673974392657,0.28876877480201824,1.630003201996037,0.41426827164502666,1.3742045673556214,0.48035469812468007,1.3005934919685478,0.26370413694656153,1.3073142560348694,0.40261867385833955,1.6582609111978597,0.578652475590279,1.4710355216513702,0.3588904045708852,1.3743418968329262,0.46352714309339144,1.2899636648882395,0.3858985990314892,1.4559022102551906,0.6820110345817556,1.2224298143860937,0.38138642762832375,1.071330241551652,0.27634903158140334
2022-09-30,1.140679531311532,0.37656166810857533,1.2021058153458266,0.32375657808459285,1.4420968758789467,0.3850502991964193,1.2637885850520298,0.5000105625332438,1.1301541793513048,0.3042602017061466,1.3952785473304152,0.5618276430989666,1.5995000839161921,0.3631249321063377,1.122210649889426,0.48056262106754577,1.702461752082056,0.37004200780160423,1.2144300963004386,0.3138386329495415,1.2428099530000878,0.39412950337576536,1.6477319479333712,0.3152655797907953,1.9985748181334428,0.422815406206419,1.6146623619866525,0.29455394568763893,1.1734933194634918,0.3130153102382308,1.5090700714654932,0.4273821142999369,1.3551657006184712,0.3989194855336097,1.4310115499435148,0.41206538245610325,1.493059643807246,0.452808569684734,1.300800880343433,0.33746865934697606,1.3003470872306084,0.5089632602349686,1.8712877348852361,0.30986636507900805,1.8190391038860052,0.42632007340156725,1.2123778229463578,0.3761543885091388,1.4441886730875086,0.26740609240797547
2022-10-31,1.6848707803317242,0.43713926662768793,1.3699871885921693,0.31581708405583725,1.735842139831379,0.34405989082731075,1.1684806702100146,0.3701194236543061,1.157369534203918,0.2728352980595432,1.4793664445619417,0.4448745395859578,1.7096536248061418,0.43303622410698084,1.3059860190921706,0.5837544368473099,1.6214717712772133,0.45549953048067016,1.5227066702465168,0.47129637501916605,1.3335618571783159,0.517675665588402,1.65211049530161,0.3690081909223711,1.570879912174694,0.48625095195627216,1.7580436337233634,0.3491707047586206,1.6351062874686217,0.3620397399511363,1.2545605847958436,0.3007218724061203,1.0824609690663831,0.3897906469356367,1.1888916554524513,0.385909773128816,1.632039557541621,0.3685870888898445,0.8525520425686389,0.32809780942713923,1.5127613820432901,0.4559998678830258,1.4341175206249055,0.38179513603407617,1.767017455461666,0.4787966319962519,1.1562349722227947,0.5282953406612174,1.1062856378333585,0.34362240416481393
2022-11-30,1.3771695323365014,0.3745224477915338,1.4497221807890848,0.367846663958252,1.1923893950554973,0.2965584748550365,1.1790155123794548,0.4323650841798242,1.2018425705066575,0.3458443244019651,1.7912125266712535,0.524436887495271,1.3574941037556407,0.32305460254236096,1.6069755885181,0.5526561757867346,1.590175685607835,0.5067156434458828,1.4320086852640428,0.4876036443396937,2.290538380337103,0.40021348853786687,1.6930280872694594,0.23515505304582565,1.439869553518007,0.5028743997791798,1.1665910474769312,0.4012455604750407,1.2223321029314838,0.46140947848078606,1.0431206983052963,0.3240189074251685,1.4777857415838882,0.38194268587101815,1.3533452720193986,0.4562308426654369,1.4290867477571914,0.6958461328073638,1.343339206359164,0.3392970436943249,1.0283053480462647,0.5126114347505928,1.7738615394396042,0.2327426242311762,1.6960477406277037,0.4805260991478237,1.171615822536002,0.6002849316299899,1.3037016275820177,0.35555865232525025
2022-12-30,1.0937116245247291,0.383829607443736,1.1149015475892,0.4052824839687113,1.4417646476678567,0.3228077464193559,1.2985907267193595,0.48718042154265373,1.070789306431808,0.28668156907110437,1.5051973087097192,0.4864937946006217,1.581636853798589,0.43922628698978666,1.2078972821524898,0.5456735397205437,1.541827411855047,0.5343919629034206,1.4867220298018269,0.3651327604818251,1.441999227458765,0.4848453043335557,1.711615743233728,0.3980985963151255,1.3790133336727295,0.37591043094380916,1.5613088738957284,0.35772198541107864,1.1141749178341636,0.39405655705567594,1.9228017922807468,0.3244328765172941,1.2844356952600295,0.3480020792428902,1.1441581399627432,0.41823124099601305,1.5796052628957515,0.3989496072310454,1.2433306477353292,0.39592021880259065,1.589416849389902,0.44873216541385536,1.5007084277657206,0.21835682485028463,1.051284730316507,0.47109515438587835,1.1878960787728219,0.3002043685688558,1.5580641466867202,0.3544538338248989
2023-01-31,1.3532081702468175,0.3765931999979836,1.1398696795523693,0.41937825768503445,1.508216231803346,0.38588503082192877,1.1182965023429239,0.3542851247114646,1.3191893262835461,0.3517612751571153,1.5604311699069013,0.4030293303789094,1.291956825913242,0.33619695021540097,1.3206306031895256,0.5150711867950728,1.2860888015158798,0.4498120453757574,1.9055798685185106,0.4052037687013325,1.3229921664951232,0.37641116292182003,1.3298723031903052,0.30444602851158337,1.5368495840953482,0.5115225295530078,1.363640927846113,0.3980407597821371,1.2302827117896182,0.5220369760891995,2.091912789467622,0.3130439278346077,1.6210596673591464,0.3323164400309377,1.2290378278063319,0.37096914676870496,1.5844655985727882,0.44201546262941227,1.2531351250399543,0.2947139021493194,1.0942845032261657,0.37997766912181546,1.969059532635872,0.3359143453434958,1.8689451313104621,0.39430884801094035,1.320188318013195,0.48091926402056423,1.5323421172025735,0.3131887172566781
2023-02-28,1.427148259120399,0.4572516216790505,1.1606443984198742,0.4044699921754025,1.23931347812128,0.2769796446881895,1.6240610613421782,0.335833461832689,1.3676064938780395,0.2824103175499825,1.4464896278079422,0.5463592647123791,1.7894226864742473,0.37102415232927993,1.238695242523797,0.6366723353034697,1.8577446139286673,0.3368500598240485,1.626921594232076,0.26066873188800965,1.567396395362569,0.48513469730996506,1.2144928815365312,0.31201285302762166,1.1085001120086437,0.44282959906401675,2.0155215347851994,0.3138852862634053,1.1887110762972746,0.29682418459192156,1.727755112977935,0.4066520084649274,0.8726679916152914,0.42157301828003413,1.3173095277572957,0.3520248085568384,1.2169064695258487,0.3768088113120058,1.0707721446467868,0.30245867960473827,1.4188703273535408,0.3860360227805863,1.2767875028127629,0.4366798625376806,1.471069620813895,0.38948513712154115,1.4317044574574287,0.5465055496211222,1.6172600782723752,0.3805849102060356
2023-03-31,1.6432776083662994,0.3682569741827053,1.3782904673113738,0.33688217042036417,1.4043403434471808,0.4765926716927728,1.2416387124706063,0.4752790681254938,1.4164428838734056,0.3453304683963225,1.782303531400404,0.5006531648680281,1.388394685396185,0.31812748926095274,1.336109846256519,0.4858604828935247,1.8479654419740226,0.4065372330825517,1.325323343514637,0.33222094502841687,1.4354086820472403,0.499795833322444,1.4527577973046004,0.3374208611271583,1.8950223472302623,0.38120161044260004,1.7599408717445342,0.3390892580656121,1.4654992304846883,0.37171942999176205,1.238571512871574,0.4899498295328208,0.9197873654713529,0.3737231876163835,1.1474231961719112,0.45908382573888895,1.0865580964848858,0.4042010735810659,1.0084918130869451,0.3221137223298793,0.971506198535705,0.32097537758409134,1.7534733986943212,0.4127633867311087,1.718110428403136,0.3292060593859079,0.9907282445859082,0.38775453988625175,1.1558451229660904,0.347267667338365
2023-04-28,1.2413401970329951,0.41990318727680065,1.1426704542290271,0.24607858114783426,1.106679872010372,0.4111661290920781,1.5668650118514464,0.46610312097921275,1.180991165106439,0.33057362162638715,1.5846449782229677,0.46501275928554936,1.3586427134439851,0.3336093641324365,1.2518247710292152,0.44078728987000726,1.1545747219095817,0.42357069186192314,1.1397130515114664,0.3257007496882045,1.4032919356862732,0.5306223701156952,2.0739680351370393,0.38566780226853176,1.5961551353473258,0.5013597206545791,1.7446750014704828,0.31116620233778286,1.4450581050072195,0.49210570166541207,1.4787511303466154,0.4420987548204552,1.4733795333203525,0.47555426574909304,1.57048375711284,0.4807830209364814,1.246627923207663,0.4724317485726803,1.5300266910228706,0.2374385682220459,1.2289735021617147,0.4756624823958489,1.496242665333876,0.2997888692924064,1.4622504151346505,0.5694295686957297,1.6088554767797754,0.3591605269192519,1.3751358158591773,0.2623837905840596
2023-05-31,1.3449926555338805,0.34249720834802094,1.3001389106933072,0.30004356600721505,1.549233086804207,0.36402346978331,1.130708910557722,0.36307803831674734,1.0079389727594463,0.25382367038920717,1.3112791121176472,0.4447391638352044,1.2556009213392216,0.30680796123084914,1.5604591886299632,0.5494844668818122,1.1496134977654353,0.5275526420479342,1.3566201660715869,0.4034585889873378,2.0111017586406854,0.4500624027010206,1.0319990923365785,0.3273483793737875,1.5678117966218998,0.4702209465297918,1.5215114028284205,0.2430520587186601,1.572092073713377,0.34583722423834606,1.373653429839409,0.37252440187532165,1.2019459974809945,0.38164841485748446,1.000116785678215,0.3898019172288888,1.3081997487665902,0.4527188060435099,1.2802105447105305,0.30370107706048194,1.386388790117005,0.4685727756726768,1.3295203828793385,0.35742597531798925,1.3336933849944232,0.4859740357370869,1.1573130967086362,0.5052757884338926,1.1008773977717474,0.2579198333679121
2023-06-30,1.301933438126274,0.43720767471839134,1.5598415307111766,0.32603161887156523,1.1983287471385593,0.38945264210691377,1.194269205937842,0.3628964705375447,1.1849596929243136,0.3135785893772277,1.1887585842236603,0.57842097358167,1.4916632693345602,0.3433849798304033,1.2193671106067516,0.44244649316256013,1.2035573133609796,0.4212936134086643,1.426539889489865,0.3373966533231383,1.5033004617366705,0.3928251152196722,1.232313056434875,0.350429206592217,1.851843836377958,0.43398707554711846,1.678456260775305,0.2974846999456659,1.4241916236417904,0.3628472579273268,1.559271907945319,0.4768336898102275,1.3048923771737246,0.3227563506180415,1.2759636742141047,0.4046044507209317,1.4147124480277709,0.5345794459440768,1.2827180998274708,0.3084210652909197,1.1397053698301434,0.4691697389083529,1.4601786622113406,0.3711338320347635,1.5518899696742283,0.47221373891806057,1.2064644742138793,0.3306887100750763,1.5377978571529092,0.3999205442588584
2023-07-31,1.5030263975157023,0.40698217756771804,1.367254881264335,0.3682441991118026,1.6483731270256463,0.34532025506437825,1.4606759647982157,0.4803403850951124,1.115946100460825,0.3003006938832892,1.0228822990247874,0.3674241997525329,1.3898157564997626,0.31903022850735063,1.2658968354105575,0.5086421964748458,1.5439589236099447,0.3454680144062491,1.3545114415096733,0.34315535323031854,1.5331668969344916,0.4405876653975859,1.613349146097961,0.3680854719851772,1.555819985710748,0.5287674328711948,1.697388494480714,0.28370447202000276,1.4894480950480076,0.4089599529682334,1.7375087178646547,0.40080101841997307,1.3194772982850336,0.40667365040501996,1.0382914756656503,0.3925570903381003,1.3115016221967253,0.5990675794503031,1.8671124991373047,0.2512881262441704,1.2821163638937936,0.3471509728458161,1.0164976078346224,0.40329678224239435,1.254403305108222,0.51175987898703,1.136395808325799,0.43466364645807964,1.343855874102434,0.4006342853287142
2023-08-31,1.1748353405763454,0.31344993641266927,1.2316096786528983,0.3213701183242487,1.3642709521270255,0.3979439437035594,2.072474908958439,0.35464782873081785,1.0826875994944103,0.3047244813160675,1.9805429896236404,0.6948549508754271,1.5018101188675843,0.44512181209324847,1.0515272004137968,0.4468731592906484,1.2223729445818117,0.5341164839985764,1.3996187023168507,0.4521689255729057,1.0994823576571244,0.5310157491516205,1.7995305772860384,0.3626122667722686,1.3541185653670489,0.4232475647778971,1.833846712401845,0.2567176902198166,1.421943644214675,0.4146071658263351,1.4334408399559297,0.3718681128615362,1.6853648824128324,0.32332204255715785,1.3512710713248868,0.37139176377836475,1.463809668659587,0.49255220714897474,1.077382426789918,0.2853293161198035,1.2829829862184619,0.43027344928292405,1.3418892252578722,0.3233438777920217,1.4319493296140577,0.4910818846427312,1.1878089327473909,0.47909519037087056,1.3532003672919866,0.42717077263692205
2023-09-29,1.4102438098660544,0.4233170010383347,1.4777731415352986,0.3441220636782177,1.3808700962849327,0.39607029025448487,1.1093718641980983,0.43828433246660414,1.2256669938571623,0.3510149230399097,1.786863153600595,0.5792081044721357,1.5150743384337697,0.4266395489044555,1.1848827367413841,0.5054039043260227,1.5058847893736775,0.3331453063147891,2.0371920886241353,0.39028703239720064,1.4857074165552975,0.4171283788107128,1.6021599365079533,0.45657302051323806,1.5385129146904746,0.550321806255203,1.5297941237052264,0.4347920855718547,1.0340161235313265,0.6197615808442061,1.5616271092588583,0.3508431510224495,1.1857801495397955,0.4074968850358583,1.443837895669375,0.4202375791770624,1.3920964945735201,0.5865864348522687,1.1746660100012722,0.3928075741663907,1.131447213791467,0.48973961197064825,1.5441789230751148,0.4044342248719264,2.4418556324826803,0.3958644808752967,1.2809307652823887,0.4205700406784862,1.599999112778483,0.3520837544503894
2023-10-31,1.1487969536781641,0.3364803347423953,1.409085662622747,0.3711508003418083,1.0604767041706205,0.44579667074472684,1.3606711979995745,0.4331037346647886,1.227791232398867,0.298771812787252,1.353586084379371,0.4806583803584562,1.6486415269880685,0.23617773973345435,1.1952333246932365,0.5227965047724357,1.6551410953579138,0.37984098924816323,1.2028909008516755,0.3403030513438637,1.6295826592126814,0.3851939409156825,1.4036362460925806,0.40655524090868905,1.3584520015586992,0.4122810923813993,1.4597922648559833,0.36954618131018285,1.1335773127172364,0.3806651946407543,1.7781938803271193,0.3437773435717601,1.3010353582336796,0.36046366535288477,1.1217115573445797,0.3589561380596774,1.1274858122932443,0.516332236430146,1.3873183430644103,0.2029409172292459,1.64514780728995,0.40281413487615014,1.5687783027372688,0.3575758915392779,1.7301385821456712,0.3873683056658819,1.1905130926904481,0.41371634556763887,1.2611380239441483,0.323664370402507
2023-11-30,1.5929630907508041,0.4796837370835236,1.2901661927470778,0.30751807652552016,1.4178395680273599,0.4018262431691526,1.147135911376225,0.40398802129342176,1.255400325944697,0.3347429339570164,1.238507970063451,0.4262680526585137,2.3143902302101242,0.33451397685369894,1.3481516806345042,0.45232741632103596,1.6840695271632646,0.3800582648917069,1.1213023293147908,0.39915659009718685,1.5114097257776193,0.4460504330991732,1.3319046198241775,0.4141792400274233,1.580962494018439,0.47804393130028777,1.8074185014515856,0.42397994813656387,1.7363129349730073,0.3443374803297856,1.4939782567781033,0.3868738268380567,1.2671684534371035,0.3999359530090285,1.4637123253070232,0.388849377940574,1.4835115703066435,0.5435120327002785,1.200682677985985,0.2622970090458534,1.1873981571261907,0.623787132842848,2.0997145638248718,0.3053053596118511,1.605318047098898,0.46292805525076447,1.7215042481597402,0.43989147327390604,1.5138771146162529,0.2912927727199566
2023-12-29,1.3910781072232428,0.40178596614811096,1.5519044913223274,0.3261643577026847,1.553686502007295,0.3340934645061814,1.142815799961034,0.46631897304346054,1.5074602883000956,0.3491578338805119,1.4739438135794467,0.5672840694037956,1.722673500973849,0.35835474040567256,1.9799248321690395,0.41404961623291425,1.7994055846478163,0.3460063900423001,0.9852150803796941,0.37616548223687557,1.39290035250288,0.5818648643824251,1.5157927829619533,0.28919895657255806,1.2784487869039882,0.5581425240202615,2.127954211997021,0.35253093006679437,1.1588410029084355,0.48797067561420193,1.2790998733493735,0.3004330316608446,1.2354500477741077,0.35042525948593495,1.2692085933817785,0.35343186740497284,1.242547004948007,0.5183554753956098,1.1946103603544806,0.23360712704122452,1.3748228543187675,0.4928566181057964,1.5872621411803782,0.5132014857584841,2.30869399574219,0.5087146735931841,1.3990009217974033,0.40235737660226933,1.5167581942687764,0.32565579979391013
