date,STK01,STK02,STK03,STK04,STK05,STK06,STK07,STK08,STK09,STK10,STK11,STK12,STK13,STK14,STK15,STK16,STK17,STK18,STK19,STK20,STK21,STK22,STK23,STK24,STK25,STK26,STK27,STK28,STK29,STK30,STK31,STK32,STK33,STK34,STK35,STK36,STK37,STK38,STK39,STK40,STK41,STK42,STK43,STK44,STK45,STK46,STK47,STK48,STK49,STK50
2014-01-31,101368149.66209394,118498472.48324938,106807347.6715783,134824685.03471598,85686249.68758291,75730205.13326001,139430322.19927582,202232810.1615016,108971144.3567342,102260446.1949818,236782478.42771217,141229868.40992647,135785086.07896456,106368344.14036606,82883813.84673573,87380473.94095196,92734669.05685137,67725157.79454878,99256904.50695083,109445763.846425,86982689.72799376,108258693.46838191,89600992.44637597,103869644.9204423,82121268.316067,5449021572.804571,5584376207.831888,4888308691.756841,4303576374.5800085,4246642198.8492417,3305002375.8480206,2833777860.2700276,7379616102.410312,3402542833.9980373,7956960628.729942,3821723976.5069385,6425440087.656773,7461431272.411597,4372653188.455543,5089429050.507966,5368035507.673278,5088108937.369141,4002414368.1075377,3100079620.930483,5345252559.873839,5566088112.214749,4188452569.187077,7237560931.057496,4178466622.6208696,6535982829.804066
2014-02-28,94021845.9782901,119915615.53905801,92677947.9441215,132013081.29907115,75490560.34929712,71030641.92021239,127560244.58535054,195432919.6301742,107660185.08850163,101822967.94079374,217612705.8994112,134830490.26897615,121341453.18048179,99801816.22922193,77607564.74268289,76509470.7112297,88116607.03473246,67140880.49423994,92998665.67208166,104555204.54586667,79159968.50067721,106279450.292493,86324077.14862272,99379212.12213296,73485438.94606806,5471840420.61985,5538737138.291358,4978851401.87152,4144925235.0924397,3782584464.359875,3332145375.8307014,2499396869.272131,7050695030.531937,3187171306.082029,7255887820.463739,3829352109.6410728,5686467059.035521,7610211825.592406,3990386366.2140365,4999415853.777954,5028866393.890803,4846564274.42655,3771239460.1578765,3056291834.743199,4915216820.269327,5240315946.913784,3956743574.308871,6510195402.286691,3739492262.2306194,6003392418.516268
2014-03-31,87523938.94431967,123581113.17231594,90601766.44902387,140059653.15109524,73017489.41084959,72160975.91667894,127175261.92049238,186790229.26528797,107929888.72895584,97384024.76285714,215098565.31138712,132808304.73741157,121726080.61672916,101016098.82315984,76933277.42290944,78066350.74286614,87833172.22494066,69003487.38089296,92958234.43628226,105823150.55109936,82463757.19448814,102182740.14981358,88071146.85314406,96252671.62785672,66964207.549373575,5435919715.267796,5470222179.479116,5144145897.513813,4389159619.447033,3642515053.8123307,3210041572.129954,2334080294.8092113,6762621647.011718,2973680908.5462384,7382622361.267759,3937799437.1604495,5921630040.666212,7307705110.277718,3705675519.501859,4714325316.797355,4943328706.466867,4976691486.244478,3801306733.8308387,3034372965.6329575,4703333088.357796,5398543609.451521,3777572857.580472,6354688349.047204,3611804008.00673,6285203296.034454
2014-04-30,100495014.0961285,133371655.7958499,97726602.59379315,143319180.62135953,82102140.27441074,79137288.97012821,139558776.11286905,209965213.54396364,117465587.87012143,105893341.49217868,230275784.02446434,149957289.48639035,135571064.06119335,107596365.95173569,87826549.31295028,88965891.78807192,93569929.669507,72282823.21130164,103263993.49816859,113421869.09559074,84337924.81471726,111810460.56685358,98505931.30108263,100889031.85909091,72623865.20171008,5663671217.95523,6260095973.970957,5576430801.326964,4932796783.513309,3893013483.3676515,3518431053.7273893,2746891007.1716003,7597779093.456006,3152388764.815436,8402617627.314738,4275419684.4263554,6373004221.663443,8015221515.31697,4018968221.1859794,5477230653.307694,5553884007.4515,5465198300.332509,4028445175.138082,3347042669.7069154,5500566302.534292,5891964815.039542,3920919803.9741254,7056385585.865673,4234987765.521318,6948409403.355101
2014-05-30,110883145.38068603,137593639.93656474,104673525.65051061,152890113.42177904,87289877.19087562,87615172.51886965,154327526.06177822,215907771.03005075,124271561.04861833,112483688.89049342,245596365.2592181,155215327.01956657,147642010.69231218,116948308.03515288,98347828.82871658,90084603.94630753,96267823.89759904,72814597.70603645,105446372.71721616,112699649.95039657,91434759.60225183,121951406.59827805,100710603.8561292,112296448.0008364,77225141.38439867,5748370538.728513,6445247414.372112,5827297528.333184,4927923368.134976,4139308033.941495,3767131850.7677417,2772692053.026289,8072680685.139188,3471652816.9880004,8820054608.935856,4383265228.400755,6709519268.216378,8397885068.48497,4296185724.507664,5746840570.590376,6028280388.063128,6027613492.180519,4213122226.8667564,3550788877.54009,5872886292.248423,6133584489.499906,4321429136.202759,8184014739.6502075,4444805482.895458,7214749433.338092
2014-06-30,114564677.75543174,140753307.7007918,113597096.97019863,151779048.92870635,91877609.03745851,93220376.12795341,160500488.93283868,228468777.03197935,146098745.90254036,114384465.01800178,254590562.9286244,163099512.88924533,153718427.90713915,121631809.15858999,103830812.1801119,86873328.17782,103863703.88662978,72031528.13936712,107488046.92994694,112113305.85694377,95445052.09906939,125778167.51032786,105745096.90769306,106943315.47350411,84670743.79821433,5828764258.198319,6869366974.136401,6058636933.141646,5138050096.675377,4123475570.9260626,3880065540.517395,2940961133.480349,8114973360.338339,3395171425.430889,9261083786.123823,4425754198.796822,7004325465.100375,8584987918.81385,4775215757.869516,5661907207.366117,6426078043.583773,6050666092.874168,4244003096.48305,3660421209.3036017,5882754627.8181715,6143718171.913053,4251376450.680726,8195609654.157411,4696279204.1652565,7372621668.548862
2014-07-31,119473635.9259248,139450040.43831074,115979282.39540383,144800839.5557393,89688289.74149504,96791359.9882932,166619083.70546654,229546014.95313242,153703354.2094563,117938365.07428095,270848587.7658355,173283739.1740832,164229654.12012577,133902351.29341882,103796035.6282726,85759196.0650266,111960282.96941648,75837605.52575542,103529305.38958934,115997164.3964241,104820315.08208023,128681564.9333474,101036935.60041143,103341383.45863968,78300743.86379634,5373758990.194817,6662403327.202271,5617655929.655968,4975609720.951962,4036830139.586476,3899634337.376077,2762129966.142524,7993980119.713028,3415909478.8048472,9012137300.201555,4498064264.93068,6711636098.084409,8360710082.01156,4541245343.636099,5658824863.408441,5837695029.370385,5858642653.884506,4154399843.496509,3323577610.8134866,5585920903.886642,6014111822.8980055,4019615005.2841268,7797461409.391546,4387480524.307287,7238119699.8334465
2014-08-29,124205653.16108781,132386607.79613732,119472244.91646929,143899527.55358362,91499193.3685438,86889281.30907871,170977864.4562643,223732599.9035666,153767201.30346972,120947524.30974402,276305015.1192597,179038563.98534018,163085940.65119863,133468004.33017644,101200828.69906765,89108748.1196439,113373839.32531896,76353438.49023387,105734722.62034087,114553705.97142904,109346511.79901437,124077940.13641809,101004707.42294924,102349148.04356569,79610077.23998111,5958651190.969625,7020017552.930243,5489828169.5456,5250216117.655677,3863180144.00145,3947452298.408255,2953401241.3782506,8309119517.85206,3626341796.528741,9445970563.48765,4462547904.05294,7175768900.8686075,8324007158.091817,4741476318.636537,5793824147.858444,6042005824.217272,6041007650.713845,4658611833.210553,3312285016.106485,5580329724.245465,6143952867.558858,4205335376.4114165,8157895467.689774,4628762139.942629,7041126972.428176
2014-09-30,115524037.70183374,127277777.77991116,98977804.93251394,140295027.63651767,88234298.1620045,76631840.16049406,159543766.68126264,191983433.03664157,142352937.44843987,108563760.84092471,259853948.59344786,175204314.22291365,163542580.85236883,128293049.27877173,95903992.47583565,77896513.36021599,104613552.7689718,72755311.15512638,91157449.43217021,102989433.16534522,97921770.58389452,119531069.89899078,94208195.04447149,95662210.73903379,76486421.52706355,5961812018.660134,6572461754.678021,5447610303.662145,4984777467.981276,3656033562.279979,4115334784.2553806,2931039210.375366,7642258058.573835,3231285813.7549205,9300084273.35093,4293054635.502099,6757757928.219811,7639100439.203269,4256788161.5920334,5824609935.782478,5760381683.902842,6104642446.126889,4586788862.431782,2987724181.4479475,5227236987.177087,5840790769.809602,4000970559.3953066,8135488801.494349,4587618398.502328,6922495471.1694565
2014-10-31,109554956.03363669,113081955.84560128,95080687.86982343,129745935.08226587,84377175.09658004,75193160.0461817,154758861.176112,171450480.7080877,145902380.82190776,93405186.02369164,256631925.06257126,161881943.04260245,171646370.47272068,119884227.93867223,97517780.95526905,75549049.22459549,104706576.337402,70081222.92523023,92567182.66820385,102528070.62260666,95094632.66168861,111884757.02043639,96017554.0099385,87824391.40498973,73767895.84761459,5585240202.029793,6476293777.859904,5274077656.765442,5029432925.164236,3394450873.089314,4195938273.248856,2850879423.940446,7515463199.14657,3182449649.6245337,9812842132.563072,4303134230.406063,6505101210.883764,7097610004.020443,4085286997.075779,5625731506.877508,5708250155.649868,6020913661.264249,4525409096.036248,2934330734.2698116,4917283144.397123,5868659340.039008,4053799979.4602647,7534549558.5488405,4507422128.494013,6567069096.038838
2014-11-28,115688627.1092376,116903607.66454162,91879179.80832908,137688143.67507616,85107726.32040456,77263376.91761644,157888065.25294957,186782774.4809208,138267204.65987682,102334247.86316027,255650791.0788435,172769064.1819206,167940688.80881077,132203110.33493456,96388801.83784883,78835692.59806709,106061541.50637528,68832468.66562515,90929179.87780738,106796133.06589155,92027070.3086679,121328140.21649772,94698321.02928536,98641162.4903457,71039355.73707074,5400211434.064225,6279185805.609672,5144007256.960262,4698092133.378652,3487887511.6897483,4013429746.1943536,2805688080.8897324,7010924709.28624,3092878463.5169024,8811271880.43658,4505479076.866931,6142393764.016903,6953584885.897201,4028136387.9035807,5872023397.079459,5426163702.026509,6061507088.463719,4380136635.133311,3182313410.2304273,4510095581.579078,6123324088.944032,3983592457.055126,7570417903.195409,4615021474.296491,6203420037.992352
2014-12-31,115248984.29720673,116349977.2422452,86232273.6791176,136694673.7867674,77725164.20478347,77509657.81390987,144170056.60445943,189913182.7726678,134311703.7246169,98686001.67221993,262467577.07524118,176269088.94501552,156492321.29297927,131705769.53564726,91272382.55101961,77528536.80591552,102027201.49195385,69285658.00906016,90562171.30890572,99774337.28381303,93898190.86635552,123419914.38668072,89682562.52902023,96651074.69287995,70053878.54917361,5453992810.334114,6292561307.390889,5141589111.047984,4407919605.964783,3587019012.284016,3888013610.539378,2923653011.7498384,6789559969.487721,3012880013.752796,8916117268.027002,4614625989.61312,6035754189.308202,7219591039.532454,3937975697.1643043,5909262284.252702,5332902502.297516,5871373114.113157,4383282759.022927,3072937951.5266027,4793359801.083121,6652576822.100069,3992220067.284971,7383937309.98195,4643463132.846347,6185101499.35296
2015-01-30,118780126.84228346,115206745.51554112,90274175.95395899,137934848.22144976,79056034.86705907,75832206.35468996,154737489.49992475,181236732.09931198,123488694.04406977,102427139.55419861,277806139.5470057,180362326.2546651,163844240.7453972,123969349.30404754,93915755.72463547,77204238.92430298,98491707.79617135,65249262.80633286,89933710.52294448,100708429.15198931,103726113.27339956,131665353.53050332,90642191.54181105,95452896.67828012,71275596.72440933,5785242671.492898,6974771897.965179,5387005743.457688,4888967516.422235,3916814899.552175,4197922607.399892,3045135017.101248,7766744739.496459,3312714631.8804274,9969726903.699036,4698628338.053031,6889859089.745215,7615616018.061003,4497907509.744436,6233894218.975736,6128034669.707157,6137645050.599187,4610347198.468697,3188424103.072426,5627533689.269385,7432901954.853951,4341692280.626863,8239290419.760982,5345975092.0083475,6432355406.312356
2015-02-27,114971765.9339419,105557816.8014178,89071196.60725045,135078940.9579221,76352924.55466127,73565699.70244019,145203997.61799625,179271006.079501,114944000.41618767,99972423.43063997,266388207.6296179,174722274.20998853,151016802.30527207,119856380.94725452,91481780.984679,73301370.37608378,91637049.87932275,64525346.493835896,89979147.40685739,92823801.00909865,98318235.37874228,130044311.27744564,84842558.17273618,90431172.87847151,64663147.08086054,5468513798.414583,6377508987.008016,5230427108.190512,4825657666.795804,3809356995.482727,4119980630.9516397,3049177926.716844,6984772840.002913,3063922057.0387583,9354241139.180653,4430131314.373906,6517024710.571979,7232383238.392666,3880681370.976293,6036487914.690403,6040340500.765093,5594851994.381351,4715067689.157228,3099129784.3457456,5228955547.2299,7253171983.785753,3955102167.0996027,7861009299.36193,5215240284.817698,6140821871.1137085
2015-03-31,119238314.32449529,97848059.62808567,85823759.04176003,130653653.84032518,72283461.15404,73171528.64386825,147786909.85818934,164420591.6028343,117306648.00443174,95851897.06264243,255825321.61263198,169636059.9889017,155574873.22885033,115416609.06457566,93978358.87058496,69276240.41934094,94755074.0697702,61741036.35514546,88914331.94915554,92023402.1497903,96673682.82297714,126730550.61208439,84730471.71463992,88285438.75612584,63653468.12560654,5412037876.321702,5984374751.285077,5021706744.844116,4852037472.694855,3767862742.5725617,4444121925.1832485,2877224582.527997,7067926211.088409,2764778269.346028,8918239447.181782,4270456084.416402,6263184896.403689,6697919642.420861,3768375606.8013287,6100318294.134591,5944124159.456476,5489806983.985978,4757656131.982555,3106911336.1531224,5312796658.151612,7208104353.43612,4019734070.212494,7661267565.385909,5284344174.782748,6036371562.963069
2015-04-30,108795554.71894751,95338403.19600925,84852077.19263658,122145636.83664824,65886148.29191256,64789067.20138358,137660851.31447145,151413526.76362264,116236703.47516347,90582275.04365037,231158199.28120753,152685387.29634416,149471457.21979192,104478806.82796595,86658447.89865117,62569776.26183412,90834927.72621097,58350341.28974171,77567019.67170832,86016958.3963027,93918035.12058501,119078034.05885126,83315191.11059494,83518444.53057013,59763681.12028803,4958632576.921233,5847880808.356523,4726362589.416324,4588623752.942565,3379496299.4796524,3988899388.043651,2792190951.728934,6691981715.773016,2417430908.3987317,8847541606.80561,3674573248.2164664,5555940607.201294,6074964863.861885,3659062449.743775,5850047118.82487,5420785636.429537,5185250030.26321,4608332474.044786,2915791659.418993,4766117904.964478,6810833337.5436735,3782104599.5815063,6699173304.730721,5001294919.913084,5501055258.537852
2015-05-29,105362934.93121621,84144338.48543023,81085762.20829116,116995508.56202736,65613720.519174404,58063454.35969808,137937380.86107942,135326343.24507278,112384278.091652,80370343.39445108,221824496.591426,140399595.81668422,134240501.320703,99958103.5430248,83077104.49573813,57091242.115338154,84500284.51056544,54114029.50489188,77408976.8333538,79679883.00351481,89621659.10338207,107911271.9569111,84636242.27613318,79995339.69589193,58205398.180752605,5063013459.168056,6154171443.046144,4825581456.521142,4433433382.837458,3059133801.234385,3974770508.2726116,2608036800.7482333,6944393530.981856,2282944510.0180287,8723401795.959726,3418106432.7005305,5438080853.963503,5924726483.451758,3424577137.9882565,5728031110.929793,5372907696.194559,4826593531.53884,4450755725.387565,2834527654.3077364,4513489525.819783,6629350598.786263,3810353872.2701383,6317451501.124722,5003447346.886718,5136150788.985695
2015-06-30,120062362.03032273,93275795.79730557,86503149.25643562,123601107.66124004,69289226.41237871,58008243.135013714,145223031.76576582,140256732.5312661,125492862.90664096,85894481.7382703,235840142.23101035,154059368.185678,149477287.64370668,105758830.1060351,85955992.58271371,62423340.61662026,91986820.78083077,56947566.99181523,79907815.48684089,84268149.80373475,97815898.70766422,115263386.081006,92305589.7157602,84123282.90482128,62598884.670504756,5152331863.1378975,6462822483.414527,4825719563.966362,4597065497.313883,3143908741.216584,3850505874.844629,2555431724.4438534,7504868475.249439,2306329862.316964,9295497687.064703,3612322473.924864,5404457672.414968,6251299701.028362,3383770924.3944974,5868881584.025508,5673517515.105559,4682365713.587051,4276815652.4910307,2676871221.009403,4673373733.139223,6271384459.537992,3806629072.6003947,6633126365.825824,5282896708.943282,4902877094.557622
2015-07-31,110273148.7310051,87557542.05585901,82223442.44096714,120225493.0759069,64458615.33805314,55524069.99726321,141036828.46637905,137107826.8209332,113884020.52421218,83629727.13891357,233018995.08183345,146769968.31556123,145561786.22492754,103006558.71072544,83048016.54335888,59041296.33507531,91773739.46040764,52472834.488462165,73990016.74288793,83058510.85689391,95164423.69763893,106875449.83632743,85184714.97235946,78765894.51993522,60317181.93285278,5163530463.809238,6610834571.09157,4645341964.130937,4207697311.112305,3031678303.366267,3660884072.024543,2515137259.8680377,7290780696.208512,2081692449.8496993,9399156095.328892,3427498121.6780276,4849733157.905034,6064238707.76806,3242735286.7313313,5814232383.009438,5559833483.429747,4676830970.254747,4128546591.5727363,2538115368.8482304,4595384066.424157,6129982326.182306,3802597769.392629,6581162480.217323,5032281119.73966,4730879212.395371
2015-08-31,116523510.22288139,93804332.36074121,85358829.4640405,120162829.32762751,71238255.97255641,54016759.1224711,149561606.5822244,150038976.75800285,120132215.51420668,84460185.28384112,246385040.15533525,146870788.2770284,158674300.332708,102090532.92413616,91327499.97635692,61587233.67854248,95991960.19537161,53653617.08442365,76962930.43507311,83620773.99710405,100616671.50169936,110731060.6034226,96352654.2091611,80341551.00740364,66276827.7678062,5161663285.3061075,6984230300.78942,4709569043.588594,4820029564.718104,2934055453.1454167,3936012636.4232802,2621351229.0882525,7910189015.519557,2156039002.304798,10161902443.12559,3383705507.16129,5276982894.5211735,6122519961.161144,3564907439.0067897,6238030866.892691,5786840294.960122,4803180260.221788,4451076710.598075,2627470794.6522818,4952886711.75601,6187685699.378302,3752551681.1408505,6858005688.305342,5522832476.568511,4884783975.764677
2015-09-30,114197447.02546616,89784788.88517962,86539508.32072935,122880920.04279958,76415482.14300574,51893339.04499711,149324633.10631362,146045144.8886297,126142373.21432146,81292179.04048504,252588779.36480248,137940836.63660517,167143919.6097713,98192163.3277829,95851141.93246624,63121949.35346696,93035705.3737873,52303232.97888312,76705201.26955496,82388999.18417828,106279190.00291866,104741070.48989233,105271580.56934674,73773498.99086608,65000538.32116813,4963550862.490839,7306890987.403853,4651152882.446607,4891190793.643936,2774711583.9059043,4007774623.3911624,2688812871.907665,8160788088.651384,2287529177.4404397,10471940462.24714,3452546415.035447,5553957472.787064,5776655243.6307335,3728838890.213833,6497691625.91329,5936633445.940611,4902697214.939913,4579898603.04355,2800236563.232045,5300460389.330613,6329840059.498476,4001660198.9966793,6986913579.552445,5448491202.546589,4673430716.798536
2015-10-30,117175440.6517518,85991532.04197168,90561899.0899983,125488436.6249794,78452771.65963705,52918661.5874118,158553513.200256,153444997.96219477,127227514.48695989,82469602.29685697,260866172.1270413,136029058.61969247,171112841.04565534,100103624.1476725,99300784.5285302,62996022.815447025,89295315.86911924,52840626.44767053,81102778.1367988,82707237.63177842,108196032.34886636,102495129.95807853,106051269.2019182,72496546.0254905,62979372.09373179,5160143492.274557,7807543216.112021,4781252484.235212,5319008890.07364,2750595915.588645,4304632475.351746,3038505986.757965,8325861405.492083,2258107462.093564,11231951290.16255,3703720716.1572437,5960934737.335738,5931480844.018463,3973202832.790858,6258764816.224919,6296007091.066576,4938669920.733497,4705463703.178621,2883893778.6346445,5878949758.548223,6751766981.031599,4207976348.5324807,7467477359.276991,6107644844.707303,4954952524.954977
2015-11-30,118108775.18298718,88146560.92338939,91388185.0405381,124034545.00705497,81543194.8580485,57018679.336427115,164359452.1816713,152288321.1958381,126630992.67836092,86454956.01600498,270348036.644382,135700028.69978806,176278298.70575273,98626087.6648289,98397307.44996408,67013800.40467044,92470943.78871615,54028499.12258685,83712714.51083672,79936895.80958365,117237723.58876613,102337073.60727672,105042394.12761664,73365808.7489762,62159354.430324614,5748160804.7349415,8199503701.935806,5162457941.647937,5506358505.906777,2873121874.291081,4614514589.26645,3066136415.2929215,8614238567.50527,2331821834.123612,12064595427.287045,3619129803.709837,6624709256.62696,6315301251.0365305,4203107320.240084,6404419890.538269,6341333540.33616,4990517673.8109865,5078966688.44704,3006740929.850295,6395118029.441042,6702981283.50459,4360974129.722139,7893183320.971363,6605845669.151216,5080048070.158671
2015-12-31,116885677.735155,87001901.2046485,82944359.04874353,113722533.00101541,83362914.93595952,57255289.48743576,171891613.75266153,151053063.51435262,119779699.81920217,85439644.18080848,243107621.24742717,134755743.64536053,168409635.20936152,96655859.24156524,91137738.79785237,64744339.96466256,92396150.96272416,54518580.31592284,89157088.89587289,78738505.30372708,119331661.83459201,99856716.82190385,101737934.23759095,72872683.29003644,59577342.41055012,6011203383.9723,7884544701.234233,5326206996.3506775,5484507989.291483,2728332875.913943,4377856406.132446,3026299099.9995923,9376130078.743195,2302702602.2698345,12041224233.822441,3594872465.9911275,6666791259.517652,6692508049.382057,4135035919.938766,6596250869.695717,6300062454.938102,4956235429.334116,4936531459.075287,2990188276.0333185,6319256970.832898,6936995738.310628,4247426468.3604493,8174367478.02283,6662806929.21115,5200818947.162298
2016-01-29,118162233.7805438,93797845.03747635,85222690.5461525,118741995.72644277,87174478.59263441,62126024.59485555,176975710.77190557,158593388.6245212,118167629.1085055,87143496.86682354,245812494.93194106,136507151.80058312,168731651.5209776,106499052.91643983,93475674.83235854,69446161.57297295,95779288.2693878,56819294.133530036,89729936.00051685,79232515.11967443,124235601.9173741,104104005.69227418,104817010.95009314,79673989.32858011,60091612.75012233,6598736145.371677,7871014297.231844,5403287924.436411,5729484197.898067,2996144581.993917,4507666232.388463,3242115528.327531,10079156780.688585,2408238200.4362707,12621757067.645872,3705438560.9111714,6991661075.659987,7249290187.692963,4294882909.6900506,7262381562.055885,6820939843.090741,5046192793.576503,5471533382.020165,3092085743.0817375,7164499443.262612,7364266109.436183,4426089175.588382,8311355360.582043,6955418755.399063,5535389137.645908
2016-02-29,119402319.56976931,100333810.81055374,91086858.4443619,116523462.64159748,90199756.54520383,63814494.23654905,193152208.96358106,156786872.40392074,123492402.8435493,89178193.88367088,277798675.16331077,144037710.59547183,176268761.29942152,110715665.772007,101096045.72171712,69466358.03411207,102896560.19487423,56551211.86807687,91914138.58196643,87219811.29689038,123442820.56507197,106977063.71904738,108108239.52425879,82530951.8291862,59867290.703492716,6463841262.232748,7979560312.502777,5454622630.475899,5095013913.803611,2796226855.079851,4297017974.100846,2982682959.016882,9153679498.349098,2317008328.0572777,12545383632.784967,3449894809.5809298,6884559763.3158655,7083165472.470124,4113112273.6595044,6342017658.537364,6787401584.65754,4695496249.2894745,5194130544.227519,3139600754.727716,7242022963.366856,7153265628.958879,4240125026.1465755,8141867728.683939,6693175515.147891,5035274014.433914
2016-03-31,119430183.05890843,100196183.88259687,85635008.90336935,122181481.93447642,84822766.63788995,66656514.77531576,186504903.260382,164439438.17093697,114549518.40801717,94329128.48519972,242410326.52567208,139182736.7012188,165407645.30966792,115794886.21683332,99917627.48317531,72390756.95545386,91163261.80440834,55407557.09110399,84675330.51544379,92158714.71816823,127446849.75378744,114096473.05196153,98355328.27684917,82383806.52316436,60516925.31451827,6831717206.8987255,8497495303.231764,5856044025.307182,5410147418.819873,3194714775.3243303,4098599453.9146595,3049014979.9860034,9753469040.367743,2564500816.6792474,13836621479.505741,3590151821.817473,7392612471.391283,7918616976.314287,4050464390.664073,6922194725.169128,7350922413.953097,5246376436.722352,5355061947.874865,3343550820.1214952,7517497401.683813,8050624341.543833,4493242515.034196,8928091885.646252,7073810270.020602,5631709383.969458
2016-04-29,114678514.09014478,95298138.74951863,81119698.3296393,126010524.22788571,75886492.048007,64844767.91748646,171336593.82347465,164464861.22100767,111030511.87783858,89536514.04987015,235644887.96960136,138276293.03207234,159025042.743629,116117918.94652587,94560235.33678304,69501678.612094,86275418.3907994,52286890.928930365,76839970.58795784,84305293.37431964,122143859.63529775,114395252.7647867,94304999.9077244,78992080.16864833,55515560.81063372,6611944675.345582,8189386985.414043,5845375611.285161,5151262700.386937,3274766795.9426084,4006425538.7700486,2974488728.3306003,10011080181.499798,2617660191.7349005,13699260928.811556,3643036256.7579265,7296276166.86249,7715730683.8904085,3985833911.380903,6660792167.463246,6880341213.176394,5200740002.880972,5276063138.412579,3287095397.9867086,7503858325.049668,7943082045.175728,4717080051.516723,9259731688.380157,6429138671.681192,6167938643.610439
2016-05-31,120495815.13176002,98030387.09994197,76688712.13827923,131669069.64859036,79941237.06963502,66299842.74823992,164595520.7552466,169745271.02300158,112814688.25332735,91340186.31811114,241519088.72130448,145970369.2576745,153329725.15775493,120104254.88401379,92224303.3564159,71582704.33830011,88390001.76585814,52422589.41131022,80781406.97027206,85766226.91270205,127656562.43788719,123224120.33827296,94924039.23111337,79783500.58221781,55570787.37657866,7207951406.143427,8506660024.198412,6072616050.443571,5071116863.550798,3409939410.6898828,3908809910.0010934,3178707024.356655,10534455740.364872,2887495166.8660946,14136611959.57739,3779176407.9490986,7574829909.715896,8315806506.994951,3967344243.557531,6689526708.725453,7132225529.361109,5705686321.360015,5392132233.781455,3476885602.0421896,7819111034.88645,8188170827.7133,4866048272.237434,10438343864.79182,6713621858.5998,6587576861.242414
2016-06-30,125900493.10476725,102211445.16616386,75679757.34003979,135752365.27980465,83044908.46085992,71178753.63763195,171547487.00474843,166493445.3222381,120832541.0191401,92403822.44587283,260073943.16325128,155001748.30384305,162735720.4546502,126209241.95781696,97164769.72315086,72247820.29255792,91353185.79706214,55467274.004756995,81652045.55603425,90713776.55539778,137901539.92599407,134101222.44019693,102036076.00884075,81286497.94134447,58274356.73731897,7060495046.409811,8414480836.385538,6534218673.251946,4979347968.743999,3493664368.7803974,3866098804.0418763,3130095489.4177756,10025207626.974064,2929062801.7829456,14492401154.185152,3995732461.0847874,7580809738.073062,8409918409.576209,4078988405.913081,6752555889.075869,7077228465.154174,5922268799.4389515,5436969528.151087,3388491630.471663,7238336714.661042,8337527760.758492,4679638908.947893,10905925184.084164,6639073604.5765915,6452059911.786676
2016-07-29,127762820.36999586,101906704.39715953,73037337.70018487,144452609.910737,84657444.86067599,75167931.93989249,164199429.62845826,176405223.63099512,110901333.4145944,94549675.72525392,251508929.8146996,145156821.44260383,153658242.8330759,127129977.6309027,99879283.30786958,76571925.78783216,81428463.39810726,59498416.22750191,80408276.09695922,97577844.7284202,128445778.78148772,137912036.5741104,100496271.5888409,85115019.83866434,57281721.3422901,7184053220.167603,8657547870.551195,7017353867.444402,4874019650.244684,3539298878.080469,3788658777.5463805,3189541449.8773737,10069676606.89722,3103782967.6915317,14163586134.669144,4011815073.6527557,7947165933.083763,9235345347.395176,4071399846.2410526,6988373830.349497,7256606067.642512,6394535219.467546,5163648792.967081,3610035858.121589,7157193156.406209,8351241164.225655,5055319033.772219,10889363556.689587,6883870316.180738,7044111612.125379
2016-08-31,120676479.30117859,102359294.19410802,72381160.39885095,139465048.8466168,87092972.53159225,73075547.14155349,167322778.6415719,159557567.85105896,116289655.75501728,92361525.47892405,262594475.67076182,132144978.60680582,155968720.246879,129744368.67784224,99498455.85115981,70703272.25791433,81510313.78280006,55932366.40325017,80325591.12158863,97187200.92452264,129381226.66403855,131560528.89760047,104103321.77756664,83733542.74736516,55489431.560927905,6892482440.111733,8549726656.276712,6647839082.495232,4789812275.294187,3496288030.670925,3456169663.064322,3061982906.3286505,9155062621.210453,2870446674.2318954,12658205240.851183,4010616910.4519,8026171557.894215,8077888638.2748785,3640179559.1153646,6393307438.9363,7274240657.157317,6114489205.398103,5337277132.940338,3560628252.991176,6888521263.554652,7783495355.194892,4852221531.9500885,9739031201.848038,6848109356.500556,6447246583.929848
2016-09-30,123915783.0770545,101972539.6874831,75210331.97508949,129728064.6410982,88829541.4523835,72732671.78913781,171730144.93991715,157416493.82605025,119920878.10952711,97213860.79318285,281392189.3725835,132905639.07472464,154508180.81513557,135949685.7873556,99555423.38318458,73827731.88704556,82751040.36985089,54490696.979287565,80678108.76702702,105317467.83235972,133395341.45793924,134680545.1849725,108416553.70629779,87260412.18817982,56428867.11151791,7211442853.688128,9532088182.24606,6820754963.594801,5030318342.186039,3812934203.685581,3546840430.35509,3099850404.0467854,9685492541.702608,2941592183.3238397,13647949428.945814,4195488156.4351845,8470018145.373623,8717904135.891417,4034669515.9057207,6615340837.859944,7400520134.151864,6216539671.274879,5852742134.409777,3589959933.6778755,7527436843.107064,8550312468.881097,5153409648.887537,10514412112.878784,7497885462.797151,7127420894.129268
2016-10-31,135388650.87548253,99503017.20785847,74599415.34822074,127282760.17312482,88685772.10890831,70412135.1966425,175572893.15848356,154625695.39748302,132745561.3967118,89002988.83719257,293644590.5604842,131097452.16377844,163147221.89977473,133930437.12595586,102404509.9951484,78429463.55924302,88658534.52967666,50602666.152341984,81768330.9375811,104446882.62961616,140463408.52353325,133040997.88449426,115955725.43638301,82222375.62901509,58837022.08742719,7064904971.899484,9800089319.0001,6712356569.287614,5655706597.188278,3786491463.0523396,3720409080.988918,3152018472.7753015,8988429931.297697,2980433756.3835397,14589524821.974655,4153566302.4942684,8420863354.893735,8396303193.9133835,4295922509.778553,6503297604.537012,7498023873.43632,5847300332.018248,6299594835.179311,3470269585.6588,7969993293.259045,8642685796.28516,5165921364.0615425,10573778790.362772,8044929763.656297,6544405218.940553
2016-11-30,152425816.9036478,107555860.80816172,82403114.83344552,141358147.8279923,101069361.55937281,81399391.99016331,201086804.43641317,165675181.8567687,150402465.5526122,99078370.05614385,317762926.6168855,143643868.52538523,189798889.0749528,145171216.31152752,115737828.24879558,80863592.54123634,99028835.30667403,53501367.83984022,86064747.77776302,119278898.52296525,159251129.8228863,149356609.50939834,128723805.86869006,91309160.4450696,64446456.97815718,7242260364.845448,10275694653.101145,7356808873.68168,5589095272.728809,4168034468.3899846,3990664578.452754,3470297949.110347,8831739386.083586,2969935660.4661927,14541341894.89042,4172192281.787833,8800184691.941391,8530447701.372319,4617249756.877367,6828610173.700181,7709578462.88225,5729008972.232069,6282421843.878248,3483677690.8958607,8545867628.015971,9232462793.227444,5134176362.41574,11697881110.482157,8698104228.666328,7029462364.596899
2016-12-30,138876108.1951319,95026648.64904071,73162409.5512247,119748826.34705693,87419188.10093535,70652455.64442818,187489838.60743806,142307870.0193012,126447108.14132637,83523751.06541942,296088922.61508757,118112484.25992748,170309634.67436135,121837577.36876118,101628380.26936777,62620308.51254589,87901319.41503601,48221792.06428101,76863736.6150872,98290204.06522255,133425452.61163631,132253652.65115821,116241683.46859482,77519736.20848154,57349055.58538636,6682962739.561394,9548681776.638334,6943708101.8353615,5197667576.380028,3513639133.5972733,4069406013.7647395,3164197463.031555,8310194368.359674,2673832065.5895615,12527216570.007664,3850246413.939129,7634849525.958616,7886052452.874604,3845580441.2796645,5900415359.434863,7017293675.290446,5291656199.904349,6002254458.973241,3185823629.4117403,7394176540.158186,8264513645.127554,4973450692.882702,10538154318.259104,8782987438.83102,6445411239.547865
2017-01-31,136431524.4032646,87683308.21734251,74212905.16394185,113943480.03202632,87422896.48869851,68868485.76677257,176278837.0207037,129724165.04167157,132112227.08015858,80355277.46033229,284912487.7593171,114067436.93341853,178868155.0364135,118846259.74820657,104089285.8488427,55295485.45047032,86292627.92761543,43565199.870111234,76658767.21389072,94814873.74332055,131065370.49824841,117747786.17132506,119645898.30905214,70215309.75120671,55093771.027421236,5779493209.535219,10180740796.118605,6276508435.205193,5159993084.17858,3315746052.623989,4068533508.4775805,2968721377.7504554,8355984044.095092,2220757626.422129,12437124607.128107,3761029155.1305695,7561286242.5105715,7237096035.753289,3475101865.7444324,5318539038.951412,6746782072.645962,5340372297.570452,6042800094.390427,3003603275.972079,6971616053.568615,7380462423.569467,4566150309.161248,9131699131.622723,8691296290.082499,5585935558.527575
2017-02-28,142630914.59116682,91286306.9925176,79762557.74142577,118300658.47408354,87739049.89178424,70245300.1094446,188432949.09515113,128037360.0785279,135146670.39297262,86778685.87504758,291015124.1065523,120335964.6346374,182781888.5531571,121974270.5314603,108467751.21067387,59030673.65322387,90615177.53295352,46826702.614678055,77790794.23693523,97853331.71407215,134949976.7050456,124401846.8987952,128729327.08560042,71663627.47243765,57363200.60867373,5822266047.803241,10611641860.695833,6360911118.783883,5427440464.757672,3555219035.898225,4016563126.9874864,2978461110.473357,8467957680.554257,2335966988.176089,12182998044.652779,3744039752.6169243,7942261472.249328,7717180620.869092,3647033650.7909694,5532364318.555171,7203064105.18401,5560386783.65919,6439730580.154973,2979809824.771503,7593443354.596575,7689251420.104228,4812344016.322416,10200078573.63722,9278572274.418282,5532591133.327876
2017-03-31,150219753.92609307,103995016.67906873,85979869.42980799,130599314.01847416,89258982.09822093,77343530.67808746,205397459.23425844,138589185.83673954,127180514.39528209,94868057.70131929,306358438.5018338,128296690.91774946,189855235.5186217,129863887.9126745,108790284.0474657,63257694.03216432,93583254.47388127,50160931.01126741,83657155.18766893,103775441.4593244,135718297.17562655,129342586.0370662,131961106.98502776,75095066.87705643,57652886.915991046,6843300291.335155,11792101748.113361,7377785647.717479,6160182336.0589695,4153921477.15095,4278276564.232138,3409006901.863886,9671738125.3253,2836942384.1327295,13093056791.104963,4360447974.164188,8584712593.445799,9003766595.992008,4059759896.5532913,6330265790.366271,8159726946.456531,6548839604.543574,6804840146.324787,3423736313.7782383,9055318183.1015,8645938225.70186,5377577230.657651,11767779652.39082,10939118819.211634,6662315619.376621
2017-04-28,178496858.96953103,108884149.168667,85253028.13372177,148737063.63993463,94300926.59903821,82556680.23117892,217773181.22839326,149970789.6674054,134272487.7198442,100538573.90727836,333046395.1055352,131991041.73322633,193515212.59573564,129113254.38301721,114027390.01772887,68806403.53387432,96990655.77195236,54575540.48353334,84574617.55733007,114780237.70860879,140491819.12664577,139612017.38182595,142527112.00919148,78163479.36159629,60895604.97754922,7192755324.179227,12982870262.068142,8145620417.937506,6776583413.571692,4462703342.810442,4362080009.010859,3715350681.8451405,11017181992.470373,3187057562.737022,13534329024.882265,4556715661.33917,9462636506.196213,9419097928.032248,4447207788.408222,6985810761.62273,9074875002.215149,6943695738.706674,7081411017.361071,3614641006.1212473,9717899935.707846,8908572396.397116,5894053886.77313,12918542732.601902,11760481705.235168,7101788071.982528
2017-05-31,174771252.32831818,109958919.45239516,85714274.15284577,151507127.89512983,96691465.84100595,82782798.01231357,220837915.4741066,158410193.49266505,136061175.92280963,105268062.4671848,330814347.1238202,134606971.7313183,196940322.62912726,135810739.90492305,108646342.18758255,71646195.98334084,96623454.03850609,54016495.99097576,84023927.6337907,120723360.34170564,139514644.65930402,135182579.19301972,148495425.86673978,82887163.90829504,60589954.987957284,6874160523.6938,12404432157.677614,7629380759.944844,6301059118.03515,4011457201.140676,4329715317.909011,3466239073.5281954,10149978947.702875,2977119282.017258,13003074634.52288,4391706113.375893,9021914649.650492,8767232759.483524,3767178984.2138968,6814386591.590799,9029289812.002829,6678439128.780943,6656650121.908072,3559248737.910239,9239633291.468216,9083020641.756826,5568238702.309047,12267589037.786179,11619611939.7812,6594301034.925153
2017-06-30,158707095.47110602,95977213.32691538,76366757.01266375,129192584.80083624,88864240.79693796,78426120.57551141,196084880.09915218,142955991.17362848,130250978.28761275,93992333.57604936,313287362.6017245,128819137.46553324,177431633.1469922,126954338.73729199,101514399.06884935,64641003.48887484,82277806.28433144,51813789.66979599,73964355.9116239,110421842.42328887,130435681.35165979,124657323.10164481,126845582.41041096,78875898.42551343,55563963.1770179,6254488081.738913,11535614578.137743,7164830464.934041,5917794348.540146,3797954485.120279,3805268306.787381,3063935725.8824797,9497263008.056616,2784111698.2021093,12458277411.3426,4092149607.6259794,8848683919.479734,7787571729.5502825,3422283050.1285806,6516980412.496465,7855271246.578208,6401821006.427172,6188523669.5224905,3144093446.816714,8509062402.205111,8707849287.610712,5137698867.539368,11305188563.703178,10832551731.90207,6038575874.038122
2017-07-31,149072466.22815228,98061906.03407244,76417242.16907002,132676620.43684193,93919350.62087297,77040848.36329858,216450868.03143415,147991879.3919358,113926664.71593003,96390212.13217764,297337525.3874943,133960695.9233506,173821230.78945416,129883489.97139305,96556310.04414566,69696671.49159694,76277543.71809417,51317139.803143166,75883548.43805616,123751013.30414608,131965269.68574393,135089136.19306374,126382933.87527034,84048804.27153312,61307604.328487426,6173033973.365916,12521402148.738443,7857967851.356003,6497419692.12008,4027967363.526672,3871480219.058289,3184944265.4993954,10436143181.257557,3024647113.8279796,12576254128.978806,4345411620.009322,10063942346.912348,8084441339.685298,3532517601.6567974,6788291792.749497,8284051773.592825,6706335837.513213,6282475052.2962885,3366003316.848444,8787039239.14897,9296786591.700014,5444407958.968566,12843661476.842003,11358712782.451502,6676643452.02321
2017-08-31,158515762.51537335,96078340.37432094,79824720.9110552,126098517.46153457,92774682.40042362,79371989.62147729,222639200.12733826,142379345.14619777,122682880.43652914,102999291.1418962,301934269.0065841,135748006.68325433,189118505.44438845,125021188.0465071,99017377.290483,64786984.28104051,76478768.84441134,53085261.7980774,75736864.87329283,131143092.53092131,132513230.15184297,140125220.9909356,133482884.03799587,78488443.46111515,62601517.64852477,6084149386.826273,11403954759.494362,8073402518.84627,6599354485.647586,3971417660.735008,3853553665.133558,3176040080.6790895,10494056817.048069,2897026800.722226,12640164910.260561,4288628498.9210463,9981331352.068182,7834077957.988719,3463891124.8655624,7268090884.006394,8595882078.388708,6540918644.275973,6534802987.273151,3398550543.7340813,8821076862.711056,9293199637.600927,5433233005.687631,13381473200.836857,11770254289.965368,6663265616.145362
2017-09-29,161684046.05582556,96210254.13260475,82241573.33741151,130929644.39674975,93228280.95378642,82982698.03457038,233695670.74883345,155073997.813321,124798745.31262532,102086628.3347097,326660933.2629448,139163494.99884427,187069110.90614486,128867625.01604542,100542859.63499622,68385356.7390604,78071503.67195863,56531867.206192985,80882453.04103021,131811707.04122087,133454645.01258484,137855652.40196937,137713201.35575867,83275730.29232931,65776262.45615671,6167184101.55674,11375176394.003561,7966023410.74071,7464092791.9391,4262368893.4745317,4194312408.0687847,3223044341.4997883,11142480594.017498,3049465944.3579464,13419609923.844866,4417680788.031212,9906042771.092026,8122629193.992431,3799145766.6588535,7359907547.089417,9436396814.871326,6728564234.412993,6619243236.568215,3506034869.647715,9621240916.086014,10105462709.470947,5933854649.243941,13985102544.0159,12678330411.958693,6636335445.181887
2017-10-31,167088751.73253566,100115426.09805976,84981872.95919561,141506503.5583367,96443453.86355822,86487958.14677559,240413890.4492432,168993270.32599488,138099356.68711376,106273868.32639219,353948544.04819435,144892401.51804262,193258214.1642236,130233171.91105397,106024266.98672584,72611507.03945927,78701879.78225853,61078313.05115266,85537599.72302875,125316330.75162989,136514290.37019905,139561933.23955947,140021873.3067553,87210769.41589084,67914193.90607221,6386074095.586094,11113500473.408646,8737612837.738754,7578695574.573553,4497194699.8394785,4352607944.127284,3309567685.533031,11551754562.512672,3170760169.8444824,13754826657.274443,4817563679.085425,10550967060.878323,8209126233.992618,3845440956.936873,7855490146.333991,9906711376.792452,6587259834.507468,6278577578.359548,3655015254.712486,9507262343.277195,9991986537.436872,6049204830.611759,14333328406.670277,14126937390.566343,6608130692.278963
2017-11-30,167516104.08714682,95590655.81038158,91278262.8791034,146613441.19062003,106163713.67294833,91398785.85543396,232641867.69442457,171243583.95863453,133569961.67530617,106382436.6984026,370729500.65277237,145836927.6861382,202877108.81829926,131396018.88581496,107145929.16677956,73195137.62914856,76360273.90761945,60553113.864102975,88530774.44520997,128371121.06893487,135873582.1875686,144765959.02407718,146086881.03548938,91034155.53844306,74071301.01027478,6406600481.40572,11048434162.906208,8564569199.760005,7522375740.25052,4311439655.776206,4349883218.113984,3250042376.515407,11432404672.250612,3198905828.4296618,14116865583.949938,4839687666.724935,11262589969.648684,8252326509.141059,3939937407.011719,8134397870.603184,9400222005.402712,6614791288.176229,6334520302.472789,3616531256.604191,10032039657.708838,10425945763.5162,5840837395.047261,14750598722.436193,14629458188.010265,6595349567.038676
2017-12-29,191928995.7551241,106190344.53739676,102997881.93527746,167689528.17921865,124470116.45810623,102638992.70192032,269999677.1138898,194745441.07346135,152176813.7013916,118350560.41588502,410375919.4690008,162281245.24368256,229013274.856981,146762604.75206396,119159302.1565772,87147004.53788888,83657242.63879164,65057728.944957115,101303205.79984431,143330891.90551978,158473792.3596603,166261218.03025055,164849943.59164122,102756296.06604499,88100675.5247968,7248361691.211111,12600380162.68853,9683802204.565283,8225737050.620669,4929161837.94899,5036289200.0255575,3889038499.9230795,13798778553.271944,3805709392.402656,16463949259.102592,5365939769.305124,13379439340.549435,9223496575.916807,4626179239.828073,9989643153.800465,11170717867.241627,7463035132.058006,7230984970.383403,4308000903.541082,11994217821.96197,11603001847.98977,6502238806.879097,17634305545.64789,17651351382.603134,7531125197.575512
2018-01-31,196944403.1058934,110160833.55109803,106264910.35665917,166862530.70992938,125280929.147752,103847970.54634112,284614249.56658745,179085953.13656226,161960677.84384722,122789269.60949162,440647814.7502378,174606531.31494215,224559757.72460476,149041754.31250942,131112313.56782566,92961705.21893224,87241401.1559486,65779529.91544338,106559793.40437356,143590796.9583832,166391705.9647555,157483254.57019955,173459302.79070726,105556098.76927984,97758102.88400598,7261373585.084557,12914692929.6015,9382174715.05319,8148858126.130621,4773763509.042952,5412901350.090119,3842719718.964909,13277131933.70591,3725806135.1359005,15730478905.494762,5110162636.56972,13489664099.386717,9383997207.317429,5023881795.344615,10136983235.522896,11291472701.54787,7038341033.617592,7280651058.562997,4091186946.648298,11873788263.167414,10966953639.419806,6399188013.663077,18208766966.289684,18656700802.57471,7347614216.0394335
2018-02-28,196355986.6278421,103502468.19197534,105474464.01125541,174008618.43060026,124494047.53359926,104270446.19420016,298275240.0317981,183114810.5912641,157755268.72273675,120340954.66872916,436384404.7484762,176389570.4985286,227524231.9285298,157303196.5436,122469275.42868175,98790746.89018852,90325242.06157388,68919412.51431087,107648859.05009131,139446389.14581394,162604636.82637373,162621825.88333482,162846581.7402481,108935757.69348553,95933941.01551434,7357905068.118116,13546200800.435202,9808707746.487268,8557428185.167633,5002746051.701629,5519912642.540789,3787361192.773387,13481649622.660868,4045295357.1734614,16401403806.656364,5160796377.144789,14390397414.227634,9536739239.124716,5029569615.50602,10138494158.227331,11840245932.778322,7202898673.736185,7488231446.74794,4059550985.4816647,11514043713.838638,11334513686.9352,6740582954.349696,19439641683.988358,19583673137.174046,7550051906.199469
2018-03-30,193828219.4174899,99832823.2870323,106482924.17263032,176011080.70029905,123463309.53086971,106276063.52701196,298344419.32053137,183503068.9132337,149330107.07879904,118435527.09933518,429247036.63200426,186641112.84738785,211651218.94649038,149477621.16258878,119814893.91937217,104843720.16033188,87017724.45406798,64894260.84864815,108179824.74671407,137896867.8378955,162000690.79506817,160306010.54095832,156708038.31425568,110818728.87198608,95495150.98660864,7461123979.504848,14576117420.426397,9807018565.765451,9099179872.155573,5340529434.585915,5907523081.655333,4102133553.646134,13941504377.389477,4077555880.0127273,17568799831.097885,5630183763.820753,14212487657.825521,10000148110.87725,5302705414.481839,9418192813.783989,11811623425.82959,7585171931.080434,8106936720.3168745,4428659591.968287,11989643736.795471,11542169115.463774,7098015170.9335985,20202911895.100628,20342712626.52709,7833999873.55149
2018-04-30,188461257.5652279,88807789.1044012,106449877.70324159,168273670.38772142,118602594.18572769,103519290.9358035,289432773.4397733,178728605.84457564,143940122.16132328,111191827.40200262,421141157.5648783,180147477.9568236,203923205.75083435,143515035.6605999,120680907.82716888,100243371.22834101,84341063.85348155,58846316.38589523,105257560.12250459,137763200.39647007,172864456.70828792,142460661.3887892,155055245.8560001,101009871.99308854,94457515.68295427,7022489327.352323,14472323048.35229,10263107405.400627,9669684874.75273,5346833339.389946,6136087523.233019,4329660669.21189,14511868229.530941,4065120800.451017,17669930818.614502,6047005646.286727,14820231713.618702,9578228336.062057,5254314563.119603,8998679502.669952,11859665794.04521,7252859730.384868,8413514012.554488,4371939702.210783,12127223313.850466,11363607187.134855,7344396025.923903,19304110818.42091,20661656377.0646,7153859537.384774
2018-05-31,201604667.97543448,96673527.16333672,111320559.33153263,174913775.98434564,130999581.52362119,106229256.42418557,316373520.8880118,183223589.65360582,152813553.3981395,108347647.62367885,437651774.93528783,186473097.57113367,216759314.37439114,148265231.73588145,126424665.29093726,104362223.95267797,87228689.1419484,56366620.285020605,109450858.04717116,138665252.6622255,191718801.5035136,149377097.8744006,167752383.59635422,101668121.41890769,98988323.79562007,7465832054.213943,15313545530.093967,10494816775.905592,10483109179.130333,5563896284.39633,6847249267.598675,4656380124.108703,15067514435.952297,4055190887.6162796,18611435779.436565,6520176764.151978,15541194005.130428,10037431031.508116,5827420839.666559,9750853766.24392,12695009648.601479,8089467863.960105,9033616666.515646,4822673202.111669,12651753197.810637,11727288778.616034,8012425111.377201,20489045568.2133,21361696542.076164,7380954292.893801
2018-06-29,211102426.8846908,95603499.0170721,105157389.95161481,169314634.16916412,131575093.37142974,99254945.23834084,322787702.38473475,174240593.3119884,148082618.95675015,106505382.1394839,452642680.1880948,174545166.67302722,196846897.51040018,138423264.83861378,127955855.50910382,100760878.40100497,95895453.79311538,55045338.10608826,110569367.0008383,134727562.33497244,195539966.03882122,155525058.92647976,169860771.0446238,99730529.79569964,101461713.09604558,7190358876.531763,15005886686.220219,10171116484.961134,10282233792.924662,5361857555.898664,6913282365.226547,4590187903.582904,15519887194.31933,3874987863.752977,19153169914.103672,6051669347.295577,15354720336.443142,9210804007.323128,5827426071.57992,9460626130.46935,13231414773.726791,7455883088.204521,8608232895.186728,4889301816.814842,11528052810.348986,11706172703.849932,8073370380.734748,20754394167.42176,21140456497.413116,6887658626.854238
2018-07-31,220362746.21993253,96293451.44065645,100418467.53794882,176938577.27073625,131016509.80291578,104120834.79827784,322118150.99593073,171671274.56353596,152495111.07742307,110171968.0267765,434221825.5569379,177613971.99714687,195734929.70657948,140990148.29123798,121180573.87188236,94792284.44074059,97409480.24519442,52824544.77218781,112867605.11248367,136804855.5083531,201645347.75224665,159718952.67026287,172055511.30086645,103217365.11321121,98696036.0578487,7409496885.237003,14940324515.261116,10239624807.203457,10084472420.211006,5889927721.308653,6886322365.868976,4788103038.984315,15921678294.908823,4128757853.1989994,19381402928.720966,6099391325.65508,16522476830.47944,9850644231.944307,5966284670.805738,9619826735.905922,13913970119.238138,7534850707.453035,8718044169.068087,5178269916.341204,11820599953.225235,12091210959.565483,8137049976.426256,24114111501.926777,23065391585.24176,7127414848.056142
2018-08-31,233090904.76677734,99438327.18553656,103555652.2670721,180501326.70179325,140372385.3197253,104945229.71611962,339946438.7614225,183876081.64800704,151340940.98468268,119445117.84040493,458025528.1549193,178013935.55669218,205719538.82003382,145145823.3993838,117964097.35541835,100564873.05395676,97243787.48682629,56654343.36277207,117454970.66525003,138166823.1226298,215169091.36380577,166712343.8049258,183858644.38849247,104570867.43630125,104526925.63226059,7002073099.285003,15037388985.258701,10095493473.044813,9936994179.037931,5712688283.8452835,6560143865.982905,4906788106.700287,16428165733.882534,4177282136.575761,19040195237.799026,5896706460.105394,17239442859.612896,9778956295.511011,5905882608.97896,9289313546.890854,13845066950.479467,7729543965.223843,8496930934.357668,5014633141.509239,11250216981.512114,11592400321.326965,8271056568.448042,25242343930.277504,23556925871.701378,7537283170.089815
2018-09-28,241042371.57293454,111160608.60261412,101449180.899113,208076924.43209937,139378807.16836107,111148351.17041115,380690205.68125993,210525541.57161072,163684813.7914456,128513575.53628445,462862541.9939904,208866886.21371427,213812320.53160065,157713326.57565945,126194545.25295685,118621715.5414198,94465398.1253837,64142149.588805035,129669142.66304795,151678520.253166,213788379.19823563,181666637.58091697,191710278.79754066,114964890.55803496,108669036.7396066,7724314955.048659,14988910713.230375,10072581759.634232,9869058811.188662,6313883884.871604,6639341485.486068,5076191300.529792,18307532310.508938,4616189250.246745,20208640575.749752,6103983502.128318,17884781839.912975,10853799773.852121,5986833528.083247,9655810253.774746,14204493748.74373,8246646038.161304,8297017960.288705,5499359786.381288,11142827963.03172,12334409864.585476,9060828633.760273,27172879051.524803,24293336993.23832,8305512533.014747
2018-10-31,261711912.35163122,114241766.31270732,103896463.84729937,217295362.58921883,140165202.60383675,112903685.03013398,392154542.86510783,227125899.49142376,158410357.90593016,126825823.4055583,465276357.8042523,217291005.6033444,222093519.82478544,164883072.0250026,128476206.14268705,126400026.10872333,92769196.57237928,66079773.35205167,132271544.21382838,166774941.64974198,219179759.10492173,193150901.378756,198616413.37274265,116610695.83051766,107456720.61014643,8126180385.788026,16413703958.67488,10643396922.813396,10364611561.396837,6684166415.663919,6757124099.431289,5163376217.513234,19979985441.977673,4785541357.6742115,21839072507.32676,5927349876.286106,18506048681.76917,11899748006.129467,6452721508.112569,10094076326.182701,14809678992.26548,8411986158.671847,9009559126.467749,5706495107.925988,11849834951.021679,14104462762.349342,9567491911.603603,28312502495.444378,26890133132.52124,8705112877.798748
2018-11-30,262562138.81435025,112728355.95185553,100625780.26569374,213089493.5296326,131825772.0227567,108799584.1701573,394165608.8663106,219339648.13447666,154829478.14493698,119389953.85832882,411095414.8679246,214003157.18400526,235327201.39250964,169021652.87999275,120617258.90347438,113799708.02189453,88692974.54036124,69552617.08408453,122133879.1005763,164390564.58557886,207531175.23955306,186393104.2979727,194088020.9816368,114431660.61647327,101674041.98105264,7637733144.571972,15662524627.158276,9898518475.057798,9263626771.765907,6306183283.043874,6079116375.916212,4929675354.711582,19009794420.223637,4273106335.430782,22276958504.561455,5682543200.69674,17499258405.506935,10980614402.07817,6060213339.601678,9289685249.91817,14793013667.368061,8115830600.570698,8033014070.955638,5180575200.910478,10865358476.285824,12566962009.887344,9172431965.275887,26081757147.02585,26669161818.360287,8407465296.673606
2018-12-31,245702026.11493966,116620120.547389,101988684.67267536,203072668.58787042,122429300.3879568,102243862.34000877,387198465.461982,209477802.80444238,150170360.02429873,118336502.2866617,399040522.9757571,213355461.7561842,238084377.48495838,168319171.75064713,115914890.0499776,104575813.91300721,82948009.79842973,68321618.47920541,115097571.31178503,159720333.53776553,193803882.91776735,185200245.25243774,183818533.3561811,120061399.17183763,96982485.59740543,7116459771.020898,15016604375.902433,8598012762.920025,8444735145.608143,5808341386.282229,6160070852.823252,4378570924.968068,17776526058.030186,3731308868.7337523,20127508093.48935,5188562509.258576,15654018021.65261,10801724595.443342,5494634483.031337,9063174212.996702,13572031617.788418,7280089857.903387,7010762368.545704,4620426318.383543,9568218120.155424,11716683667.79372,8247106927.95146,24711951444.94233,24729672616.92235,8115573432.685884
2019-01-31,281642013.9954261,119389064.5408098,104968542.6579897,212122344.4989481,132188034.85483085,101584103.32037547,439534047.59941506,210597814.2570251,164421528.1315938,122820693.72353718,435106917.32732344,231498744.70131198,260191692.3023333,173878919.1508029,128721199.12195261,106210404.35534355,88785153.37728655,68961756.90271634,124811675.04120481,164366440.05568796,228235564.24873126,188675476.0802197,199004037.3861316,120481786.04625629,113682609.97531681,7048908440.09465,17034047249.37259,8777087316.38388,8951754698.016575,6321680431.652888,6435355544.294809,4845458869.987833,19660238923.24798,3747766411.7928553,22728412605.131023,5727056654.633161,17551129983.96861,11473644858.8871,6418447953.300336,9488215024.502853,15778169695.04337,7637950592.701994,7407344421.7052765,4750488840.940886,10158167448.781872,11535171640.65407,9225301294.440018,25147422974.344074,29175482566.300644,8383385000.062835
2019-02-28,267670480.43525583,112823661.23319477,95592849.27818973,191601915.87076688,130729985.73712099,97625510.72786936,427484880.67845505,201323411.30729127,165544531.3941472,121893540.11966877,437383425.2479935,247458607.7943856,277206253.09509915,180922584.726717,127958016.52007239,110318905.6395703,83697010.11938472,66770635.92097318,118063203.31805001,161555073.95139402,226177690.45488036,189503972.93985736,199099279.34527653,120161204.96428652,113922634.24097505,7148252258.388254,15388976803.238476,8856622268.469948,9123186564.949282,6346106831.86357,6230525494.580276,4650741197.200196,19728002904.05028,3618804524.2210455,21628687016.094425,5743398911.113197,16833797545.64002,11272170189.341934,6434581357.836788,9183232204.238367,15547146003.962902,7906311008.830047,6986788354.493582,4668751065.633099,10037500352.978882,10810588016.065681,9278105107.742704,24814505649.65384,28890727533.717205,8058145391.154889
2019-03-29,218725219.46653473,97728853.02967234,82949642.12826757,165277108.88362178,118716859.71509497,88055785.2575684,372592104.90300775,182813961.93727207,141710288.06565714,108166173.9487459,402984970.4486525,219728862.72389296,235623499.10555914,154948454.47533303,115729406.19911952,101620463.1995864,68878584.9671658,64477313.99669628,99411492.58340232,134876307.45991105,207355917.13054147,159666052.9840166,163235442.90247062,109276458.85035838,100087325.76654705,6915863665.2686825,14427797411.001997,9047419588.830612,8312412923.847287,6072848019.422252,5978264534.340435,4536072446.803478,18073837530.06052,3419161772.077873,22169556342.043617,5647215168.222785,15305114080.787743,10790305032.776838,5753956185.173307,8996004059.372707,13822219430.240376,7864980388.840412,6567826849.853218,4408516427.830809,9401983178.929966,10327477424.751007,8846854673.255175,23868426754.69855,27017060468.296432,7972589725.156648
2019-04-30,219711267.41419896,98199262.76161632,82356877.40012589,156410501.46143562,118758833.21289195,85298209.26280779,356507612.20711964,171242748.650395,135041934.08253708,110390249.54666214,369837041.8410987,206814834.18446377,232799481.1991919,146481552.08298618,110144476.16026647,98835308.97896153,68403521.25540322,63546440.86364246,96172736.48119515,128140251.42834663,203582287.69850835,153146960.09054035,161511035.13710406,102629672.22873694,100331358.7720832,6663583644.962624,13831840831.949892,8468769705.591055,7698679500.710339,6337788850.505084,6288401265.032238,4184015723.8239245,17887237778.053226,3130723483.0296445,22959769078.918266,5105954212.553728,15451685057.27708,10368304849.505531,5658671190.60909,8416205407.497602,14043200704.248646,7668984253.931291,6141126698.51236,4031238690.9290714,9546619606.010601,10306448753.691608,8374626179.840643,23509713810.763096,26853034523.41437,7266713999.782492
2019-05-31,238331610.5008461,104958426.28275575,91153451.44277546,160885969.41527116,125270601.53403984,91609084.6467484,415235640.67151535,194827895.01677907,144838296.70522186,124889085.96415268,409992411.0203817,225112126.85781783,238190381.1249763,154845827.86211404,116105025.26260698,108443476.1833273,69313461.63976176,63017503.401668236,104013336.84828284,136985869.91934842,241170855.82543802,161977744.63890246,174972155.72185275,109157869.53907557,110209139.85795578,6729709629.117182,15192457772.281313,8540847619.452299,8540549742.448558,7175198680.127753,6902206838.245163,4515716457.529431,19777478518.308376,3424898192.0092845,25593327312.906998,5399795009.939608,16957404127.435856,11595648836.948568,6476871727.505461,9552592484.886131,14330626544.16669,8007436856.719818,6571805691.7969885,4335040641.451163,10464409739.030724,11560723706.709341,9215242260.620056,25958360873.787148,29588962314.30274,7940820618.952875
2019-06-28,229083945.88928792,95918303.97372244,83321414.2909895,161125932.46149608,116149357.43148841,80963997.66730885,372625223.2471261,185912123.50920236,141363078.0978032,111639469.69485486,380139791.10704064,211419380.1381648,227447870.73562813,136250923.401996,110885108.1378228,94522329.09476815,59550728.3044909,54524315.11593092,93699891.24029838,128501723.50025366,208113246.2204527,147251833.7089617,161328033.59771535,98602491.97018096,99185269.27191229,6446898412.669935,14555664214.823603,7799710268.039711,8402745210.713472,6577231846.299433,6820451232.031149,4195126481.026713,17654779923.687397,3068914479.838072,22515344325.63335,4732693561.240975,15331318231.77688,10127416105.025724,5894757825.53169,8167888719.420036,13255999524.615225,7123183932.39953,6044837779.328654,3747620694.2009454,8797862826.819912,10633449885.81483,9034075734.12587,21939002098.619923,27943545647.828472,7051470604.045219
2019-07-31,215083092.53436595,95727726.50674494,82512446.16212001,144665824.45328242,114133121.64836085,78408679.81900656,373206805.4997299,173547970.82727227,131238791.71049681,111005825.36695096,368638083.8514203,203124789.00103,219998178.54126424,131968804.79464662,111622428.75941841,87168556.26487751,59993789.353764415,49866474.15310578,87222502.0338509,127542771.31771344,198168512.2529275,131883831.93035635,157926548.64585146,89125075.32669036,97482948.11466871,6264273607.656933,14397919212.215132,8039227298.451674,8440722894.617989,6504340779.767931,6737703961.458187,3985293144.534917,17124590002.01613,2969185001.5143285,22392404600.936996,4305936695.38996,14624283278.516249,9779463249.517532,5705652920.050081,8028782025.298429,13934897703.55395,7095602701.5227785,5985339085.050344,3684011286.754242,8269723844.447415,10234192482.444529,8823056931.810738,22090348973.995052,27278752434.2825,6340609676.112924
2019-08-30,203923893.02530786,98520086.93205793,79401869.07961504,144491704.31917548,114518074.03092982,78393081.32288322,390414418.91863364,163809662.47643757,126645897.03111029,111234938.87414321,367490267.2704509,198357627.81400815,220379383.78355366,120348296.6292919,110295333.59047624,87815043.33056393,63917320.150290065,48445067.30460346,88098762.41234966,129525617.87224925,194177863.89091128,130273247.77898283,160140912.0934278,81801740.46745159,99869671.90303609,6083572794.404669,14285223298.295122,7790753254.859074,8293101567.347852,6381197658.985128,6685133241.768935,3818747003.072921,16046611747.069714,2853036000.997049,21524980678.484398,4317474942.098597,14303208635.157837,9183500151.094526,5524460439.147917,7459929930.984375,14549815886.079414,7165167354.064495,5960509550.306533,3507660112.669843,7817693942.369714,10208442075.151869,9388226777.729996,22608657848.245144,27894418739.0125,6472066901.022808
2019-09-30,204542022.86617547,99587595.37669232,75922413.71756227,157023012.37129977,114405205.23461367,78677862.40543184,365514753.2005163,164459489.35004872,114466615.66537851,113126084.35394539,353323974.37271124,196664953.2366499,216730786.64687878,128448998.16080493,111401056.15878704,88392251.41164789,63137657.56414391,47260498.30658046,85435506.88061193,131038750.5793796,181690140.25070718,133854877.86432457,147276282.65468493,81786254.13036148,104527566.50919978,5629522064.610708,13133541771.539894,7408508923.657821,7293376179.490742,5916207624.255606,6154125788.592346,3638881722.9748387,13183491358.89707,2951676442.256175,19944011966.37956,4182719026.5245132,12732067278.121264,8891878338.990742,4799476634.833867,7065771640.193714,14082961608.651531,6844918113.489994,5359221373.991589,3142391063.397845,7049996059.526238,9611828792.44727,8158174117.3256235,21688218319.236427,24111854095.881416,5948894122.310019
2019-10-31,178820840.7553741,90388732.77756608,72273924.47452626,150439501.10499862,102305416.29849276,72094264.9215991,347628028.11088455,159920544.0154239,113481485.09380691,103033236.53985007,316669627.06096226,178282562.1026657,202434844.4699611,115715516.25761746,101602120.86074871,77047328.01344003,60349781.81253026,43634126.50767133,76444933.94385743,120457454.48372266,173207284.16687694,117421352.78642446,134543060.89367458,74983813.54777251,97079614.80575348,5410297663.678562,12858500636.551006,7433882076.5612545,6869916330.874175,5270850184.675684,6130835099.269333,3643367178.501235,12376382838.033796,2633792261.088199,18991280548.89336,3780954236.1541495,12126564112.925304,8634283950.231709,4589835604.8679,6932588158.570401,13678726404.309353,6666816828.521494,5151842599.487367,2877848276.7129226,6249489386.280816,9243026736.665121,7507807106.090152,20107841772.967262,22891337590.08064,5211543965.94149
2019-11-29,152441406.06923923,78800271.30974492,68336758.14984988,137181149.06891137,92856504.40507536,64834683.66090858,311920309.00526804,143526874.0948186,98348946.09711884,101139367.69265139,292827402.63274616,164649126.6535322,176834079.22897324,103572181.45574737,99811805.03810596,72758218.07905097,56982091.87847338,39563557.29241866,69062820.95664804,108172608.78738841,157533681.16304743,113938238.009726,118936565.25513908,70877450.81431304,86007878.18132219,5238910860.876238,11996600271.313383,6955636317.530813,6331779908.9045925,5291497527.547494,5580908096.437975,3545776884.050852,11377022216.523289,2426318594.867757,17572847464.326008,3733407419.285317,11202937807.984528,8252593406.444688,4199436725.6576138,6620838864.207799,13175819003.88362,6822160657.34166,4769870328.530961,2711507496.2930202,5414356500.498837,9002758159.579092,6802627869.704901,18352799620.730434,21101057675.38672,4836748971.541864
2019-12-31,138988362.87202257,71785034.93335986,64130192.50756279,131629224.45957637,89116158.08092722,62556233.34254,303274611.48716253,142637459.62085024,88445751.55761407,103120266.2981252,292615965.54801714,154902791.43083704,169269970.63805026,103378633.82663672,90495869.88339463,75273967.41833128,60005830.0551632,37457363.4572659,68706445.6788301,102709417.50947435,157734252.30584043,113026585.09337166,112042168.48922756,66367555.71527858,86993941.00320129,5398926865.294671,12923533768.463417,7067205969.843486,6228358010.265251,5327521823.642989,5608919565.549513,3755073421.677909,12236264088.794016,2374314759.781835,19254722490.917477,3888370769.6415296,10784919326.466782,8305044933.30972,4351041172.120826,6747967599.050553,12965029649.948431,6901814130.253861,5128392336.555644,2820856609.0528545,5266780290.615614,8783527080.864592,6971711521.314351,18449694753.65521,21940741061.850662,4725780405.186083
2020-01-31,124082589.03752643,71097499.16498648,64732247.30537648,134842515.2803703,88895530.31642483,67406791.91703331,298708313.82850415,139738029.00414708,85076924.10300665,97744186.66526699,277281764.59392214,144861025.76194698,167732728.17519102,97625694.20642576,94544965.30102707,75146028.91958131,57501467.46674262,40252881.89655622,68277454.31688197,100359219.23236577,161690093.8617552,108681784.49495295,102560872.5243239,65183827.40124634,88007242.12203842,5470725379.807593,12574984247.7187,6889680268.340152,6166071786.03727,5413957999.756935,5735383348.223343,3879775818.8443546,11499636420.390985,2428058939.8797684,18476559199.477016,3790830445.438491,10527121330.114876,8632481997.58907,4308694972.594283,6756082481.607558,13190646608.277948,7001691927.077662,4941770679.274447,2841996750.7183375,5145682490.513255,8590308735.980608,7130136527.4967165,18497004039.072166,20161327823.794437,4986561872.084331
2020-02-28,118443162.86049984,68701698.57596454,60859693.25379244,129108952.95390601,85271222.61052251,64319019.35180093,280221064.85857147,139613165.8284489,83998539.02192567,101622160.14673273,278731174.99297106,143387041.1469542,160123365.84238255,104167448.20096976,90413184.5377838,72659175.44214277,57104277.481152214,41803177.6660998,71856218.8210652,98894788.22505313,162122739.1388611,103412869.39931089,105903025.44377467,66836294.52615534,92284985.03771932,4969446457.881068,12937462668.018211,6582671334.914811,6201900752.510424,5383108330.249072,5817949194.966018,3913242492.835389,11282592819.64926,2234938821.4201846,17354033825.9578,3706729994.928084,10646626657.271132,8090769226.054495,4063808042.058794,6033641878.08042,12893154570.363012,6789461409.191734,4640040798.60034,2577769995.273654,5028234790.817632,8097001372.014086,6690662024.182549,17812285340.146954,19670294259.158085,4581468350.472023
2020-03-31,96784035.69759582,64787344.93764162,54375242.01340973,111654423.45323409,73161162.66704622,57373097.1194959,251464821.18345994,122925770.28777266,78797221.87200136,89478109.53744061,243450304.30848393,129680047.64774075,147611290.72533342,92774025.68886568,84340778.72577374,67143347.82012244,50439544.6422959,40043058.99905309,61468465.14660112,82199176.06589529,150175934.90318584,86850237.25038408,97018626.10508971,59512871.18525919,85532631.5328939,4439797483.513218,11812753032.10044,6252156471.463338,6205974803.876168,4943091653.426874,5397242904.394967,3775888753.1592517,10900425345.080338,2130875680.9803247,17276987837.49747,3505082168.1941843,9818126324.555002,7054417006.331984,3677089855.886664,5344041911.35281,12759250525.372255,6607505688.040648,4510641087.3044815,2515742150.925682,4637184861.9922695,7850261783.757965,6421139630.424109,15431317942.679394,18980877214.12862,4641604056.270515
2020-04-30,101039428.27828585,67686913.4077455,53377431.73513115,121443188.06066328,74099308.05446622,59212590.00595265,276192537.77714026,135140597.74824968,79407448.90066311,92034139.64462198,258511228.65925533,141225961.8358922,161196124.6169905,96311401.69502465,86484515.49786918,71410961.07586138,51423457.63951839,44231601.72859271,60053665.25496453,88037654.9813438,153316199.1723885,91367543.71439743,96368342.03893366,64288033.80014294,83718435.76128699,4643748890.146318,12523343691.496616,6725913991.754389,6582054061.406774,5292981430.998301,5510954603.384891,3744806635.3000774,11900478512.485483,2219672735.7108603,17859955129.912987,3660949609.87329,10156244713.064758,7770251128.438436,3870683232.4373927,5882156449.170647,14243418558.174486,7432490366.290723,4616843833.683513,2801125173.0593286,4908516351.773715,7970603732.475372,6931516361.975557,16061871875.67303,18980647894.961178,4747684365.168799
2020-05-29,87497267.76829743,59216100.83174351,49768566.79889949,111385122.71631017,68807486.30603871,54278771.66792861,252891936.13952598,131917915.21067858,76789862.85969074,83289548.11449912,252247279.9358936,130641100.84553507,155911680.6084749,95053090.04253606,81509249.9977858,64512090.50986308,49134046.66344948,41630558.26660155,58851684.477040924,81892744.50435725,142396203.41151214,83693282.20134579,91248804.74933031,62073622.629809566,79345338.37908025,4290791978.181115,11944153967.34314,6328373331.120926,6274017652.262247,5008160589.762158,5403064837.331473,3582361321.575558,11121570152.932802,2059114660.735567,16657685819.204872,3341875242.505023,9486135865.537788,7300364340.873338,3714543927.166255,5825213480.421414,13222287743.637194,7321464453.660879,4612773419.601412,2695545349.5731316,4825611702.642261,6958845829.023417,6592915095.22909,14569119933.47291,18275724273.747078,4747312834.347482
2020-06-30,89485833.23780896,65257307.573647976,50672094.58865582,116889054.81511235,77230683.1334946,55321071.077383175,278719862.8881291,144773260.8897479,77572575.81479502,90160572.5533458,282300473.68427217,139261274.2612165,163616737.45579138,98903015.45419689,84664136.74339204,63960314.22624825,52180032.48466045,43519770.00198239,63371583.67000619,83692444.09140684,147159164.62246093,81924544.63271403,94091102.9039457,70945341.46402858,88135441.52245602,4171228519.645471,12006082334.374746,6043792667.790384,6217970873.53428,5195972497.951861,5652312263.719562,3706509373.7332897,11665973733.724014,2063837852.2415693,17631825963.59404,3486680662.462944,9716919347.350618,7259856320.702449,3925369693.463749,6066947634.146966,13024155356.718582,7187540253.918075,4825119496.167682,2804913473.1481047,5205531394.8313055,6510896880.205528,6779163812.064221,15021095083.339598,18827399314.785877,4753299163.1170845
2020-07-31,94809717.98677307,64423130.934504434,51313063.39590255,111994104.57476048,79019027.30883013,55338823.33434003,271251459.02035487,137436281.86879778,77484492.27562651,89343876.49204236,264704227.6914751,126642180.21025778,148811986.37650478,98009879.22786428,81290758.27074642,60533146.918920726,52219077.74328816,41196536.79754635,61276082.28235875,79584182.49001108,145087124.0415021,83817550.7851823,91537318.97838598,68490359.5406036,91762615.24010311,3989121477.7131715,11106373379.786531,5948105422.611323,6288407204.620633,4967212460.312502,5771737965.692562,3531817365.8331513,10908942587.638731,1925072738.2364464,17664780382.772697,3401501931.5268908,8950693642.484287,6513914141.913737,3559079406.7246833,5843552805.515356,12624440531.247192,6997403528.037877,4806173333.043085,2698612719.720841,4965244933.500046,6066887621.732309,6537490568.567707,13511882386.25254,19174073506.673172,4438816672.61072
2020-08-31,98502154.19724457,69030011.38977605,53190660.031896226,115077069.8627805,80119398.8376775,58977003.58434925,268412997.51205465,145258434.85493293,74453953.53515159,90827743.98928821,279057210.26437724,131249183.01559256,143579961.75214744,102249443.47018774,84708038.98192269,67960128.83546114,56690344.24295848,43210032.77460314,64523780.03374791,86081376.68385878,142665414.31599125,87597326.05592564,91373677.94298765,74268969.60592544,90553841.93186542,4067467826.6472015,11569734798.254128,5856806249.919706,5974137220.0863695,4974260879.756644,6027984820.241308,3475138876.7447143,11160454251.244614,2209435437.316682,18903198987.749783,3333326130.0213346,8802230785.334099,6875930652.333374,3816002641.0199766,6287869608.194827,13467902266.19261,6683466707.386929,4897872346.790923,2856100147.8297715,4919095452.268106,6418650068.76572,6933952729.65673,14351691995.520578,19417253603.136196,4605103603.479183
2020-09-30,105448511.3064188,73709415.20152366,54770679.91675496,125438934.05969131,86365996.84590463,61482592.557401836,299189016.4106012,147070767.58286265,78367806.05664144,92608006.66247022,296895776.45146185,146302763.79632834,154192046.68297297,103932592.22585571,91188057.30529828,74642747.9332473,60208568.79394834,43457475.77409329,67392700.76820874,93237292.42948581,147369888.18521997,96286809.74177112,102345150.8722849,77661382.56498906,96595286.078733,4012699209.246225,12292864383.352812,6070134988.770869,5904606689.847513,5502341117.831077,6290824611.163106,3581193561.3498626,11952412298.346548,2351033621.5492854,20610433349.850502,3591547043.126044,9309166177.22337,7294063263.203023,4058295893.877503,6663352004.347483,13749559687.93745,6887693553.980372,5335627625.81153,3149895387.9119844,5419529896.251187,6829142545.768506,7206820028.254999,15900864951.167467,21172977315.730244,5000814674.97492
2020-10-30,96382263.38796046,73049072.90329966,54605996.23472402,128024605.71282804,79231937.04987139,60902904.263560936,307532429.52989906,141581638.36872658,74885412.36944719,89137496.68618923,284169687.8637895,147917731.28405315,158016838.401931,103468520.68975557,89055682.79676843,72368126.99017966,61120402.49435269,40044739.34684788,66963312.023528896,98583908.02661285,146745059.33051515,92738901.4900679,94987039.0412195,75014154.40068874,96006976.55761126,3929839352.7075496,12225283121.75876,6077308849.591476,5651874095.148841,5383009027.555561,6309331141.7011,3384733171.3215218,11241192470.187695,2078634932.3330405,20490164282.607742,3288537504.18978,9125234091.08857,6702326066.071977,3844851418.581152,6555355461.343324,13057366033.939415,6159493968.741008,4980258687.518961,3022575691.9847665,5149641075.955655,6739278345.108104,7277665271.033852,14787265876.417719,21087901684.91916,4577162144.351497
2020-11-30,90274263.49175575,71135141.78320596,53828992.9439545,117654548.11915137,75067385.61022764,58590478.90570555,281329665.84747463,131601252.02114813,73088665.6647313,82682599.561825,281655714.1221422,133384193.65642652,152112610.874584,100944177.56010918,86833550.80860187,66449134.91591655,61444518.21888932,36926168.83495316,63943628.85398824,94498149.24730581,135326368.3443247,93414460.16290332,85302537.38295142,67470057.41200352,89948109.23137799,3511277684.251103,12118057478.15426,5642660259.233617,5164810136.504378,4851762087.212194,5745740343.340275,3173047321.8659215,10819128611.160421,2005171021.3484414,18907351693.28541,2944101412.389097,8580053297.548639,6188523917.926137,3523340398.091413,5951132458.556125,11120609919.06588,5352019857.367754,4697562637.70833,2696176858.7631526,4885169963.00325,6055845789.222422,6519342600.400463,13522379923.310057,19894427491.302654,4171514991.404725
2020-12-31,94569216.20813493,70483028.37692739,54958906.40596367,114313055.2588253,79355812.90469083,56290272.773283266,299171491.00483656,127818474.1028547,77156360.75474015,83634404.38588238,305490151.0317947,140462260.45388755,149648621.89206448,93358081.20832282,86782182.008213,69073644.79939602,63535440.53287081,37690551.02779657,65571151.60395972,91565921.53096695,145788562.7998373,94322323.32240614,88424789.33518745,70059425.41801617,94970409.53553832,3587539268.281304,13419291350.305853,6199656324.112679,5615298830.012874,5272073185.956148,6515205253.040949,3406730578.450242,11893991234.88951,2098206523.3675354,20798669907.726925,3162854471.631786,9399806841.528233,6650753767.1890955,4149063770.0418015,6269403100.071348,11853803053.912884,5611910187.83159,5000259882.376751,2768794339.477082,5417733667.62911,6323991403.6605215,7292137571.228149,13870886928.327726,21688233198.21846,4298448354.460851
2021-01-29,103742079.47713459,75243418.14916016,66539795.0282168,125533042.78923856,95757215.12962249,63020484.55756229,338530016.23706895,140600185.05665287,85916996.59678239,93827630.66771197,367035598.2172761,154001645.67284396,167905178.48648816,98099158.61213411,99670375.48278256,77371761.95607841,71558418.89483279,41193724.111970626,74828355.52840135,99798298.20861985,167552450.04805604,109626193.29399535,102917193.12970561,78305508.4001804,113902933.93833512,3646524995.402602,15348458399.199768,6483201195.501697,6358953962.486491,5163570543.828708,7124432215.281456,3553129119.49504,13529056832.940886,2161773462.968196,23310974355.61155,3393157393.578726,10521244668.507853,7523787579.728888,4677277894.571735,6400346723.768759,13530949318.961708,6376184603.861009,5369484339.592255,2848379006.55801,6021211252.593986,6689075018.078069,8248975452.951207,15648248539.28131,24972046745.20201,4525911276.693302
2021-02-26,107852698.18033959,78020187.75175248,66427739.280249305,131256735.90948334,100366588.02342187,63049548.26948923,351860597.33290625,149806766.21698648,85308787.09363763,94175105.67574017,388591530.5002585,154253424.1694133,169884411.2368714,97716672.86718647,105860711.10722508,76340002.5137751,75511973.17034572,42973497.282479085,80438384.82315414,103942502.73176242,170134829.3013264,117652398.38400027,113826225.39107585,84682954.68146357,122217790.46995126,4032801093.2397656,15614236653.113407,6511045284.772674,6672711133.7595415,5334848254.553484,7432944315.386443,3727038300.8795085,14701906637.80245,2166949710.553629,23642439461.20413,3586726709.748913,10494924611.299547,7435550000.335686,4740936939.24656,6661437939.129613,13987126010.586855,6622037836.442171,5605956290.032254,3099471785.538533,6114713282.78496,6738632989.659894,8518388017.575301,15615637329.629557,25964589376.82482,4612079464.574043
2021-03-31,111386564.64133272,79286706.50229874,65369729.30908639,124991375.02934547,100916465.35835734,63942105.309998766,355101294.15363646,152240911.22864804,84563074.68621568,87164992.06327935,369024746.7497768,160341904.32629436,155961397.8876569,95538404.48806791,100785360.83876248,75910418.39066584,69534275.8177076,42277678.33142224,78525996.13643748,105241401.77785307,174077052.70608252,116151030.02585764,109515507.10686566,84408192.23701192,126237207.0815981,3975673272.672084,16415881685.293966,6775589692.075622,6855278705.27714,5269867531.420041,7652988392.975052,3474687437.0007825,15438528190.903437,2245417846.0810747,24758356945.103073,3819512535.7255526,9819166593.861393,7385120545.178668,4618447466.404454,6757159573.765103,13616593875.037458,7011708621.261916,5624453008.346763,3139293263.9744105,6342689692.323974,7341797898.543907,8578610880.065347,15565508672.809908,25736092579.650715,4741998431.765997
2021-04-30,112579198.31453605,76522120.03313613,64105848.59022211,122589573.23075181,103959340.04830325,65064109.90853764,385451768.2609703,152002047.99654964,86138454.26460557,81936763.101723,371578909.0633022,166105788.1644006,154466278.25941673,93571218.28336403,101876030.0309847,77027451.12556852,72416006.14653882,40440177.65670695,84294572.89953822,109101267.6800249,184816196.71512213,114420594.89532073,116421040.83455083,80131113.28720668,132693758.49828556,4028442749.8471556,18640119498.29631,7291018490.990187,7791026916.802442,5327944370.4357815,8595196161.926432,3656866091.1040106,17478553193.787865,2519992590.9390335,26737803927.14647,3959874309.062948,10195980377.572155,7817713944.44501,5163084907.310741,7458849429.570428,15487476561.036003,6892856195.24676,6249331982.0938835,3569029755.797983,6888627453.291676,8006477818.332029,9562363371.040442,16103532905.067556,28639602108.34201,4996250792.321239
2021-05-31,112301215.72823408,77956834.60984021,62092868.84814604,126122342.74280542,104418920.23677334,67123562.27704407,406541212.12995046,147914343.8357832,88523988.20469181,85105979.66679233,369178408.19414365,165888575.16050076,156729754.84362233,100892940.3477467,97980365.07563479,79304293.62652883,72423992.32116503,41590872.54873274,84094321.67232876,107042504.43082038,185598007.27829167,116256813.16150703,117013509.78961147,81539356.93702064,127841121.428777,4080445709.527574,19662473708.252926,8246655281.509755,7742581594.742172,5760388670.910584,8966841181.29323,3851559640.357551,18064288268.193356,2744700010.403181,28656939810.910343,4239131709.479804,10730265236.898895,8290993991.728626,5486864539.727307,7919399102.103881,15842372746.612822,6961082565.964596,6379620256.197113,3894493534.7802386,7039742996.233704,8258443711.122898,9937296163.988348,17163507409.881845,28492337167.892605,5701824701.529786
2021-06-30,102416270.35596515,81843361.95827954,62604755.554287486,133187798.36167723,97373479.09300447,68285592.60984261,421289891.5525421,153608599.2329721,86994760.58211645,84248566.8455391,385260231.0284969,169936316.5597599,146770803.25375935,106230658.27747434,92891989.88546781,80988602.04864228,73180963.33231772,42750566.531667754,81623975.34166211,110148758.55120982,190130490.75332874,122056742.03311288,122146966.56850675,86350661.32344812,123268672.23823774,3886772817.9964566,18325406376.29716,7691691327.660327,7631107563.613328,5310314840.008129,8416335965.219056,3818460402.375818,17008424294.328766,2556894211.725153,28374604904.864574,4235480183.703177,10221235860.137505,8307703758.108932,5039809512.956489,7708383390.948885,13781223835.26892,6573607380.893025,5714322667.425824,3834741069.9762926,6971547210.916861,7867183756.529939,9005613891.837423,16824480029.010347,25710049178.62217,5332417671.383955
2021-07-30,92660035.57269205,83728459.97342157,59131358.65650658,115098955.78226426,91016121.59473664,64578960.370217994,390435769.5100189,145029750.52169654,77869055.00022697,81290616.82830247,364572221.51883805,160657590.59857273,136663781.34133026,101976686.51574562,91620510.22889496,75932039.43844403,69759943.11532134,43314757.498658374,74900390.40398642,101157667.96382907,169881675.66821322,116820075.0000649,116722652.5915933,83455041.83664542,113015233.62785675,3743597726.144027,17927384777.416252,7800024762.880124,7251021576.293743,5470086585.297444,7889899676.801971,3713325005.775933,16956642381.814266,2588300556.741212,27725390688.652008,4345873903.037928,9637152213.130074,7964550776.700917,5198302003.670149,7456920217.273998,14323736891.499752,6325541523.892635,5532682163.759534,4009927759.201968,6496475974.0077505,8033972818.30175,9170532552.575089,17184126467.54953,23901204783.753857,5666219159.8954935
2021-08-31,99591538.04243155,82380837.4424629,58663886.20861335,115841298.02955239,99437855.6105155,63853234.356999524,405332522.9281428,151186033.6543422,80679097.02135165,76276584.98399688,374224560.3215075,163623494.392592,131154204.15729028,97609715.58390427,89652227.91501056,77035501.31815809,71661569.52986237,45215283.35463531,79808098.8330321,102555402.08798617,184047060.59778243,117548616.50194718,114925556.53221501,77462344.51351815,116769253.30506779,3869722844.470023,19079921022.095226,8212441191.118721,7828566885.209802,5673700374.4707985,8535750790.107423,3914780477.1328316,18586734058.917225,2707260059.5805225,31055441991.305256,4503628351.812183,10791054403.44664,8064807821.12944,5584952794.606474,8126794615.541303,15779837627.948734,6702486521.76338,5934335193.428556,4162086829.9946365,6663184315.017463,7763165287.04031,9684638868.597939,17441115828.528786,25627894760.183823,5700447589.557405
2021-09-30,96551788.07358651,80915849.36182475,58278401.188872576,116788453.4973605,101321023.06775075,65353103.415874004,377630520.9460066,140869002.33779386,77361535.87228572,76905444.20746726,361331159.533077,171797361.0774051,125878639.8562068,100436434.80100915,87036733.79386105,72556528.73331775,72840509.84023866,44575507.45584137,79632482.91319558,98340621.7981641,177258856.4339882,113618098.71663782,109823537.90561613,77116078.65528554,118115994.15643717,3907436929.1348557,19464867337.184807,8637225533.616112,8385176785.188001,5855683667.397685,8382008759.080335,3984861621.3804426,19059544121.70785,2757145947.6225133,31671173035.932854,4393787892.381936,11462339163.470848,8435575555.242213,5643774107.8933,8066707058.653335,15999183643.503273,6512700433.164016,5900342681.299194,4141505593.05574,6800856290.89079,7775404388.542365,9766553866.268042,17326103345.252167,24578369109.612232,6236739562.82586
2021-10-29,102934558.27346443,84142632.85405526,65175352.19341692,126159263.25201228,113845809.08961934,66926475.41634776,412019936.76277196,145576086.21989426,81962679.25820161,86048312.38492647,400029810.19402605,184991847.3013927,136595190.32408753,103068433.95282666,97846544.25241548,74874143.17970997,79443719.31453963,46636605.3297654,87519863.82806668,108742903.04393111,194785481.99146092,118054566.43158485,123696045.4567042,79666172.90432191,132287190.32379924,4206905502.973697,21470489983.937763,9387571565.580118,9791345196.977411,6240982908.208213,9117020387.689472,4353877900.166942,20807499353.747894,2969319230.003718,35541573842.39485,4468533751.225284,12329454672.120438,9662334150.431545,6102808191.558789,8505112695.8520975,17294358410.473175,6680032542.6807995,6733829131.621979,4289618863.48106,7531826680.602341,8606744007.863457,10785236443.556606,17872798379.82401,27829879720.81217,6955973334.147128
2021-11-30,94251145.16244625,83779195.01840706,63696944.9682054,125805685.04258007,105595773.55245775,67527269.65817128,358825590.7805975,143669672.13681167,80198005.69532359,81743486.45215385,372332493.6680709,184708757.81707814,132324365.04476655,106186999.14123073,88661397.81282322,74238081.71333763,78782843.18070678,45403732.45835859,81251259.81052823,105537018.76518288,182252058.49903858,121784758.08044788,109991794.8347009,79587787.74801885,131523424.44431141,4159422795.752325,20002401219.073505,9636541293.80565,9608115170.488115,6333678585.652231,8608942796.961208,4413462839.243083,19307529008.043964,2955401160.3108177,34028990850.19306,4544751931.8185215,11661156318.606686,10139834713.216143,5030580755.661224,8524417124.629888,15520878133.477285,6539290055.761348,6199420840.695652,4151164727.9255147,7134381423.171073,8789036880.553898,10250950399.61962,18032144158.887295,26795927872.91135,7373130523.81938
2021-12-31,101243861.12249485,86425478.77537957,68856360.79505067,138952989.7452238,115823806.36544776,70720799.58014895,392875902.42379737,159360822.97782043,88345707.18361418,91985915.7076629,403004322.55243975,198565203.08002198,144371438.85517636,117951905.80836776,98586913.28150396,83966265.32711184,89480227.56598297,48472333.93427636,86116104.17521189,119686244.7621331,189554828.91523996,138694541.5142344,127724625.8104732,85913131.1050934,140896510.6159928,4283346509.896711,20354698109.158913,10146193433.01031,9658778349.71779,6992389701.046813,9085422553.471365,4610296735.63952,19497597529.082035,3123079049.2579384,35013498764.21235,4944928601.869571,12369002204.761377,10592185558.325722,5224321796.41334,8497975792.068647,16071341625.905851,6344182719.359111,5881119345.676649,4185071783.47061,7288981947.67245,9028867062.920397,10700654807.836992,18793004296.19755,27908840865.041363,7424412974.99403
2022-01-31,101217855.3651489,87017034.97206567,69143158.15359145,149718099.74326056,116485707.36859027,73869084.10474057,399744800.8491765,170463901.73334765,88857320.26882099,95925010.09039569,408871858.6988937,211417528.0527347,143106200.17944476,123461111.60791102,100035239.67666462,86580313.27140665,95413444.97806273,49062771.605640315,85720535.33572732,124482620.51673095,196759594.86882508,146167642.25009876,124234308.87643626,94584540.10343097,148737027.60067156,4760572786.29619,21389405332.134018,11014506417.843536,9678013479.313484,6995684212.575032,9851771995.204973,4989177694.586474,20288986192.924973,3242642409.9363356,37617395244.265236,5359364493.55381,13665375681.417875,10453404732.134087,5632776499.808101,8702676465.41277,17012380235.9777,6548033167.641388,6287878965.805805,4376411954.156309,7755300896.060358,9776714438.564365,11029810713.22179,19315698300.362316,28187345657.09563,7624388891.443534
2022-02-28,105849554.51077205,90016337.35269423,72610621.18578304,143868172.24221626,115596223.29461601,72535645.23582277,403630439.17999214,159625552.55307382,93192864.305392,101234036.34518176,428231572.88182,206598777.59686038,150317412.6628582,127643771.22139156,104504813.71355653,89530864.47219472,94693477.17687868,50877220.20205708,91787246.63149767,127493195.75265391,203204713.54130143,152119802.26469937,127817298.84405899,99445767.77038674,155928318.9454161,4763550276.560163,23026518608.929432,10953958048.830862,9659709968.811392,7255615761.554584,10194680266.331501,5337769036.353912,21526236870.92125,3342597210.8887634,39029586394.830666,5569092632.599972,14216033991.12186,10260480078.844845,5648799521.306197,8299823834.2748575,16764908068.718622,6714379157.570024,6764080201.300022,4195554105.0530844,7997411967.30953,9843981027.374144,10497981690.734882,19508232997.779037,27858876243.454483,7423906608.570674
2022-03-31,107013395.28210688,92820297.19434842,77811344.89113592,158602400.22935,120528996.58378303,72435138.65150915,424600015.8626019,166151036.95504895,96520521.34943989,104862733.39957872,427841635.31054294,215860835.82683077,154748199.34625003,132555062.6552231,115177319.53168407,98095571.5553199,95755638.98861195,51820983.69328714,102491560.28407064,125114925.24065672,213163328.7763077,164572252.84504303,136539947.9527356,101013549.4736728,169735168.19614688,5352255901.674986,24064630955.944065,12142740673.602253,10347881895.360035,7479234976.149085,10882472336.170683,5725594367.52865,22006773130.454727,3668907601.870243,41608906266.46937,5771441347.605009,15142597856.528633,11192067853.687874,6210550256.251358,9490696838.469376,17605453832.29391,7111005099.359058,7445961759.977005,4303243756.757268,8622426202.542446,10285240996.380592,12229958080.01653,22227901162.61039,29748524890.16383,8102842102.019269
2022-04-29,116358244.28947881,96470926.9637658,85790670.23139024,183363493.10544464,130767423.91195442,77951459.87919478,438385652.047428,183231894.97789893,104150974.38989642,112391095.5263609,458123168.8599728,238599188.17846188,164940642.65356487,140311721.761611,127882172.53077495,112295127.89655524,105126382.36732937,57258984.4529606,114551967.95617098,133091539.67554934,241287302.82575163,180857847.14259222,146617276.31934243,107527339.97740212,189554339.95364752,5346502546.548572,22594083663.924667,12913439799.958618,10044364305.966846,7524279544.193357,10517072756.6336,5328910047.501167,21572547850.375107,3909876138.2184844,43831033426.56918,6014042179.726062,15525640876.16503,11538094312.192825,6444399891.3357,9665343745.010303,18182858382.285027,7114734006.561293,7614745549.9072075,4017709348.7429814,8974964737.755228,10154775083.406195,11729507299.082869,22063890507.973522,29701058415.751232,8311747406.261216
2022-05-31,108606590.41934003,92540953.41597791,85386283.29384506,181961373.48373097,127420934.78634714,76773752.00135699,427820332.3687764,184597139.42027685,100379935.97827202,110740984.18760502,439449357.6436055,238638337.7692376,160161411.55040297,138959747.01879722,125677450.7328575,107733520.13778768,111313831.31488098,57222903.288836494,112025168.06380585,125345518.57298099,218748615.87200812,174014023.76909864,140039676.01355037,109699137.55006711,184856274.2206478,5361406153.979261,20728420861.952263,12250906966.244947,9493339698.135288,7324089625.282122,10274392535.500883,5288729152.538844,20646896398.676086,3613657752.9232745,42846843942.23219,5445937884.383791,15314400472.9184,10862675188.094183,6095694816.335594,9162594780.616766,16746251299.456068,6990275710.368265,7157123889.729199,3798116439.40665,8511233544.523359,10338661063.478521,11437306677.276222,22013907174.63954,27111554363.725525,8300847054.458405
2022-06-30,114150686.52240291,92948661.50888196,83006663.67016424,194409434.36256337,131013242.49112599,78260284.76183912,430946396.5085764,187818959.88705632,91571207.63069808,115592215.10425842,443012263.2894855,254373117.5714833,159363683.18645212,144181109.73586205,120228030.40113933,110036740.60656413,106858944.2882298,58219797.2894014,109824716.31464726,126265575.9822085,215570227.95578268,175917553.6012054,145029614.04211006,107563450.27948749,193461675.95460874,5825149902.283239,21481239738.384678,13360150729.928314,9677416255.672443,7527132890.689745,9637265904.649343,5607074146.689501,22215268419.040855,4057903719.421262,45486509463.86218,5893924049.264132,16747070266.010656,12193567649.972929,6090231942.66712,9518636807.36599,17892339386.076797,7279588843.894667,7455225536.468676,4023530251.2546134,8907538151.756927,11201571313.511995,11495356393.992395,24205397903.808315,27289125273.13766,9120799795.986736
2022-07-29,127732845.57980978,98529244.68546182,91414077.43089399,200845034.9767627,149736548.18902344,83759571.38813314,487655326.3381444,201375116.14340514,100237173.8495463,122383863.08550148,523212755.94872165,285615489.38891125,179741645.7810842,144379713.53723955,135158184.7218015,120288071.94515276,120812569.73312129,64496752.483100295,123524526.35869892,140221161.5876386,245409278.8349283,201125282.11587307,165395481.62084183,123306131.98637454,217839072.28688818,6305189981.155789,23326101978.18029,14089781622.95482,10150764553.597734,7912831533.038104,10232101726.3465,6019925716.28715,23153646591.690525,4106198221.68278,52357868065.050964,5989102655.710029,18466155868.848225,13245758875.657862,6746167879.595619,10681861194.613647,19273673644.27332,7443922161.751628,8132879776.51035,3941353964.3042912,9893293399.844717,11621341214.324848,12336417822.39741,26144949157.773537,28915307456.862427,9763374700.020607
2022-08-31,127041730.18434767,101502587.82940906,96807231.46349713,205527262.22544613,153747570.91634983,93837911.22712307,488333858.42995846,213672346.66441375,101862407.80006282,128370553.25989123,555654312.4870907,300302625.9820054,190739453.74125132,151202942.15472955,147669459.217179,125525388.53198946,130190310.70642479,65298471.07389231,123506689.79867433,159756091.81660527,240562513.02168888,207197323.80504683,176497810.57789275,131125132.86611822,229847728.3641006,6785434803.94434,23998192009.45229,13566831635.645123,9736074003.597874,8298780009.728001,9766696188.548822,5851570426.227163,23154441347.91311,3993290766.1580606,52881052995.85412,5758328774.433925,18524094270.453384,13305994691.625057,7082180375.718,10041121180.053162,19845232771.45506,7376010500.749826,7919679411.373125,3842215104.8254137,9516739633.007738,10918252673.11047,11313615039.386057,27059430957.11846,27857896445.036438,10186711167.078856
2022-09-30,131295787.58353417,97737494.39001122,99689413.33820093,207171237.78553808,162273608.41285333,90820512.22177091,469709391.59034693,209281064.4277461,103153223.881677,129531066.37272152,538201195.4045708,296142627.33259255,193265099.21924213,152529819.43873453,160403327.67930806,124687840.55870824,131592600.40974784,62352989.7007196,125955278.48452662,167053081.7463624,241423547.3733927,201321705.5048732,176131867.89384648,129669097.20848674,231777119.13671178,6565438598.694026,25954456452.887527,13181731286.080753,9742156924.754827,8325959167.353864,9710976186.463867,5595720137.078848,23135648826.35823,3832533621.0403104,50861478880.91729,5319542308.593249,18369368284.062355,12149701860.279459,7312896263.349845,9704451963.132662,19371328048.23474,7173368362.567689,7548366948.23163,3923765860.9224353,9429351839.515387,10430963911.009262,12028247489.588326,26193476228.777405,25722905536.2472,9813430955.102613
2022-10-31,120095668.39069222,96001484.50322625,89340516.87239943,200208538.2219179,161802207.38744915,86661134.44139001,456405926.4546797,199080971.04852158,93889595.21599665,129250054.17137338,507032383.17688483,282452783.72255754,195901831.52565646,143447013.9844234,148889097.64766416,123533562.86410835,119998817.02198678,63175529.668435805,123008411.7609469,162320781.4751591,235401457.10860983,200992381.90182766,173890431.4824166,122295474.39281787,222881424.06209558,6839669136.92074,26137514596.45819,13856265840.06981,9638804183.207764,8719050504.524736,9443963995.33547,5658374485.480096,23025096498.060825,4124392727.2942357,50230994511.67049,5022753907.427428,18990612295.26401,12686990520.351374,7265710196.331642,10304004639.294172,19948215868.01004,7154112968.508235,7774091455.731369,4172959071.185701,9855645301.239176,10955014470.54818,12186739699.942814,25145442184.70451,24906458118.365585,9855951768.351437
2022-11-30,125957362.35810731,105479228.15098271,98624249.33526142,208414889.26754868,174320480.41181657,92474166.8073782,498405316.7349596,183471339.89422208,103416495.09067996,138603963.45785743,521673286.6885883,302468832.7521477,216325488.32463798,140242204.45679796,170137751.2724296,127306029.70077202,138505861.92069182,63063768.525856055,127297091.85937771,173600588.00298688,255944933.1623647,207108021.3924785,191189500.67962274,130705743.98055701,223813245.40163776,7114558844.351257,27419323552.26433,13935289481.612019,9914977296.897848,9118147660.83817,9367819569.906176,5581580263.020064,24838361694.62082,3874767911.338904,53863268858.30374,5154962473.390361,17695816715.699722,12475571733.314537,7648282843.727102,9861704519.025915,20484157621.52073,6736437973.791349,8152248309.872636,4113825390.7822905,9915875895.911465,11027281021.852919,12141794911.489407,25031082057.608894,24626763548.329273,9795055652.655432
2022-12-30,134299279.53696007,114409776.88671578,106859951.34770498,221174379.01812446,179887375.5669216,97409401.68529484,544909371.1400652,186888584.1830753,109083713.46546765,140423282.03094572,554506831.0351856,326057646.52545935,241597047.4567396,139491274.02728462,171877666.0245346,137771461.48194373,142432730.96952477,65580970.699246645,134201645.73744114,181161522.89951333,280618521.96917874,217968565.46344164,194357533.54448867,146952560.86359248,225372709.96640104,7419856305.087872,28157005069.260605,13971707561.533144,10686027851.197195,9424198945.715889,10243266527.549124,5799108449.486125,26644569983.16863,4157506602.644084,53300658301.54599,5109768280.1446295,18700407564.441395,12300123036.749619,8211010392.204091,9900860485.345772,22815307839.250633,7024563168.583381,8374129296.38436,4197312241.9329147,10649915501.619509,10743500778.350403,13067188914.622948,26237968283.898815,25172478159.375904,10353802458.841091
2023-01-31,133329473.23682773,118085788.54106463,105047022.68240498,226733642.63491994,174308946.74582407,101276217.33606312,537763063.0655562,182665031.05606982,107793450.8999781,134122077.00898942,527451824.39409584,329235750.0401949,250305143.58072573,142409870.39542937,178092354.2787931,137560077.40729815,141283417.9326909,65253607.314812504,138473914.94138286,176306922.40845603,290727577.0919459,220737170.51626745,187274159.4783936,148940177.2021307,223208051.19586915,6413812499.732347,28319075594.080116,13617976425.356932,10088101302.009254,9381026778.145725,9949929808.620296,5509039960.771789,25134542178.655922,4117980218.627245,49590905690.27673,5016248224.530125,18438633510.700542,12319791575.121758,7856344595.812516,9051552265.023514,21496055317.992363,6419761822.781299,8647742619.106047,3886220125.549122,10107230602.143982,9932351672.28357,12196618857.921625,24112948762.145676,23946985233.184776,9375435597.701185
2023-02-28,116055848.85022902,108327905.25483368,97245566.31245707,209268969.50787967,162912483.11657983,96204283.6851322,496816449.5691301,173780930.7527998,96969190.12662673,128148238.60851203,478332699.394435,311669975.917812,231072680.17531615,131466698.00034569,170893367.00415057,134134315.55364788,135960241.90234536,60261269.01027712,135581678.17136806,167741457.53585753,271394498.62231123,189579125.79411274,183213245.43060648,134975310.74471745,216474785.53982437,6083831091.004417,27612659795.95206,13351923924.39633,9804173204.463205,8725831055.590374,9341939611.955729,5241356797.7018385,25299799211.589886,4113507051.345192,49244300183.22975,5078311725.518464,16734661610.177036,12388535285.69334,7563329375.698126,8904932182.525763,22119601952.05916,6038682493.250684,8345651748.9405985,3703036322.2033944,9756355249.932402,9487561806.673712,11025846961.935228,23471740160.317307,22689559988.883183,8983134367.424511
2023-03-31,108766328.57184884,111354164.59838276,91525058.5989874,210100617.72477585,154393206.39171427,98961995.49790342,501414135.1829189,165051854.49474165,94478983.49234322,122988770.62280326,479658821.79718184,303687494.0644056,232382272.56052756,132685631.78276491,170462226.89060822,132876325.71187335,131646349.60434426,62386017.89779971,124320397.78544174,164406003.73495093,261617007.0725663,182793015.72146446,175194458.29714426,132892557.56854151,207148025.07174623,6070840393.394445,25966114058.501152,13970700127.17164,10126916307.15358,9158776533.228,8988118266.415909,5401419675.738248,24861991935.931988,4095825825.722242,48745402114.88106,4908432231.843402,15843345811.839972,12470741019.569427,7402217011.483318,8806710803.252132,22754661789.417126,6017838023.571179,8289903801.456148,3733979467.4886,9388872716.63982,9498848203.685547,11370533591.043356,22970497660.301964,22252006740.16654,9929595007.552607
2023-04-28,102575717.90775119,104585224.31260853,85123876.47963804,197222324.77371487,153728318.61677375,94945474.3029326,455468797.91743374,148489499.5609794,90861962.83973265,119975693.27460542,470353224.44837457,280615101.386371,229792883.27687323,126824329.45444533,156857841.91273925,124649705.03640226,121600868.7949831,61275716.4947793,122062598.41329299,164885501.7205778,232893922.95944312,178224786.0183281,171447492.50572464,129588505.91062596,187983646.14268407,5737660094.970552,24781423159.362846,13216829273.487938,9846508122.519209,8172028640.133921,8590435901.053698,5171452023.157183,22339908840.76766,3947043813.7617283,43331885866.85824,4737898874.001424,13853309533.878975,11062136968.382992,6503660012.615188,7939626547.9820175,20739687159.042072,5503585358.498117,7525084515.311787,3618917422.197015,8701875670.885176,9166208587.496777,9849134764.401115,19869150271.48056,19645474079.149517,9262458094.517332
2023-05-31,105583092.8600697,109396842.21963014,87510942.62690978,196074104.5429065,158535932.45135662,100012661.1236849,494360190.6956947,153698492.64061588,102095621.73713486,123792344.55807166,484881172.7228674,294778709.2572196,226851430.9709102,128189035.0554621,171957252.70064825,130098447.93224393,138544000.58649457,64498521.967756465,131295129.95229931,184447462.46105042,252461962.99549162,188669566.50413057,192821782.67542288,135581289.19881132,198465060.30744225,5543124571.4046335,26064367212.74609,12780865965.904367,10706728742.593842,7963092631.0604725,8172544552.444765,4954680836.980992,20745671482.213863,3881938240.1938944,44917550283.85986,4560258318.443455,14537213196.492067,11458458986.736893,6946531006.362747,7374584710.611697,21213418625.645325,5279027062.349773,7173126176.035877,3653960476.4570613,9320701705.460815,8526249228.807249,10203437047.643126,19454246045.292797,20240593687.828697,9467185627.25752
2023-06-30,111478572.84406713,113348818.80973634,90053620.57427669,193505162.04160342,161345580.9664981,97932810.97017993,516348844.8922509,143486715.636066,106482377.97149378,126664127.55650093,486950573.40201783,308782068.09369546,227298748.0597621,121745073.59367217,164602980.3679235,132521792.21063937,143798274.93486813,63594141.21020068,134076907.84624131,195574135.80736548,244975968.75815755,189351784.3629726,189886452.6426536,133539987.20215692,208219672.22741786,5874332931.590726,26586567850.295418,12969144172.114532,11107821293.971273,8279712645.633007,8967019224.143446,4892229700.654063,21363097681.27657,3828261597.4550977,48565660123.76316,4387820843.611413,15017496244.662601,11645118019.553797,6968999744.619695,6999476552.172656,21630489225.99294,5260934388.735429,7471085755.302046,3579146850.2560463,9772934111.411493,8103858520.010944,9712354027.280636,19203879216.9968,19329423864.224,9106246897.275866
2023-07-31,100860987.91332,103387396.56176579,78358411.4915928,188257658.95066127,135571046.3962771,90508842.80206312,452177254.3017125,132287910.56854811,95808663.4060629,124710496.47864045,441286141.05225414,282983456.3623448,212745884.4309114,113672513.38404104,141740110.0814184,120079099.93750986,133422699.23413908,60327282.449000105,118213225.4944998,172474482.82334632,216837004.53998813,170394756.0618072,157364857.16339263,118080223.40789235,175966222.3681209,6118614293.602032,24656311282.454746,12044787412.363485,10892642646.62295,7986661606.351221,8603901832.922314,4516530363.44465,20341694771.388187,3624495860.0433426,44213629471.01359,4029807530.7948,13329358811.939787,11192011304.291687,6305660474.991155,6880882906.864894,20524735891.972145,5406691509.358978,7222249144.36791,3419959763.628658,8920942313.267313,8076940352.910716,9254343240.835548,18524918650.14613,18400971461.82643,9231312494.217205
2023-08-31,100782170.0984946,105399868.61286536,79935425.91558874,200312829.35231844,139058100.90684935,90102281.39994067,429188383.374572,131136806.99480541,99539965.79427436,125542798.72293408,457683229.45290214,283136303.4686438,225625414.89658028,114787217.03176743,145200914.60485658,116074350.84933773,136414065.96882388,56530352.84531456,112110407.18129304,170758850.8676285,227726624.473645,159388300.8270937,160635025.49283144,124443041.36094466,184927746.8366238,5737177258.365597,26146574791.060654,11712947146.287474,10775102265.607689,8045171790.160959,8779000659.569088,4563774393.721623,19874929683.964718,3344813650.733544,42176790790.086174,3920390560.823744,13283560342.851513,10275895131.1497,6170115554.653631,6980220269.443363,20011655536.59533,5087919459.822593,6555194325.374425,3294909922.28753,8946081317.569658,8288456229.569236,9504354617.378069,18587485499.133213,19190976012.58289,9343148275.9209
2023-09-29,103788572.98404463,105335388.11867851,82578757.6149852,197734144.70491388,147199782.86490628,95069379.48334862,423985164.0939986,145201073.52682355,99280917.1643312,130156227.58964989,455749410.09969926,292617258.1878871,225839687.83578724,119215665.04614034,154564707.20206836,112495098.2657915,143855567.25424004,57611791.43111739,118449457.21756516,170679790.8215088,239961061.20819575,161254789.3467761,170131284.64902687,130431316.83371753,196431447.81441492,5362102869.880645,26889338773.29525,11728919832.049969,10531465534.041098,7825410569.859716,8849480740.185476,4679679995.973663,18479372944.466232,3258591771.24453,40175990007.76993,3950056586.520188,12612714517.855583,9839445066.254675,6177374414.651346,6787614331.473881,18995043074.517883,4908553683.639094,6344759806.932069,2935019346.9406395,8774880673.672216,7623181444.832509,9243201373.156992,18414620916.36889,18237888053.349884,8849919453.355553
2023-10-31,114903055.43726224,109092702.67721,86304898.82043602,204716308.72001782,152169476.30935627,92108680.35075994,436437710.52315366,144929475.55936995,102805995.91714172,137366920.3989299,478063956.8122289,306715767.2988409,242272753.44872412,123915538.2908038,176257706.80595413,118993977.93812701,155735456.54999414,58471830.27199754,117151133.78821824,178196542.52507764,251980457.5841003,152095333.2363016,174596399.67208654,129006871.5914955,216523982.78132272,5628629330.689443,28391341586.931786,11965850191.564455,10595862595.65921,7871035455.606586,9299769339.93871,4888215624.745368,18614802681.216373,3382362153.676836,41781183692.78193,4020856161.0306077,13254871254.420713,9691621572.195719,6529127820.7444315,6733239802.902105,18554840771.45501,4957563753.774293,6461785088.4845915,3039060601.6749825,9353154951.873556,7853546468.884171,9359956841.286522,20314511684.46765,18847043166.96446,9266329854.739487
2023-11-30,117726720.2285333,104223016.18522237,82656164.71900287,206996513.15683883,154023005.24592242,93288021.65052317,447750398.1859504,140341621.0380674,97142231.14518204,140951158.91527912,464897169.3641034,302168551.83608794,255458773.1828221,123276739.22628182,172166176.58691734,120134101.66888812,151909969.28090158,56529833.80435095,119758669.74764392,170891946.54798424,257335812.1322831,153803279.34930953,176827563.00695828,119584547.92811579,233705739.90514374,5356776347.10598,27297956072.322124,11795068961.142906,10468348888.188005,7708268544.652875,9631995815.50407,4688714076.400782,18002872965.262707,3422289493.208658,40561674841.84161,3754871363.9193683,12608958885.960764,9699567333.106316,6441834770.351886,6432394390.819566,19298685396.069588,4879952033.032293,6563616775.266804,2909801654.5662184,8596240016.214508,7307402838.485776,8958709705.107014,19324091895.624935,18873764942.948242,9685485173.689434
2023-12-29,129644142.0912071,113648543.77955681,87758739.3198178,219692590.1489828,165967402.2671849,103309315.30472149,501980339.6413065,155565484.30218413,107793275.94657615,158722092.4309571,511445551.6297903,334377299.0084386,277248032.6854386,126374679.95872796,182259592.56814986,138385399.33801624,157268749.622924,60267957.21854172,123481734.38625218,179802860.9756919,288628433.82659996,181629865.21706164,189541474.08083394,123514121.21142435,252726848.01201117,5894135590.774407,29769963303.20177,12690363652.250889,11795826212.946943,8634323410.671684,11123543327.22028,5215219014.814164,20321296866.983128,3888264467.229046,46791839328.63152,3963982978.0646353,13605391940.614548,11518487826.361933,7389990300.0193615,6862157443.444148,21524883868.078236,5053948363.526868,7452254947.081919,3334411970.6837044,10132865201.320734,8250040378.037592,10006880836.247953,21623631778.275314,20885577325.452286,11151011040.243628
