date,STK01,STK02,STK03,STK04,STK05,STK06,STK07,STK08,STK09,STK10,STK11,STK12,STK13,STK14,STK15,STK16,STK17,STK18,STK19,STK20,STK21,STK22,STK23,STK24,STK25,STK26,STK27,STK28,STK29,STK30,STK31,STK32,STK33,STK34,STK35,STK36,STK37,STK38,STK39,STK40,STK41,STK42,STK43,STK44,STK45,STK46,STK47,STK48,STK49,STK50
2014-01-31,-0.015631241614872123,-0.04301731856923074,-0.024921437182960304,0.03149581214137377,-0.057230620076079125,0.008947595390010788,0.001295140062165842,0.031538286887810324,-0.049857636492163654,0.007707199617197371,-0.014536110572006915,0.004907885126159677,-0.005308291149098962,-0.03565447603662858,-0.03738047792324918,-0.025430756809545763,-0.016930316411622764,0.029855921509914472,0.06016142500097158,0.046016892527169985,-0.0539040982900098,-0.014313485312188947,-0.0831012402322111,-0.010861977320256079,-0.010561025375603043,0.024483502339635886,-0.027094952238792894,0.059894592710849834,0.03112797880266152,0.03222857240049598,0.020672566259049417,-0.004783273554479977,0.013872814629323153,0.044921293248225316,-0.013762500005475764,0.0642016694451228,0.04985594650389486,0.0470174127825287,-0.011929305555201173,0.04390736209537822,0.009779814549262203,-0.03220512105666408,0.003266055660808986,-0.004686144401091982,-0.01017214303144272,-0.011470969880869285,0.02781895633093473,0.00963777681043774,-0.012767358817050137,0.03830357306078808
2014-02-28,-0.07247151800927996,0.011959167288075973,-0.1322886490066514,-0.020853775663713953,-0.11898862857762912,-0.06205665500018053,-0.08513268438812313,-0.03362407181058815,-0.012030334048259157,-0.004278078870826894,-0.08095942172576504,-0.045311790012972517,-0.1063712762245717,-0.06173385478746195,-0.0636583774222719,-0.12440998245292689,-0.04979865749332424,-0.008627182561630933,-0.06305091687028082,-0.044684774711068714,-0.08993423003794458,-0.018282533369636242,-0.036572310286790644,-0.04323142532882201,-0.10515947387419174,0.004187696361703713,-0.00817263519540879,0.018522297961125332,-0.03686495269949794,-0.10927639126628497,0.008212702109091766,-0.11799830737827625,-0.04457156948461638,-0.06329722752173082,-0.08810811577160028,0.001995992693618366,-0.11500737981213358,0.019939948214884755,-0.08742216813598376,-0.017686305445407148,-0.06318309804353077,-0.04747238432113525,-0.05775886419750375,-0.014124729536508292,-0.08045190284042683,-0.05852802879387754,-0.05532090695805056,-0.10049870884672865,-0.10505632808307827,-0.08148589510657621
2014-03-31,-0.0691106089904979,0.03056730865934648,-0.022402109036222955,0.06095283719493579,-0.03276000240300994,0.015913329316891524,-0.003018045834809989,-0.04422330885319197,0.0025051381830013663,-0.043594714117130035,-0.011553280299663255,-0.014997983968837348,0.003169794214309277,0.012166938837555898,-0.008688422604280186,0.020348853771484057,-0.0032165878752013688,0.02774177033339348,-0.0004347507085956572,0.012127048201378455,0.0417355988940629,-0.03854658761787738,0.020238498484188225,-0.03146070921184052,-0.08874181729363426,-0.006564647831594552,-0.012370140900634444,0.03319932295632676,0.0589237128541709,-0.03703008138147372,-0.03664420063614637,-0.06614258683578457,-0.0408574448721385,-0.06698428701601014,0.017466441590592352,0.02832001978777074,0.0413548481314118,-0.03975010449740545,-0.071349192930985,-0.057024769556859825,-0.017009337835630214,0.0268493729680961,0.007972782951232516,-0.007171719945416347,-0.04310770809494444,0.030194298233281708,-0.04528236752357523,-0.02388669519579463,-0.03414588004728819,0.04694193846948876
2014-04-30,0.14820031306018647,0.07922361574686947,0.07863904230584721,0.023272422835061174,0.12441746404678877,0.09667708847929816,0.09737360871423723,0.12406957456945741,0.08835086604334974,0.0873789797663718,0.0705593674746549,0.12912584633081278,0.11373884195004189,0.06514077662111412,0.14159375831812698,0.13961893878076254,0.06531424630633287,0.0475242042812566,0.11086440189384561,0.07180582419743914,0.02272716747320859,0.09422061302059888,0.11848130540798163,0.048168639403172495,0.08451765292919451,0.04189751037855672,0.14439519430398223,0.08403433969905007,0.12385905530926343,0.06877073281911181,0.09607024540582809,0.17686225845805026,0.12349610698882268,0.06009651397216101,0.13816164719440174,0.08573830451592626,0.07622465062786137,0.09681786475540516,0.08454401904196798,0.16182704528091726,0.12351096543224094,0.09815895066798042,0.05975272642056441,0.10304260801662404,0.16950388143886636,0.09139894780587896,0.03794683830015301,0.1104219748122941,0.17254085662818375,0.10551864054088525
2014-05-30,0.10336961866208388,0.03165578259879578,0.07108528151329252,0.0667805436712991,0.06318637856608679,0.10712880942815163,0.10582458774907035,0.028302581107526217,0.05794014487053072,0.062235711003618584,0.06653144749743245,0.03506356744100393,0.08903778040475006,0.0869168953867101,0.11979611630050566,0.012574618606651315,0.028832919268199995,0.007356858394701786,0.021133980442914826,-0.0063675475545681565,0.08414760978676744,0.09069765011262983,0.022381114780875608,0.11306894249592894,0.06335763278240177,0.01495484421919931,0.029576453966680842,0.04498697032993311,-0.0009879619194165523,0.06326578410943162,0.0706851415425297,0.009392817475220895,0.06250531712513405,0.10127686525721274,0.04967939755632085,0.025224551490754706,0.05280320471294171,0.04774210574676406,0.06897728174617881,0.04922376550271136,0.08541704867713183,0.10290846936218083,0.04584325805609213,0.06087350175640753,0.06768757419442252,0.041008336275806745,0.10214677990166698,0.1598026553485452,0.04954387804431171,0.038331079031466764
2014-06-30,0.033201911454677956,0.022963763191989055,0.08525146415228727,-0.007267078741759962,0.0525574327083877,0.06397526190885011,0.03999910468719242,0.0581776466034672,0.1756410289670592,0.016898237835699256,0.036621867998385405,0.05079515033128717,0.04115642415281323,0.04004761763658288,0.055750934379492356,-0.03564733181711622,0.07890362201508301,-0.010754293662799518,0.019362204314093218,-0.005202714415802383,0.04385960562769154,0.031379391339499726,0.04998970176721325,-0.04766965137928882,0.09641422832435048,0.013985479698667674,0.06580345679493307,0.03969926088099259,0.042640015447303045,-0.003824905729558962,0.02997869313404511,0.0606879802141751,0.005238987747528338,-0.02203025348124134,0.05000299847816676,0.00969345184059715,0.0439384976924533,0.022279758391910872,0.11150123949000104,-0.014779140326061577,0.06598857881732609,0.0038244988208939873,0.007329687569795219,0.030875485855262248,0.0016803212387702798,0.0016521631731811221,-0.01621053667990669,0.0014167758583116287,0.05657699133010899,0.021881873607594995
2014-07-31,0.04284879307191446,-0.009259230093913752,0.020970478020491595,-0.04597610422664335,-0.023828648991844,0.03830690251065149,0.038121969679408056,0.004715033428844738,0.052051153895522076,0.031069779062391525,0.06385949522319546,0.06244179461010166,0.06837974051709912,0.10088267386395476,-0.0003349347954532955,-0.01282478910572998,0.07795388359753039,0.052839048187680884,-0.03682959783367931,0.0346422622167269,0.09822680984321294,0.023083476890225264,-0.044523684264921246,-0.03368075881055736,-0.07523259686484944,-0.07806204674747746,-0.03012848894423034,-0.07278551402765962,-0.0316151794293565,-0.021012718482075934,0.005043419152160174,-0.060807048859634394,-0.014909875270405824,0.006108101999982553,-0.02688092362313714,0.016338473147360404,-0.04178694557731717,-0.026124420782327414,-0.04899682571365195,-0.0005444002956576377,-0.09156175978921836,-0.03173591734235783,-0.02111290942760954,-0.09202317963680472,-0.0504582874369552,-0.021095751040072563,-0.0545144491637503,-0.04858067447903579,-0.06575390142564079,-0.018243438326585103
2014-08-29,0.03960720872424888,-0.05065206592964826,0.030117124790935194,-0.006224494311780168,0.02019108216098528,-0.10230333245045987,0.026160153170106337,-0.025325706703088608,0.0004153916766604978,0.025514676530981363,0.020145674003445677,0.03321041454141056,-0.006964110562459981,-0.0032437590456540766,-0.025002948460374923,0.039057642892052415,0.012625516106355551,0.006801809747319445,0.02130234741218786,-0.012443911301676356,0.04318052958903897,-0.03577532492174642,-0.0003189742174055498,-0.009601530208574224,0.016721851052428703,0.10884228374254,0.05367646000473285,-0.022754643878340086,0.05519050168813788,-0.04301642367414892,0.012262165345572534,0.06924774633354717,0.03942208929965977,0.06160359899159835,0.0481387765004859,-0.00789592117539192,0.06915345170705384,-0.004389929032309191,0.04409164443868527,0.02385641678415368,0.03499853860452908,0.031127516662656285,0.12136819004154373,-0.003397722583718371,-0.0010009414270954198,0.0215893964868591,0.0462035221988037,0.04622453890750994,0.05499320493814307,-0.027216008518041374
2014-09-30,-0.06989710402307148,-0.038590232813376826,-0.17154143205632674,-0.02504872655487851,-0.03568222938740934,-0.11805185857271999,-0.0668747256340102,-0.14190675333236902,-0.07423080968029742,-0.10238955728523019,-0.05953951475948117,-0.021415775892507975,0.0027999973470849843,-0.03877300089542647,-0.052339850289000525,-0.12582641991977644,-0.0772690296851469,-0.04712462734167138,-0.1378664721192197,-0.10095066508776311,-0.10448199057432424,-0.03664527499753951,-0.06728906554837973,-0.06533456733499672,-0.039236938603908575,0.0005304602651180837,-0.0637542278032348,-0.0076901980498507785,-0.05055766157544865,-0.05362074094399093,0.042529326045262654,-0.007571619693790395,-0.08025657325610491,-0.10894063630515517,-0.01544428803331532,-0.03798127710783917,-0.0582531263789999,-0.08228089018673501,-0.10222304710020785,0.005313552351328223,-0.04661103423396877,0.010533804804157838,-0.015417247315338872,-0.09798698876464769,-0.06327452937668851,-0.04934316787324384,-0.0485965562134316,-0.002746623352085059,-0.0088887136984772,-0.016848368410804088
2014-10-31,-0.051669607355684655,-0.1115341749512417,-0.03937364609517949,-0.07519220553976338,-0.04371455483606274,-0.018773921013762233,-0.029991177998886863,-0.1069516885065544,0.024934106995533535,-0.13962831335075498,-0.012399363366679591,-0.07603905896609976,0.049551557631753416,-0.06554385749946363,0.01682712510472409,-0.030135676609364403,0.0008892114450563884,-0.036754543241448515,0.01546481658728951,-0.004479707563763806,-0.02887139300431412,-0.0639692498780097,0.01920596148363625,-0.08193224130503955,-0.03554259207285648,-0.06316398696431447,-0.014631956853863438,-0.031854820228246795,0.008958365236923102,-0.07154821878263515,0.01958613168042888,-0.027348588907022867,-0.016591282112623118,-0.015113538988875852,0.05513475406684559,0.002347884143055201,-0.037387654310755226,-0.07088405755263255,-0.04028886522088829,-0.034144506000855834,-0.00905001284874124,-0.013715591961616473,-0.013381859997582705,-0.01787094254204545,-0.059295923169412464,0.004771369379203701,0.013204151162997507,-0.07386639667368555,-0.017481024584454587,-0.05134367752364511
2014-11-28,0.055987162038727764,0.03379541669900277,-0.03367148611585123,0.061213544669237625,0.00865816167687884,0.027531983895387323,0.020219870145442638,0.08942695120778277,-0.05233071673690247,0.09559492593059904,-0.0038231174219206954,0.06725346221260123,-0.021589047608197715,0.10275648939044885,-0.011577161686421885,0.04350343792813231,0.012940592810589943,-0.017818671071670296,-0.01769528620383426,0.04162823329617801,-0.03225799676764064,0.08440276805835531,-0.013739497889277485,0.12316363270285544,-0.03698817865403536,-0.033128166609257756,-0.030435304359427467,-0.0246622079290639,-0.0658803480861145,0.02752628984593225,-0.04349647567936902,-0.015851720234541084,-0.06713338572632804,-0.028145358440533015,-0.10206729493821828,0.047022666648670386,-0.05575738718100369,-0.02029205860024144,-0.013989374360505527,0.043779531586400335,-0.0494173250876465,0.006742070968502723,-0.03210150901720239,0.08451081299883668,-0.08280742655260892,0.04339402479328962,-0.017318940934645206,0.004760516122144425,0.02387159283846104,-0.055374635583754536
2014-12-31,-0.00380022499200138,-0.004735785604539005,-0.061460127756817126,-0.0072153626433746065,-0.08674373567245826,0.0031875502484964976,-0.0868843926012569,0.01675961983350229,-0.028607658229513493,-0.035650295645097294,0.02666444319468313,0.020258399729534155,-0.06816911135135743,-0.0037619447683741396,-0.05308105494906328,-0.016580761189172562,-0.03803772750350727,0.006583947259490324,-0.0040362023433494175,-0.06574953212721826,0.020332284309515614,0.017240634913305734,-0.052965653939249915,-0.020175023765160158,-0.013872270907756442,0.009959124179960876,0.0021301331407119284,-0.00047008991074154894,-0.061763907385356025,0.02842164498196286,-0.031249116986263127,0.042044919983656226,-0.031574257173994875,-0.02586537127396228,0.011899007204987804,0.02422537334744176,-0.017361240390255057,0.038254534603402605,-0.022382730388679876,0.006341747069973255,-0.017187317753454976,-0.03136744238284018,0.0007182707188587304,-0.03436979473869747,0.06280669985376842,0.08643225892805997,0.002165786365662276,-0.024632800407854184,0.006162844248561616,-0.002952974089647591
2015-01-30,0.030639250893270638,-0.009825801034097584,0.04687226837925966,0.00907258783628178,0.01712277710689873,-0.021641838017750645,0.07329838902996202,-0.04568640547582109,-0.08058128502887467,0.03790950913590212,0.05843983718936627,0.023221526440897533,0.0469794261576191,-0.05874017713024933,0.028961369252503665,-0.00418294856285481,-0.034652461736503874,-0.058257297667570394,-0.006939550773551739,0.009362045327539592,0.10466572695774327,0.06680801218180422,0.010700285381344977,-0.012396944559666822,0.017439693569259757,0.06073529479744404,0.1084154062627892,0.04773166954986063,0.10913264157687898,0.09194149407593001,0.07970882509784247,0.0415514443277593,0.14392460990111366,0.09951760998081109,0.11816910926578479,0.01820350091838177,0.14150756867302255,0.05485421215135705,0.14218772680169994,0.05493611877545693,0.14909932575498658,0.04535087982161898,0.05180237094637792,0.03758167374920486,0.17402697122752414,0.11729667369817053,0.08753831388347313,0.11583970365278232,0.1512905215490267,0.03997572343562399
2015-02-27,-0.03206227345924899,-0.08375315760327337,-0.013325841349380495,-0.020704755182262648,-0.03419233353839909,-0.029888443989729684,-0.06161074418835732,-0.010846178901161407,-0.06919413711535992,-0.023965485458663643,-0.041100358458621575,-0.03127067698557528,-0.07829044452076955,-0.03317730051728772,-0.025916575138818933,-0.05055251632032635,-0.06959629465491964,-0.011094628220484626,0.0005052263900678575,-0.07829164062316157,-0.052136127769516385,-0.012311836102594197,-0.06398381670195641,-0.05260944376297049,-0.09277298188209018,-0.054747724695977426,-0.08563189157933757,-0.029065986324097504,-0.012949533702928319,-0.02743502228857799,-0.018566796898747046,0.0013276618583058092,-0.10068206510212185,-0.07510232618510947,-0.06173546883114932,-0.057143703302649757,-0.05411349844994064,-0.05032196722621943,-0.13722517357926128,-0.031666611166489875,-0.014310325197010566,-0.08843669709522306,0.022714230876866484,-0.028005784625901742,-0.07082643375365227,-0.024180323130836946,-0.08904134345316699,-0.04591185661956865,-0.024454810383625826,-0.04532298307281862
2015-03-31,0.03710953168280263,-0.07303824015076237,-0.03645889680599711,-0.03276074779839605,-0.053298068467671295,-0.005358082097584711,0.017788162051765786,-0.08283779291159331,0.020554770842231316,-0.04121662981248336,-0.03965222826857413,-0.02911027940818795,0.030182541637746873,-0.0370424323477002,0.02729043815100289,-0.054912069666519195,0.03402580282269644,-0.043150642189211816,-0.011834024753391854,-0.008622776169550449,-0.0167268314919403,-0.02548178103916777,-0.0013211112501826348,-0.02372781480153172,-0.015614441932302048,-0.010327471809480196,-0.061643854445962244,-0.03990503242451323,0.005466572169129075,-0.010892718366740241,0.07867544128641626,-0.05639334545950736,0.011904949951881565,-0.09763426814513984,-0.046610054788159924,-0.03604300157862719,-0.038950261114785535,-0.07389868295897772,-0.028939702448879723,0.010574092145343474,-0.015928959848609404,-0.01877529745216944,0.009032413876743056,0.002510882844172245,0.01603400720553608,-0.006213506373539741,0.016341399130098147,-0.02540917156684114,0.013250375091292,-0.017009174071954628
2015-04-30,-0.087578893283654,-0.02564850485145516,-0.01132182812746134,-0.06511886008235783,-0.08850313418853055,-0.11455905866450845,-0.0685179665332638,-0.07910849068485827,-0.009120919806930687,-0.05497671074311834,-0.09642173877054733,-0.09992375850786986,-0.03923137382268872,-0.09476800891360454,-0.07788932537132152,-0.09680756514659944,-0.04137136065845653,-0.05491801345704463,-0.12762073367357732,-0.06527082908443951,-0.028504631476987466,-0.06038414980660091,-0.01670332497158085,-0.05399524873771941,-0.06110879925101393,-0.08377718518641021,-0.022808388278030813,-0.058813501152975206,-0.05428930036807565,-0.10307340517073797,-0.10243250405890389,-0.029554047089487355,-0.053190212247207505,-0.12563299010211643,-0.007927331486767046,-0.13953611146463016,-0.11292087027615835,-0.09300720400010926,-0.029008031168724448,-0.04102592081963245,-0.08804299994211301,-0.0554768053979265,-0.031385971115895646,-0.06151436460712374,-0.1028984898844841,-0.055114492855956765,-0.05911571921931293,-0.12557899230696362,-0.05356374329673577,-0.08868180145001643
2015-05-29,-0.031551103320340876,-0.11741401508020631,-0.04438683305059095,-0.04216383333862679,-0.0041348262085551535,-0.10380783567666299,0.0020087740557136607,-0.10624667334817565,-0.03314293392994088,-0.11273653310516106,-0.04037798667235215,-0.08046474975247436,-0.10189875834750428,-0.043269093725246205,-0.04132711224070702,-0.08755879393862767,-0.06973796725791444,-0.07260131973888895,-0.0020375004611934144,-0.07367239566401919,-0.04574601685061512,-0.09377684297694451,0.015856065957823087,-0.04218355423739529,-0.026074078944351247,0.02105033608108776,0.05237634704386196,0.020992648199906913,-0.03382067880496592,-0.09479593106658948,-0.003542049672495918,-0.06595327975927714,0.037718545257514016,-0.055631951222872525,-0.014030994864199809,-0.06979499337519467,-0.021213285304927103,-0.024730740634213218,-0.0640834407655269,-0.020857269252146975,-0.008832288056775578,-0.06916860259989512,-0.03419387588563354,-0.02787030577056019,-0.0530050628587162,-0.02664618700284662,0.007469193922282926,-0.05698043418826635,0.0004303739347711593,-0.0663335400941138
2015-06-30,0.13951231624956842,0.10852135124285836,0.06681058302477831,0.056460279376542126,0.056017336985641736,-0.0009508773684447427,0.052818538812361475,0.0364333297417524,0.11664073514178383,0.06873354163372415,0.0631834889967065,0.09729210607435766,0.11350364586767087,0.05803157880554936,0.03465320685464256,0.09339608499864087,0.08859776406231204,0.05236234508589317,0.032280993183343425,0.0575837542333932,0.09143146518666628,0.06813110429307696,0.09061540580458566,0.05160229614152541,0.07548245741930161,0.01764135226780892,0.050153142990051164,2.861985575500995e-05,0.03690866656751232,0.027712073250275023,-0.03126334795162473,-0.020170373473751592,0.08070898369556227,0.010243504472542199,0.06558174259151318,0.05681977581689575,-0.0061829131363556784,0.05512038715858854,-0.011915694098726115,0.02458968367454467,0.05594918727599048,-0.029881906775316325,-0.03908101986014703,-0.055620001822433145,0.0354236353944791,-0.053997165169362184,-0.000977546914172618,0.0499687040960903,0.05585136460573439,-0.045417999589950006
2015-07-31,-0.08153440540213006,-0.06130479716166337,-0.04947457811947908,-0.027310552868060507,-0.06971662586584418,-0.04282448499549639,-0.02882602882260991,-0.022451012892596482,-0.09250599686346353,-0.026366706609368316,-0.011962116043898682,-0.04731552489123077,-0.026194624484437278,-0.0260240340456698,-0.033830986670958935,-0.05417916196308919,-0.0023164331435132114,-0.07857635961859788,-0.07405782160228734,-0.014354639916245256,-0.027106789847625698,-0.0727719055449543,-0.07714456692523497,-0.06368496568241996,-0.03644957493511159,0.002173501429801522,0.022902081568368253,-0.03737838418591596,-0.08469929054286701,-0.035697740325276464,-0.04924594559350902,-0.015768163238477708,-0.028526519784720265,-0.09740038323988556,0.01115146404785139,-0.05116496480615178,-0.10264203147363286,-0.029923536257513025,-0.04168001936726935,-0.009311689158087715,-0.020037662944219672,-0.0011820399496442445,-0.03466809724004241,-0.0518350868253014,-0.01668808684442148,-0.022547195801499692,-0.0010590218092911795,-0.007833996028813933,-0.047439047744272794,-0.03508101036291014
2015-08-31,0.056680720227941565,0.07134497106939043,0.03813251951016815,-0.0005212184760168444,0.10517819222376185,-0.02714698102762286,0.060443631699201916,0.0943137254590006,0.05486454518582874,0.009930178817253669,0.057360324074901346,0.0006869250066906599,0.09008211871980254,-0.008892887968054097,0.09969513755545739,0.04312129816761282,0.04596326530623457,0.02250274084623943,0.040179929983201745,0.006769482554038156,0.057292920948941575,0.03607573837583631,0.1311026190605366,0.02000429877768517,0.09880511064969698,-0.0003616088868300671,0.05648238897561696,0.01382612517088902,0.14552668795558615,-0.032200926500827426,0.07515358557819213,0.04222988976187616,0.08495774939893072,0.03571447475849146,0.08115051394622118,-0.012776845664702371,0.08809757623875125,0.009610646315493403,0.09935197411695192,0.07288984271108467,0.04082978603710619,0.027016005233167488,0.07812195208931245,0.03520542324464947,0.07779603187988589,0.00941330172348653,-0.01316102603714836,0.042066004132278755,0.0974809127623278,0.032531957900353826
2015-09-30,-0.019962179245767892,-0.04285029672300974,0.01383194760404046,0.02262006254663912,0.07267480232031198,-0.03931039388460182,-0.0015844539339078673,-0.0266186290767284,0.050029525172654736,-0.03750887157907028,0.02517904173709581,-0.06080141425794966,0.05337738536930178,-0.03818541724383163,0.04953209008546606,0.024919379930831258,-0.03079690023588916,-0.025168556733383102,-0.0033487441819224526,-0.014730488059921974,0.05627813379936403,-0.054094940307517644,0.09256544548139341,-0.08175162085098778,-0.01925694831245416,-0.03838150841401101,0.04619846034830251,-0.012403716900915494,0.014763649884374293,-0.054308404113047694,0.0182321536023049,0.02573544592987488,0.03168054172158974,0.060986918601694695,0.03050984014625015,0.020344828392560122,0.05248729886038846,-0.0564905822642377,0.04598477071615521,0.04162543670610947,0.025885136507213923,0.02071897145778335,0.028941737206808288,0.06575363993822314,0.07017597974724785,0.022973752550886187,0.0663837673729505,0.018796702293047796,-0.013460715011242234,-0.043267677754993114
2015-10-30,0.026077584953554674,-0.042248323912181945,0.04648039776654783,0.02121986538896057,0.026660690471319456,0.01975826881221923,0.06180413708012765,0.050668257950019516,0.008602511947311434,0.01448384420579412,0.03277023145309288,-0.013859405695422666,0.023745532862638478,0.019466531290371968,0.03598958266448697,-0.0019949722609922914,-0.04020380658845314,0.010274574594736414,0.0573308823190492,0.0038626327634922854,0.018035914141753023,-0.021442787641076703,0.0074064493793539535,-0.01730910127407253,-0.031094607516167827,0.03960725602095725,0.06851781825830276,0.027971473971453522,0.08746706364136315,-0.008691234237510219,0.07407049543853775,0.13005483516679228,0.020227619569028403,-0.012861788009976803,0.07257593095141811,0.07275044877831663,0.07327698610274869,0.026801945738139515,0.06553352123052203,-0.036771029381497934,0.06053492242673309,0.007337329681295725,0.027416567705587966,0.0298750528798331,0.1091394570898144,0.06665680610681236,0.05155763839906495,0.06878055299423486,0.12097911470475171,0.06023878927840251
2015-11-30,0.007965274344555429,0.02506094298175619,0.00912399098122528,-0.011585861271579668,0.039392148078835065,0.07747772951972434,0.03661816672634848,-0.007538054558426654,-0.004688622669431357,0.04832512353827482,0.036347620084382026,-0.0024188208258083934,0.03018743437682248,-0.014760069831876919,-0.009098388123072093,0.06377827376489933,0.03556320831264487,0.022480291298073548,0.032180603846093406,-0.03349576048626652,0.08356767844079382,-0.0015420864470969634,-0.009513088168522381,0.011990401903837614,-0.01302041662445835,0.11395367461015893,0.05020279426887005,0.07972920456922897,0.035222655142158166,0.04454524127227703,0.07198805372795122,0.009093425734677432,0.034636315447547784,0.032644315324880484,0.07413174395207378,-0.02283944145096703,0.1113540994055401,0.06470903592399298,0.05786376812978806,0.0232721756752644,0.007199237328353453,0.010498323214480042,0.07937644594221616,0.04259766851531254,0.08779940160949497,-0.007225619258494492,0.03635899266473235,0.05700800166009333,0.08157003838814199,0.02524656786793969
2015-12-31,-0.010355686492703261,-0.012985869292572224,-0.09239516014076712,-0.08313822576970821,0.022316026261649587,0.004149695393900249,0.04582737086921378,-0.008111309336038847,-0.05410439193634732,-0.011743824553083178,-0.10076054457457402,-0.006958620889584149,-0.04463773223456015,-0.01997674722695354,-0.07377812300202698,-0.033865568379997636,-0.0008088251609380294,0.009070790440134903,0.06503640954482957,-0.014991706817228,0.017860618423219957,-0.02423712832449508,-0.03145834515168296,-0.006721461500233718,-0.04153859130999683,0.04576117269034655,-0.03841195908323273,0.0317192036339321,-0.003968233559775332,-0.05039431138397636,-0.05128560730623342,-0.012992675438259504,0.08844560146174058,-0.012487760182896476,-0.0019371717522944287,-0.006702533214985471,0.006352279211135823,0.05972902690645446,-0.016195494217699363,0.029952904780783433,-0.0065082659878303905,-0.006869476618983958,-0.02804413537417858,-0.005505181258766013,-0.0118623390934934,0.0349119958580111,-0.02603722424946498,0.03562366989556533,0.008622856620150776,0.02377356972526721
2016-01-29,0.010921406883410222,0.07811258994033063,0.027468191008264788,0.04413780271129325,0.045722533330354136,0.08507048258813943,0.029577341839140965,0.049918385862145365,-0.013458630411747122,0.019942179094394826,0.011126239772470745,0.012996909132361928,0.0019121014733850875,0.10183752699641499,0.025652776394768855,0.07262135363302268,0.03661556538246397,0.042200545287039315,0.006425143662025436,0.006274056308812975,0.041095045584628925,0.04253383253071951,0.03026478506347046,0.09333135176969073,0.008631978513381069,0.09773962447617725,-0.0017160666233866292,0.014472011346638634,0.0446669435225369,0.09815946889921259,0.029651458205477158,0.07131364785720196,0.07498047659761407,0.04583118899609834,0.04821211054211399,0.030756611247281004,0.04872956171809706,0.08319484029045206,0.0386567354785279,0.1009862580303737,0.08267813087223705,0.018150341226722655,0.10837607890887316,0.03407727462017635,0.1337566230224546,0.06159299893553171,0.042063755207726525,0.01675822415954642,0.043917200257603276,0.0643302898798584
2016-02-29,0.010494772733635305,0.06968140654474513,0.06880993618751848,-0.018683643232309692,0.03470371146934553,0.027178137547100068,0.09140518843585543,-0.011390867149433805,0.04506118786689374,0.02334881075471272,0.13012430568358943,0.055166038522946624,0.044669211203132574,0.03959296106487976,0.08152250200948138,0.00029082184935300993,0.07430909180979159,-0.0047181555058242765,0.02434196076365184,0.1008083129148654,-0.0063812734841451335,0.027597958480731336,0.031399756054222,0.03585815803478619,-0.0037330009357946017,-0.02044253326200117,0.013790600699214624,0.009500642341735525,-0.11073776664349991,-0.06672499321812501,-0.0467311126041382,-0.08001953263043624,-0.0918209035216793,-0.03788241228067314,-0.00605093525818811,-0.06896450909373676,-0.015318435946068954,-0.02291599741790813,-0.042322605727024225,-0.1267303150700854,-0.004916955610915225,-0.06949725439215158,-0.050699286365356255,0.01536665396562479,0.01082050752019327,-0.02865193589445919,-0.04201545474218445,-0.020392297591067567,-0.03770344381459558,-0.09034868385507638
2016-03-31,0.0002333580221851525,-0.0013716904286306276,-0.05985330523088214,0.04855691003864042,-0.05961202239630431,0.04453565875225523,-0.034414857271719904,0.048808714975201305,-0.07241647445196878,0.05776002380411509,-0.12738847158588767,-0.0337062695191549,-0.06161679420498224,0.04587625797496264,-0.011656422663509455,0.04209806018484129,-0.1140300352921843,-0.02022334693093402,-0.07875619766666565,0.05662593564283398,0.03243630670772601,0.06655080150275727,-0.0902143193740671,-0.0017829105658005023,0.010851244534232182,0.056912898962327825,0.06490771050598614,0.07359288112590485,0.06185135317540343,0.14250915283234417,-0.04617586460706053,0.02223904514175553,0.06552442022105084,0.10681553692536047,0.1029253376793014,0.04065544602897061,0.0737959616216215,0.11794888981364077,-0.015231260132778458,0.09148146502726189,0.08302453041372385,0.11732097273344375,0.030983319013072705,0.06496050973572498,0.038038327095953915,0.1254474192810815,0.05969576069733349,0.09656557723142924,0.056869083144654574,0.11845142246992427
2016-04-29,-0.0397861649966651,-0.048884547727061356,-0.052727390719666284,0.03133897406370249,-0.10535231216911482,-0.027180341845598907,-0.08132927966902113,0.0001546043355140636,-0.0307203956776504,-0.050807364727021076,-0.027909036108468836,-0.006512615649254878,-0.03858710734978254,0.0027896977167684196,-0.053618088032508414,-0.03990949210736491,-0.05361637261395767,-0.0563220312536513,-0.09253415227067655,-0.08521626378867411,-0.0416094248601236,0.00261865862136788,-0.04118056886276633,-0.04116981841039786,-0.08264406160576544,-0.0321694421618061,-0.036258721755402554,-0.0018217783158590226,-0.04785169393580159,0.02505764246517151,-0.022489124926948857,-0.024442730568593467,0.026412258045404365,0.020728936684250663,-0.009927318666456016,0.014730417421088727,-0.01303142899774687,-0.025621430235954125,-0.01595631341239215,-0.037762959304716084,-0.06401661917740724,-0.008698657900707452,-0.014752174714549694,-0.01688487035849376,-0.001814310787934507,-0.013358255435314603,0.049816482358469714,0.03714565295492617,-0.09113498577585288,0.09521607438894981
2016-05-31,0.050727035380336946,0.02867053214548896,-0.05462281397243678,0.044905339894240434,0.053431709810264225,0.022439355980192716,-0.039344035724051256,0.032106613916136735,0.01606924389803593,0.02014454423852566,0.024928190899099367,0.05564277185111943,-0.03581396670369561,0.03433006700131871,-0.024703110901189495,0.02994209302225404,0.024509685545428136,0.002595267761556091,0.051294090200132286,0.017329084330396698,0.045132868889598755,0.07717861851872189,0.0065642259052508785,0.010018984332097618,0.0009947943448382884,0.09014091315981759,0.03874197657888893,0.0388752501583812,-0.01555848371509352,0.041277020065902496,-0.02436476800188388,0.06865660443792307,0.05227962910858092,0.1030825070355508,0.031925155162642556,0.03736996878321713,0.03817752185950884,0.07777303896278225,-0.0046388455300602136,0.004313982562399801,0.036609276833877984,0.0970912443612498,0.02199918619696392,0.057737966525621534,0.04201208180921975,0.030855627720278646,0.03158060051849502,0.12728362074364186,0.04424903574901687,0.06803540726960564
2016-06-30,0.044853657092549785,0.04265063303238104,-0.013156496831243591,0.031011805901812267,0.038824410341828555,0.07358857407729746,0.0422366673017756,-0.019157091571186523,0.07107100050490336,0.011644777295038055,0.0768256229359899,0.061871317391997,0.061344891130652085,0.050830731015306836,0.0535701131581522,0.00929157343810983,0.03352397298343057,0.05807962993888066,0.010777710099584975,0.05768645562234699,0.08025421719382189,0.08827088456435592,0.07492345285066929,0.018838448402972666,0.04865090973823026,-0.020457457525023995,-0.01083611988144072,0.07601380014378746,-0.018096387300083422,0.024553209898112504,-0.010926882335704397,-0.015292864226365183,-0.04834118875638932,0.014395741815895669,0.025167925357583193,0.057302446289669455,0.0007894340108542531,0.011317230926680983,0.028140780205006377,0.009422068719480927,-0.007711066339746154,0.03795905801342964,0.0083153180273898,-0.02542331893767432,-0.07427625949218174,0.01824057365042837,-0.03830816154313032,0.044794588619510745,-0.011104029329223615,-0.020571592910443606
2016-07-29,0.014792056959450477,-0.002981474026797312,-0.034915804869486616,0.06408908318466464,0.019417643172863104,0.05604450904787223,-0.04283395521898122,0.05953254369608,-0.08218984323910376,0.02322255965804956,-0.03293299299567022,-0.06351494076015607,-0.055780486276852205,0.007295311015285716,0.027937220377850083,0.05985101665025112,-0.10864122922874635,0.0726760471841322,-0.015232557256896647,0.07566731794955767,-0.06856893077177272,0.028417445155005126,-0.015090784360096785,0.04709911232837816,-0.017033828438524454,0.017499930662881757,0.02888675354926213,0.0739392448205303,-0.021153034325070964,0.013062075941771695,-0.02003053476401968,0.018991740239418523,0.004435716603365518,0.059650535933279604,-0.022688788146128028,0.0040249472967972336,0.048326789309953766,0.09814922067247062,-0.0018604023637399485,0.03492276778562174,0.02534574139743149,0.07974417170550152,-0.05027078665216499,0.06538137077207073,-0.011210249184799471,0.0016447805465435936,0.0802797250245079,-0.0015185898596430242,0.03687211894072054,0.0917616557244203
2016-08-31,-0.05546481400688806,0.004441217087981061,-0.008984134991714958,-0.03452731707099108,0.028769208365838506,-0.027836136292962797,0.01902168003982112,-0.09550542457392384,0.0485866325906032,-0.023142863574575206,0.04407615214390015,-0.08963989915515613,0.015036469057589253,0.020564709407327495,-0.003812877346505217,-0.0766423655868194,0.0010051814964583284,-0.05993520584844411,-0.0010283142405750438,-0.004003406767025996,0.007282823082432417,-0.04605477400151925,0.035892378211633706,-0.01623070868006335,-0.031289034955012604,-0.0405858324152374,-0.012454013063126053,-0.05265728249268706,-0.01727678199784656,-0.012152363756538984,-0.08775905511801892,-0.03999275305032554,-0.09082853614785427,-0.07517803141795773,-0.10628529240438193,-0.0002986586317810652,0.009941358400678911,-0.1253290121356163,-0.10591450199218698,-0.08515091004847365,0.0024301428726354254,-0.04379458466611784,0.03362512574630153,-0.013686181265834256,-0.037538723208982584,-0.06798340484559642,-0.040175011797540607,-0.10563816230884068,-0.005194891541771867,-0.08473247743095343
2016-09-30,0.02684287604870727,-0.003778401459973952,0.03908712654851902,-0.06981666221066843,0.019939254228133415,-0.00469206685174051,0.026340503869986515,-0.013418818385395031,0.03122566947966182,0.05253632710263162,0.07158457409968552,0.005756257074150024,-0.009364309904137058,0.047827255801145954,0.0005725468957023527,0.04419116017337499,0.015221712805044148,-0.02577522670091832,0.004388609414710573,0.08365573687168137,0.031025481033071567,0.02371544348077588,0.041432221903034534,0.0421201507197143,0.016929990525466173,0.04627656527931946,0.11489975825696769,0.026010840357866587,0.05021200269838988,0.09056638647528495,0.026234466513538557,0.01236698534138387,0.05793842624989316,0.02478551848066717,0.07818993050456143,0.0460954636433858,0.0552999128261666,0.07923054232067485,0.1083710158754434,0.03472903517378558,0.017359815676471706,0.01668994129332708,0.09657827177234583,0.008237782380695946,0.09275075957633262,0.09851834923681341,0.06207221062645982,0.07961581547080504,0.09488401432722376,0.10549841724602176
2016-10-31,0.09258600892909544,-0.024217524513884044,-0.008122775299955996,-0.018849463874594012,-0.0016184857100974698,-0.03190500961140098,0.022376666716905698,-0.017728754851134856,0.10694287341251424,-0.08446194697954085,0.04354207988224451,-0.013605042822371013,0.055913162908671626,-0.014852911573169158,0.02861809548032177,0.06233066565336157,0.07138875998927124,-0.07135219482370456,0.013513234100495475,-0.008266294477658014,0.0529858613377639,-0.012173601600932504,0.06953893545176651,-0.05773564933775534,0.04267594051020279,-0.020320189005408426,0.028115679547866965,-0.015892433445528334,0.12432379274240196,-0.006935010996959201,0.04893613176064157,0.016829221390945958,-0.07196976378884028,0.013204268518218269,0.0689902463319407,-0.009992127823460793,-0.005803386679488699,-0.03688970846261181,0.06475201818709189,-0.016936879908243333,0.01317525491681269,-0.059396281336833986,0.07634928901828313,-0.033340301905947514,0.05879244945870678,0.010803503116436367,0.0024278518546853173,0.005646219384084598,0.07295981027897264,-0.08179896821709172
2016-11-30,0.12583895265958747,0.08093064739415022,0.10460805153496303,0.1105836142751987,0.1396344549524488,0.15604209079637066,0.1453180546207614,0.07145957488424995,0.13301314160804606,0.11320272892612099,0.0821344469869725,0.09570297633193292,0.16335961388022188,0.0839299820622566,0.13020245157443622,0.031035899922414414,0.11696900734949693,0.05728357629954785,0.05254377570041921,0.14200534778951304,0.13375527119011452,0.12263596849348078,0.1101116860271987,0.11051474427172736,0.09533852482191907,0.025103719533580593,0.04853071422307921,0.09600984359841042,-0.011777719249542566,0.10076425869717354,0.0726413390518872,0.10097639943550381,-0.017432471122516648,-0.0035223382820912634,-0.0033025700063692154,0.004484334169019982,0.04504542124261101,0.01597661546526558,0.07479819441980057,0.050022709853569554,0.028214712705225638,-0.02023008107492743,-0.00272604695228372,0.003863707100010414,0.07225530983118837,0.06824001367674212,-0.006145080307773672,0.1063103685452471,0.08119082256762601,0.07411783491836858
2016-12-30,-0.08889379098477138,-0.11649027830727231,-0.11214024252479146,-0.15286930263991627,-0.13505748179104418,-0.13202723119889945,-0.06761739472206238,-0.141042922516115,-0.1592750313185925,-0.1569930851901402,-0.06820809536390446,-0.1777408567978366,-0.10268371166753791,-0.16073185536101,-0.12190869824425483,-0.22560565831140011,-0.1123664219333507,-0.09868113636578338,-0.10690801286532246,-0.17596318139793746,-0.16216950699170815,-0.11451088046534635,-0.09696825164436289,-0.1510190671929746,-0.11012865137297365,-0.07722694257153918,-0.07075072790756812,-0.05615216854744587,-0.07003417856530327,-0.15700334048472708,0.019731409083374944,-0.08820582283353048,-0.059053488211588845,-0.09970033991583242,-0.1385102791366516,-0.077164676530859,-0.1324216714508173,-0.07554061299667192,-0.16712747982677478,-0.13592733962764242,-0.08979541370838984,-0.07634003969055118,-0.04459544294657805,-0.08549989060771114,-0.13476584683832327,-0.10484192244023316,-0.031305054245821355,-0.09913990245497127,0.009758817316185095,-0.0830861728473776
2017-01-31,-0.017602623112338855,-0.0772766433005456,0.014358406443429592,-0.048479358772214695,4.242075273986484e-05,-0.025249934505231907,-0.059795249011908774,-0.08842592455303358,0.04480228153972866,-0.03793500129807913,-0.03774688616196485,-0.03424741551965923,0.05025270812433117,-0.02455168335710497,0.024214747622192244,-0.11697200534564678,-0.018301107402324126,-0.09656613731738556,-0.0026666593405796513,-0.03535785030617969,-0.017688395034022697,-0.10968216143031519,0.02928566361805191,-0.09422666813042695,-0.03932557450065158,-0.13518996966388444,0.06619332744197812,-0.09608694041355427,-0.007248345848944356,-0.05632140167185591,-0.00021440605439891625,-0.06177746097230556,0.005510060740547336,-0.16944760480592566,-0.007191698361410273,-0.02317183089517704,-0.009635197550119181,-0.08229166886719846,-0.09633879233376548,-0.09861616259828566,-0.03854927770758977,0.00920620989454736,0.006755067732353563,-0.0571972508953074,-0.057147741103369905,-0.10696953983242447,-0.08189492746038951,-0.13346314204181495,-0.010439631092165867,-0.13334691132610818
2017-02-28,0.04543957281880121,0.04109104513078201,0.07478015535470973,0.03823982241750506,0.003616368431885574,0.01999193575033292,0.06894822021670113,-0.013003012681575658,0.022968678826168935,0.0799376048186285,0.021419336145035935,0.0549545766060988,0.021880549480408507,0.026319808380010325,0.042064515344927174,0.06754960504143269,0.050091759970086316,0.07486486356750166,0.014767091412857645,0.03204621649317611,0.029638692448125618,0.056511132343400425,0.07591926597504625,0.02062680811866744,0.041192126422476244,0.007400793930764229,0.04232511888933556,0.013447394271833089,0.05183095717688689,0.07222295660571584,-0.012773738100424543,0.003280783705705042,0.013400412909870721,0.051878404191083964,-0.02043290314303674,-0.004517221699935452,0.05038497651323696,0.06633663319431576,0.049475322361436834,0.04020376235612173,0.06762957920161536,0.04119834233070838,0.06568651611245904,-0.007921635786894941,0.0891941403901125,0.041838705871416096,0.05391712722798888,0.11699678522201198,0.06757058610531047,-0.009549774543722071
2017-03-31,0.05320613246208712,0.13921813802362273,0.07794774721915901,0.10396100666747284,0.01732332648132578,0.10104918845223189,0.09002942542994927,0.082412084658259,-0.05894452282492021,0.09321841814843329,0.05272342611878727,0.06615417350317754,0.03869829238254933,0.06468263632024981,0.002973536679721337,0.07160718516905472,0.03275474398147461,0.07120356998069366,0.07541202025609803,0.0605202668270579,0.0056933723839033765,0.03971596291725837,0.025105234157546272,0.04788258040577893,0.005050037380123509,0.17536715690227742,0.1112419645248113,0.15986303061691065,0.1350068924862932,0.16840100010925566,0.06515855196851922,0.14455310155857756,0.14215711629445105,0.21446167625331036,0.07469908007180678,0.16463719999672033,0.08089020028378929,0.16671710023783567,0.11316765494412431,0.1442243181879749,0.13281331768018229,0.1777669179038479,0.056696403929530036,0.14897812783766373,0.1925180396084737,0.12441871819879492,0.11745486449391129,0.15369500023317736,0.17896573909022667,0.20419446491235854
2017-04-28,0.18823825964559945,0.04701314203050977,-0.008453621771077502,0.13888089503207302,0.056486690552543975,0.06740252878794994,0.06025255638639689,0.0821247614808386,0.05576304953854766,0.05977266050720682,0.08711350251754743,0.02879537101892432,0.019277725300100572,-0.005780155990417028,0.048139464071793286,0.0877159622494093,0.03641037402714044,0.08800892214848029,0.01096693244711696,0.10604432122409033,0.035172280012046295,0.0793971394836408,0.08006908448685979,0.04086037355241164,0.05624554528003595,0.051065278150448076,0.10098017634093878,0.10407387892295011,0.10006214814528866,0.07433502712027101,0.01958813169754981,0.08986305654405093,0.1391108660833204,0.12341286187640516,0.03370276634537233,0.045010899874938344,0.10226596443318162,0.0461286204625877,0.09543615921322628,0.10355725856789474,0.1121542499845577,0.06029406093396275,0.04064325760622847,0.055759169178638546,0.07317045510811743,0.030376595788588763,0.09604262922920714,0.0977893123599818,0.07508492224995587,0.06596391971100077
2017-05-31,-0.020872113171743742,0.009870768995616353,0.005410318310342384,0.01862390037429436,0.02535011402520109,0.0027389398471627385,0.01407305632597244,0.05627365064874282,0.01332133062654998,0.04704153218115274,-0.006701913050305491,0.019818996529924603,0.017699435550562578,0.05187295102978037,-0.04719083572209868,0.04127221164914478,-0.0037859495899236813,-0.010243498966835702,-0.006511290732897147,0.0517782743069812,-0.006955383405355963,-0.03172676874005853,0.04187493714994672,0.06043339658469236,-0.005019245472717079,-0.04429384653394727,-0.044553946293412486,-0.0633763460000969,-0.07017168778358027,-0.1011149760596877,-0.007419554670017689,-0.06704928542390771,-0.07871368970397173,-0.06587213333526049,-0.03925236259460638,-0.03621238633853745,-0.04657495363550446,-0.0692067513820726,-0.15291140791011398,-0.02453890835029021,-0.005023230645181578,-0.038201070425233755,-0.059982522467858096,-0.015324417588690856,-0.04921502046777286,0.019582065183672254,-0.05527862329105049,-0.05038909637794847,-0.011978230907944837,-0.07145905114508788
2017-06-30,-0.09191532728182715,-0.12715390615977185,-0.10905438134508998,-0.14728378396651587,-0.08095052625366797,-0.052627810866626296,-0.11208689106584477,-0.09755813043528773,-0.042702832720578,-0.10711443363603673,-0.05298133129496796,-0.042998027452380724,-0.09905888860999436,-0.06521134612646347,-0.0656436560599489,-0.09777480015959067,-0.14846962258726187,-0.04077840076016344,-0.11972270287114373,-0.08533160350456177,-0.06507534266252224,-0.07785955967260012,-0.14579468242851779,-0.048394290426194454,-0.08295090847877898,-0.0901451806106367,-0.07004089897030259,-0.06088964617544689,-0.060825452089158794,-0.053223231687399564,-0.121127365799862,-0.11606335832924011,-0.06430712250826685,-0.06483031599740577,-0.041897569497436865,-0.06820959736753524,-0.01920110496472799,-0.11174119095601073,-0.09155283981211901,-0.04364386656039508,-0.13002335619618435,-0.041419576793277416,-0.07032462932743073,-0.1166412694543168,-0.07906925158357833,-0.041304690250439494,-0.0773206498117873,-0.0784506614232552,-0.06773549856553565,-0.08427355044056448
2017-07-31,-0.060706984866393844,0.021720704684936195,0.0006610881276248059,0.026967767858942518,0.05688575943034676,-0.017663403494235536,0.10386312255174238,0.0352268427294588,-0.12532968109948703,0.025511426995140314,-0.050911205232707916,0.0399130017400794,-0.02034813236795848,0.02307247836690601,-0.04884123897872864,0.07821147150960024,-0.07292686615272496,-0.009585283566747739,0.02594753246719811,0.12071136098020752,0.011726763092993862,0.08368391709256315,-0.0036473365989498647,0.06558284532130852,0.10336989701708656,-0.013023305394220114,0.08545600790693557,0.0967416311962021,0.0979461788365326,0.06056230513228722,0.01740006405141188,0.03949447718328457,0.09885797333447321,0.08639574905748226,0.0094697455949082,0.06188972463552489,0.13733775988509556,0.038120947125087866,0.03221082239941386,0.04163145553311562,0.05458506951003062,0.04756690803762242,0.015181550203402089,0.07057992193470143,0.03266832746129834,0.06763292342774309,0.05969775561721302,0.13608555969409458,0.048572216738174356,0.1056652414898612
2017-08-31,0.06334701857530357,-0.02022768820200467,0.04459044379599912,-0.049579970861850016,-0.01218777826808105,0.03025850970884752,0.028590008218425746,-0.037924609571813095,0.07685835219026442,0.06856587264955585,0.01545968210066738,0.013342053410400217,0.08800578954284102,-0.03743587368923375,0.02548841443104162,-0.07044363963849223,0.002638065104204723,0.03445480402292281,-0.0019330087717637744,0.0597334844330326,0.004152308159593252,0.03727971722814566,0.05617807677840901,-0.06615633450839256,0.021105266372904177,-0.014398849402602295,-0.0892429917967826,0.027416079012475447,0.0156885037996128,-0.01403926538822599,-0.004630413410478873,-0.0027957113462736714,0.005549333195669517,-0.04219345540255054,0.005081861468947976,-0.013067374521393331,-0.008208611694751079,-0.030968544538455857,-0.01942707284998331,0.07068038704072294,0.03764224479981025,-0.024665808161879653,0.04016377826834897,0.009669398340376903,0.0038736168845631695,-0.00038582730319854097,-0.002052556194384268,0.04187370750658336,0.03623135080496731,-0.002003676843608162
2017-09-29,0.019987182915925678,0.0013729812335422018,0.030276991873849326,0.03831232144889314,0.0048892493256406655,0.04549096514163811,0.04966093399172929,0.08916077436715364,0.017246618831963576,-0.008860864934780693,0.08189419616963549,0.02516050437159934,-0.01083656268025153,0.03076628073720958,0.01540620834702569,0.05554159524404545,0.020825842931488016,0.0649258436593115,0.06794033759313776,0.005098358574561573,0.007104308450281829,-0.01619671728555569,0.0316918333631347,0.06099352490772589,0.05071354380666135,0.013647711364592575,-0.002523542586561185,-0.013300353581392345,0.1310337712835649,0.07326130303949871,0.08842714350091085,0.014799643463771633,0.061789619426877385,0.05261916927993836,0.061664149092833215,0.030091738919011863,-0.007542939746265055,0.036832826728442784,0.09678555985396423,0.012632844655956106,0.09778109201797851,0.02868795659172904,0.012921621272977316,0.03162651975613652,0.09071047286272442,0.08740402698157348,0.09214065419838391,0.04510933393651251,0.0771500852592026,-0.004041587491007789
2017-10-31,0.03342757562390544,0.04058997661592904,0.03332012643461376,0.08078276856489733,0.03448709851644258,0.042240854964066495,0.028747728526089058,0.08975890677320392,0.10657648313025837,0.041016537229086096,0.08353496854576245,0.04116673355498821,0.03308458156506623,0.010596508586532247,0.05451811666814446,0.06179905321726552,0.008074343142519945,0.08042270792820401,0.05755446956631075,-0.04927768887447696,0.02292648080796058,0.01237730051586727,0.01676434741381532,0.047253132572336,0.032503085004876114,0.03549269657348191,-0.02300411980713177,0.09686005014216963,0.015353879678213316,0.0550927928186726,0.03774052112903632,0.026845222983491616,0.036730956364861775,0.03977556322967045,0.024979618284875924,0.09051873827950928,0.06510412933692615,0.010648896796145868,0.012185684130444378,0.0673354381252465,0.049840481610515755,-0.021000676367601324,-0.05146595253165042,0.04249255657852043,-0.011846556364497121,-0.011229191111429483,0.019439333820304595,0.024899771850681113,0.114258497100002,-0.004250049313495822
2017-11-30,0.002557636885666719,-0.04519553543373329,0.07409097611829578,0.03608977328860348,0.10078713919911751,0.05678047920063471,-0.03232767765745809,0.013315995532240471,-0.03279808914729164,0.0010215904786391831,0.04741072363979841,0.0065188109120958935,0.04977224225978756,0.00892896147500096,0.010579296720760672,0.008037714867591483,-0.029752858268665198,-0.00859878344396709,0.0349925030848787,0.024376633907031726,-0.004693341487495499,0.03728828960533928,0.0433147163761128,0.04384075668819351,0.09066009253850621,0.0032142417254151043,-0.0058547089333483345,-0.019804452450828847,-0.007431336140745048,-0.04130464799976356,-0.0006259984929210417,-0.01798582614817772,-0.01033175433361189,0.008876628025310397,0.026320864355206294,0.004592360187278228,0.06744622598709174,0.005262469344125501,0.024573631771509,0.035504814985905575,-0.05112588346686331,0.004179500180717969,0.008910095226992057,-0.010529093704513867,0.05519752116682946,0.04343072565734696,-0.034445425704559225,0.02911189250165593,0.03557181458024253,-0.0019341514015787315
2017-12-29,0.14573459549463358,0.11088624340062332,0.1283944138123718,0.14375276112097024,0.17243559170841793,0.12297982671525934,0.16058076643596583,0.1372422637481352,0.1393041653430781,0.11250093614054382,0.10694163465928644,0.11275825552863294,0.12882757542690437,0.1169486411883056,0.11212159979590137,0.19061193626589035,0.09555975061063901,0.07439113851293716,0.1442710903036207,0.11653532906791055,0.1663326292589602,0.14848282808390276,0.12843769695920654,0.12876640046000942,0.18940364652938846,0.13138968353785888,0.14046750669817018,0.13068176328549483,0.0935025495478274,0.14327515435480978,0.15779871492945152,0.19661162821291694,0.20698828889123652,0.18969097451389272,0.16626096361087106,0.1087367902268596,0.18795404756857903,0.1176843967213353,0.17417582106636548,0.22807407661997126,0.18834617531600165,0.12823440784866366,0.1415205295909564,0.1911969226518341,0.19559114907857753,0.1128968163821145,0.11323742934406486,0.19549761182408643,0.2065622086448488,0.14188415959231723
2018-01-31,0.026131577102441916,0.03739030164181276,0.031719374806509965,-0.004931718028363938,0.006514115297053383,0.011778933255238256,0.054128110851528806,-0.08041003604799177,0.06429273885083413,0.037504758558040724,0.07376625636418138,0.07595015710381,-0.019446545774071386,0.01552949788739278,0.10031119010366496,0.06672289784229256,0.04284337379648456,0.011094776626724248,0.051889647154061996,0.0018133219531960183,0.04996355225175207,-0.05279621768712099,0.052225430057730185,0.02724701853242469,0.10961808523807523,0.0017951496390174026,0.02494470506879561,-0.031147630149849163,-0.009346144183425732,-0.031526319081196796,0.0747796909801469,-0.011910085477190819,-0.03780382571922213,-0.020995627628916352,-0.04455008589159186,-0.04766679160256886,0.00823836904011524,0.017401278363316244,0.08596782245110812,0.01474928377860778,0.010809943975074324,-0.05690635122647486,0.00686850939159964,-0.05032820599331103,-0.010040634627632402,-0.054817556430895566,-0.015848509456004002,0.03257635630474662,0.0569559462151114,-0.024367007149895294
2018-02-28,-0.002987728865465138,-0.06044222020192146,-0.007438451157120149,0.04282619765064871,-0.00628093692715781,0.004068212846494775,0.04799826602502773,0.022496780926361187,-0.025965618180266277,-0.019939160388760955,-0.009675323147076384,0.010211755368820338,0.013201270939918866,0.05543038774066005,-0.06592087275366984,0.06270368704541743,0.03534836516567123,0.04773343018570747,0.01022023045394783,-0.028862628388157993,-0.02275996340336779,0.032629318762552526,-0.06118277244123517,0.032017656616817436,-0.01865995569345366,0.013293832344866963,0.048898403878131436,0.0454620644347766,0.050138320328202465,0.047966880266463716,0.019769673513241937,-0.014406079610311463,0.015403755116401328,0.0857503612505881,0.04265126988137927,0.00990844013705529,0.06677210849763605,0.016276862453473658,0.0011321564465698562,0.0001490505280841957,0.04860067820517551,0.023380174295705127,0.028511239793699655,-0.007732709743941253,-0.030297369411976586,0.033515236737596085,0.053349728115145004,0.06759791698017875,0.04968575872060995,0.027551485993661015
2018-03-30,-0.012873390079738903,-0.035454660831243295,0.00956117834613775,0.01150783385190457,-0.00827941594919528,0.019234763118558103,0.00023193104706190765,0.00212029994032676,-0.05340653096503141,-0.015833575316393258,-0.01635569016400979,0.05811875566047004,-0.0697640547887906,-0.04974835574204114,-0.021673856565398924,0.06127064994124996,-0.03661786596986052,-0.0584037431373477,0.004932385733653517,-0.011111950029040595,-0.003714199318623627,-0.014240495270529598,-0.03769525500869187,0.017285152445524074,-0.0045738768183697254,0.014028301592797113,0.07602992419528495,-0.0001722123612482307,0.06330776902421982,0.06751959411759324,0.07022039373002278,0.0831112600174917,0.034109680016876795,0.007974825072304993,0.07117659184561637,0.09095251049909726,-0.01236308847358275,0.04859196210916514,0.05430599829729975,-0.07104618626808815,-0.002417391252785884,0.05307214146134324,0.08262368464020033,0.0909235055321834,0.04130608105866525,0.018320629738877114,0.05302689975104491,0.0392635946443882,0.038758790755765715,0.03760874373841932
2018-04-30,-0.027689269748188732,-0.11043496336803678,-0.00031034524685996656,-0.043959790950618735,-0.039369715291219215,-0.02593973186170714,-0.02987032873299247,-0.026018437168021373,-0.03609442879881931,-0.0611615439618642,-0.018883948811218465,-0.03479209265042252,-0.036512963327699315,-0.03988948616932646,0.007227932016360756,-0.0438781543134467,-0.03075994709559772,-0.09319690807263287,-0.027013027901011122,-0.0009693290610675587,0.06705999745990272,-0.11132052436430379,-0.010546953915287692,-0.08851262759229431,-0.010865842851014343,-0.05878935309980398,-0.007120851807124953,0.04650637057293829,0.06269850806477191,0.001180389487829902,0.03869040178403178,0.05546555532389269,0.04091121278608143,-0.0030496405022096603,0.005756283211651886,0.0740334418823853,0.04276127237011551,-0.042191352581694985,-0.009125691053868564,-0.044542867130524036,0.004067380620225367,-0.0438107670748911,0.03781666279314819,-0.012807462072806395,0.01147486781719572,-0.015470396122483451,0.03471123251458177,-0.04448868961793983,0.015678526084156978,-0.08681903844075224
2018-05-31,0.06974064898010957,0.08857036233261775,0.04575563385680352,0.039460157856690735,0.10452543153044563,0.026178362157277688,0.09308119162892406,0.025149772683501367,0.06164668407653022,-0.025579036200573668,0.03920447354487314,0.0351135618774866,0.06294579656246052,0.033098943629260844,0.04759458283156262,0.04108852958421319,0.034237477647700645,-0.04213851015947334,0.0398384488466784,0.006547846327316864,0.10907010703213996,0.04854979906864081,0.08188783081964193,0.006516684090681672,0.04796662372397566,0.06313184772454093,0.058126292436337865,0.02257692152603174,0.08412107684102829,0.0405965421452896,0.11589823998973126,0.07546075313017153,0.038289088464202196,-0.0024427103946421044,0.053282888908100734,0.07824883017197273,0.04864716729423435,0.04794234166637657,0.10907346137393997,0.08358718224721667,0.07043569937490984,0.11534872652650124,0.07370317004712325,0.10309691592337397,0.04325226561640927,0.03200406222180182,0.09095766120118248,0.061382508675906756,0.03388112512550727,0.03174436880152183
2018-06-29,0.04711080851765614,-0.011068471148846565,-0.05536416109411377,-0.03201086811871597,0.00439323424636125,-0.06565339361875525,0.020274078180497996,-0.049027509823381665,-0.030958866777107234,-0.017003280870422362,0.03425304342710272,-0.06396596106071706,-0.09186418088404637,-0.06638081485482761,0.012111483266678049,-0.034508133453595165,0.09935681409889614,-0.02344086220268695,0.010219279899889725,-0.028397094813975614,0.019931089206384103,0.04115732022889124,0.012568450015844822,-0.01905800555932881,0.02498667727248598,-0.036897853538868985,-0.020090634351734034,-0.030843824895315994,-0.019161813806687567,-0.03631245410959108,0.009643740872753501,-0.01421538164014665,0.030023051266348025,-0.0444376180696218,0.029107594980160464,-0.07185501770937561,-0.011998670670073819,-0.08235444124997258,8.97809426279178e-07,-0.02976433066602789,0.04225322705323076,-0.0783221821769397,-0.04708897743089565,0.013815701771789098,-0.0888177606607207,-0.0018005930581845506,0.0076063449592817,0.01295075450562333,-0.01035685738851633,-0.06683358905426312
2018-07-31,0.043866475018309245,0.007216811420899481,-0.045065044081509485,0.04502825841949934,-0.004245359468885908,0.049024152381047854,-0.0020742778732195117,-0.014745810374118165,0.02979750190643009,0.03442629671513396,-0.040696238859981554,0.017581726166433494,-0.005648896771471627,0.018543728582163563,-0.05295014917656034,-0.05923523152022123,0.015788302700411427,-0.04034480321694715,0.020785486739993312,0.015418472192170341,0.031223191028954548,0.026966032179840976,0.012920818872687768,0.03496256687550373,-0.027258331776626198,0.030476644138093572,-0.004369096763826047,0.006735575425138272,-0.019233308315721898,0.09848642189851739,-0.00389973936160631,0.04311700077613964,0.025888790012375765,0.06548923464246502,0.011916200589294344,0.007885754429202071,0.0760519546073872,0.06946627288046386,0.023828461746263255,0.01682770286459591,0.05158596848363274,0.010591316724566646,0.012756540769564815,0.05910211935220887,0.025376978028207944,0.03289189946675901,0.00788760984426833,0.16187980759172327,0.09105456583041091,0.034809538943628884
2018-08-31,0.05776002870349737,0.0326592898876226,0.031241113373271907,0.02013551530713157,0.07140989735479358,0.007917674876876848,0.05534704489756303,0.07109405528386198,-0.007568571114088915,0.08416977548567217,0.05481922187455822,0.002251869912304666,0.05101087030517229,0.029474932529056065,-0.026542839447720658,0.0608972412393427,-0.001700992120592982,0.0725003614721286,0.04064377505126111,0.009955550255988786,0.067066975570273,0.0437856060144639,0.06860072658170395,0.01311312608692812,0.059079268097395686,-0.05498670048215677,0.006496811357640782,-0.014075841339152451,-0.01462428920698955,-0.03009195457902656,-0.04736613863776193,0.02478749240558279,0.031811184071949765,0.011752755938245228,-0.017604901573781886,-0.03323034295195305,0.043393374763936884,-0.007277487111027877,-0.01012389873422201,-0.03435749916174995,-0.004952085434149375,0.0258390332244047,-0.025362710995997937,-0.03160066537195606,-0.04825330135273664,-0.041253985221712114,0.016468694724748472,0.04678722781308284,0.021310467877515758,0.0575058882878772
2018-09-28,0.034113157757541535,0.11788494184144502,-0.020341442710693207,0.15277227172886004,-0.007078159633044423,0.059108179295725954,0.1198534894740632,0.14493162832683465,0.08156334119801906,0.07592154338192561,0.01056057695857298,0.17331761449202038,0.039338906542302134,0.08658535865475676,0.06977078689239377,0.17955417174120908,-0.028571381609534353,0.13216649918765555,0.10399025199715614,0.09779263085859574,-0.0064168703637627125,0.08970117889704413,0.042704733493290244,0.09939692934138822,0.039627216454433185,0.10314686029733197,-0.003223849038942135,-0.002269499105888681,-0.006836611416415818,0.1052386496785447,0.012072543090683625,0.034524252962581145,0.11439905142606832,0.1050700190508965,0.06136729814782059,0.03515132445972538,0.03743386520987422,0.10991392597127284,0.013706828337768623,0.03945358341430505,0.025960639955722047,0.06689942838335179,-0.023527668473873022,0.0966624339594587,-0.009545506425064604,0.0640082746187956,0.09548623670705009,0.07648002604590447,0.031260917725329386,0.10192390886592861
2018-10-31,0.08575065306492194,0.027718071615710372,0.024123240094171827,0.044303029671738874,0.005642144967748015,0.01579271164384223,0.030114610286156453,0.07885199010005342,-0.03222324517065931,-0.013132870388853392,0.005214973326342982,0.040332479419502076,0.03873116045228491,0.04546061899153221,0.01808050328290044,0.06557239989154863,-0.017955797431278293,0.030208276081611415,0.020069551609074032,0.09952906562760921,0.02521830198117058,0.06321614111850221,0.03602380956576322,0.014315720777830769,-0.011156040081271162,0.052026028596452424,0.09505649027496517,0.0566701940774212,0.05021276696075228,0.058645761870839946,0.017740104828573675,0.017175262282637486,0.09135328033853635,0.036686560764035786,0.08067994111061154,-0.028937435001360035,0.03473717752987797,0.09636701008591847,0.07781876309804145,0.04538884473590634,0.04260519623061351,0.020049377619147442,0.08587918811185151,0.03766535189380665,0.06344951123140183,0.14350527647423456,0.055917984802794383,0.04193973858120226,0.1068933485756074,0.0481126653166284
2018-11-30,0.0032487113600572354,-0.013247434889173751,-0.03148022040877792,-0.019355539894963785,-0.059497153545667245,-0.03635045976472165,0.005128248640216604,-0.03428165336662135,-0.022605085982569474,-0.0586305639305913,-0.11644894916221464,-0.01513108382102565,0.05958607697408079,0.025100095505029056,-0.06117044918406474,-0.09968604022273371,-0.043939391334899915,0.052555321482879176,-0.07664282724985563,-0.01429697435703951,-0.053146257268183617,-0.034987137168631215,-0.022799688677327207,-0.018686409497216325,-0.05381402481165784,-0.06010785117080421,-0.045765375896133095,-0.06998502951242973,-0.10622537883923852,-0.05654903081620863,-0.10033968794093046,-0.04526125018916531,-0.04855814457780727,-0.10707984404349084,0.02005057664824332,-0.04130120217279189,-0.05440330853846987,-0.07723975361308981,-0.06082831376147525,-0.07968941885034567,-0.0011252995359400872,-0.03520637724728605,-0.10838988254633616,-0.09216163285324444,-0.08307934066634182,-0.10900810462389418,-0.04129190282863816,-0.07879011573694232,-0.008217561180227512,-0.0341922712896983
2018-12-31,-0.06421380011431078,0.0345233864423215,0.013544286597162003,-0.04700759655411739,-0.0712794735856189,-0.060255026525613445,-0.017675675522193224,-0.04496152617144737,-0.030091931952885623,-0.008823619891144125,-0.029323829593284004,-0.00302656949712269,0.01171635100461663,-0.0041561605710032316,-0.03898587064774796,-0.08105375900536302,-0.06477361675717822,-0.017698810720391873,-0.057611432966907836,-0.028409361933799396,-0.06614568777890986,-0.0063996951498165346,-0.05291149641031849,0.04919738580245604,-0.046143108823405485,-0.06824974945891311,-0.041239855427639104,-0.1313838748106372,-0.08839859877058287,-0.07894504083004467,0.013316816441902482,-0.11179325008020873,-0.06487541816240967,-0.1267924138008632,-0.09648760671848362,-0.08692950919890881,-0.10544677614873306,-0.01629142050566597,-0.09332655879859099,-0.024383069052147252,-0.08253774903710194,-0.10297661247495019,-0.12725630670883706,-0.10812484343987327,-0.11938311643941348,-0.06765981638399546,-0.10088110119839903,-0.05251968624513156,-0.07272404039720137,-0.03471817648812757
2019-01-31,0.14627469072507246,0.02374327843620784,0.029217535208714354,0.0445637316631896,0.079709141814503,-0.006452798285722969,0.13516474574605924,0.005346683216972271,0.09490000626614398,0.037893560737606045,0.09038278639625141,0.08503781808905064,0.09285495777131211,0.0330309812146185,0.11048027623071956,0.015630673873560257,0.07037111068778573,0.009369485643929313,0.08439885932176164,0.029089010866759028,0.17766249474771142,0.018764720441082867,0.08261138718001806,0.003501432411403209,0.17219732279534578,-0.009492266253134068,0.1343474745001344,0.020827435176199935,0.06003972222528714,0.08837962702795513,0.044688559279377454,0.10663021177923918,0.1059663096753859,0.004410662220168331,0.12922138694769605,0.10378484299142299,0.12119009698927877,0.062204906032061254,0.16813010458146813,0.04689756607532031,0.16255031961194671,0.04915608760104889,0.056567607388729665,0.02814946361980835,0.061657178088751936,-0.015491757931349059,0.1186106079421885,0.01762189968574388,0.17977633664005926,0.03299970970607255
2019-02-28,-0.04960741958192777,-0.0549916638753028,-0.08931907733870342,-0.0967386471078863,-0.011030114180236337,-0.03896862267929368,-0.02741350069867949,-0.044038457770577036,0.006830025698669914,-0.007548838683124434,0.005232065568283147,0.06894146710672502,0.06539240604575318,0.04050902553520688,-0.005928958144315925,0.03868266305136289,-0.057308492066011456,-0.031772986654532896,-0.0540692344760768,-0.017104258651227302,-0.009016446672650124,0.004391121076516631,0.00047859309989820367,-0.002660826108991248,0.0021113542846205313,0.014093503857779018,-0.0965754304922869,0.009061656699894432,0.01915064394812899,0.0038639093631462236,-0.031828862959424664,-0.04018560016961329,0.0034467526598657913,-0.03441033228912409,-0.04838549916100743,0.002853517516159908,-0.040871011666132356,-0.017559779130614368,0.0025135990279639003,-0.032143329327685106,-0.014641982913458071,0.035135133812526725,-0.05677555184005838,-0.01720618194139315,-0.011878825232149507,-0.06281515760326402,0.005723803658804365,-0.013238625883450712,-0.00976007961261096,-0.03879573810644599
2019-03-29,-0.18285640198026973,-0.13379115726729535,-0.1322610137200587,-0.13739323465273093,-0.0918926591653017,-0.09802484411043465,-0.12840869526970825,-0.09193888206954319,-0.14397481528243763,-0.1126176674944876,-0.07864599528397154,-0.11205811475967502,-0.1500065511699495,-0.14356488600147846,-0.09556736383948722,-0.07884815743552709,-0.177048440930949,-0.03434626453148027,-0.1579807273600896,-0.16513728624524437,-0.08321675443093088,-0.15745274092649433,-0.18013041815491007,-0.09058452865184934,-0.12144477317091208,-0.032509847822853724,-0.06245895386847339,0.021542899152413194,-0.08886956715507038,-0.04305928338131591,-0.04048791076439284,-0.024656016220758557,-0.08384859744977792,-0.055168150367598354,0.025007034664042027,-0.016746833082462994,-0.09081037482526978,-0.04274821515919886,-0.10577613908549552,-0.02038804428567642,-0.11094811699091588,-0.005227547960543699,-0.059964819797483415,-0.05573966873451228,-0.0633142865952987,-0.04468865066328692,-0.04648044287918702,-0.03812604241698788,-0.0648535784789114,-0.010617289940207796
2019-04-30,0.004508158455934656,0.004813417095984471,-0.0071460793914586256,-0.05364691748347012,0.00035355970413725873,-0.03131623875358728,-0.043169172089878846,-0.06329501950648293,-0.04705624463927777,0.020561655430005994,-0.08225599225363026,-0.05877256351004161,-0.01198529822826409,-0.0546433484671815,-0.04825852151391709,-0.02740741513010745,-0.0068971177614787806,-0.01443721947073531,-0.03257929257515141,-0.049942470686087925,-0.018198802736154446,-0.04082954874652568,-0.010563929834753034,-0.060825421060939126,0.0024382008777550403,-0.03647845482741403,-0.04130613717916881,-0.06395744969691948,-0.07383336568569919,0.043627113709333004,0.051877384968549226,-0.07761267640856223,-0.010324301726013509,-0.08435935713943735,0.03564404829229906,-0.09584564064687401,0.009576601370997032,-0.03910919867320072,-0.0165599096513364,-0.06445068811090934,0.015987394435716132,-0.02492010471980581,-0.06496824004280735,-0.0855792970442382,0.01538360836517659,-0.002036186591800434,-0.05337812260464968,-0.015028763630801061,-0.006071198792131376,-0.08853782142417796
2019-05-31,0.08474914967171027,0.06883110250580649,0.10681043672785157,0.028613602744180414,0.05483186509145493,0.07398602430792564,0.16473148525725323,0.13772931439295524,0.07254311550882606,0.1313416400183231,0.1085758445919428,0.08847185815034062,0.02315683822839678,0.05710122305632883,0.05411573335432246,0.09721391376851991,0.013302537174380513,-0.008323636301035636,0.08152622722366643,0.06903075647504929,0.18463574877690628,0.057662160209653326,0.08334489698070306,0.06360925810801399,0.09845158290252368,0.009923486771948306,0.0983684642458115,0.008511025375227715,0.10935255087064491,0.13212965110946112,0.09760916127062362,0.07927808010299574,0.10567538508233973,0.09396381078502758,0.11470316730697752,0.057548654992524234,0.09744691692700827,0.11837460464924221,0.1445923449756585,0.13502368613486726,0.020467259990885667,0.04413265063297393,0.07013028951005967,0.07536193557719488,0.09613770851854991,0.12169807302136657,0.10037654967847297,0.10415469463958442,0.10188523716017246,0.09276636168570292
2019-06-28,-0.038801670462950764,-0.08613050546965514,-0.0859214547317802,0.0014915100869084819,-0.07281232779961468,-0.11620121541971307,-0.10261743754818366,-0.045762294494886675,-0.023993782628440374,-0.1060910660608158,-0.07281261582145973,-0.06082633979244259,-0.04510052143420401,-0.12008657073199477,-0.04495858050052292,-0.12837237958902198,-0.14084902274842445,-0.13477506767607805,-0.09915503069599618,-0.06193446392748308,-0.1370713285062634,-0.09091317429298246,-0.07797881936041846,-0.0966982739170818,-0.10002682717832412,-0.04202428218055894,-0.041915111234967085,-0.08677562045769356,-0.016135323356313194,-0.08333801759168492,-0.011844850223990074,-0.07099426625163156,-0.10732908103810904,-0.10393993987960498,-0.1202650577489152,-0.1235419951073462,-0.09589238325859589,-0.12661928216077428,-0.08987578054104356,-0.14495580834804142,-0.07498813930008501,-0.110428959995885,-0.08018616757432474,-0.13550506115983676,-0.1592585682109556,-0.08020897691347498,-0.01965944262457142,-0.15483869704677644,-0.05560913725179564,-0.11199724280195747
2019-07-31,-0.06111669371055935,-0.001986872776959428,-0.009709006211107658,-0.10215678976534151,-0.017358992143515297,-0.031561162021697765,0.0015607699541533085,-0.06650535989019607,-0.07161902898224812,-0.005675809188594616,-0.030256520166239656,-0.03923287984154611,-0.032753404858306905,-0.03142818045141146,0.006649410673606047,-0.07779931895793361,0.007440060967988282,-0.0854268586945389,-0.0691291005859961,-0.007462562807870166,-0.04778520420074944,-0.10436543567246637,-0.021084277022465812,-0.09611741502797648,-0.017163044167140602,-0.02832754501825165,-0.010837362024868721,0.03070845226051719,0.0045196757669261,-0.011082331934598327,-0.012132228170528144,-0.050018357596799186,-0.030030956146890844,-0.03249666257529778,-0.005460264027869505,-0.09017208917686889,-0.04611703589813798,-0.03435751547085354,-0.032080182270177,-0.01703092425719095,0.05121440881753729,-0.003872036878242162,-0.00984289346552454,-0.016973277884054054,-0.06003037246301303,-0.03754730662744898,-0.023358095340956345,0.0068985305117705495,-0.023790581979979873,-0.10081030863611584
2019-08-30,-0.05188320187127263,0.029169818684832684,-0.037698277377370866,-0.0012036024041266469,0.003372836710407237,-0.00019893838487448044,0.046107448110069955,-0.05611306375069609,-0.034996471847425464,0.0020639773312334016,-0.0031136679340815453,-0.023469125607301754,0.0017327654475007771,-0.08805496256056193,-0.011889144356484693,0.007416516842632521,0.06539894943774657,-0.02850425807403508,0.010046265104372981,0.01554652242577101,-0.02013765111645422,-0.012212142518151916,0.014021476861006129,-0.08216918563484969,0.02448350028930077,-0.028846251707682475,-0.007827236162319836,-0.03090770224153948,-0.017489180620331057,-0.018932452181141132,-0.007802468020259463,-0.041790185921550836,-0.06294914242148301,-0.039118142001270284,-0.03873741734803686,0.00267961364155438,-0.02195489770292427,-0.06094026668103771,-0.031756660182648166,-0.07085160520258482,0.044127929433499566,0.009803910318539725,-0.0041483923284862095,-0.047869335992119406,-0.05466082188236682,-0.002516115202721776,0.06405601259146224,0.0234631365425801,0.022569445073164933,0.02073258434518141
2019-09-30,0.003031179091853034,0.010835439531946031,-0.0438208244010473,0.08672683398102357,-0.0009855981011841694,0.0036327323501377067,-0.06377752590973519,0.003966963021516671,-0.09616799005134732,0.017001362152425103,-0.038548756686701796,-0.00853344837812536,-0.016555982116087484,0.06731047932041397,0.0100251074303499,0.006572997736972669,-0.012197986153251109,-0.024451797962729446,-0.03023033989140816,0.011682111477150193,-0.06431074783694021,0.02749321250835934,-0.08033318450963689,-0.00018931549624261537,0.04663973073513324,-0.07463553821720871,-0.08062047772768646,-0.04906384770469373,-0.12054903460887245,-0.07286877159725466,-0.07943109493447903,-0.04710060131067742,-0.17842522978070308,0.03457385088188669,-0.07344808972047637,-0.031211742368233177,-0.10984537785281612,-0.03175497438947919,-0.1312316039366679,-0.052836728285281596,-0.03208661065426589,-0.04469529108665386,-0.10087865328292643,-0.10413467597747807,-0.09820004319723574,-0.05844312759111428,-0.13102076563832116,-0.04071181647256249,-0.13560292037348948,-0.08083550227673178
2019-10-31,-0.12575011115261053,-0.09236956233686872,-0.048055495925204736,-0.04192704729631387,-0.10576257357615482,-0.08367788959373412,-0.04893571308137972,-0.027599169573996378,-0.008606269748128517,-0.0892176890213679,-0.1037414666718408,-0.09347059977618075,-0.06596175097269479,-0.09913259025380995,-0.08796088327987917,-0.128347487670315,-0.044155514461101955,-0.07673156079279442,-0.10523227712943722,-0.08074936649557792,-0.046688587900945336,-0.12277120819277981,-0.0864580605341976,-0.0831733969836343,-0.07125346884250665,-0.038941920542468846,-0.02094188603297366,0.0034248663482619665,-0.05806088129765649,-0.10908295999181097,-0.003784565041908307,0.001232646694196364,-0.061221151430313994,-0.10769614738836175,-0.047770299129997314,-0.09605349721618676,-0.047557333147025656,-0.02896962586965298,-0.043679977196768686,-0.018849106425361757,-0.02870384906068669,-0.026019490958919964,-0.038695691040238775,-0.08418518935032673,-0.1135471093155783,-0.038369603094880786,-0.07971967769776803,-0.07286797481503793,-0.050618940416085716,-0.12394743312093236
2019-11-29,-0.1475187935293391,-0.1282069248203615,-0.05447561279260649,-0.08813078971083282,-0.09235984012663294,-0.10069568319456705,-0.102718182131812,-0.10251134412739493,-0.1333480874362818,-0.01838114486936645,-0.07529053117439079,-0.07647094190447276,-0.12646422263923396,-0.1049412835426097,-0.01762085089834374,-0.05566850979752185,-0.055802851856502626,-0.09328866052897877,-0.09656772013997628,-0.10198493525358605,-0.09049043796985311,-0.02966338484478074,-0.11599628799042144,-0.05476332209808561,-0.11404800736575564,-0.03167788788275187,-0.06702961640703443,-0.06433324528221022,-0.07833231091201748,0.0039172699182076776,-0.08969854741271674,-0.026785742328207712,-0.08074739078362841,-0.07877373978413962,-0.07468864887312744,-0.012575348417122295,-0.07616554007711991,-0.044206392329357844,-0.08505726845559247,-0.044968673637017176,-0.03676565972306439,0.02330104948370343,-0.07414284570619716,-0.05780039961310852,-0.13363217923296297,-0.025994577742908986,-0.09392612602063612,-0.087281478144327,-0.07820774594970333,-0.07191630673155365
2019-12-31,-0.08825058456300422,-0.0890255358234726,-0.061556412042006396,-0.040471483487472884,-0.04028092967867201,-0.035142460635500056,-0.02771764860607243,-0.006196849750805207,-0.10069446529427403,0.01958583141921052,-0.0007220536152968762,-0.059194575888666424,-0.04277517446808781,-0.0018687221451769258,-0.09333500332104708,0.034576841018109754,0.05306470992919308,-0.0532357042514061,-0.0051601610371757485,-0.05050438682358003,0.0012731953021867075,-0.008001290280410609,-0.057967007464204676,-0.06362947661379109,0.011464796513178617,0.0305437539724945,0.07726634848095625,0.016040179103596144,-0.016333779778715123,0.006807958599234436,0.005019159718723288,0.05902699026791187,0.0755243205047818,-0.021433226121219978,0.09570873644728214,0.041507216586042284,-0.03731329127077891,0.0063557628834677825,0.036101138406715944,0.019201303256300623,-0.015998197445870863,0.01167569585545935,0.07516388986094341,0.0403277929009339,-0.027256463417144307,-0.024351545918317834,0.024855637387200626,0.00527958322038917,0.03979342644247594,-0.022942800424146648
2020-01-31,-0.10724476155044044,-0.009577703333454375,0.009388008584921928,0.024411682390339924,-0.002475732451370189,0.07753917260224163,-0.015056643338084692,-0.020327273245122533,-0.038089194735520575,-0.05213407437598871,-0.05240384244030177,-0.06482624087102805,-0.009081601757622728,-0.05564921306523068,0.04474342777023698,-0.0016996380440391402,-0.041735321153266655,0.07463201307480301,-0.00624382993050544,-0.02288201349103919,0.02507915369101048,-0.038440519058675016,-0.0846225674917675,-0.01783594862391084,0.011647950502665864,0.01329866403163505,-0.02697014044218019,-0.02511964449046131,-0.010000424530080728,0.01622446213741451,0.022546906083407342,0.03320904364919828,-0.06020037350106186,0.022635659352457232,-0.04041415251803926,-0.025085139762027045,-0.02390356279432278,0.03942628449438875,-0.009732429055802735,0.0012025669118724482,0.01740196238813968,0.014471238277193047,-0.03638989473386064,0.007494227674543465,-0.022992757134398002,-0.02199780829559022,0.02272397612810255,0.002564231335458217,-0.0811008722558677,0.055182730583940395
2020-02-28,-0.04544897250105758,-0.03369739607102541,-0.05982418675061813,-0.042520434408560334,-0.04077041548660035,-0.045808033247345795,-0.061890640849543654,-0.000893551859776888,-0.01267541219256252,0.03967472249522292,0.005227211393333466,-0.010175163452280124,-0.045365996341875076,0.0670085272911013,-0.043701753447027675,-0.033093611374992254,-0.006907475636515533,0.03851390748934706,0.05241502542806967,-0.01459189318643455,0.002675768606305761,-0.04848020411264744,0.03258701722392361,0.025350875988564493,0.048606714771825474,-0.09162933379488251,0.02882535780235835,-0.044560693888238266,0.005810663209320194,-0.005698173038883467,0.014395872381965727,0.008625929835555199,-0.018873953297937843,-0.07953683301820783,-0.06075402684018072,-0.02218523136839432,0.011352137342084935,-0.06275284115111596,-0.05683552261023503,-0.10693188034543351,-0.022553256618082926,-0.030311319049209882,-0.06105703810570331,-0.09297222291964212,-0.02282451354356867,-0.05742603428213217,-0.06163619751450404,-0.037017816370632096,-0.024355219503788623,-0.08123703906695601
2020-03-31,-0.18286515354553437,-0.05697608238892024,-0.10654755050016033,-0.13519224733317656,-0.14201813428651244,-0.10799173094218736,-0.102619850115925,-0.11952594471771406,-0.06192151923697913,-0.11950199239769414,-0.12657669414042694,-0.09559436745169647,-0.07814022051825585,-0.10937603549741186,-0.06716283518884794,-0.07591371066978994,-0.11671162184051924,-0.04210490123754566,-0.144563043323104,-0.16882196179199996,-0.07368987409867647,-0.16016026095333524,-0.08389183690886927,-0.10957255175225555,-0.07316849541738074,-0.10658108078171918,-0.08693432899312539,-0.050209838321777646,0.0006569036700716305,-0.08174026042716458,-0.07231178487001354,-0.035099726103765064,-0.033872309377624324,-0.04656196377390463,-0.004439658769426213,-0.054400462674598526,-0.07781810702926305,-0.12809069085608968,-0.09516152883447022,-0.11429249210710578,-0.01038566971798778,-0.026799728311990813,-0.02788762360341562,-0.02406259847143062,-0.07777081721392232,-0.030472958681831596,-0.04028336699481826,-0.13366995598824807,-0.035048639127932026,0.013125858610874647
2020-04-30,0.043967918366063015,0.044755167431150863,-0.018350452178815185,0.08767019079659803,0.01282299724635931,0.03206194155120276,0.09833469539518555,0.09936750798373495,0.007744270853266962,0.02856598245531597,0.06186447124620212,0.0890338521428866,0.09203113003689502,0.038128948053005526,0.0254175596251678,0.06355973293395971,0.01950677794972461,0.10460096791403145,-0.023016678361210303,0.07102843598782632,0.020910569134975306,0.052012597858428704,-0.006702672386348384,0.0802374766967471,-0.02121056886820119,0.04593709676859264,0.06015453446501341,0.07577505816647723,0.06059954631071215,0.07078359093925776,0.021068479037200393,-0.008231735596862619,0.09174441691456547,0.04167162614089428,0.03374241493359499,0.04446898366420002,0.03443817866389916,0.10147317935187633,0.05264853026118049,0.10069429595502868,0.1163209414103834,0.12485568945377785,0.023544933929224778,0.11343889993997915,0.05851211410728063,0.015329673332218283,0.07948382388902159,0.04086196236354327,-1.208158953123345e-05,0.022854234788720312
2020-05-29,-0.134028475227415,-0.12514697671282288,-0.06761031430173581,-0.08282115699506261,-0.07141526536978976,-0.08332380558810282,-0.0843636175877263,-0.023846886807283287,-0.03296398608960356,-0.09501464960599385,-0.024230857420968206,-0.07494982404621177,-0.03278269884633809,-0.013065033114906824,-0.05752781837814604,-0.09660800613885427,-0.04452075144611674,-0.05880509319900493,-0.020015111031449356,-0.06979866147376056,-0.07122532269794864,-0.08399330003923867,-0.05312467955020977,-0.034445153155834275,-0.05223577510067309,-0.076006890190413,-0.046248808498863404,-0.05910581983665362,-0.04679943468569617,-0.05381104108321472,-0.019577328034447995,-0.043378825542884865,-0.06545185210287842,-0.07233412042783582,-0.06731647991066211,-0.08715617568396705,-0.06597998241071906,-0.06047253554590458,-0.04033895203891849,-0.009680628055593533,-0.07169141385311963,-0.014937915443979613,-0.0008816443069622412,-0.037691933406490685,-0.016889960874123797,-0.1269361691297807,-0.04884952282648326,-0.0929376073819274,-0.03713907054780975,-7.825516456896886e-05
2020-06-30,0.022727172176135416,0.10201966453464989,0.018154587280104474,0.049413529963245724,0.12241686594960871,0.01920270812005904,0.10213028988932779,0.09744958187474961,0.010192920340728301,0.08249563834109165,0.11914179513062073,0.0659836250604898,0.04941936881987326,0.0405028959073082,0.03870587382035686,-0.008553067793245293,0.06199338397821945,0.045380408383724966,0.07680152629664444,0.021976300805913826,0.03344865310196678,-0.02113356678229676,0.031148880935191164,0.14292252422784435,0.11078285533776656,-0.027865125865721475,0.005184826585535155,-0.044969006795326796,-0.008933156046788855,0.03750117529650186,0.04613074873097188,0.03465536862795591,0.04895024473209407,0.0022937972304634966,0.05847992061814908,0.04333058820274118,0.024328502678444913,-0.0055487669216854815,0.056756837563724315,0.041497904675600626,-0.014984728116657277,-0.018291996169678665,0.046034360947349265,0.040573653710664806,0.07872985138464847,-0.0643711557668972,0.02824982790539942,0.03102281757103687,0.030186220407760898,0.0012609931088365858
2020-07-31,0.0594941630013755,-0.01278288470915085,0.012649345018199008,-0.0418768912803204,0.02315587669015365,0.00032089503350408305,-0.02679537723069226,-0.05067910314279364,-0.0011354984444348825,-0.009058239518390727,-0.062331620500491736,-0.09061452379998114,-0.09048433130679445,-0.009030424625892536,-0.03984424341170521,-0.05358271529443294,0.0007482796918378953,-0.053383398035656296,-0.03306689317659019,-0.04908760457406182,-0.01408026870956152,0.023106703381203193,-0.02714160900172248,-0.03460384956593284,0.041154541861833614,-0.04365789145203145,-0.07493776317127586,-0.015832317625489346,0.011327864430203862,-0.04402641425248731,0.021128645481877702,-0.047131138838638245,-0.06489223817612902,-0.06723644197842756,0.0018690304252492358,-0.024429748285546733,-0.07885479723316287,-0.10274889003816198,-0.09331357689671546,-0.036821618069400056,-0.030690268545145623,-0.026453657184952982,-0.003926568686981619,-0.03789805084716457,-0.04615983328231312,-0.0681947919991022,-0.035649417862780086,-0.10047288088609306,0.01841328088341125,-0.06616088735726358
2020-08-31,0.03894575671015736,0.07150972621860277,0.036591006494919226,0.02752792479323768,0.013925399569230192,0.06574372259468653,-0.010464317937870234,0.056914759914725575,-0.03911155189214836,0.016608496916719468,0.054222717551875396,0.036378107181082954,-0.03515862365495187,0.04325649899503353,0.04203775169367588,0.12269281037855602,0.08562515258602052,0.04887536996014479,0.053001067144335896,0.0816392653736587,-0.016691417253664076,0.04509527223517423,-0.001787697490211279,0.0843711451375298,-0.013172829752888582,0.019640000780057294,0.041720317030841725,-0.015349286235672513,-0.049976086838546666,0.00141898891993434,0.044396827449875206,-0.016047967156157493,0.02305554929685675,0.14771530105441077,0.07010665166179093,-0.020042852503968103,-0.01658674322686158,0.05557587995983008,0.07218811522155172,0.07603538762584791,0.06681181101512862,-0.04486475867699145,0.019079422940782208,0.05835866219633823,-0.00929450245658034,0.05798070921461555,0.06064439511319771,0.062153413215207315,0.012682756033995058,0.037461995647290365
2020-09-30,0.07051984970059218,0.0677879623302607,0.0297048369753499,0.09004282268627832,0.07796611181372931,0.04248416875687956,0.11465919751954005,0.012476609222312404,0.05256742369821935,0.019600428184057602,0.0639244052149179,0.11469466273894727,0.07391062653397626,0.01646120212046653,0.07649826865615988,0.09833146599773965,0.06206038432068377,0.005726517283170869,0.04446299849389331,0.08312966196983287,0.03297557359493389,0.09919804721319647,0.12007257643872955,0.04567739362837416,0.06671659664548842,-0.013465040102387846,0.06250182892764349,0.036424073078068386,-0.011638589419252013,0.10616255376221188,0.04360326025361089,0.030518114057212303,0.0709610943491495,0.0640879483695492,0.09031457390926753,0.07746644133589647,0.05759169513413653,0.0608110570061893,0.06349399506515113,0.05971535981969126,0.020913236239608245,0.030557023104150607,0.08937662070907643,0.10286587475073505,0.10173302161728505,0.06395308555615364,0.03935234479335399,0.10794357599998754,0.09042080556183643,0.08592880976592486
2020-10-30,-0.08597796029678499,-0.008958723881048482,-0.0030067854239026453,0.020612991273557313,-0.08260264521420321,-0.009428494631219201,0.02788676275417658,-0.03732304729451689,-0.04443653411296596,-0.03747526916252508,-0.04286382494145352,0.011038530276660182,0.024805376160691294,-0.00446512038390867,-0.023384361631815915,-0.030473435210367984,0.01514458354798144,-0.07853047988764875,-0.006371442897899204,0.057344174823294077,-0.004239867875311849,-0.0368472925961328,-0.07189507043912113,-0.03408680191966773,-0.006090457878474866,-0.02064940635165138,-0.005497600842776021,0.0011818288775914051,-0.042802612938339445,-0.021687512227986826,0.0029418290418006046,-0.05485891411976319,-0.05950429172002722,-0.11586337461084005,-0.005835348786765303,-0.08436741473739051,-0.019758169811687824,-0.0811258657593817,-0.05259460642541155,-0.016207539828857413,-0.05034296877195988,-0.10572473637688787,-0.0666030246513912,-0.0404202934534965,-0.049799304637514766,-0.01315892881985374,0.009830305530191895,-0.07003386785370982,-0.004018123173819235,-0.08471670280913743
2020-11-30,-0.06337265469289326,-0.026200621637283577,-0.014229266826844047,-0.08100050405105517,-0.05256152499493248,-0.03796904902676276,-0.08520325392180116,-0.07049209532090686,-0.023993280505042,-0.07241505947927668,-0.00884673435983192,-0.09825419509522648,-0.03736454663349864,-0.024397209052746522,-0.024952163841555425,-0.08179004100888662,0.005302905597956202,-0.07787715846726309,-0.04509459102739176,-0.04144447974413909,-0.07781312051175779,0.007284523128708739,-0.10195603269689785,-0.10056897993395175,-0.06310861505567254,-0.10650859510785585,-0.008770810666434162,-0.07151991138101815,-0.08617742547777603,-0.09868958748237627,-0.08932655232435188,-0.06254136995175619,-0.037546182057340595,-0.03534238256168626,-0.07724743284102606,-0.10473838031704122,-0.05974430771834511,-0.07666027332611747,-0.0836211820659599,-0.09217242395935335,-0.14832670768663556,-0.1310942287582597,-0.05676332647520844,-0.10798698410999424,-0.05135719345320102,-0.10141034705619055,-0.10419861897903185,-0.08553886591874063,-0.05659520854414851,-0.08862416059421568
2020-12-31,0.04757671289970045,-0.009167246875896703,0.02099079697042837,-0.028400881340703267,0.057127702791329255,-0.03925904302854725,0.06341963654495988,-0.028744239588887423,0.05565425299550508,0.011511549335669715,0.08462259316818449,0.053065259109282926,-0.016198453029979437,-0.07515140085488405,-0.0005915777934971736,0.03949652447395265,0.03402943622298096,0.020700284295939994,0.025452461474900528,-0.031029472425593153,0.07731083441840782,0.009718657667341979,0.03660209939851135,0.03837803175712126,0.055835529474457565,0.021719041012407493,0.10737974089472516,0.098711607520158,0.08722270162933685,0.08663060784694485,0.13391919295353116,0.0736463194147708,0.09934835441555982,0.046397789030747816,0.1000308369528653,0.07430214812647144,0.09554177760338625,0.07469145395463846,0.17759378920337668,0.053480685185831656,0.06593101818902679,0.04855929861808406,0.06443708535967271,0.02693350047787375,0.10901641266508894,0.04427880493841469,0.11853878806433893,0.0257726085936181,0.09016623914912913,0.030428600476725586
2021-01-29,0.09699629157136444,0.06753951812023823,0.21071905137101643,0.09815140978437846,0.2066817996638798,0.11956260740440666,0.1315584085236118,0.09999893241968148,0.11354392244976427,0.12187838673183925,0.20146458724646696,0.09639162274055299,0.12199615581887145,0.05078379228073317,0.14851197764709148,0.12013434618633231,0.1262756391499512,0.09294565849118203,0.1411779982202203,0.08990655628217273,0.1492839138424034,0.1622507740747497,0.16389525950220277,0.11770126479004342,0.1993518243775937,0.016441834558526422,0.14376072465629455,0.045735578968500445,0.13243375909023747,-0.020580640347799384,0.09350848339830146,0.04297332520829861,0.1374698842265093,0.030295844995581432,0.12079159191575402,0.07281489680052274,0.11930434804523003,0.13126840101145026,0.12730923258974441,0.02088613885681094,0.14148592290768694,0.13618792718504452,0.07384105344540634,0.0287434375122129,0.11138930445596568,0.05772993527572248,0.13121500689980883,0.12813611848596185,0.15140991508950097,0.052917449152644846
2021-02-26,0.03962344618425555,0.036903820571890435,-0.00168404107526883,0.04559511179741306,0.048136037452215744,0.0004611788076682652,0.03937784083081717,0.06548057640623958,-0.007079035897857959,0.0037033335016074843,0.058729813641187525,0.001634907831466973,0.011787800520652206,-0.003898970698208923,0.062108079702296856,-0.013335090428585803,0.05524932407077569,0.0432049592231763,0.07497197092115004,0.04152580352101255,0.015412363427271276,0.07321430078740646,0.10599815181144415,0.08144313741877815,0.07299949390344629,0.10592991912140078,0.017316283303572506,0.004294805672589077,0.049341003744327205,0.03317040200592974,0.043303394682210436,0.04894535929760528,0.0866911728839723,0.0023944449657206275,0.014219272885639116,0.05704696060857688,-0.002501610601936162,-0.011727813745159084,0.01361027634229408,0.04079329239949572,0.03371357625188045,0.03855804808918016,0.04403997394989295,0.08815286814093767,0.015528774239683425,0.007408792912007873,0.03266012441917336,-0.002084016595844014,0.03974614663147345,0.019038859273374127
2021-03-31,0.03276567504212249,0.016233218440541444,-0.015927231343811337,-0.04773363314823374,0.005478689131159257,0.014156438309352004,0.009210172566336253,0.016248565222587122,-0.00874133172944334,-0.07443701349906368,-0.0503530885639534,0.039470632108589074,-0.08195580305365109,-0.022291675670120137,-0.04794366309632883,-0.005627247956033616,-0.07916224542501592,-0.01619181577154394,-0.023774578404589963,0.01249632260099244,0.02317117206950042,-0.01276105186774327,-0.03787104658350689,-0.00324460153150263,0.03288732840113852,-0.014165791777691644,0.051340648280792864,0.040630097892520686,0.027360328936453716,-0.012180425765246233,0.029603891574044205,-0.0677081488052258,0.050103811107529386,0.03621133206058501,0.04719976065625977,0.06490202483058288,-0.06438903017088737,-0.006782209137823172,-0.025836553915769184,0.014369515337404392,-0.026490941403469064,0.05884454218538633,0.003299476014002497,0.012847827369062058,0.03728325417658521,0.0895084967247127,0.007069748685525094,-0.003210157597892646,-0.008800323928021037,0.02816928203208079
2021-04-30,0.010707159135786638,-0.034868221813229856,-0.019334342244072836,-0.019215740270316698,0.030152410502494207,0.01754719512439069,0.08546990564952028,-0.001568981886476398,0.01862963928683498,-0.0599808344818157,0.006921384909877967,0.035947457792298784,-0.009586472348222505,-0.020590528125781722,0.010821702508632033,0.01471514396290068,0.04144330684317508,-0.04346266746983583,0.07346072698113829,0.036676306443726034,0.061691899317550744,-0.014898147094792733,0.06305530522674488,-0.05067137248711026,0.05114618396550898,0.013273092016337987,0.13549304604180423,0.07607143028707633,0.13650038922633007,0.011020550074451657,0.1231163201313967,0.05243022787122326,0.1321385677221766,0.12228224930926512,0.07995066015214347,0.036748609154841475,0.0383753325813144,0.058576349108987485,0.11792652073409801,0.10384390780553078,0.1373972597822961,-0.016950565466276643,0.1111003990645477,0.13688956579976128,0.08607354095036462,0.09053367158471438,0.11467503360725935,0.034565155792015974,0.112818584239438,0.053617132990184196
2021-05-31,-0.002469218030184471,0.01874901761847185,-0.03140087505811609,0.0288178628814037,0.004420768622199355,0.03165266337158002,0.05471357405915846,-0.026892428191883463,0.02769418096078452,0.03867881089145306,-0.006460272126881165,-0.0013076787166794238,0.014653532212411044,0.07824758722506014,-0.038239269376369095,0.029558845160910795,0.00011028189831471455,0.028454249182432917,-0.002375612335661674,-0.018870204654656567,0.004230205885984256,0.016047969929418694,0.0050890195690881795,0.017574242913193025,-0.03657019836069589,0.012908948422412622,0.05484697724443523,0.13107041104071926,-0.00621809198936156,0.08116531825564678,0.043238689654699125,0.05324054652347478,0.03351164526670727,0.0891698730671322,0.07177612226467898,0.07052178393079803,0.052401518985069395,0.060539442942896635,0.06271049929047381,0.06174540415142517,0.022915042626742543,0.009898127682525057,0.020848352188128742,0.09119110829869952,0.021936959716092497,0.031470254275101556,0.03920921830720096,0.06582248200211573,-0.005142003715425773,0.1412206749695084
2021-06-30,-0.08802171292775879,0.04985486350094502,0.008243888801358458,0.05602064999125507,-0.06747284043728,0.017311809644464347,0.03627843618933572,0.038496979059114936,-0.017274725795672012,-0.010074648392629827,0.0435611142943552,0.024400362685271466,-0.06354218827050145,0.05290477124891198,-0.0519326008454763,0.02123855273266089,0.010451937084549388,0.027883377093764244,-0.029375899365622966,0.029018884945810994,0.024420970577776285,0.04988893737822006,0.04387063329802818,0.05900591526793168,-0.03576665426145121,-0.04746366091304786,-0.06800097240026103,-0.06729564106962735,-0.014397527460936824,-0.07813254566923336,-0.06139343888711313,-0.008593723341295684,-0.05845035011557573,-0.0684248908682886,-0.009852235022606223,-0.000861385308803024,-0.047438657435135576,0.002015411710221647,-0.08147732161673472,-0.02664541948630133,-0.13010354852208522,-0.055663064099553336,-0.10428482606390628,-0.015342807548740123,-0.009687254968445358,-0.04737695966444508,-0.09375611401492061,-0.01975280301253023,-0.09765039536334466,-0.06478751092553234
2021-07-30,-0.09526059433099494,0.023032998279114807,-0.0554813586768015,-0.13581456260949623,-0.06528838814720499,-0.05428132198841544,-0.07323727120254238,-0.05584875296118268,-0.10489948498996685,-0.03510979626110104,-0.053698793292081756,-0.05460119501839508,-0.06886261905206409,-0.04004467100841417,-0.013687721171013023,-0.06243548452856647,-0.04674740617257773,0.013197274627289188,-0.08237267187161679,-0.08162679911821855,-0.10649956776993706,-0.042903545890380625,-0.04440809403049076,-0.03353326358389348,-0.08317959806174005,-0.03683649612591275,-0.021719660165120547,0.01408447513100473,-0.049807447235039944,0.030087057001891605,-0.06254934339510784,-0.027533452104013124,-0.003044486168643338,0.012283005245989033,-0.022880114750118245,0.026064038679607618,-0.05714413159032355,-0.04130539453493056,0.031448111343534556,-0.03262203771158452,0.039366101495458716,-0.03773664026869387,-0.03178688258220362,0.045684098620707735,-0.06814430463372424,0.021200605824590414,0.01831287269456958,0.02137637763063394,-0.07035554005755708,0.06259852642505129
2021-08-31,0.07480573935568707,-0.016095154877880685,-0.007905660524541246,0.006449600191789982,0.09253013497188929,-0.011237808863103802,0.03815417177790536,0.04244841565610156,0.0360867615655088,-0.061680327200566626,0.026475793362579898,0.01846102498468319,-0.040314830527623836,-0.04282322833824453,-0.021482987913591114,0.014532230240024091,0.027259575189122642,0.04387709791601198,0.06552313549469115,0.013817381838585836,0.08338383097441826,0.006236440970285996,-0.015396292146189032,-0.0718074928876957,0.03321693506888207,0.033690884425209795,0.0642891452930082,0.05287373319649741,0.07965019864294251,0.037223138244397935,0.08185796268162882,0.05425204393462532,0.09613292775763252,0.04596046719902026,0.12010836348705597,0.03629982192165755,0.11973476861187672,0.012587909505431396,0.07438020928051858,0.08983258218527486,0.10165648444108777,0.059590945130462106,0.07259644016783602,0.03794558903049923,0.025661349580404523,-0.033707797796443596,0.05606068274393597,0.014955043624972925,0.07224280081494594,0.0060407881686214
2021-09-30,-0.030522171146206645,-0.017783117119455665,-0.006571078812780478,0.00817631953300875,0.01893813423140743,0.023489320063081083,-0.06834389153383379,-0.06824063749258916,-0.04112045463508289,0.008244459601885835,-0.0344536467017381,0.0499553362746368,-0.04022413414027202,0.028959404299002022,-0.029173777182971688,-0.05814166855800808,0.01645149998961456,-0.014149549694868056,-0.0022004774252789372,-0.041097594119966975,-0.03688298059065011,-0.03343738022849685,-0.044394117205503576,-0.004470118486695021,0.011533351573730906,0.009745939484717228,0.02017546690281361,0.05172449124588812,0.07109984600499228,0.03207488603834856,-0.018011541668398766,0.017901679201930185,0.02543803883414305,0.018426707055886078,0.01982683243729029,-0.024389325861235517,0.062207522539206334,0.045973536175453175,0.01053210572229579,-0.007393758514957346,0.013900397502572681,-0.02831577325565924,-0.0057281078707862336,-0.004944932140909472,0.020661589018788295,0.0015765607261367456,0.008458239773473698,-0.0065943305696354315,-0.04095247231162195,0.09407892360082074
2021-10-29,0.06610721900886313,0.03987826263556311,0.11834489045422245,0.08023746760944632,0.12361487914994296,0.024074939340854463,0.09106630399104389,0.03341461786471045,0.05947585365305835,0.11888453765112614,0.10710023102064219,0.07680261292280674,0.08513398683146242,0.02620562106801375,0.12419825500525485,0.03194219027360893,0.09065298264363876,0.046238349074676506,0.09904728103817693,0.105778070705276,0.09887588078849899,0.03904719199721459,0.126316341793781,0.03306825623791733,0.11997694527798845,0.07664066734025217,0.10303808456590419,0.08687350226570544,0.1676969308832389,0.06579918976083585,0.08768919834555056,0.09260454034503299,0.09171023298764051,0.07695395398425015,0.12220579269579925,0.017011713053546366,0.07564908840012245,0.14542678056234987,0.08133459541257859,0.05434753413147378,0.08095255331954562,0.025693199193485658,0.14126068524197297,0.035763146299661985,0.10748211084692792,0.10691914886718072,0.10430317502337393,0.03155325947664114,0.13229155265343928,0.11532207880031875
2021-11-30,-0.08435857943790957,-0.00431930667392563,-0.022683532584897345,-0.0028026337529090516,-0.07246674781561048,0.008976929355475491,-0.12910624277097077,-0.013095654187343106,-0.021530208368602644,-0.0500280111655823,-0.06923813130956699,-0.0015302808661257711,-0.031266293265436014,0.030257228802286856,-0.0938729774236816,-0.008495075060100318,-0.008318796495620236,-0.02643573353354553,-0.07162492882590805,-0.02948131959888064,-0.0643447517971169,0.031597182232038244,-0.11078972307809173,-0.0009839201940476886,-0.005773543739332254,-0.011286849012369886,-0.06837704989325093,0.02652120694753348,-0.018713468150000384,0.014852736949832907,-0.05572846929401545,0.013685486925082703,-0.07208796791017319,-0.004687293152000551,-0.04255813203177709,0.017056642029913707,-0.054203399200203,0.04941875900278923,-0.17569410708018574,0.0022697440313994175,-0.10254675165757512,-0.021069131927158202,-0.07936172428503599,-0.032276558818372235,-0.0527687736701189,0.021180236396469033,-0.049538649127732634,0.00891554728459124,-0.03715258054556341,0.05997107372801613
2021-12-31,0.07419237132871241,0.03158640705954616,0.08099942358963397,0.10450485364150199,0.09686024799002903,0.04729244848997416,0.09489376599123277,0.10921686259621047,0.10159481420578154,0.12529963792900056,0.0823775238690619,0.07501780330668599,0.09104199220101443,0.11079422869356607,0.11194855611948401,0.13104034195466585,0.13578317249530136,0.06758478454898144,0.05987407919616376,0.1340688429756755,0.040069618287685474,0.13884975181061965,0.1612195800825122,0.07947630580084836,0.07126552712022857,0.029793488238545787,0.017612729903121203,0.05288745449908079,0.005272957112888122,0.1040013487401727,0.05534706963999638,0.04459851675791916,0.009844269608963549,0.0567360841563336,0.02893144608235442,0.08805247812303041,0.06070117463610741,0.044611264177708186,0.03851265890803679,-0.003101834667949638,0.03546600183924284,-0.029836164895352874,-0.05134374697222285,0.008168082397934588,0.0216697868156117,0.0272874247344591,0.043869533134611456,0.04219465697512508,0.04153291490439801,0.006955315792793806
2022-01-31,-0.0002568625599380925,0.006844696784654915,0.004165154173547549,0.07747303615255086,0.005714723284555738,0.044517094592852226,0.017483633847233785,0.06967257414999994,0.005791035031770052,0.04282279903862116,0.014559486879177283,0.06472596796092822,-0.008763774093855307,0.0467072215729509,0.014690858522216962,0.031132121145452118,0.06630758071893134,0.012180921021144306,-0.004593436306404811,0.040074578027995286,0.03800887582139504,0.05388172205102519,-0.027326891050877808,0.10093228924144589,0.055647346768208907,0.11141435214191586,0.05083382801484668,0.08558017256089329,0.0019914660942867007,0.00047115673883640213,0.0843493450330278,0.08218146914883953,0.040589034759925036,0.03828380863648201,0.07436835997419236,0.0838102882875901,0.10480825010747163,-0.013102189857555055,0.078183297145895,0.024088168565409948,0.05855383028850314,0.032131869036532264,0.06916363981427696,0.04571968668289457,0.06397586819882518,0.08282848450778699,0.03076035170704961,0.027813222193032863,0.009979088468812868,0.026934912850758247
2022-02-28,0.045759704440624896,0.03446799102717518,0.05014904040815045,-0.03907294783380148,-0.007635993239580127,-0.018051379478688203,0.009720297356116486,-0.06358149185877482,0.048792198813273284,0.05534558974539679,0.04734909916405733,-0.02279257779739234,0.05039063628529793,0.033878356990368536,0.044679995283047676,0.03407877714115978,-0.007545768852068757,0.036982187043998346,0.07077313822189596,0.02418470324151257,0.032756311969300136,0.04072146148746278,0.028840583571695607,0.051395583904514194,0.04834903225343231,0.0006254479025179019,0.0765385129401388,-0.005497147735515904,-0.0018912466428380459,0.0371559866170508,0.03480676078307812,0.06986949816312983,0.06098139484306616,0.03082510752531288,0.03754090737531094,0.03913302394312243,0.04029587788448203,-0.018455676234957565,0.00284460452117042,-0.04629065928613778,-0.014546592765174893,0.025403962635783837,0.07573320639342015,-0.041325599828750684,0.031218784995455523,0.006880285727119531,-0.04821742061714497,0.009967783427902836,-0.011653080699298324,-0.026294865821685904
2022-03-31,0.010995235423653993,0.031149454911367534,0.07162483422426844,0.1024147854073466,0.04267244334267774,-0.0013856164646616417,0.05195241648576134,0.04087994871501229,0.03570720858136936,0.03584463472368193,-0.0009105764169908409,0.04483113761710445,0.029476203753782862,0.0384765459907414,0.10212453798903894,0.09566206172157647,0.011216842420405163,0.018549824213703874,0.11662092551428246,-0.018654097561498252,0.049007796430775914,0.08185949754704187,0.06824310314457907,0.01576519281248821,0.08854613032520406,0.12358547531483986,0.04508333911197799,0.10852539506468822,0.0712414688195157,0.03082015668186224,0.06746578135565992,0.0726568213299185,0.02232328216097102,0.09762181034511089,0.06608627223321875,0.03633423402235087,0.06517738111666217,0.09079378037717611,0.09944603854789748,0.14348172057299596,0.050137212809633666,0.05907112667920547,0.10080920663033087,0.02566756357032391,0.07815206191549759,0.044825357523484835,0.16498184511125805,0.13941130214822522,0.06782932054387246,0.09145259083200014
2022-04-29,0.08732410538640692,0.03933008059404974,0.1025470688293335,0.15612054319662497,0.08494576092363286,0.07615532088956223,0.03246734731467139,0.1028031984384852,0.07905524062423444,0.07179254137974274,0.07077743503726645,0.10533801680390253,0.06586469729776431,0.05851650590338482,0.1103068994030191,0.14475226675475,0.09786100826742822,0.10493820016731759,0.1176722028494163,0.06375429965329647,0.13193626788854018,0.09895710860130985,0.07380498174860282,0.06448432450566463,0.1167652641943801,-0.0010749402181263103,-0.06110824199679525,0.06346994859503415,-0.029331373556677857,0.006022617044111879,-0.033576890273599176,-0.069282644659074,-0.019731438021628987,0.06567855135556058,0.053405084619840656,0.04203470459276598,0.025295726880262576,0.030917115856381388,0.03765360965382366,0.018401905520047834,0.0327969137002293,0.0005243853928004681,0.022667829270550048,-0.06635329629327166,0.040886233982359924,-0.01268476966366748,-0.040920073287200036,-0.007378593841903078,-0.001595590859978843,0.025781732090013925
2022-05-31,-0.06661886244049904,-0.04073738764077588,-0.004713647025422221,-0.007646667272571024,-0.02559115279246045,-0.015108220932140749,-0.024100514305857322,0.007450910457170005,-0.036207423249899236,-0.01468186897750158,-0.040761551664886535,0.00016408098902020996,-0.02897546066435579,-0.009635508180213147,-0.017240259172066195,-0.040621599923459276,0.05885724218999208,-0.000630139784504144,-0.022058109846981488,-0.05820070247478998,-0.09341016576417234,-0.03784089815078773,-0.04486238232570634,0.020197631347724235,-0.02478479645545748,0.002787543314706018,-0.08257306778726578,-0.051305681830475,-0.05485908227205806,-0.026605858771651628,-0.02307488278805035,-0.007540171367907449,-0.04290876803793607,-0.07576157781565437,-0.02245417019395219,-0.09446297155304426,-0.013605905542419684,-0.0585381871410859,-0.05410978227296681,-0.052015632103418995,-0.07900886937713798,-0.017493035730956313,-0.0600967763372716,-0.05465624570503959,-0.05166941673665615,0.01810832623686687,-0.024911585316929146,-0.0022653907440266935,-0.08718558159706616,-0.0013114392521842086
2022-06-30,0.05104751085230287,0.0044057044784417305,-0.027868874623476446,0.06841045789284174,0.02819244507036658,0.019362512860591416,0.007306955521471947,0.01745325240086341,-0.08775387493254282,0.043807005619843464,0.008107659241977129,0.06593567466708208,-0.004980777555770881,0.03757464178715383,-0.04336036655693755,0.02137886579618568,-0.04002096571493753,0.017421241203596765,-0.019642476661184648,0.00734016995343827,-0.0145298652681996,0.010938944982000879,0.035632316287827356,-0.01946858761405395,0.04655185100014179,0.08649666430508807,0.0363181971963064,0.09054380763315543,0.019390073819154766,0.027722662582764658,-0.06201112412729892,0.06019309837370573,0.07596163559310237,0.12293526306928587,0.061607000160592604,0.08226060862077392,0.09355049814883407,0.12251976965466527,-0.0008961855593287195,0.03885820941273336,0.06843848609019484,0.041387943124658204,0.041651039067140475,0.059348841838871375,0.04656253469728554,0.08346441040433349,0.00507547085639562,0.0995502848169277,0.006549639575432073,0.09877940602313989
2022-07-29,0.11898447106352954,0.06003941408071359,0.10128600992972657,0.03310333490399058,0.14291155109122383,0.07026918753272345,0.13159160927904273,0.07217671881742245,0.09463636489099933,0.058755236891319236,0.18103447535227551,0.12282104381037155,0.12787080586478616,0.0013774606239427833,0.12418197545820121,0.09316280436951707,0.13057985494648428,0.10781478957230217,0.12474250336146354,0.11052565591904863,0.13841916465972348,0.14329285508262612,0.14042557937731548,0.1463571656169642,0.1260063328408208,0.08240819325257073,0.08588248454296792,0.054612474647613624,0.048912673116425553,0.05124110972259123,0.061722466473628036,0.07363048156611278,0.04224023563205669,0.01190134256522122,0.15106366002095412,0.01614859737762985,0.10264993073603862,0.08629067848631405,0.10770294844324811,0.12220493446577324,0.07720255179551494,0.02257453290027312,0.09089654454138206,-0.02042392670583197,0.11066528498599335,0.03747419795529055,0.07316531994123829,0.08012887297589377,0.05959085047425525,0.07045159617653404
2022-08-31,-0.005410631794233928,0.030177265170753708,0.05899697490991129,0.02331263627813919,0.02678719908958371,0.12032463480845623,0.0013914173703571502,0.06106628642364836,0.01621388441134571,0.04891731657634669,0.06200452142942129,0.0514227594046737,0.06118675453523906,0.04725891505339575,0.09256764228618283,0.04353978330640086,0.0776222291605851,0.012430371451680175,-0.000144396910883908,0.1393151362303993,-0.019749725178482655,0.03019034516841836,0.06712595077114797,0.06341128988303427,0.055126272578857424,0.07616659041580821,0.02881278800464339,-0.0371155495027487,-0.04085313454077506,0.0487750149966498,-0.045484842727795786,-0.027966340116871415,3.432531542860509e-05,-0.027496835132924433,0.009992479643233965,-0.0385322968301576,0.0031375453568494825,0.004547554921741109,0.04980790607637874,-0.05998393003679719,0.029654913626264764,-0.00912310197851683,-0.0262146215111892,-0.025153503181076856,-0.038061518204128966,-0.06049977607986655,-0.08290922030497382,0.0349773791421977,-0.03656924670102501,0.04335964562103253
2022-09-30,0.033485512146390756,-0.03709357091196208,0.029772381991841013,0.007998819924378738,0.055454778541784586,-0.03215543660225897,-0.03813879893458754,-0.02055147661931415,0.012672153638345398,0.009040337393271126,-0.031410027224301355,-0.01385268822012261,0.013241337481321374,0.008775472653482858,0.08623224145082863,-0.0066723392221788545,0.010771075786777825,-0.04510796845211855,0.019825555116436834,0.04567581646985859,0.0035792540611935854,-0.02835759744513899,-0.0020733553739170334,-0.011104169168836137,0.008394212926720082,-0.03242182875626939,0.08151715940370474,-0.028385429988868418,0.0006247817297513687,0.003275078697592103,-0.005705102422484022,-0.043723354674426715,-0.0008116162801127275,-0.0402568093663799,-0.038190883133419395,-0.07620031488803113,-0.00835268834913161,-0.08690014223990193,0.032576957291694804,-0.033529046297070715,-0.023880028452070927,-0.02747313580444846,-0.04688478457957132,0.021224932460080774,-0.009182534866169548,-0.044630654436245636,0.06316570324466772,-0.03200195634983431,-0.07663862607148271,-0.0366438397883115
2022-10-31,-0.08530448233699897,-0.017761964306733685,-0.10381138898563268,-0.03360842768544884,-0.0029049765394065646,-0.045797779363149646,-0.028322757376905396,-0.04873873041077755,-0.0898045481962474,-0.0021694579471732214,-0.05791293756650999,-0.04622719712235211,0.013643085673855693,-0.0595477362245181,-0.07178298728729708,-0.009257339684669654,-0.08810361184185736,0.01319166846151578,-0.02339613519207722,-0.02832812314344714,-0.02494408822296411,-0.0016358077347876226,-0.012725899283489106,-0.056864919818276335,-0.03838038503433615,0.041768807080347026,0.007053052484568502,0.05117192418429378,-0.010608815105866871,0.04721273900936086,-0.02749591657948739,0.011196833806266017,-0.0047784408004781925,0.0761530452470504,-0.012396107685405059,-0.05579209336983475,0.033819563176849254,0.0442223740344158,-0.006452445832533684,0.061781198818770894,0.029780499217133834,-0.0026842890377599196,0.029903753891114125,0.06350868504796131,0.04520920090576426,0.05023989767482674,0.013176666882825552,-0.04001126215242387,-0.03174009315281763,0.0043329202032764795
2022-11-30,0.048808537776283314,0.09872496968979638,0.10391402230324531,0.04098901634521997,0.07736775181559398,0.06707773217438798,0.09202200901843538,-0.07840845396768231,0.10146917613997916,0.07237064113011235,0.028875677367920488,0.07086511510274608,0.10425454749414478,-0.022341416796402863,0.14271463767648673,0.0305379910463162,0.1542268945477527,-0.001769057468394987,0.03486493351987495,0.06949083429316778,0.08726996130816835,0.030427220339315948,0.0994825825074532,0.06877008024618333,0.004180794085749215,0.04019049780444128,0.04904096566166369,0.0057030979669636765,0.028652217478514673,0.0457730066027627,-0.008062761089189128,-0.013571781552651138,0.07875168717371965,-0.06052401710035396,0.07231141612753364,0.026321927850661467,-0.06818082321059181,-0.01666421888608625,0.052654542647271436,-0.04292506998507678,0.026866650985572886,-0.058382499207861656,0.048643221692802975,-0.014170683055994678,0.006111278646028043,0.006596664157681002,-0.0036880075852951458,-0.004547946552523848,-0.011229801070352518,-0.006178613403075867
2022-12-30,0.06622810308726504,0.08466642098432792,0.08350585244453693,0.061221584481884195,0.03193483142057513,0.05336879528957107,0.09330569487049711,0.018625493719200935,0.0547999462737394,0.013126021274575149,0.0629389029195147,0.07798758489818056,0.11682192111443093,-0.0053545252830410825,0.01022650610515611,0.08220688215452418,0.02835164515333997,0.03991518794755418,0.05423968275481683,0.04355362492433706,0.09640194280057028,0.05243903156402594,0.01657011945532831,0.12430071080466244,0.00696770453404047,0.042911650239425746,0.02690370955323408,0.002613370893312178,0.07776624506650037,0.0335650722341546,0.09345258532255415,0.03897250889810911,0.07271849531601655,0.07296919396844112,-0.01044516177133234,-0.008767123617101164,0.05676996235219829,-0.014063379243486218,0.07357567181743559,0.003970506948805089,0.11380259129039264,0.04277114936899942,0.027217152628069372,0.02029421358954388,0.07402670358255518,-0.025734380301013847,0.07621558508271864,0.0482155035692135,0.02215941246098714,0.05704376023980855
2023-01-31,-0.007221232336286876,0.032130223083895175,-0.01696546407176453,0.025135206172953284,-0.031010674337300745,0.039696534255091474,-0.013114672738252672,-0.02259931041517276,-0.011828187036353525,-0.04487293653033729,-0.048791115143851045,0.009747060216505059,0.0360438847066018,0.02092314654444883,0.036157625350645255,-0.0015343095904755905,-0.008069163801119519,-0.004991743503392621,0.03183470053936723,-0.026797083692821758,0.03602419060520001,0.012701854723589298,-0.03644507077711833,0.013525564487326062,-0.009604795411363689,-0.13558804429482957,0.0057559575111362435,-0.025317673921983905,-0.05595405116981354,-0.00458099068354121,-0.02863702883644599,-0.050019497176335866,-0.056673003372416694,-0.009507233011175724,-0.0696005026857549,-0.018302210684954367,-0.013998307407942102,0.001599052165037404,-0.04319392857282341,-0.08578125321322475,-0.057823130441776366,-0.08609807204909083,0.032673644391880044,-0.07411698211914086,-0.05095673288609665,-0.07550137732585355,-0.06662259667242618,-0.08099024660599105,-0.04868384107564203,-0.09449348343559325
2023-02-28,-0.12955593363754056,-0.08263384956639053,-0.07426632541061663,-0.0770272683139545,-0.06538083008362441,-0.05008020426059959,-0.07614248041322688,-0.04863602109230762,-0.10041668285947394,-0.04454030636639327,-0.09312532960917501,-0.05335317965998038,-0.07683606948814839,-0.076842794426382,-0.04042277560873232,-0.024903750551891736,-0.037677288023153135,-0.07650670223410189,-0.02088650971729289,-0.04858269179445278,-0.06649894950804869,-0.14115449903286,-0.021684326652955263,-0.09376158078864895,-0.030165872691286583,-0.05144855867577973,-0.024944874905299855,-0.01953686015091094,-0.028144849961954738,-0.06984264495243861,-0.061104973437885575,-0.04858980239316482,0.006574897277193938,-0.0010862527366738012,-0.006989295763455739,0.012372493985612583,-0.0924131335185242,0.0055799410365354254,-0.03729663541878879,-0.016198335733453504,0.029007491134658704,-0.05936035324212627,-0.03493291642353214,-0.04713675433396706,-0.03471528117080375,-0.04478192882064902,-0.09599151286309063,-0.02659187841990473,-0.05250870754950397,-0.04184352035577567
2023-03-31,-0.0628104516109943,0.02793610138061846,-0.05882538330939689,0.003974063707829699,-0.0522935785023248,0.028665166530390362,0.009254294252487277,-0.0502303458742267,-0.02568039014280394,-0.04026171597622012,0.002772385004047896,-0.02561196929508349,0.005667447939833446,0.009271806479965073,-0.0025228604310422453,-0.009378583225195636,-0.031729071952516785,0.03525894695580042,-0.0830590131189603,-0.019884492777783133,-0.036026859790374316,-0.03579566075232433,-0.04376750771820918,-0.01543062330943706,-0.04308474284808727,-0.0021352824257696006,-0.05963010262750149,0.04634359859141321,0.03291895154845375,0.04961653221102088,-0.03787450574899901,0.03053844342491447,-0.01730477273737952,-0.004298333612232003,-0.010131082510917568,-0.033451962553109886,-0.05326165650072184,0.0066356297964473565,-0.021301778120688605,-0.011029997450892472,0.028710274205402214,-0.003451824086264167,-0.006679879434404587,0.008356154947676477,-0.037665964786914405,0.00118959931348191,0.03126169175919966,-0.02135514864222856,-0.019284342619734503,0.10535973318625166
2023-04-28,-0.05691660962894651,-0.06078749106679161,-0.06993912068820222,-0.0612958357311022,-0.00430645745677205,-0.040586501664226324,-0.09163151583017119,-0.10034637286847256,-0.03828386503442535,-0.024498800442836283,-0.019400450749432918,-0.07597412843461208,-0.01114280041727312,-0.04417435595374641,-0.07980879533270085,-0.06191186151030052,-0.07630656557931387,-0.017797279589783933,-0.018161133750918233,0.0029165479041744907,-0.1097905844674543,-0.02499127050946677,-0.02138746754800013,-0.02486257860009524,-0.09251538325033266,-0.054882071811082435,-0.04562449723779314,-0.053960849980417086,-0.027689394888777006,-0.10773795926935908,-0.0442453418585013,-0.0425754091306807,-0.10144332367509423,-0.03632527804921437,-0.11105696154202355,-0.03474293823099851,-0.12560707199067833,-0.11295271459619097,-0.1213902534165329,-0.09845721911862013,-0.08855216786004658,-0.08545472029303439,-0.09225912682002632,-0.030814857524905846,-0.07317140901666347,-0.03501894219761355,-0.13380188488609318,-0.13501437516441836,-0.11713697067653846,-0.06718671935037024
2023-05-31,0.029318585467011923,0.046006670049676825,0.028042263181502776,-0.005821958706377646,0.03127344316155352,0.05336944028090193,0.08538761152484277,0.03507987497457586,0.12363434099719765,0.03181187104900102,0.0308873151481657,0.05047343425522608,-0.0128004499705021,0.010760597803964655,0.09626175270413871,0.043712441150586284,0.13933396989191973,0.052595149552461626,0.07563767819972014,0.11863966532135242,0.08402125649047595,0.05860453374161069,0.12466959917179626,0.046244713187128236,0.05575705323218672,-0.03390502754536502,0.051770394506117125,-0.03298546864474394,0.08736301330085611,-0.025567214491556668,-0.04864611684695462,-0.04191689011239278,-0.07136275129487099,-0.016494768398779107,0.03659347811156307,-0.03749353041972852,0.0493675291770946,0.03582689488356913,0.06809565581357564,-0.07116730666808686,0.02284178459252776,-0.04080218285369227,-0.046771347027366496,0.009683297564378364,0.0711140974636208,-0.06981723714671603,0.03597293485338483,-0.02088183040133826,0.030292962454431454,0.02210293754110177
2023-06-30,0.05583734880555885,0.0361251431935488,0.029055542896015408,-0.013101895873970112,0.01772247131421499,-0.02079586854441174,0.04447901471518662,-0.06644031980474574,0.04296713374892293,0.02319838927585786,0.004267851167595614,0.04750464805196218,0.0019718504174182153,-0.05026920952327876,-0.04276802645554846,0.018627003756858985,0.0379249503849377,-0.014021728404999568,0.02118721307448835,0.06032435034808171,-0.02965196875011118,0.00361594014065365,-0.015223020926584181,-0.01505592702884789,0.049150273125479774,0.05975120275930656,0.020035039918174583,0.014731255825108931,0.037461727201679534,0.0397609357622616,0.09721264492354689,-0.012604472090473228,0.029761687858214314,-0.013827278904910131,0.081217916312194,-0.03781309364310284,0.03303817875398774,0.0162900642252995,0.003234526447282466,-0.050864987407260594,0.019660697208106096,-0.0034272742686587837,0.041538315645638396,-0.020474667606026106,0.04851913731835495,-0.04954003776586689,-0.048129176283390133,-0.01286952101423533,-0.04501695146188391,-0.038125240614534345
2023-07-31,-0.0952432800301335,-0.08788289417194087,-0.12986939345806353,-0.027118155586019488,-0.15974738456315596,-0.0758067505116071,-0.12427952773658164,-0.07804767861522524,-0.10023925807036665,-0.01542371242393803,-0.09377631908457354,-0.08354957880365801,-0.06402526962015814,-0.06630707897531485,-0.1388970614954943,-0.09389166917809429,-0.07215368686048945,-0.051370436002940556,-0.11831778198475382,-0.11811200335187273,-0.1148641818249057,-0.10011539297050538,-0.1712686451648198,-0.11576879793212139,-0.15490106921342991,0.04158452795510107,-0.07260269842687588,-0.07127353566926503,-0.01937181393664584,-0.03539386592557053,-0.04049477113235678,-0.07679511392508505,-0.047811554537972235,-0.05322670152614755,-0.08961127351422786,-0.08159250926069023,-0.11241137705113795,-0.03890958550194846,-0.09518428668915645,-0.016943216313932963,-0.05112012596978295,0.02770555757844851,-0.03330661955761141,-0.04447626579390018,-0.08717871096146457,-0.003321648204217653,-0.04715754647725974,-0.035355386231014196,-0.04803311308807287,0.013734044151466153
2023-08-31,-0.0007814499585621429,0.019465351851637624,0.02012565586740037,0.06403548449955275,0.025721233281474458,-0.004491952272680816,-0.05084039656669978,-0.008701502418440877,0.03894535478902565,0.006673874836479218,0.03715749686031117,0.000540127356785527,0.060539504677710756,0.009806272550342717,0.024416550272538976,-0.033350925267230054,0.022420223484126423,-0.06293884706136771,-0.05162551218510411,-0.00994716393772298,0.05022030237301424,-0.06459386127306126,0.020780804484468687,0.053885551444739666,0.05092752658948044,-0.062340428229850454,0.06044146229068617,-0.02755052909737455,-0.01079080484217501,0.007325987589509147,0.02035109535731442,0.010460248570307817,-0.022946224130744593,-0.07716444441088535,-0.046068117575888363,-0.02715190964702864,-0.003435909388773609,-0.0818544717508188,-0.021495753042065472,0.014436717485682227,-0.024998146532910975,-0.05895880114199058,-0.09236109218326692,-0.036564711278488086,0.0028179763324954477,0.026187623953703443,0.02701557204398096,0.003377442577141402,0.04293276321825483,0.012114830017264986
2023-09-29,0.02983070202409669,-0.000611770157168609,0.03306833821324465,-0.012873287526027732,0.05854877856782192,0.0551273287005939,-0.012123392622284214,0.10724881026404184,-0.0026024584987155708,0.0367478574131311,-0.00422523533474127,0.033485478912785485,0.000949684410797319,0.038579626973161425,0.0644885235240702,-0.03083586130231311,0.05455083559430633,0.019130228830554246,0.05654292224647159,-0.00046299237619602807,0.053724226417656534,0.011710323216929178,0.059116989754013784,0.04812061331259178,0.06220646265675966,-0.0653761199269278,0.028407697305290632,0.0013636777800671296,-0.022611082991224895,-0.027315913946052008,0.008028257810820935,0.025396873783132382,-0.07021693971699616,-0.02577778270849395,-0.047438431062103145,0.007567109765260215,-0.05050195939049882,-0.04247319180710571,0.0011764544656282273,-0.0275931031593135,-0.050801017447975126,-0.03525326562259554,-0.03210194969015453,-0.109226225855981,-0.019136942513725226,-0.08026522265549835,-0.027477220151653017,-0.009300052057734631,-0.04966333961379018,-0.05279043080548036
2023-10-31,0.10708772780724374,0.03567001200297687,0.04512227251981157,0.03531086664634308,0.03376155417981137,-0.0311425103295984,0.0293702409511534,-0.001870495588336428,0.0355061058408209,0.055400290426467554,0.048962316172056375,0.04818071633321527,0.07276429475445303,0.039423285881469185,0.1403489839082454,0.05777033641928685,0.08258206145583807,0.014928173894895177,-0.010960990956355172,0.04404008035977516,0.05008894491209257,-0.0568011415200651,0.026245114367242868,-0.0109210370392719,0.10228777107976555,0.04970558515501411,0.05585867418682036,0.020200526809558465,0.006114729370756564,0.005830350412871355,0.05088305325175456,0.04456194204542322,0.0073286976326053695,0.037982782478160976,0.03995405426727661,0.017923686144656042,0.05091344418015985,-0.015023560075143855,0.056942218891379695,-0.008010845330389905,-0.023174588303693247,0.0099846254709522,0.018444399018015478,0.035448234725536716,0.06590109879629136,0.030219013638697816,0.012631496752693913,0.10317295027289627,0.033400529262635176,0.047052450994460246
2023-11-30,0.02457432294141894,-0.04463805893961903,-0.04227725368202576,0.011138362405408442,0.012180688147982847,0.012803801935628484,0.02592050913573968,-0.03165577259970921,-0.05509177476890042,0.026092442823499033,-0.027541895306064844,-0.014825502786501608,0.054426341990159964,-0.005155116729774702,-0.02321334081318343,0.009581356557000993,-0.024564009724172855,-0.033212513762830305,0.022257880697420213,-0.040991794080771346,0.021253055096129313,0.011229444563919605,0.012778976766199858,-0.07303737814227299,0.07935267448490285,-0.048298256575755705,-0.03851123101251859,-0.014272385805226412,-0.012034292283427879,-0.020679224718492623,0.03572416297881545,-0.04081275534055003,-0.03287328511793186,0.011804572579083149,-0.029187991893848422,-0.06615128382087254,-0.04873018802385785,0.0008198587668126686,-0.01336978732675413,-0.04468063233881451,0.040088979139013464,-0.015655213850333617,0.015759064312380916,-0.042532533585385945,-0.08092616230071435,-0.06954101978796709,-0.04286848144530079,-0.04875429959756225,0.0014178232493583867,0.045234232486938766
2023-12-29,0.10122954108922319,0.09043614298768357,0.06173253523390054,0.06133473843844059,0.07754943491844847,0.10742315548013459,0.121116456121686,0.10847717983809849,0.10964381480466301,0.1260786619453018,0.10012618990422527,0.10659198972440496,0.08529462202898278,0.0251299697890263,0.0586260099476443,0.15192436964678097,0.035276028080246186,0.06612655942220476,0.031088059398568166,0.052143559762224304,0.12160228082918721,0.18092322859094534,0.07190005255784349,0.03286020937814393,0.08138913539131577,0.10031392181582093,0.0905564953042787,0.0759041506291652,0.12680866285005102,0.12013785724437422,0.1548534218957353,0.11229196957506657,0.12878077327957146,0.13615884189373487,0.15359731843131758,0.05569075312529322,0.07902579932775,0.18752594118784288,0.1471871855564038,0.06681229826920257,0.11535492839642018,0.035655336223962275,0.13538849116903137,0.14592414415984847,0.178755500335937,0.12899761521114475,0.11700023392246078,0.11899860004138178,0.10659306124588118,0.15131155954224018
