Time,Ticker,Return,Market_Cap,Book_to_Market
2014-01-31,STK01,-0.0156312416148721,101368149.66209394,1.5421364525192394
2014-01-31,STK02,-0.0430173185692307,118498472.48324938,0.3632755920966825
2014-01-31,STK03,-0.0249214371829603,106807347.6715783,1.111579473982714
2014-01-31,STK04,0.0314958121413737,134824685.03471598,0.2805872316878132
2014-01-31,STK05,-0.0572306200760791,85686249.68758291,1.252349996176334
2014-01-31,STK06,0.0089475953900107,75730205.13326001,0.3214314281828989
2014-01-31,STK07,0.0012951400621658,139430322.19927582,1.742967697686
2014-01-31,STK08,0.0315382868878103,202232810.1615016,0.4380333356472881
2014-01-31,STK09,-0.0498576364921636,108971144.3567342,0.9897014878285898
2014-01-31,STK10,0.0077071996171973,102260446.1949818,0.3393947730405118
2014-01-31,STK11,-0.0145361105720069,236782478.42771217,1.3929845936514351
2014-01-31,STK12,0.0049078851261596,141229868.40992647,0.4627556526844925
2014-01-31,STK13,-0.0053082911490989,135785086.07896456,1.2742667380987776
2014-01-31,STK14,-0.0356544760366285,106368344.14036606,0.3347344691515171
2014-01-31,STK15,-0.0373804779232491,82883813.84673573,1.3954518736181232
2014-01-31,STK16,-0.0254307568095457,87380473.94095196,0.4377771514243138
2014-01-31,STK17,-0.0169303164116227,92734669.05685136,1.6538650789268656
2014-01-31,STK18,0.0298559215099144,67725157.79454878,0.500932885918544
2014-01-31,STK19,0.0601614250009715,99256904.50695084,1.66037876115748
2014-01-31,STK20,0.0460168925271699,109445763.846425,0.2994271326033109
2014-01-31,STK21,-0.0539040982900098,86982689.72799376,1.55718737059192
2014-01-31,STK22,-0.0143134853121889,108258693.46838193,0.5339952921165827
2014-01-31,STK23,-0.0831012402322111,89600992.44637597,1.3817128093483104
2014-01-31,STK24,-0.010861977320256,103869644.9204423,0.4024310472114718
2014-01-31,STK25,-0.010561025375603,82121268.316067,1.4935245556198191
2014-01-31,STK26,0.0244835023396358,5449021572.804571,0.4013074961276546
2014-01-31,STK27,-0.0270949522387928,5584376207.831888,1.4265467868273745
2014-01-31,STK28,0.0598945927108498,4888308691.756841,0.3209612186015503
2014-01-31,STK29,0.0311279788026615,4303576374.5800085,1.1557725434754231
2014-01-31,STK30,0.0322285724004959,4246642198.8492417,0.4699936437059528
2014-01-31,STK31,0.0206725662590494,3305002375.848021,1.675629347872243
2014-01-31,STK32,-0.0047832735544799,2833777860.270028,0.3596312029361779
2014-01-31,STK33,0.0138728146293231,7379616102.410312,1.009267281336248
2014-01-31,STK34,0.0449212932482253,3402542833.9980373,0.3863354928112431
2014-01-31,STK35,-0.0137625000054757,7956960628.729942,1.630421275164276
2014-01-31,STK36,0.0642016694451228,3821723976.5069385,0.4994570949566942
2014-01-31,STK37,0.0498559465038948,6425440087.656773,1.63241188924806
2014-01-31,STK38,0.0470174127825287,7461431272.411597,0.5485844046992873
2014-01-31,STK39,-0.0119293055552011,4372653188.455543,1.5863658780050192
2014-01-31,STK40,0.0439073620953782,5089429050.507966,0.3167571023898619
2014-01-31,STK41,0.0097798145492622,5368035507.673278,1.6476539643964847
2014-01-31,STK42,-0.032205121056664,5088108937.369141,0.4295113210489945
2014-01-31,STK43,0.0032660556608089,4002414368.1075377,1.3965078843232723
2014-01-31,STK44,-0.0046861444010919,3100079620.930483,0.4572859448748203
2014-01-31,STK45,-0.0101721430314427,5345252559.873839,1.6108013515661923
2014-01-31,STK46,-0.0114709698808692,5566088112.214749,0.4955771033170313
2014-01-31,STK47,0.0278189563309347,4188452569.187077,1.356877964779496
2014-01-31,STK48,0.0096377768104377,7237560931.057496,0.5123114295544579
2014-01-31,STK49,-0.0127673588170501,4178466622.6208696,1.447216687081547
2014-01-31,STK50,0.038303573060788,6535982829.804066,0.2758292770020836
2014-02-28,STK01,-0.0724715180092799,94021845.9782901,1.4737883530614224
2014-02-28,STK02,0.0119591672880759,119915615.539058,0.4161612854249404
2014-02-28,STK03,-0.1322886490066514,92677947.9441215,1.220376235828428
2014-02-28,STK04,-0.0208537756637139,132013081.29907116,0.3058251384711549
2014-02-28,STK05,-0.1189886285776291,75490560.34929712,1.5099591298499648
2014-02-28,STK06,-0.0620566550001805,71030641.92021239,0.3473635200060193
2014-02-28,STK07,-0.0851326843881231,127560244.58535054,1.162017813248461
2014-02-28,STK08,-0.0336240718105881,195432919.6301742,0.3141302091714474
2014-02-28,STK09,-0.0120303340482591,107660185.08850165,1.1854901449787651
2014-02-28,STK10,-0.0042780788708268,101822967.94079374,0.3598350137345
2014-02-28,STK11,-0.080959421725765,217612705.8994112,1.541691793658845
2014-02-28,STK12,-0.0453117900129725,134830490.26897615,0.3937104073970696
2014-02-28,STK13,-0.1063712762245717,121341453.1804818,1.9533633286991656
2014-02-28,STK14,-0.0617338547874619,99801816.22922193,0.3745157412839939
2014-02-28,STK15,-0.0636583774222719,77607564.74268289,1.1951689429939387
2014-02-28,STK16,-0.1244099824529268,76509470.7112297,0.4804198538662271
2014-02-28,STK17,-0.0497986574933242,88116607.03473246,1.390448277233946
2014-02-28,STK18,-0.0086271825616309,67140880.49423994,0.3252172421448582
2014-02-28,STK19,-0.0630509168702808,92998665.67208166,1.4282123680777412
2014-02-28,STK20,-0.0446847747110687,104555204.54586668,0.3362147974671839
2014-02-28,STK21,-0.0899342300379445,79159968.50067721,1.9419202391459005
2014-02-28,STK22,-0.0182825333696362,106279450.292493,0.5098406316609363
2014-02-28,STK23,-0.0365723102867906,86324077.14862272,1.290671076750371
2014-02-28,STK24,-0.043231425328822,99379212.12213296,0.2710861442415967
2014-02-28,STK25,-0.1051594738741917,73485438.94606806,1.3695092951193268
2014-02-28,STK26,0.0041876963617037,5471840420.61985,0.5169787760512563
2014-02-28,STK27,-0.0081726351954087,5538737138.291358,1.7046005016136223
2014-02-28,STK28,0.0185222979611253,4978851401.87152,0.3978754603753782
2014-02-28,STK29,-0.0368649526994979,4144925235.09244,1.2849608994704242
2014-02-28,STK30,-0.1092763912662849,3782584464.359875,0.3203314812971974
2014-02-28,STK31,0.0082127021090917,3332145375.8307014,1.4343805992400631
2014-02-28,STK32,-0.1179983073782762,2499396869.272131,0.3152132515808706
2014-02-28,STK33,-0.0445715694846163,7050695030.531937,1.4418224815515792
2014-02-28,STK34,-0.0632972275217308,3187171306.082029,0.4119318433454718
2014-02-28,STK35,-0.0881081157716002,7255887820.463739,1.1282561095566104
2014-02-28,STK36,0.0019959926936183,3829352109.6410728,0.4177789601149065
2014-02-28,STK37,-0.1150073798121335,5686467059.035521,1.7215118734614594
2014-02-28,STK38,0.0199399482148847,7610211825.592406,0.597879107636316
2014-02-28,STK39,-0.0874221681359837,3990386366.214037,1.1799990712799373
2014-02-28,STK40,-0.0176863054454071,4999415853.777954,0.2856848910270219
2014-02-28,STK41,-0.0631830980435307,5028866393.890803,1.4326249544000795
2014-02-28,STK42,-0.0474723843211352,4846564274.42655,0.3772296516167886
2014-02-28,STK43,-0.0577588641975037,3771239460.157877,1.2769289563812272
2014-02-28,STK44,-0.0141247295365082,3056291834.743199,0.376249796835616
2014-02-28,STK45,-0.0804519028404268,4915216820.269327,1.5606461773348457
2014-02-28,STK46,-0.0585280287938775,5240315946.913784,0.4384722735040995
2014-02-28,STK47,-0.0553209069580505,3956743574.308871,1.6778195240235234
2014-02-28,STK48,-0.1004987088467286,6510195402.286691,0.4531617276963848
2014-02-28,STK49,-0.1050563280830782,3739492262.2306194,1.3751770232478595
2014-02-28,STK50,-0.0814858951065762,6003392418.516268,0.3114261391615854
2014-03-31,STK01,-0.0691106089904979,87523938.94431967,1.346000163039822
2014-03-31,STK02,0.0305673086593464,123581113.17231594,0.3818610412026475
2014-03-31,STK03,-0.0224021090362229,90601766.44902387,1.286088724223714
2014-03-31,STK04,0.0609528371949357,140059653.15109524,0.2686746278282638
2014-03-31,STK05,-0.0327600024030099,73017489.41084959,1.1442747813014205
2014-03-31,STK06,0.0159133293168915,72160975.91667894,0.5010846836119248
2014-03-31,STK07,-0.0030180458348099,127175261.92049238,1.4873314047981825
2014-03-31,STK08,-0.0442233088531919,186790229.265288,0.5005568554033417
2014-03-31,STK09,0.0025051381830013,107929888.72895584,1.2164504098035749
2014-03-31,STK10,-0.04359471411713,97384024.76285714,0.2605404635087
2014-03-31,STK11,-0.0115532802996632,215098565.31138712,1.7790244102178094
2014-03-31,STK12,-0.0149979839688373,132808304.73741156,0.5258204273180609
2014-03-31,STK13,0.0031697942143092,121726080.61672916,1.3463589957814874
2014-03-31,STK14,0.0121669388375558,101016098.82315984,0.5239369054337499
2014-03-31,STK15,-0.0086884226042801,76933277.42290944,1.4577720135948091
2014-03-31,STK16,0.020348853771484,78066350.74286614,0.5184693231601598
2014-03-31,STK17,-0.0032165878752013,87833172.22494066,1.211314784098731
2014-03-31,STK18,0.0277417703333934,69003487.38089296,0.5861752877818909
2014-03-31,STK19,-0.0004347507085956,92958234.43628226,1.351787491277686
2014-03-31,STK20,0.0121270482013784,105823150.55109936,0.4013843707555352
2014-03-31,STK21,0.0417355988940629,82463757.19448814,1.4816725295016713
2014-03-31,STK22,-0.0385465876178773,102182740.14981358,0.4529636414625317
2014-03-31,STK23,0.0202384984841882,88071146.85314406,1.2103899174879074
2014-03-31,STK24,-0.0314607092118405,96252671.62785672,0.3845398078516326
2014-03-31,STK25,-0.0887418172936342,66964207.549373575,1.558866932360709
2014-03-31,STK26,-0.0065646478315945,5435919715.267796,0.3626519536700636
2014-03-31,STK27,-0.0123701409006344,5470222179.479116,1.825442739418048
2014-03-31,STK28,0.0331993229563267,5144145897.513813,0.3098302205623489
2014-03-31,STK29,0.0589237128541709,4389159619.447033,1.5786043111875068
2014-03-31,STK30,-0.0370300813814737,3642515053.8123302,0.3561602702615488
2014-03-31,STK31,-0.0366442006361463,3210041572.129954,1.1621272146496622
2014-03-31,STK32,-0.0661425868357845,2334080294.8092117,0.3966996583636236
2014-03-31,STK33,-0.0408574448721385,6762621647.011718,1.323331433497743
2014-03-31,STK34,-0.0669842870160101,2973680908.5462384,0.5106812632260065
2014-03-31,STK35,0.0174664415905923,7382622361.267759,1.1218479301506168
2014-03-31,STK36,0.0283200197877707,3937799437.1604495,0.4545845857150721
2014-03-31,STK37,0.0413548481314118,5921630040.666212,1.6459688776467605
2014-03-31,STK38,-0.0397501044974054,7307705110.277718,0.505576011494201
2014-03-31,STK39,-0.071349192930985,3705675519.501859,1.2578941952534322
2014-03-31,STK40,-0.0570247695568598,4714325316.797355,0.2488730335147131
2014-03-31,STK41,-0.0170093378356302,4943328706.466867,1.4256533944980327
2014-03-31,STK42,0.0268493729680961,4976691486.244478,0.4141056273737316
2014-03-31,STK43,0.0079727829512325,3801306733.830839,2.0629061012307925
2014-03-31,STK44,-0.0071717199454163,3034372965.632957,0.4371969817220341
2014-03-31,STK45,-0.0431077080949444,4703333088.357796,1.4776538723470247
2014-03-31,STK46,0.0301942982332817,5398543609.451521,0.4292103728529139
2014-03-31,STK47,-0.0452823675235752,3777572857.580472,1.0708081373762333
2014-03-31,STK48,-0.0238866951957946,6354688349.047204,0.4603578039777297
2014-03-31,STK49,-0.0341458800472881,3611804008.00673,1.6667271828533703
2014-03-31,STK50,0.0469419384694887,6285203296.034454,0.3526839727353197
2014-04-30,STK01,0.1482003130601864,100495014.0961285,1.595457523669407
2014-04-30,STK02,0.0792236157468694,133371655.7958499,0.363940378274215
2014-04-30,STK03,0.0786390423058472,97726602.59379315,1.5179314688935703
2014-04-30,STK04,0.0232724228350611,143319180.62135953,0.3421363020596255
2014-04-30,STK05,0.1244174640467887,82102140.27441074,1.6477578431598074
2014-04-30,STK06,0.0966770884792981,79137288.97012821,0.31820615876587
2014-04-30,STK07,0.0973736087142372,139558776.11286905,1.1445004978101974
2014-04-30,STK08,0.1240695745694574,209965213.54396364,0.3795009242911962
2014-04-30,STK09,0.0883508660433497,117465587.87012143,1.3960947742173695
2014-04-30,STK10,0.0873789797663718,105893341.49217868,0.2463313012349297
2014-04-30,STK11,0.0705593674746549,230275784.02446437,1.5129710098598
2014-04-30,STK12,0.1291258463308127,149957289.48639035,0.5480810860350477
2014-04-30,STK13,0.1137388419500418,135571064.06119335,1.6962709539949432
2014-04-30,STK14,0.0651407766211141,107596365.95173568,0.3475856369210767
2014-04-30,STK15,0.1415937583181269,87826549.31295028,1.6751430716174207
2014-04-30,STK16,0.1396189387807625,88965891.78807192,0.4884192408754139
2014-04-30,STK17,0.0653142463063328,93569929.669507,1.5060360795386274
2014-04-30,STK18,0.0475242042812566,72282823.21130164,0.4119382405579862
2014-04-30,STK19,0.1108644018938456,103263993.4981686,1.7331913924365974
2014-04-30,STK20,0.0718058241974391,113421869.09559074,0.4690014678520288
2014-04-30,STK21,0.0227271674732085,84337924.81471726,1.588184511629679
2014-04-30,STK22,0.0942206130205988,111810460.56685358,0.447188126800272
2014-04-30,STK23,0.1184813054079816,98505931.30108264,1.544735869354557
2014-04-30,STK24,0.0481686394031724,100889031.85909092,0.3404173874584749
2014-04-30,STK25,0.0845176529291945,72623865.20171008,1.4265366345561483
2014-04-30,STK26,0.0418975103785567,5663671217.95523,0.4961261887249152
2014-04-30,STK27,0.1443951943039822,6260095973.970957,1.3832152655767669
2014-04-30,STK28,0.08403433969905,5576430801.326964,0.2758238420434589
2014-04-30,STK29,0.1238590553092634,4932796783.513309,1.1079024793146957
2014-04-30,STK30,0.0687707328191118,3893013483.367652,0.454684293573389
2014-04-30,STK31,0.096070245405828,3518431053.7273893,1.1262627294113994
2014-04-30,STK32,0.1768622584580502,2746891007.1716003,0.4954510167038236
2014-04-30,STK33,0.1234961069888226,7597779093.456006,1.1288753503722784
2014-04-30,STK34,0.060096513972161,3152388764.815436,0.317551825528189
2014-04-30,STK35,0.1381616471944017,8402617627.314738,1.2239485730270558
2014-04-30,STK36,0.0857383045159262,4275419684.4263554,0.3617323246364888
2014-04-30,STK37,0.0762246506278613,6373004221.663443,1.2772059424915634
2014-04-30,STK38,0.0968178647554051,8015221515.31697,0.4544625870128551
2014-04-30,STK39,0.0845440190419679,4018968221.1859794,1.2001652748519769
2014-04-30,STK40,0.1618270452809172,5477230653.307694,0.2230256384769304
2014-04-30,STK41,0.1235109654322409,5553884007.4515,1.3139388085466612
2014-04-30,STK42,0.0981589506679804,5465198300.332509,0.3790567461793392
2014-04-30,STK43,0.0597527264205644,4028445175.138082,1.0904957008832432
2014-04-30,STK44,0.103042608016624,3347042669.7069154,0.3683194565240537
2014-04-30,STK45,0.1695038814388663,5500566302.534292,2.096931880069339
2014-04-30,STK46,0.0913989478058789,5891964815.039542,0.3615388907338689
2014-04-30,STK47,0.037946838300153,3920919803.974125,1.2586685945978813
2014-04-30,STK48,0.1104219748122941,7056385585.865673,0.468435679802111
2014-04-30,STK49,0.1725408566281837,4234987765.521318,1.7413932684857618
2014-04-30,STK50,0.1055186405408852,6948409403.355101,0.2786382976397638
2014-05-31,STK01,0.1033696186620838,110883145.38068604,1.534467702625544
2014-05-31,STK02,0.0316557825987957,137593639.93656474,0.3560675080410422
2014-05-31,STK03,0.0710852815132925,104673525.6505106,1.4451490322760645
2014-05-31,STK04,0.0667805436712991,152890113.42177904,0.4055484944053822
2014-05-31,STK05,0.0631863785660867,87289877.19087562,1.2810489607046849
2014-05-31,STK06,0.1071288094281516,87615172.51886965,0.3310372470491045
2014-05-31,STK07,0.1058245877490703,154327526.06177822,1.3291901485414048
2014-05-31,STK08,0.0283025811075262,215907771.03005075,0.4289447061593722
2014-05-31,STK09,0.0579401448705307,124271561.04861832,1.0382557705297928
2014-05-31,STK10,0.0622357110036185,112483688.89049342,0.3301019725142678
2014-05-31,STK11,0.0665314474974324,245596365.2592181,1.5231252434045222
2014-05-31,STK12,0.0350635674410039,155215327.01956657,0.45721232362272
2014-05-31,STK13,0.08903778040475,147642010.69231218,1.5432369369617769
2014-05-31,STK14,0.0869168953867101,116948308.03515288,0.3445236572185135
2014-05-31,STK15,0.1197961163005056,98347828.82871658,1.2278612219439655
2014-05-31,STK16,0.0125746186066513,90084603.94630753,0.5012955163387093
2014-05-31,STK17,0.0288329192681999,96267823.89759904,1.2349404670904391
2014-05-31,STK18,0.0073568583947017,72814597.70603645,0.5749109638928716
2014-05-31,STK19,0.0211339804429148,105446372.71721616,0.8755949740421376
2014-05-31,STK20,-0.0063675475545681,112699649.95039655,0.415589444045685
2014-05-31,STK21,0.0841476097867674,91434759.60225184,1.7121799891629708
2014-05-31,STK22,0.0906976501126298,121951406.59827805,0.4036347816637164
2014-05-31,STK23,0.0223811147808756,100710603.8561292,1.2516892346884314
2014-05-31,STK24,0.1130689424959289,112296448.0008364,0.3407710926848414
2014-05-31,STK25,0.0633576327824017,77225141.38439867,1.2607181405811607
2014-05-31,STK26,0.0149548442191993,5748370538.728513,0.4369019240484921
2014-05-31,STK27,0.0295764539666808,6445247414.372112,1.3508627148515364
2014-05-31,STK28,0.0449869703299331,5827297528.333184,0.359306081421498
2014-05-31,STK29,-0.0009879619194165,4927923368.134976,1.2434986055232584
2014-05-31,STK30,0.0632657841094316,4139308033.941495,0.4729701028223875
2014-05-31,STK31,0.0706851415425297,3767131850.7677417,1.4978024882453458
2014-05-31,STK32,0.0093928174752208,2772692053.026289,0.2922573874365627
2014-05-31,STK33,0.062505317125134,8072680685.139188,1.2664365339607393
2014-05-31,STK34,0.1012768652572127,3471652816.9880004,0.4695403598811686
2014-05-31,STK35,0.0496793975563208,8820054608.935856,1.209107130660254
2014-05-31,STK36,0.0252245514907547,4383265228.400755,0.3527560471435913
2014-05-31,STK37,0.0528032047129417,6709519268.216378,1.3339843962354243
2014-05-31,STK38,0.047742105746764,8397885068.48497,0.41179997042138
2014-05-31,STK39,0.0689772817461788,4296185724.507664,1.401563548709925
2014-05-31,STK40,0.0492237655027113,5746840570.590376,0.2565277800979205
2014-05-31,STK41,0.0854170486771318,6028280388.063128,1.0630971235966522
2014-05-31,STK42,0.1029084693621808,6027613492.180519,0.4114697375544846
2014-05-31,STK43,0.0458432580560921,4213122226.866757,1.763695311353895
2014-05-31,STK44,0.0608735017564075,3550788877.54009,0.3143269736450351
2014-05-31,STK45,0.0676875741944225,5872886292.248423,1.5378191205094416
2014-05-31,STK46,0.0410083362758067,6133584489.499906,0.4385168427135655
2014-05-31,STK47,0.1021467799016669,4321429136.202759,1.228316986292847
2014-05-31,STK48,0.1598026553485452,8184014739.650207,0.3327436226998482
2014-05-31,STK49,0.0495438780443117,4444805482.895458,1.160424937421422
2014-05-31,STK50,0.0383310790314667,7214749433.338092,0.2895815802753737
2014-06-30,STK01,0.0332019114546779,114564677.75543174,1.3781337693017346
2014-06-30,STK02,0.022963763191989,140753307.7007918,0.3651653725694128
2014-06-30,STK03,0.0852514641522872,113597096.97019865,1.0129302877929238
2014-06-30,STK04,-0.0072670787417599,151779048.92870635,0.3275809915167305
2014-06-30,STK05,0.0525574327083877,91877609.03745852,1.4269631326232453
2014-06-30,STK06,0.0639752619088501,93220376.1279534,0.504293466641837
2014-06-30,STK07,0.0399991046871924,160500488.93283868,1.3334756346918684
2014-06-30,STK08,0.0581776466034672,228468777.03197932,0.3628419151681246
2014-06-30,STK09,0.1756410289670592,146098745.90254036,1.2401451877315994
2014-06-30,STK10,0.0168982378356992,114384465.01800178,0.2992366025224553
2014-06-30,STK11,0.0366218679983854,254590562.9286244,1.240788640044277
2014-06-30,STK12,0.0507951503312871,163099512.88924533,0.4634161510866762
2014-06-30,STK13,0.0411564241528132,153718427.90713915,1.879124642818646
2014-06-30,STK14,0.0400476176365828,121631809.15859,0.4203089210198962
2014-06-30,STK15,0.0557509343794923,103830812.1801119,0.8873115826942883
2014-06-30,STK16,-0.0356473318171162,86873328.17782,0.4460500967022999
2014-06-30,STK17,0.078903622015083,103863703.88662978,1.3534350979481633
2014-06-30,STK18,-0.0107542936627995,72031528.13936712,0.4119835897623587
2014-06-30,STK19,0.0193622043140932,107488046.92994694,1.339315989358069
2014-06-30,STK20,-0.0052027144158023,112113305.85694376,0.301740565035923
2014-06-30,STK21,0.0438596056276915,95445052.0990694,1.4412162868018834
2014-06-30,STK22,0.0313793913394997,125778167.51032786,0.4062873251251698
2014-06-30,STK23,0.0499897017672132,105745096.90769306,1.9587926022849824
2014-06-30,STK24,-0.0476696513792888,106943315.47350413,0.2780634579011349
2014-06-30,STK25,0.0964142283243504,84670743.79821433,1.473098937624274
2014-06-30,STK26,0.0139854796986676,5828764258.198319,0.3491061000099584
2014-06-30,STK27,0.065803456794933,6869366974.136401,1.883476238676555
2014-06-30,STK28,0.0396992608809925,6058636933.141646,0.2921963466694361
2014-06-30,STK29,0.042640015447303,5138050096.675377,1.2961107241505687
2014-06-30,STK30,-0.0038249057295589,4123475570.926063,0.3786253114810012
2014-06-30,STK31,0.0299786931340451,3880065540.517395,1.2247373127352237
2014-06-30,STK32,0.0606879802141751,2940961133.480349,0.3943406260683194
2014-06-30,STK33,0.0052389877475283,8114973360.338339,1.291939767616414
2014-06-30,STK34,-0.0220302534812413,3395171425.430889,0.330229696226927
2014-06-30,STK35,0.0500029984781667,9261083786.123823,1.2537328272832384
2014-06-30,STK36,0.0096934518405971,4425754198.796822,0.4149351847823141
2014-06-30,STK37,0.0439384976924533,7004325465.100375,1.7780492499023028
2014-06-30,STK38,0.0222797583919108,8584987918.81385,0.5590300399282325
2014-06-30,STK39,0.111501239490001,4775215757.869516,1.372659764300139
2014-06-30,STK40,-0.0147791403260615,5661907207.366117,0.3153458764731114
2014-06-30,STK41,0.065988578817326,6426078043.583773,1.2499096941744077
2014-06-30,STK42,0.0038244988208939,6050666092.874168,0.3828937386069053
2014-06-30,STK43,0.0073296875697952,4244003096.48305,1.2651063475115016
2014-06-30,STK44,0.0308754858552622,3660421209.3036017,0.4210987520782104
2014-06-30,STK45,0.0016803212387702,5882754627.818172,1.3424204931722634
2014-06-30,STK46,0.0016521631731811,6143718171.913053,0.4624251429673535
2014-06-30,STK47,-0.0162105366799066,4251376450.680726,1.075597328614445
2014-06-30,STK48,0.0014167758583116,8195609654.157411,0.441337893815174
2014-06-30,STK49,0.0565769913301089,4696279204.1652565,1.3265306762025515
2014-06-30,STK50,0.0218818736075949,7372621668.548862,0.3588717580807398
2014-07-31,STK01,0.0428487930719144,119473635.9259248,1.1046370284936056
2014-07-31,STK02,-0.0092592300939137,139450040.43831074,0.2697450808952715
2014-07-31,STK03,0.0209704780204915,115979282.39540385,1.3537288664539575
2014-07-31,STK04,-0.0459761042266433,144800839.5557393,0.4000076793901406
2014-07-31,STK05,-0.023828648991844,89688289.74149504,1.245847758922294
2014-07-31,STK06,0.0383069025106514,96791359.9882932,0.4033551522973698
2014-07-31,STK07,0.038121969679408,166619083.70546654,1.221444920048905
2014-07-31,STK08,0.0047150334288447,229546014.9531324,0.3979770941362334
2014-07-31,STK09,0.052051153895522,153703354.2094563,1.355108645688708
2014-07-31,STK10,0.0310697790623915,117938365.07428096,0.3373834419974342
2014-07-31,STK11,0.0638594952231954,270848587.7658355,1.7080800730374672
2014-07-31,STK12,0.0624417946101016,173283739.1740832,0.4605056276994835
2014-07-31,STK13,0.0683797405170991,164229654.12012577,1.5599548067562483
2014-07-31,STK14,0.1008826738639547,133902351.29341882,0.3475377698776837
2014-07-31,STK15,-0.0003349347954532,103796035.6282726,1.40417688596535
2014-07-31,STK16,-0.0128247891057299,85759196.0650266,0.4470034976809692
2014-07-31,STK17,0.0779538835975303,111960282.96941648,1.17827530812436
2014-07-31,STK18,0.0528390481876808,75837605.52575542,0.4376092669561584
2014-07-31,STK19,-0.0368295978336793,103529305.38958934,1.3788577054640876
2014-07-31,STK20,0.0346422622167269,115997164.3964241,0.3793782591873901
2014-07-31,STK21,0.0982268098432129,104820315.08208025,1.7841008687572637
2014-07-31,STK22,0.0230834768902252,128681564.9333474,0.466135447167525
2014-07-31,STK23,-0.0445236842649212,101036935.60041144,1.7006299784713752
2014-07-31,STK24,-0.0336807588105573,103341383.45863968,0.2844943427312567
2014-07-31,STK25,-0.0752325968648494,78300743.86379634,1.6055750691117223
2014-07-31,STK26,-0.0780620467474774,5373758990.194817,0.447586602667223
2014-07-31,STK27,-0.0301284889442303,6662403327.202271,1.3402975080292865
2014-07-31,STK28,-0.0727855140276596,5617655929.655968,0.3623752037763995
2014-07-31,STK29,-0.0316151794293565,4975609720.951962,1.0140073817941444
2014-07-31,STK30,-0.0210127184820759,4036830139.586476,0.3117917309186392
2014-07-31,STK31,0.0050434191521601,3899634337.376077,1.44693131146872
2014-07-31,STK32,-0.0608070488596343,2762129966.142524,0.572875455080438
2014-07-31,STK33,-0.0149098752704058,7993980119.713028,1.2671282609733787
2014-07-31,STK34,0.0061081019999825,3415909478.8048472,0.4402130195654785
2014-07-31,STK35,-0.0268809236231371,9012137300.201555,1.256817177136117
2014-07-31,STK36,0.0163384731473604,4498064264.93068,0.3743096017237922
2014-07-31,STK37,-0.0417869455773171,6711636098.084409,1.5906357140082643
2014-07-31,STK38,-0.0261244207823274,8360710082.01156,0.4096455368780502
2014-07-31,STK39,-0.0489968257136519,4541245343.636099,1.3143675117060931
2014-07-31,STK40,-0.0005444002956576,5658824863.408441,0.2212127752948494
2014-07-31,STK41,-0.0915617597892183,5837695029.370385,1.0418070686181469
2014-07-31,STK42,-0.0317359173423578,5858642653.884506,0.5314444013361984
2014-07-31,STK43,-0.0211129094276095,4154399843.496509,1.865182568913183
2014-07-31,STK44,-0.0920231796368047,3323577610.8134866,0.3158823021095151
2014-07-31,STK45,-0.0504582874369552,5585920903.886642,1.7755950313084747
2014-07-31,STK46,-0.0210957510400725,6014111822.8980055,0.5431862868613586
2014-07-31,STK47,-0.0545144491637503,4019615005.284127,1.4116233914020868
2014-07-31,STK48,-0.0485806744790357,7797461409.391546,0.4572856993481164
2014-07-31,STK49,-0.0657539014256407,4387480524.307287,1.0662723940759338
2014-07-31,STK50,-0.0182434383265851,7238119699.8334465,0.4196460797607854
2014-08-31,STK01,0.0396072087242488,124205653.1610878,1.1921052382691608
2014-08-31,STK02,-0.0506520659296482,132386607.79613732,0.4588306946632761
2014-08-31,STK03,0.0301171247909351,119472244.91646928,1.5043381448304478
2014-08-31,STK04,-0.0062244943117801,143899527.55358362,0.3279250593437119
2014-08-31,STK05,0.0201910821609852,91499193.3685438,1.424728821947034
2014-08-31,STK06,-0.1023033324504598,86889281.30907871,0.40923612247435
2014-08-31,STK07,0.0261601531701063,170977864.4562643,1.1083527385114913
2014-08-31,STK08,-0.0253257067030886,223732599.9035666,0.4179716666299209
2014-08-31,STK09,0.0004153916766604,153767201.30346972,1.3146124499105376
2014-08-31,STK10,0.0255146765309813,120947524.30974402,0.3885594399044164
2014-08-31,STK11,0.0201456740034456,276305015.1192597,1.936206361228513
2014-08-31,STK12,0.0332104145414105,179038563.98534018,0.3886308822281086
2014-08-31,STK13,-0.0069641105624599,163085940.65119863,1.776986731955555
2014-08-31,STK14,-0.003243759045654,133468004.33017644,0.2535989734135117
2014-08-31,STK15,-0.0250029484603749,101200828.69906764,1.2831759556662006
2014-08-31,STK16,0.0390576428920524,89108748.1196439,0.3829604445772981
2014-08-31,STK17,0.0126255161063555,113373839.32531896,1.665052518041953
2014-08-31,STK18,0.0068018097473194,76353438.49023387,0.46151451843473
2014-08-31,STK19,0.0213023474121878,105734722.62034088,1.0381025890971305
2014-08-31,STK20,-0.0124439113016763,114553705.97142904,0.3265436225807635
2014-08-31,STK21,0.0431805295890389,109346511.79901436,1.5404424873954694
2014-08-31,STK22,-0.0357753249217464,124077940.13641807,0.4166919776527339
2014-08-31,STK23,-0.0003189742174055,101004707.42294924,1.422996966038765
2014-08-31,STK24,-0.0096015302085742,102349148.04356568,0.3232810214960087
2014-08-31,STK25,0.0167218510524287,79610077.23998111,1.1505217692905538
2014-08-31,STK26,0.10884228374254,5958651190.969625,0.5687903082732296
2014-08-31,STK27,0.0536764600047328,7020017552.930243,1.8215583188127455
2014-08-31,STK28,-0.02275464387834,5489828169.5456,0.3485239512340509
2014-08-31,STK29,0.0551905016881378,5250216117.655677,1.256339112449525
2014-08-31,STK30,-0.0430164236741489,3863180144.00145,0.4178876051210528
2014-08-31,STK31,0.0122621653455725,3947452298.408255,1.8611270198372003
2014-08-31,STK32,0.0692477463335471,2953401241.3782506,0.350714625560137
2014-08-31,STK33,0.0394220892996597,8309119517.85206,1.208506538517378
2014-08-31,STK34,0.0616035989915983,3626341796.528741,0.2827316426888885
2014-08-31,STK35,0.0481387765004859,9445970563.48765,1.2611047918570684
2014-08-31,STK36,-0.0078959211753919,4462547904.05294,0.4267057780592954
2014-08-31,STK37,0.0691534517070538,7175768900.868608,1.3042872214930503
2014-08-31,STK38,-0.0043899290323091,8324007158.091817,0.5304223237237509
2014-08-31,STK39,0.0440916444386852,4741476318.636537,1.2781340900737015
2014-08-31,STK40,0.0238564167841536,5793824147.858444,0.3721543076820809
2014-08-31,STK41,0.034998538604529,6042005824.217272,1.0555691420961248
2014-08-31,STK42,0.0311275166626562,6041007650.713845,0.3820566701439877
2014-08-31,STK43,0.1213681900415437,4658611833.210553,1.646904454583528
2014-08-31,STK44,-0.0033977225837183,3312285016.106485,0.3549695254632572
2014-08-31,STK45,-0.0010009414270954,5580329724.245465,1.581396068671114
2014-08-31,STK46,0.0215893964868591,6143952867.558858,0.6632020259735749
2014-08-31,STK47,0.0462035221988037,4205335376.411417,1.0768630817142508
2014-08-31,STK48,0.0462245389075099,8157895467.689774,0.4554508579136694
2014-08-31,STK49,0.054993204938143,4628762139.942629,1.2725039485499496
2014-08-31,STK50,-0.0272160085180413,7041126972.428176,0.3791760138357895
2014-09-30,STK01,-0.0698971040230714,115524037.70183374,1.2071402333936971
2014-09-30,STK02,-0.0385902328133768,127277777.77991116,0.4189984795429345
2014-09-30,STK03,-0.1715414320563267,98977804.93251394,1.4302760376610897
2014-09-30,STK04,-0.0250487265548785,140295027.63651767,0.3856197305531036
2014-09-30,STK05,-0.0356822293874093,88234298.1620045,1.412972911001303
2014-09-30,STK06,-0.1180518585727199,76631840.16049406,0.396623303154398
2014-09-30,STK07,-0.0668747256340102,159543766.68126264,1.1283447119623806
2014-09-30,STK08,-0.141906753332369,191983433.0366416,0.4196534268288206
2014-09-30,STK09,-0.0742308096802974,142352937.44843987,1.2727349458282076
2014-09-30,STK10,-0.1023895572852301,108563760.84092472,0.3376193139683137
2014-09-30,STK11,-0.0595395147594811,259853948.59344783,1.5057407742044189
2014-09-30,STK12,-0.0214157758925079,175204314.22291365,0.605152973112389
2014-09-30,STK13,0.0027999973470849,163542580.85236883,1.4853458373509627
2014-09-30,STK14,-0.0387730008954264,128293049.27877171,0.4121215667557026
2014-09-30,STK15,-0.0523398502890005,95903992.47583564,1.9582146981973083
2014-09-30,STK16,-0.1258264199197764,77896513.36021599,0.6003760358218896
2014-09-30,STK17,-0.0772690296851469,104613552.7689718,1.6134836977111822
2014-09-30,STK18,-0.0471246273416713,72755311.15512638,0.4113677138740975
2014-09-30,STK19,-0.1378664721192197,91157449.4321702,1.6119529301196285
2014-09-30,STK20,-0.1009506650877631,102989433.16534522,0.3144582478461011
2014-09-30,STK21,-0.1044819905743242,97921770.58389452,1.3270613480161288
2014-09-30,STK22,-0.0366452749975395,119531069.89899078,0.4484870705135879
2014-09-30,STK23,-0.0672890655483797,94208195.04447149,1.5674300464317994
2014-09-30,STK24,-0.0653345673349967,95662210.7390338,0.3483133230351719
2014-09-30,STK25,-0.0392369386039085,76486421.52706355,1.6843505521272335
2014-09-30,STK26,0.000530460265118,5961812018.660134,0.4284528805987519
2014-09-30,STK27,-0.0637542278032348,6572461754.678021,1.911034765156784
2014-09-30,STK28,-0.0076901980498507,5447610303.662145,0.3441732160236223
2014-09-30,STK29,-0.0505576615754486,4984777467.981276,1.1650386938873758
2014-09-30,STK30,-0.0536207409439909,3656033562.279979,0.4778339895334422
2014-09-30,STK31,0.0425293260452626,4115334784.2553806,1.769710335089422
2014-09-30,STK32,-0.0075716196937903,2931039210.375366,0.4009398472958138
2014-09-30,STK33,-0.0802565732561049,7642258058.573835,1.0422804113202917
2014-09-30,STK34,-0.1089406363051551,3231285813.7549205,0.3068877688939193
2014-09-30,STK35,-0.0154442880333153,9300084273.35093,1.2393730916119954
2014-09-30,STK36,-0.0379812771078391,4293054635.502099,0.3474955548839553
2014-09-30,STK37,-0.0582531263789999,6757757928.219811,1.7720364210936992
2014-09-30,STK38,-0.082280890186735,7639100439.203269,0.6747846070628205
2014-09-30,STK39,-0.1022230471002078,4256788161.5920334,1.0866832405239633
2014-09-30,STK40,0.0053135523513282,5824609935.782478,0.3959833341406319
2014-09-30,STK41,-0.0466110342339687,5760381683.902842,1.2887767053495511
2014-09-30,STK42,0.0105338048041578,6104642446.126889,0.4110162830951442
2014-09-30,STK43,-0.0154172473153388,4586788862.431782,1.7822527336218543
2014-09-30,STK44,-0.0979869887646476,2987724181.4479475,0.4121058919734112
2014-09-30,STK45,-0.0632745293766885,5227236987.177087,1.4900597199236656
2014-09-30,STK46,-0.0493431678732438,5840790769.809602,0.5098829852206154
2014-09-30,STK47,-0.0485965562134316,4000970559.3953066,1.4698331191273095
2014-09-30,STK48,-0.002746623352085,8135488801.494349,0.6592420214934511
2014-09-30,STK49,-0.0088887136984772,4587618398.502328,1.5568938792658262
2014-09-30,STK50,-0.016848368410804,6922495471.1694565,0.3480140333245056
2014-10-31,STK01,-0.0516696073556846,109554956.03363667,1.5091377998771365
2014-10-31,STK02,-0.1115341749512417,113081955.84560128,0.3625420216930755
2014-10-31,STK03,-0.0393736460951794,95080687.86982344,1.4299015596054516
2014-10-31,STK04,-0.0751922055397633,129745935.08226588,0.2973635838015838
2014-10-31,STK05,-0.0437145548360627,84377175.09658004,1.946770499967649
2014-10-31,STK06,-0.0187739210137622,75193160.0461817,0.4152700203941843
2014-10-31,STK07,-0.0299911779988868,154758861.176112,1.26157969233441
2014-10-31,STK08,-0.1069516885065544,171450480.7080877,0.5592778856860323
2014-10-31,STK09,0.0249341069955335,145902380.82190776,1.106706822231688
2014-10-31,STK10,-0.1396283133507549,93405186.02369164,0.2842194432185937
2014-10-31,STK11,-0.0123993633666795,256631925.0625713,1.4978556926576927
2014-10-31,STK12,-0.0760390589660997,161881943.04260245,0.4310372629025605
2014-10-31,STK13,0.0495515576317534,171646370.47272068,1.9543965759442568
2014-10-31,STK14,-0.0655438574994636,119884227.93867224,0.2955922342865072
2014-10-31,STK15,0.016827125104724,97517780.95526904,1.4245890276166395
2014-10-31,STK16,-0.0301356766093644,75549049.22459549,0.4002709070522316
2014-10-31,STK17,0.0008892114450563,104706576.337402,1.164837824789834
2014-10-31,STK18,-0.0367545432414485,70081222.92523023,0.3093549795361193
2014-10-31,STK19,0.0154648165872895,92567182.66820385,1.5526276032965414
2014-10-31,STK20,-0.0044797075637638,102528070.62260666,0.3171345610354303
2014-10-31,STK21,-0.0288713930043141,95094632.6616886,1.37236751783884
2014-10-31,STK22,-0.0639692498780097,111884757.0204364,0.4462642010758367
2014-10-31,STK23,0.0192059614836362,96017554.0099385,1.6752382070105003
2014-10-31,STK24,-0.0819322413050395,87824391.40498973,0.294233732292855
2014-10-31,STK25,-0.0355425920728564,73767895.84761459,1.583107058437749
2014-10-31,STK26,-0.0631639869643144,5585240202.029793,0.5862774973586932
2014-10-31,STK27,-0.0146319568538634,6476293777.859904,1.6049470101577528
2014-10-31,STK28,-0.0318548202282467,5274077656.765442,0.2807840838289912
2014-10-31,STK29,0.0089583652369231,5029432925.164236,1.039871230599501
2014-10-31,STK30,-0.0715482187826351,3394450873.089314,0.4069321209780485
2014-10-31,STK31,0.0195861316804288,4195938273.248856,1.5071215028417866
2014-10-31,STK32,-0.0273485889070228,2850879423.940446,0.4362743012806974
2014-10-31,STK33,-0.0165912821126231,7515463199.14657,1.331441594277477
2014-10-31,STK34,-0.0151135389888758,3182449649.6245337,0.3500409486433812
2014-10-31,STK35,0.0551347540668455,9812842132.563072,0.991128298506158
2014-10-31,STK36,0.0023478841430552,4303134230.406063,0.3438568835007059
2014-10-31,STK37,-0.0373876543107552,6505101210.883764,1.428045483020201
2014-10-31,STK38,-0.0708840575526325,7097610004.020443,0.4842467314851674
2014-10-31,STK39,-0.0402888652208882,4085286997.075779,1.2211359214200497
2014-10-31,STK40,-0.0341445060008558,5625731506.877508,0.2788472769544801
2014-10-31,STK41,-0.0090500128487412,5708250155.649868,1.3591273242606652
2014-10-31,STK42,-0.0137155919616164,6020913661.264249,0.4477032498925369
2014-10-31,STK43,-0.0133818599975827,4525409096.036248,1.8405517999506429
2014-10-31,STK44,-0.0178709425420454,2934330734.269812,0.376141547443997
2014-10-31,STK45,-0.0592959231694124,4917283144.397123,1.601997592085997
2014-10-31,STK46,0.0047713693792037,5868659340.039008,0.5015349318143887
2014-10-31,STK47,0.0132041511629975,4053799979.4602647,1.226798494876177
2014-10-31,STK48,-0.0738663966736855,7534549558.54884,0.5293877763774519
2014-10-31,STK49,-0.0174810245844545,4507422128.494013,1.4902382357345605
2014-10-31,STK50,-0.0513436775236451,6567069096.038838,0.3468245213168358
2014-11-30,STK01,0.0559871620387277,115688627.1092376,1.5315085077601764
2014-11-30,STK02,0.0337954166990027,116903607.66454162,0.5109139521828824
2014-11-30,STK03,-0.0336714861158512,91879179.80832908,1.3184833089450068
2014-11-30,STK04,0.0612135446692376,137688143.67507616,0.3286926699505231
2014-11-30,STK05,0.0086581616768788,85107726.32040456,1.4644388821301957
2014-11-30,STK06,0.0275319838953873,77263376.91761644,0.3657244996372818
2014-11-30,STK07,0.0202198701454426,157888065.25294957,1.1877054839472232
2014-11-30,STK08,0.0894269512077827,186782774.4809208,0.5421877717842333
2014-11-30,STK09,-0.0523307167369024,138267204.65987682,1.2121277707284364
2014-11-30,STK10,0.095594925930599,102334247.86316028,0.2679851390935541
2014-11-30,STK11,-0.0038231174219206,255650791.0788435,1.463002303072935
2014-11-30,STK12,0.0672534622126012,172769064.1819206,0.4177072008354296
2014-11-30,STK13,-0.0215890476081977,167940688.80881077,1.4398277121141825
2014-11-30,STK14,0.1027564893904488,132203110.33493456,0.2694882199038666
2014-11-30,STK15,-0.0115771616864218,96388801.83784884,1.2974324778347723
2014-11-30,STK16,0.0435034379281323,78835692.59806709,0.4168884953179432
2014-11-30,STK17,0.0129405928105899,106061541.50637528,1.7383430351949614
2014-11-30,STK18,-0.0178186710716702,68832468.66562515,0.500289701014258
2014-11-30,STK19,-0.0176952862038342,90929179.87780738,1.2204358992158597
2014-11-30,STK20,0.041628233296178,106796133.06589156,0.2944595555191959
2014-11-30,STK21,-0.0322579967676406,92027070.3086679,1.3587183337299449
2014-11-30,STK22,0.0844027680583553,121328140.21649772,0.4853607943537164
2014-11-30,STK23,-0.0137394978892774,94698321.02928536,1.4632994493901412
2014-11-30,STK24,0.1231636327028554,98641162.4903457,0.278978691944924
2014-11-30,STK25,-0.0369881786540353,71039355.73707074,1.458679552894974
2014-11-30,STK26,-0.0331281666092577,5400211434.064225,0.5349923949261535
2014-11-30,STK27,-0.0304353043594274,6279185805.609672,1.4642488219549863
2014-11-30,STK28,-0.0246622079290639,5144007256.960262,0.2857640809803527
2014-11-30,STK29,-0.0658803480861145,4698092133.378652,1.1394221044131188
2014-11-30,STK30,0.0275262898459322,3487887511.6897483,0.3793745695344295
2014-11-30,STK31,-0.043496475679369,4013429746.1943536,1.553603164446561
2014-11-30,STK32,-0.015851720234541,2805688080.8897324,0.4637797691671044
2014-11-30,STK33,-0.067133385726328,7010924709.28624,1.2795787091532638
2014-11-30,STK34,-0.028145358440533,3092878463.5169024,0.4304540305416513
2014-11-30,STK35,-0.1020672949382182,8811271880.43658,1.2806668235347491
2014-11-30,STK36,0.0470226666486703,4505479076.866931,0.369029483092833
2014-11-30,STK37,-0.0557573871810036,6142393764.016903,1.7180476370276825
2014-11-30,STK38,-0.0202920586002414,6953584885.897201,0.4276544461242411
2014-11-30,STK39,-0.0139893743605055,4028136387.9035807,1.1099521969410966
2014-11-30,STK40,0.0437795315864003,5872023397.079459,0.3374202391909719
2014-11-30,STK41,-0.0494173250876465,5426163702.026509,1.3159408316243502
2014-11-30,STK42,0.0067420709685027,6061507088.463719,0.3557649576729089
2014-11-30,STK43,-0.0321015090172023,4380136635.133311,1.197232327495311
2014-11-30,STK44,0.0845108129988366,3182313410.2304277,0.4171571893852194
2014-11-30,STK45,-0.0828074265526089,4510095581.579078,1.8530857048798728
2014-11-30,STK46,0.0433940247932896,6123324088.944032,0.4776781133480182
2014-11-30,STK47,-0.0173189409346452,3983592457.055126,1.119962336373441
2014-11-30,STK48,0.0047605161221444,7570417903.195409,0.4623003917018005
2014-11-30,STK49,0.023871592838461,4615021474.296491,1.7357030057477232
2014-11-30,STK50,-0.0553746355837545,6203420037.992352,0.3433895678123748
2014-12-31,STK01,-0.0038002249920013,115248984.29720671,1.1989401484935398
2014-12-31,STK02,-0.004735785604539,116349977.2422452,0.4481267754455942
2014-12-31,STK03,-0.0614601277568171,86232273.6791176,1.7149823429411697
2014-12-31,STK04,-0.0072153626433746,136694673.7867674,0.474645888822789
2014-12-31,STK05,-0.0867437356724582,77725164.20478347,1.4733434625689148
2014-12-31,STK06,0.0031875502484964,77509657.81390987,0.3958432652364737
2014-12-31,STK07,-0.0868843926012569,144170056.60445943,1.0147702988812126
2014-12-31,STK08,0.0167596198335022,189913182.7726678,0.3766156787591252
2014-12-31,STK09,-0.0286076582295134,134311703.7246169,1.502296922829028
2014-12-31,STK10,-0.0356502956450972,98686001.67221992,0.351577117789469
2014-12-31,STK11,0.0266644431946831,262467577.0752412,1.5810439557873446
2014-12-31,STK12,0.0202583997295341,176269088.94501552,0.4070576112372127
2014-12-31,STK13,-0.0681691113513574,156492321.29297927,1.7046935583280534
2014-12-31,STK14,-0.0037619447683741,131705769.53564726,0.3789814143887823
2014-12-31,STK15,-0.0530810549490632,91272382.5510196,1.4420041445412284
2014-12-31,STK16,-0.0165807611891725,77528536.80591552,0.4088091942547217
2014-12-31,STK17,-0.0380377275035072,102027201.49195383,1.3057254980072688
2014-12-31,STK18,0.0065839472594903,69285658.00906016,0.3531607153177244
2014-12-31,STK19,-0.0040362023433494,90562171.30890572,0.9495157639550922
2014-12-31,STK20,-0.0657495321272182,99774337.28381304,0.3399135654339662
2014-12-31,STK21,0.0203322843095156,93898190.86635552,1.5538252363397138
2014-12-31,STK22,0.0172406349133057,123419914.38668072,0.3939858513116336
2014-12-31,STK23,-0.0529656539392499,89682562.52902023,1.7714305645619337
2014-12-31,STK24,-0.0201750237651601,96651074.69287996,0.2778936545027454
2014-12-31,STK25,-0.0138722709077564,70053878.54917361,1.7746463276709672
2014-12-31,STK26,0.0099591241799608,5453992810.334114,0.5196536723444428
2014-12-31,STK27,0.0021301331407119,6292561307.390889,1.280064750553336
2014-12-31,STK28,-0.0004700899107415,5141589111.047984,0.4567159358986145
2014-12-31,STK29,-0.061763907385356,4407919605.964783,1.2147306373517306
2014-12-31,STK30,0.0284216449819628,3587019012.284016,0.3418515373527291
2014-12-31,STK31,-0.0312491169862631,3888013610.539378,1.305756510954055
2014-12-31,STK32,0.0420449199836562,2923653011.7498384,0.3546906343243626
2014-12-31,STK33,-0.0315742571739948,6789559969.487721,1.169697370697072
2014-12-31,STK34,-0.0258653712739622,3012880013.752796,0.3491067737835588
2014-12-31,STK35,0.0118990072049878,8916117268.027002,1.287516966510526
2014-12-31,STK36,0.0242253733474417,4614625989.61312,0.5112057283029926
2014-12-31,STK37,-0.017361240390255,6035754189.308202,1.2692844062039192
2014-12-31,STK38,0.0382545346034026,7219591039.532454,0.5078200692620914
2014-12-31,STK39,-0.0223827303886798,3937975697.164304,1.4311366240471042
2014-12-31,STK40,0.0063417470699732,5909262284.252702,0.2820756740387865
2014-12-31,STK41,-0.0171873177534549,5332902502.297516,1.111015627680927
2014-12-31,STK42,-0.0313674423828401,5871373114.113157,0.4263465799520847
2014-12-31,STK43,0.0007182707188587,4383282759.022927,0.9031471094532676
2014-12-31,STK44,-0.0343697947386974,3072937951.5266027,0.3594001422190582
2014-12-31,STK45,0.0628066998537684,4793359801.083121,2.1571136397331694
2014-12-31,STK46,0.0864322589280599,6652576822.100069,0.4394880017879518
2014-12-31,STK47,0.0021657863656622,3992220067.284971,1.6644381164677722
2014-12-31,STK48,-0.0246328004078541,7383937309.98195,0.490879461874277
2014-12-31,STK49,0.0061628442485616,4643463132.846347,1.3787084692557043
2014-12-31,STK50,-0.0029529740896475,6185101499.35296,0.3389128862106341
2015-01-31,STK01,0.0306392508932706,118780126.84228346,1.4107209092825266
2015-01-31,STK02,-0.0098258010340975,115206745.51554112,0.3618081539744365
2015-01-31,STK03,0.0468722683792596,90274175.953959,1.0280652659833405
2015-01-31,STK04,0.0090725878362817,137934848.22144976,0.331284094103019
2015-01-31,STK05,0.0171227771068987,79056034.86705907,1.225783444697625
2015-01-31,STK06,-0.0216418380177506,75832206.35468996,0.4374186267960465
2015-01-31,STK07,0.073298389029962,154737489.49992475,1.4056891774479003
2015-01-31,STK08,-0.045686405475821,181236732.099312,0.3937516152151558
2015-01-31,STK09,-0.0805812850288746,123488694.04406977,1.340747549021271
2015-01-31,STK10,0.0379095091359021,102427139.5541986,0.3329929214427016
2015-01-31,STK11,0.0584398371893662,277806139.5470057,1.100205556351891
2015-01-31,STK12,0.0232215264408975,180362326.2546651,0.5329233513578608
2015-01-31,STK13,0.0469794261576191,163844240.7453972,1.2391201110058463
2015-01-31,STK14,-0.0587401771302493,123969349.30404754,0.3339150349895836
2015-01-31,STK15,0.0289613692525036,93915755.72463548,1.6982711446796397
2015-01-31,STK16,-0.0041829485628548,77204238.92430298,0.5189618611585687
2015-01-31,STK17,-0.0346524617365038,98491707.79617137,1.1838998897561306
2015-01-31,STK18,-0.0582572976675703,65249262.80633286,0.4336602347531401
2015-01-31,STK19,-0.0069395507735517,89933710.52294448,1.329622123086406
2015-01-31,STK20,0.0093620453275395,100708429.15198933,0.3836859831996695
2015-01-31,STK21,0.1046657269577432,103726113.27339956,1.2242169822335387
2015-01-31,STK22,0.0668080121818042,131665353.53050332,0.5868026369593821
2015-01-31,STK23,0.0107002853813449,90642191.54181103,1.5988310647308677
2015-01-31,STK24,-0.0123969445596668,95452896.67828012,0.343801867941776
2015-01-31,STK25,0.0174396935692597,71275596.72440933,1.6787892967722262
2015-01-31,STK26,0.060735294797444,5785242671.492898,0.445859568773563
2015-01-31,STK27,0.1084154062627892,6974771897.965179,1.6943869309770447
2015-01-31,STK28,0.0477316695498606,5387005743.457688,0.2773391488861338
2015-01-31,STK29,0.1091326415768789,4888967516.422235,1.1391179325214864
2015-01-31,STK30,0.09194149407593,3916814899.552175,0.4320437677535141
2015-01-31,STK31,0.0797088250978424,4197922607.399892,1.510436970734255
2015-01-31,STK32,0.0415514443277593,3045135017.101248,0.3784905631465797
2015-01-31,STK33,0.1439246099011136,7766744739.496459,1.305135914310955
2015-01-31,STK34,0.099517609980811,3312714631.880428,0.3197022071126902
2015-01-31,STK35,0.1181691092657847,9969726903.699036,0.8329955456048964
2015-01-31,STK36,0.0182035009183817,4698628338.053031,0.4076245868309814
2015-01-31,STK37,0.1415075686730225,6889859089.745215,1.1433591812177732
2015-01-31,STK38,0.054854212151357,7615616018.061003,0.5145412014144733
2015-01-31,STK39,0.1421877268016999,4497907509.744436,1.436141327766034
2015-01-31,STK40,0.0549361187754569,6233894218.975736,0.2959199990748629
2015-01-31,STK41,0.1490993257549865,6128034669.707157,0.9981808500179972
2015-01-31,STK42,0.0453508798216189,6137645050.599187,0.4076695907573778
2015-01-31,STK43,0.0518023709463779,4610347198.468697,1.2843312145120909
2015-01-31,STK44,0.0375816737492048,3188424103.072426,0.4309617032111885
2015-01-31,STK45,0.1740269712275241,5627533689.269385,1.5918600984303977
2015-01-31,STK46,0.1172966736981705,7432901954.853951,0.5626976976314976
2015-01-31,STK47,0.0875383138834731,4341692280.626863,1.1479469344150597
2015-01-31,STK48,0.1158397036527823,8239290419.760982,0.4601627944938316
2015-01-31,STK49,0.1512905215490267,5345975092.008348,1.2729109691844032
2015-01-31,STK50,0.0399757234356239,6432355406.312356,0.3522452311485423
2015-02-28,STK01,-0.0320622734592489,114971765.9339419,1.2621400365205029
2015-02-28,STK02,-0.0837531576032733,105557816.8014178,0.3571335626815126
2015-02-28,STK03,-0.0133258413493804,89071196.60725045,1.0351888877925806
2015-02-28,STK04,-0.0207047551822626,135078940.9579221,0.3913785184311617
2015-02-28,STK05,-0.034192333538399,76352924.55466127,1.4940424784241702
2015-02-28,STK06,-0.0298884439897296,73565699.70244019,0.3669055691142793
2015-02-28,STK07,-0.0616107441883573,145203997.61799625,1.1342811598693987
2015-02-28,STK08,-0.0108461789011614,179271006.079501,0.4525694050091811
2015-02-28,STK09,-0.0691941371153599,114944000.41618767,1.4963670138493748
2015-02-28,STK10,-0.0239654854586636,99972423.43063997,0.1826725338327495
2015-02-28,STK11,-0.0411003584586215,266388207.6296179,1.824130309950932
2015-02-28,STK12,-0.0312706769855752,174722274.20998853,0.4833748000331294
2015-02-28,STK13,-0.0782904445207695,151016802.30527207,1.639047738717464
2015-02-28,STK14,-0.0331773005172877,119856380.94725452,0.3239201362336049
2015-02-28,STK15,-0.0259165751388189,91481780.984679,1.1491707689763178
2015-02-28,STK16,-0.0505525163203263,73301370.37608378,0.4796643369169011
2015-02-28,STK17,-0.0695962946549196,91637049.87932277,1.1286555097827211
2015-02-28,STK18,-0.0110946282204846,64525346.493835896,0.5220986496606836
2015-02-28,STK19,0.0005052263900678,89979147.40685739,1.422009428940956
2015-02-28,STK20,-0.0782916406231615,92823801.00909863,0.3158189804797022
2015-02-28,STK21,-0.0521361277695163,98318235.37874228,1.64229441186548
2015-02-28,STK22,-0.0123118361025941,130044311.27744564,0.3376578330632683
2015-02-28,STK23,-0.0639838167019564,84842558.17273618,1.644020824163898
2015-02-28,STK24,-0.0526094437629704,90431172.87847152,0.3791201751436716
2015-02-28,STK25,-0.0927729818820901,64663147.08086054,1.4674630512999256
2015-02-28,STK26,-0.0547477246959774,5468513798.414583,0.5002693165081356
2015-02-28,STK27,-0.0856318915793375,6377508987.008016,1.3330056671912744
2015-02-28,STK28,-0.0290659863240975,5230427108.190512,0.2124441741318562
2015-02-28,STK29,-0.0129495337029283,4825657666.795804,1.4010124667338308
2015-02-28,STK30,-0.0274350222885779,3809356995.482727,0.4625938630039306
2015-02-28,STK31,-0.018566796898747,4119980630.95164,1.8229851339413
2015-02-28,STK32,0.0013276618583058,3049177926.716844,0.3717864946680136
2015-02-28,STK33,-0.1006820651021218,6984772840.002913,1.05902515217911
2015-02-28,STK34,-0.0751023261851094,3063922057.0387583,0.2645104734435848
2015-02-28,STK35,-0.0617354688311493,9354241139.180653,2.02516703490586
2015-02-28,STK36,-0.0571437033026497,4430131314.373906,0.4697518673977723
2015-02-28,STK37,-0.0541134984499406,6517024710.571979,1.4927987342598916
2015-02-28,STK38,-0.0503219672262194,7232383238.392666,0.4418629601729648
2015-02-28,STK39,-0.1372251735792612,3880681370.976293,1.2542889004561706
2015-02-28,STK40,-0.0316666111664898,6036487914.690403,0.313619564294603
2015-02-28,STK41,-0.0143103251970105,6040340500.765093,1.1600617282898873
2015-02-28,STK42,-0.088436697095223,5594851994.381351,0.4373873061491843
2015-02-28,STK43,0.0227142308768664,4715067689.157228,1.461329321204394
2015-02-28,STK44,-0.0280057846259017,3099129784.3457456,0.4613449652233083
2015-02-28,STK45,-0.0708264337536522,5228955547.2299,1.2402555966261335
2015-02-28,STK46,-0.0241803231308369,7253171983.785753,0.4413091037814723
2015-02-28,STK47,-0.0890413434531669,3955102167.099602,1.3135382642010776
2015-02-28,STK48,-0.0459118566195686,7861009299.36193,0.4661026061353407
2015-02-28,STK49,-0.0244548103836258,5215240284.817698,0.945997906401009
2015-02-28,STK50,-0.0453229830728186,6140821871.1137085,0.3177237524479317
2015-03-31,STK01,0.0371095316828026,119238314.32449529,1.4290323855804363
2015-03-31,STK02,-0.0730382401507623,97848059.62808567,0.2625481491592201
2015-03-31,STK03,-0.0364588968059971,85823759.04176003,1.5573486232720208
2015-03-31,STK04,-0.032760747798396,130653653.84032518,0.3829049171696978
2015-03-31,STK05,-0.0532980684676712,72283461.15404,1.9066951888021388
2015-03-31,STK06,-0.0053580820975847,73171528.64386825,0.3473705938093359
2015-03-31,STK07,0.0177881620517657,147786909.85818934,1.1114658720158892
2015-03-31,STK08,-0.0828377929115933,164420591.6028343,0.3518274276595185
2015-03-31,STK09,0.0205547708422313,117306648.00443174,1.176951905582205
2015-03-31,STK10,-0.0412166298124833,95851897.06264244,0.2961980556947626
2015-03-31,STK11,-0.0396522282685741,255825321.612632,1.1342334137874843
2015-03-31,STK12,-0.0291102794081879,169636059.9889017,0.3957470500117003
2015-03-31,STK13,0.0301825416377468,155574873.22885033,1.710533792223007
2015-03-31,STK14,-0.0370424323477002,115416609.06457566,0.3072950351383
2015-03-31,STK15,0.0272904381510028,93978358.87058496,1.6934325285132992
2015-03-31,STK16,-0.0549120696665191,69276240.41934094,0.3661564121999706
2015-03-31,STK17,0.0340258028226964,94755074.0697702,1.5876074516755718
2015-03-31,STK18,-0.0431506421892118,61741036.35514546,0.3785816281009834
2015-03-31,STK19,-0.0118340247533918,88914331.94915554,1.3739946331636108
2015-03-31,STK20,-0.0086227761695504,92023402.1497903,0.3713141592809338
2015-03-31,STK21,-0.0167268314919403,96673682.82297714,1.6304281927180546
2015-03-31,STK22,-0.0254817810391677,126730550.6120844,0.3106673723198443
2015-03-31,STK23,-0.0013211112501826,84730471.71463992,1.652567709407232
2015-03-31,STK24,-0.0237278148015317,88285438.75612584,0.3421624787444381
2015-03-31,STK25,-0.015614441932302,63653468.12560654,1.448638121664929
2015-03-31,STK26,-0.0103274718094801,5412037876.321702,0.5630178802095052
2015-03-31,STK27,-0.0616438544459622,5984374751.285077,1.9525848288887355
2015-03-31,STK28,-0.0399050324245132,5021706744.844116,0.3915638646448199
2015-03-31,STK29,0.005466572169129,4852037472.694855,1.0226467349414456
2015-03-31,STK30,-0.0108927183667402,3767862742.5725617,0.4624982234369002
2015-03-31,STK31,0.0786754412864162,4444121925.1832485,1.4201478513145909
2015-03-31,STK32,-0.0563933454595073,2877224582.527997,0.3173052745254554
2015-03-31,STK33,0.0119049499518815,7067926211.088409,1.2070703731730288
2015-03-31,STK34,-0.0976342681451398,2764778269.346028,0.312334289100996
2015-03-31,STK35,-0.0466100547881599,8918239447.181782,1.1913260743767755
2015-03-31,STK36,-0.0360430015786271,4270456084.416402,0.4732571374992503
2015-03-31,STK37,-0.0389502611147855,6263184896.403689,1.3079927302254808
2015-03-31,STK38,-0.0738986829589777,6697919642.420861,0.5122400974427237
2015-03-31,STK39,-0.0289397024488797,3768375606.8013287,1.4887441077856924
2015-03-31,STK40,0.0105740921453434,6100318294.134591,0.3212107749834911
2015-03-31,STK41,-0.0159289598486094,5944124159.456476,1.6280208893629475
2015-03-31,STK42,-0.0187752974521694,5489806983.985978,0.4415052303042308
2015-03-31,STK43,0.009032413876743,4757656131.982555,1.2060942023724237
2015-03-31,STK44,0.0025108828441722,3106911336.1531224,0.3314049572550301
2015-03-31,STK45,0.016034007205536,5312796658.151612,1.5824338053229652
2015-03-31,STK46,-0.0062135063735397,7208104353.43612,0.487410657902011
2015-03-31,STK47,0.0163413991300981,4019734070.212494,1.502294069170653
2015-03-31,STK48,-0.0254091715668411,7661267565.385909,0.3966023713397651
2015-03-31,STK49,0.013250375091292,5284344174.782748,1.3724700648732446
2015-03-31,STK50,-0.0170091740719546,6036371562.963069,0.3444051191661822
2015-04-30,STK01,-0.087578893283654,108795554.71894751,1.388166536109648
2015-04-30,STK02,-0.0256485048514551,95338403.19600923,0.5243535358165179
2015-04-30,STK03,-0.0113218281274613,84852077.19263658,0.986452759576964
2015-04-30,STK04,-0.0651188600823578,122145636.83664824,0.3786723270497434
2015-04-30,STK05,-0.0885031341885305,65886148.29191256,1.4243958522146427
2015-04-30,STK06,-0.1145590586645084,64789067.20138358,0.4167619829586545
2015-04-30,STK07,-0.0685179665332638,137660851.31447145,1.613366612768377
2015-04-30,STK08,-0.0791084906848582,151413526.76362264,0.3840355180464831
2015-04-30,STK09,-0.0091209198069306,116236703.47516347,1.0080261052949828
2015-04-30,STK10,-0.0549767107431183,90582275.04365036,0.2488034753857497
2015-04-30,STK11,-0.0964217387705473,231158199.28120756,1.4189011243299068
2015-04-30,STK12,-0.0999237585078698,152685387.29634416,0.4809095347254903
2015-04-30,STK13,-0.0392313738226887,149471457.21979192,1.5314811920501317
2015-04-30,STK14,-0.0947680089136045,104478806.82796596,0.4435925738082269
2015-04-30,STK15,-0.0778893253713215,86658447.89865117,1.106652550212163
2015-04-30,STK16,-0.0968075651465994,62569776.26183412,0.4617924002238877
2015-04-30,STK17,-0.0413713606584565,90834927.72621097,1.262980098140027
2015-04-30,STK18,-0.0549180134570446,58350341.28974171,0.380419035231479
2015-04-30,STK19,-0.1276207336735773,77567019.67170832,1.42594484861454
2015-04-30,STK20,-0.0652708290844395,86016958.3963027,0.4257791511016388
2015-04-30,STK21,-0.0285046314769874,93918035.120585,1.4929668772025624
2015-04-30,STK22,-0.0603841498066009,119078034.05885126,0.3770783036415744
2015-04-30,STK23,-0.0167033249715808,83315191.11059494,1.2640476941326373
2015-04-30,STK24,-0.0539952487377194,83518444.53057013,0.322862432771944
2015-04-30,STK25,-0.0611087992510139,59763681.12028803,1.4161765957720682
2015-04-30,STK26,-0.0837771851864102,4958632576.921233,0.5177178142760107
2015-04-30,STK27,-0.0228083882780308,5847880808.356523,1.274571034821543
2015-04-30,STK28,-0.0588135011529752,4726362589.416324,0.4103463896939086
2015-04-30,STK29,-0.0542893003680756,4588623752.942565,1.9234878331247267
2015-04-30,STK30,-0.1030734051707379,3379496299.4796524,0.4081960165000892
2015-04-30,STK31,-0.1024325040589038,3988899388.043651,1.5591662145836451
2015-04-30,STK32,-0.0295540470894873,2792190951.728934,0.3948343273718658
2015-04-30,STK33,-0.0531902122472075,6691981715.773016,1.3475906045324106
2015-04-30,STK34,-0.1256329901021164,2417430908.398732,0.3348322058842314
2015-04-30,STK35,-0.007927331486767,8847541606.80561,1.2623017455584156
2015-04-30,STK36,-0.1395361114646301,3674573248.2164655,0.4147721145207217
2015-04-30,STK37,-0.1129208702761583,5555940607.201294,1.3166693152365834
2015-04-30,STK38,-0.0930072040001092,6074964863.861885,0.5660354953215875
2015-04-30,STK39,-0.0290080311687244,3659062449.743775,1.078404944643564
2015-04-30,STK40,-0.0410259208196324,5850047118.82487,0.3516249806084157
2015-04-30,STK41,-0.088042999942113,5420785636.429537,1.3129433547536424
2015-04-30,STK42,-0.0554768053979265,5185250030.26321,0.4853359620299278
2015-04-30,STK43,-0.0313859711158956,4608332474.044786,1.4369540514740446
2015-04-30,STK44,-0.0615143646071237,2915791659.418993,0.340776011550263
2015-04-30,STK45,-0.1028984898844841,4766117904.964478,1.5756163490466892
2015-04-30,STK46,-0.0551144928559567,6810833337.5436735,0.5438152517785765
2015-04-30,STK47,-0.0591157192193129,3782104599.581506,1.616081984910463
2015-04-30,STK48,-0.1255789923069636,6699173304.730721,0.5249031223388277
2015-04-30,STK49,-0.0535637432967357,5001294919.913084,1.0414002947814267
2015-04-30,STK50,-0.0886818014500164,5501055258.537852,0.3872493356599846
2015-05-31,STK01,-0.0315511033203408,105362934.9312162,1.3267062452839906
2015-05-31,STK02,-0.1174140150802063,84144338.48543023,0.4001295011959971
2015-05-31,STK03,-0.0443868330505909,81085762.20829116,0.8907806134446838
2015-05-31,STK04,-0.0421638333386267,116995508.56202736,0.3107738261706949
2015-05-31,STK05,-0.0041348262085551,65613720.5191744,1.507058776922898
2015-05-31,STK06,-0.1038078356766629,58063454.35969808,0.3385455885794459
2015-05-31,STK07,0.0020087740557136,137937380.86107942,0.8654916357335912
2015-05-31,STK08,-0.1062466733481756,135326343.24507278,0.4154759493450812
2015-05-31,STK09,-0.0331429339299408,112384278.091652,1.0584246779365354
2015-05-31,STK10,-0.112736533105161,80370343.39445108,0.3377434702249686
2015-05-31,STK11,-0.0403779866723521,221824496.591426,1.770669435159634
2015-05-31,STK12,-0.0804647497524743,140399595.81668422,0.4700590508793801
2015-05-31,STK13,-0.1018987583475042,134240501.320703,1.462627411706283
2015-05-31,STK14,-0.0432690937252462,99958103.5430248,0.3161927268744386
2015-05-31,STK15,-0.041327112240707,83077104.49573813,1.352156663065707
2015-05-31,STK16,-0.0875587939386276,57091242.11533816,0.4081407738053778
2015-05-31,STK17,-0.0697379672579144,84500284.51056544,1.4773896149645966
2015-05-31,STK18,-0.0726013197388889,54114029.50489188,0.5021092563744679
2015-05-31,STK19,-0.0020375004611934,77408976.8333538,1.2845104900755926
2015-05-31,STK20,-0.0736723956640191,79679883.00351481,0.378834818646978
2015-05-31,STK21,-0.0457460168506151,89621659.10338207,1.6162125776614655
2015-05-31,STK22,-0.0937768429769445,107911271.9569111,0.3895261209880326
2015-05-31,STK23,0.015856065957823,84636242.27613318,1.5095071182039728
2015-05-31,STK24,-0.0421835542373952,79995339.69589193,0.3031069918821366
2015-05-31,STK25,-0.0260740789443512,58205398.180752605,1.2788183862751408
2015-05-31,STK26,0.0210503360810877,5063013459.168056,0.5058741636273236
2015-05-31,STK27,0.0523763470438619,6154171443.046144,1.300475089162453
2015-05-31,STK28,0.0209926481999069,4825581456.521142,0.3088729567103903
2015-05-31,STK29,-0.0338206788049659,4433433382.837458,1.2030956005789646
2015-05-31,STK30,-0.0947959310665894,3059133801.234385,0.3516209524368365
2015-05-31,STK31,-0.0035420496724959,3974770508.272612,1.5897864031402216
2015-05-31,STK32,-0.0659532797592771,2608036800.7482333,0.3034828566486978
2015-05-31,STK33,0.037718545257514,6944393530.981856,1.0448386287737406
2015-05-31,STK34,-0.0556319512228725,2282944510.0180287,0.3319626136235755
2015-05-31,STK35,-0.0140309948641998,8723401795.959726,1.022597179702846
2015-05-31,STK36,-0.0697949933751946,3418106432.7005305,0.3877919652870021
2015-05-31,STK37,-0.0212132853049271,5438080853.963503,1.409979127581492
2015-05-31,STK38,-0.0247307406342132,5924726483.451758,0.4846909927678222
2015-05-31,STK39,-0.0640834407655269,3424577137.9882565,1.241196990560631
2015-05-31,STK40,-0.0208572692521469,5728031110.929793,0.2886652547725096
2015-05-31,STK41,-0.0088322880567755,5372907696.194559,1.2348853633690051
2015-05-31,STK42,-0.0691686025998951,4826593531.53884,0.5045843671266917
2015-05-31,STK43,-0.0341938758856335,4450755725.387565,1.1003847179569917
2015-05-31,STK44,-0.0278703057705601,2834527654.3077364,0.377855182676644
2015-05-31,STK45,-0.0530050628587162,4513489525.819783,1.5314754220751217
2015-05-31,STK46,-0.0266461870028466,6629350598.786263,0.442194658982987
2015-05-31,STK47,0.0074691939222829,3810353872.270138,1.14094657303533
2015-05-31,STK48,-0.0569804341882663,6317451501.124722,0.3411706236509192
2015-05-31,STK49,0.0004303739347711,5003447346.886718,1.421494781684896
2015-05-31,STK50,-0.0663335400941138,5136150788.985695,0.271281098229766
2015-06-30,STK01,0.1395123162495684,120062362.03032272,1.4626720272807905
2015-06-30,STK02,0.1085213512428583,93275795.79730555,0.350689096580387
2015-06-30,STK03,0.0668105830247783,86503149.25643562,1.1590229939718355
2015-06-30,STK04,0.0564602793765421,123601107.66124004,0.3242223432312643
2015-06-30,STK05,0.0560173369856417,69289226.41237871,1.4745938558239566
2015-06-30,STK06,-0.0009508773684447,58008243.135013714,0.4437045800218474
2015-06-30,STK07,0.0528185388123614,145223031.76576582,1.3956889021765109
2015-06-30,STK08,0.0364333297417524,140256732.5312661,0.3837820971470284
2015-06-30,STK09,0.1166407351417838,125492862.90664096,1.3702044822363124
2015-06-30,STK10,0.0687335416337241,85894481.7382703,0.2518466288472689
2015-06-30,STK11,0.0631834889967065,235840142.23101035,1.6803040373267335
2015-06-30,STK12,0.0972921060743576,154059368.185678,0.4868134173140933
2015-06-30,STK13,0.1135036458676708,149477287.64370668,1.6458611750571988
2015-06-30,STK14,0.0580315788055493,105758830.1060351,0.3064646715053781
2015-06-30,STK15,0.0346532068546425,85955992.58271371,1.290806978468299
2015-06-30,STK16,0.0933960849986408,62423340.61662026,0.5533800392999596
2015-06-30,STK17,0.088597764062312,91986820.78083076,1.143206094728919
2015-06-30,STK18,0.0523623450858931,56947566.99181523,0.4427061386479518
2015-06-30,STK19,0.0322809931833434,79907815.48684089,1.2378833231292288
2015-06-30,STK20,0.0575837542333932,84268149.80373475,0.3597960885836734
2015-06-30,STK21,0.0914314651866662,97815898.70766422,1.5698552292640546
2015-06-30,STK22,0.0681311042930769,115263386.081006,0.3587063881345279
2015-06-30,STK23,0.0906154058045856,92305589.7157602,1.6226807506157483
2015-06-30,STK24,0.0516022961415254,84123282.90482128,0.2866835367531364
2015-06-30,STK25,0.0754824574193016,62598884.67050476,1.4026236937658134
2015-06-30,STK26,0.0176413522678089,5152331863.1378975,0.3571562960315529
2015-06-30,STK27,0.0501531429900511,6462822483.414527,1.5400712537225183
2015-06-30,STK28,2.861985575500995e-05,4825719563.966362,0.2537234707041516
2015-06-30,STK29,0.0369086665675123,4597065497.313883,1.3265010845473073
2015-06-30,STK30,0.027712073250275,3143908741.216584,0.5333198137296875
2015-06-30,STK31,-0.0312633479516247,3850505874.844629,1.419272289084686
2015-06-30,STK32,-0.0201703734737515,2555431724.4438534,0.3293724342604489
2015-06-30,STK33,0.0807089836955622,7504868475.249439,1.1720224523695508
2015-06-30,STK34,0.0102435044725421,2306329862.316964,0.3946899337556396
2015-06-30,STK35,0.0655817425915131,9295497687.064705,1.027751397735851
2015-06-30,STK36,0.0568197758168957,3612322473.924864,0.4125318467343775
2015-06-30,STK37,-0.0061829131363556,5404457672.414968,1.8714890920536151
2015-06-30,STK38,0.0551203871585885,6251299701.028362,0.5342043001863197
2015-06-30,STK39,-0.0119156940987261,3383770924.3944974,1.0499714567652036
2015-06-30,STK40,0.0245896836745446,5868881584.025508,0.3113087392809845
2015-06-30,STK41,0.0559491872759904,5673517515.105559,1.1745975522299676
2015-06-30,STK42,-0.0298819067753163,4682365713.587051,0.3803221371528902
2015-06-30,STK43,-0.039081019860147,4276815652.491031,1.2674202244957895
2015-06-30,STK44,-0.0556200018224331,2676871221.009403,0.4801753879074513
2015-06-30,STK45,0.0354236353944791,4673373733.139223,1.1068893299773426
2015-06-30,STK46,-0.0539971651693621,6271384459.537992,0.5366872708621613
2015-06-30,STK47,-0.0009775469141726,3806629072.6003942,1.200069116930793
2015-06-30,STK48,0.0499687040960903,6633126365.825824,0.5707237423582215
2015-06-30,STK49,0.0558513646057343,5282896708.943282,1.1778269398804329
2015-06-30,STK50,-0.04541799958995,4902877094.557622,0.3547340607592946
2015-07-31,STK01,-0.08153440540213,110273148.7310051,1.5457064990986522
2015-07-31,STK02,-0.0613047971616633,87557542.05585901,0.4037166692059571
2015-07-31,STK03,-0.049474578119479,82223442.44096714,1.3363791625464394
2015-07-31,STK04,-0.0273105528680605,120225493.0759069,0.3037811512057159
2015-07-31,STK05,-0.0697166258658441,64458615.33805314,1.2362039087618075
2015-07-31,STK06,-0.0428244849954963,55524069.99726321,0.3766345059361631
2015-07-31,STK07,-0.0288260288226099,141036828.46637905,1.3199773060866171
2015-07-31,STK08,-0.0224510128925964,137107826.8209332,0.341552692910552
2015-07-31,STK09,-0.0925059968634635,113884020.52421218,0.9278375277929608
2015-07-31,STK10,-0.0263667066093683,83629727.13891357,0.2738540855451126
2015-07-31,STK11,-0.0119621160438986,233018995.08183345,1.6613001006066006
2015-07-31,STK12,-0.0473155248912307,146769968.31556123,0.4145054298173488
2015-07-31,STK13,-0.0261946244844372,145561786.22492754,1.3890857147816391
2015-07-31,STK14,-0.0260240340456698,103006558.71072544,0.3642116930753476
2015-07-31,STK15,-0.0338309866709589,83048016.54335888,1.3359018519893495
2015-07-31,STK16,-0.0541791619630891,59041296.33507531,0.4725492292651126
2015-07-31,STK17,-0.0023164331435132,91773739.46040764,1.5406632278734138
2015-07-31,STK18,-0.0785763596185978,52472834.488462165,0.4041263615358815
2015-07-31,STK19,-0.0740578216022873,73990016.74288793,1.1040122858790602
2015-07-31,STK20,-0.0143546399162452,83058510.85689391,0.2923589148649615
2015-07-31,STK21,-0.0271067898476256,95164423.69763891,1.1713443893276774
2015-07-31,STK22,-0.0727719055449543,106875449.83632743,0.4676714135809649
2015-07-31,STK23,-0.0771445669252349,85184714.97235946,1.1685273424319225
2015-07-31,STK24,-0.0636849656824199,78765894.51993522,0.374913015637301
2015-07-31,STK25,-0.0364495749351115,60317181.93285278,1.3425595905072154
2015-07-31,STK26,0.0021735014298015,5163530463.809238,0.4875156532119918
2015-07-31,STK27,0.0229020815683682,6610834571.09157,1.6615762351088108
2015-07-31,STK28,-0.0373783841859159,4645341964.130937,0.303054859003111
2015-07-31,STK29,-0.084699290542867,4207697311.112305,1.3309849499145727
2015-07-31,STK30,-0.0356977403252764,3031678303.366267,0.41555362733119
2015-07-31,STK31,-0.049245945593509,3660884072.024543,1.7718092938745764
2015-07-31,STK32,-0.0157681632384777,2515137259.8680377,0.3096025387342445
2015-07-31,STK33,-0.0285265197847202,7290780696.208512,1.2676256333562572
2015-07-31,STK34,-0.0974003832398855,2081692449.8496995,0.3526454078167176
2015-07-31,STK35,0.0111514640478513,9399156095.328892,1.1245336640097132
2015-07-31,STK36,-0.0511649648061517,3427498121.678028,0.3918923836476183
2015-07-31,STK37,-0.1026420314736328,4849733157.905034,1.6988431446870045
2015-07-31,STK38,-0.029923536257513,6064238707.76806,0.3951735075723402
2015-07-31,STK39,-0.0416800193672693,3242735286.731332,1.185511903781143
2015-07-31,STK40,-0.0093116891580877,5814232383.009438,0.2753092345172783
2015-07-31,STK41,-0.0200376629442196,5559833483.429747,1.402249172487148
2015-07-31,STK42,-0.0011820399496442,4676830970.254747,0.3573282039067236
2015-07-31,STK43,-0.0346680972400424,4128546591.572736,1.4001376887597172
2015-07-31,STK44,-0.0518350868253014,2538115368.8482304,0.4173742936224175
2015-07-31,STK45,-0.0166880868444214,4595384066.424157,1.8330433392448755
2015-07-31,STK46,-0.0225471958014996,6129982326.182306,0.4575923137048452
2015-07-31,STK47,-0.0010590218092911,3802597769.392629,1.2970935352809418
2015-07-31,STK48,-0.0078339960288139,6581162480.217323,0.5062706215369646
2015-07-31,STK49,-0.0474390477442727,5032281119.73966,1.4056872010670056
2015-07-31,STK50,-0.0350810103629101,4730879212.395371,0.29090766897844
2015-08-31,STK01,0.0566807202279415,116523510.2228814,1.0611274764829146
2015-08-31,STK02,0.0713449710693904,93804332.3607412,0.4089505638514544
2015-08-31,STK03,0.0381325195101681,85358829.4640405,1.0810974659079915
2015-08-31,STK04,-0.0005212184760168,120162829.32762752,0.3575501272590572
2015-08-31,STK05,0.1051781922237618,71238255.97255641,1.159634723846843
2015-08-31,STK06,-0.0271469810276228,54016759.1224711,0.4117694239632284
2015-08-31,STK07,0.0604436316992019,149561606.5822244,1.1590073406974304
2015-08-31,STK08,0.0943137254590006,150038976.75800285,0.3766858275940125
2015-08-31,STK09,0.0548645451858287,120132215.51420668,1.6839510622469698
2015-08-31,STK10,0.0099301788172536,84460185.28384112,0.2986818895182916
2015-08-31,STK11,0.0573603240749013,246385040.15533525,1.8777048598696344
2015-08-31,STK12,0.0006869250066906,146870788.2770284,0.352642839380348
2015-08-31,STK13,0.0900821187198025,158674300.332708,1.3588890382371803
2015-08-31,STK14,-0.008892887968054,102090532.92413616,0.4140111067525795
2015-08-31,STK15,0.0996951375554573,91327499.97635692,1.22918737433104
2015-08-31,STK16,0.0431212981676128,61587233.67854248,0.5029109186155899
2015-08-31,STK17,0.0459632653062345,95991960.1953716,1.1170926854329406
2015-08-31,STK18,0.0225027408462394,53653617.08442365,0.4236916646272246
2015-08-31,STK19,0.0401799299832017,76962930.43507311,1.2206561976041124
2015-08-31,STK20,0.0067694825540381,83620773.99710405,0.3960440015743254
2015-08-31,STK21,0.0572929209489415,100616671.50169936,1.291127534624066
2015-08-31,STK22,0.0360757383758363,110731060.6034226,0.3664566820835612
2015-08-31,STK23,0.1311026190605366,96352654.2091611,1.6140274838508977
2015-08-31,STK24,0.0200042987776851,80341551.00740364,0.3350046352762488
2015-08-31,STK25,0.0988051106496969,66276827.7678062,1.720339678658242
2015-08-31,STK26,-0.00036160888683,5161663285.306108,0.3815792283377591
2015-08-31,STK27,0.0564823889756169,6984230300.78942,1.6614418091323169
2015-08-31,STK28,0.013826125170889,4709569043.588594,0.2973628540377873
2015-08-31,STK29,0.1455266879555861,4820029564.718104,0.985338391701061
2015-08-31,STK30,-0.0322009265008274,2934055453.1454167,0.3978856050081877
2015-08-31,STK31,0.0751535855781921,3936012636.42328,1.3234342665913132
2015-08-31,STK32,0.0422298897618761,2621351229.0882525,0.3620907821946715
2015-08-31,STK33,0.0849577493989307,7910189015.519557,0.9297524276015164
2015-08-31,STK34,0.0357144747584914,2156039002.304798,0.3106695787989249
2015-08-31,STK35,0.0811505139462211,10161902443.12559,1.4248769847354117
2015-08-31,STK36,-0.0127768456647023,3383705507.16129,0.4634014826899716
2015-08-31,STK37,0.0880975762387512,5276982894.5211735,1.2442071187610382
2015-08-31,STK38,0.0096106463154934,6122519961.161144,0.5204930751768256
2015-08-31,STK39,0.0993519741169519,3564907439.0067897,1.0158509476982287
2015-08-31,STK40,0.0728898427110846,6238030866.892691,0.2544055671055662
2015-08-31,STK41,0.0408297860371061,5786840294.960122,1.1427068305615464
2015-08-31,STK42,0.0270160052331674,4803180260.221788,0.3962450747779318
2015-08-31,STK43,0.0781219520893124,4451076710.598075,1.1951327831085068
2015-08-31,STK44,0.0352054232446494,2627470794.6522818,0.3444939215420318
2015-08-31,STK45,0.0777960318798858,4952886711.75601,1.794803884589986
2015-08-31,STK46,0.0094133017234865,6187685699.378302,0.5472781257637814
2015-08-31,STK47,-0.0131610260371483,3752551681.1408505,1.1346174026570637
2015-08-31,STK48,0.0420660041322787,6858005688.305342,0.4306440328531424
2015-08-31,STK49,0.0974809127623278,5522832476.568511,1.1691089240103276
2015-08-31,STK50,0.0325319579003538,4884783975.764677,0.3164065653395077
2015-09-30,STK01,-0.0199621792457678,114197447.02546616,0.9549183229713656
2015-09-30,STK02,-0.0428502967230097,89784788.88517962,0.4261548318349602
2015-09-30,STK03,0.0138319476040404,86539508.32072935,1.3270430235614616
2015-09-30,STK04,0.0226200625466391,122880920.04279958,0.3472890519580943
2015-09-30,STK05,0.0726748023203119,76415482.14300574,1.4750937813218163
2015-09-30,STK06,-0.0393103938846018,51893339.04499711,0.3273428281642843
2015-09-30,STK07,-0.0015844539339078,149324633.10631362,1.4656010846488212
2015-09-30,STK08,-0.0266186290767284,146045144.8886297,0.4508847290761802
2015-09-30,STK09,0.0500295251726547,126142373.21432146,1.15805984972691
2015-09-30,STK10,-0.0375088715790702,81292179.04048504,0.3690589257681183
2015-09-30,STK11,0.0251790417370958,252588779.36480248,1.6050447808670636
2015-09-30,STK12,-0.0608014142579496,137940836.63660517,0.4685286367007724
2015-09-30,STK13,0.0533773853693017,167143919.6097713,1.499081760134904
2015-09-30,STK14,-0.0381854172438316,98192163.3277829,0.3623347457607151
2015-09-30,STK15,0.049532090085466,95851141.93246624,1.490086083928864
2015-09-30,STK16,0.0249193799308312,63121949.35346696,0.3327999408265263
2015-09-30,STK17,-0.0307969002358891,93035705.3737873,1.1789514448092977
2015-09-30,STK18,-0.0251685567333831,52303232.97888312,0.4284169229295871
2015-09-30,STK19,-0.0033487441819224,76705201.26955496,1.306622356389432
2015-09-30,STK20,-0.0147304880599219,82388999.18417828,0.3136221507266056
2015-09-30,STK21,0.056278133799364,106279190.00291866,1.6024638778803415
2015-09-30,STK22,-0.0540949403075176,104741070.48989232,0.3189642277182403
2015-09-30,STK23,0.0925654454813934,105271580.56934674,1.7040027070903798
2015-09-30,STK24,-0.0817516208509877,73773498.99086608,0.3764420303220037
2015-09-30,STK25,-0.0192569483124541,65000538.32116813,1.3195875999386066
2015-09-30,STK26,-0.038381508414011,4963550862.490839,0.4477643990874262
2015-09-30,STK27,0.0461984603483025,7306890987.403853,1.4121051823785902
2015-09-30,STK28,-0.0124037169009154,4651152882.446607,0.2933292888667261
2015-09-30,STK29,0.0147636498843742,4891190793.643936,1.3909983752429995
2015-09-30,STK30,-0.0543084041130476,2774711583.9059043,0.4302963371600387
2015-09-30,STK31,0.0182321536023049,4007774623.3911614,1.5070386060823648
2015-09-30,STK32,0.0257354459298748,2688812871.907665,0.2867838995409467
2015-09-30,STK33,0.0316805417215897,8160788088.651384,1.5992321273489412
2015-09-30,STK34,0.0609869186016946,2287529177.44044,0.4031511581961864
2015-09-30,STK35,0.0305098401462501,10471940462.24714,1.1703532031264334
2015-09-30,STK36,0.0203448283925601,3452546415.035447,0.5312285283607266
2015-09-30,STK37,0.0524872988603884,5553957472.787064,1.2093309298226622
2015-09-30,STK38,-0.0564905822642377,5776655243.6307335,0.4233098904209462
2015-09-30,STK39,0.0459847707161552,3728838890.213833,1.548418892603288
2015-09-30,STK40,0.0416254367061094,6497691625.91329,0.3194708047466459
2015-09-30,STK41,0.0258851365072139,5936633445.940611,1.2451950832281933
2015-09-30,STK42,0.0207189714577833,4902697214.939913,0.4399992181095288
2015-09-30,STK43,0.0289417372068082,4579898603.04355,1.5850965720098382
2015-09-30,STK44,0.0657536399382231,2800236563.232045,0.3366866590011356
2015-09-30,STK45,0.0701759797472478,5300460389.330613,1.2860139370870962
2015-09-30,STK46,0.0229737525508861,6329840059.498476,0.5670671485545086
2015-09-30,STK47,0.0663837673729505,4001660198.9966793,1.3481487212432597
2015-09-30,STK48,0.0187967022930477,6986913579.552445,0.5231708874017
2015-09-30,STK49,-0.0134607150112422,5448491202.546589,1.2428310490190109
2015-09-30,STK50,-0.0432676777549931,4673430716.798536,0.3446271409635335
2015-10-31,STK01,0.0260775849535546,117175440.6517518,0.986690212494542
2015-10-31,STK02,-0.0422483239121819,85991532.04197168,0.3526124109729629
2015-10-31,STK03,0.0464803977665478,90561899.0899983,1.248140221908857
2015-10-31,STK04,0.0212198653889605,125488436.6249794,0.3401980598278923
2015-10-31,STK05,0.0266606904713194,78452771.65963705,1.6568620814009385
2015-10-31,STK06,0.0197582688122192,52918661.5874118,0.3213305011301321
2015-10-31,STK07,0.0618041370801276,158553513.200256,1.2472201472564235
2015-10-31,STK08,0.0506682579500195,153444997.96219477,0.4375767623158092
2015-10-31,STK09,0.0086025119473114,127227514.48695987,1.444878444230966
2015-10-31,STK10,0.0144838442057941,82469602.29685697,0.2393862605790717
2015-10-31,STK11,0.0327702314530928,260866172.1270413,1.666053204313672
2015-10-31,STK12,-0.0138594056954226,136029058.61969247,0.497599917196239
2015-10-31,STK13,0.0237455328626384,171112841.04565534,1.0891066851255076
2015-10-31,STK14,0.0194665312903719,100103624.1476725,0.4048943802506428
2015-10-31,STK15,0.0359895826644869,99300784.5285302,1.7127711573183226
2015-10-31,STK16,-0.0019949722609922,62996022.81544703,0.4227315110347003
2015-10-31,STK17,-0.0402038065884531,89295315.86911924,1.8647909646995424
2015-10-31,STK18,0.0102745745947364,52840626.44767053,0.4418943888080418
2015-10-31,STK19,0.0573308823190492,81102778.1367988,0.9662663470127116
2015-10-31,STK20,0.0038626327634922,82707237.63177842,0.3517069795103787
2015-10-31,STK21,0.018035914141753,108196032.34886636,1.6581322717163558
2015-10-31,STK22,-0.0214427876410767,102495129.95807852,0.4436310772876258
2015-10-31,STK23,0.0074064493793539,106051269.2019182,1.7851213302823754
2015-10-31,STK24,-0.0173091012740725,72496546.0254905,0.3314125236202043
2015-10-31,STK25,-0.0310946075161678,62979372.09373179,1.1162304847778088
2015-10-31,STK26,0.0396072560209572,5160143492.274557,0.5521721665683024
2015-10-31,STK27,0.0685178182583027,7807543216.112021,1.4686231279713582
2015-10-31,STK28,0.0279714739714535,4781252484.235212,0.4297653527896444
2015-10-31,STK29,0.0874670636413631,5319008890.07364,1.275667428987569
2015-10-31,STK30,-0.0086912342375102,2750595915.588645,0.435414909685766
2015-10-31,STK31,0.0740704954385377,4304632475.351746,1.269773580811367
2015-10-31,STK32,0.1300548351667922,3038505986.757965,0.2645723694584832
2015-10-31,STK33,0.0202276195690284,8325861405.492083,1.2658658431420269
2015-10-31,STK34,-0.0128617880099768,2258107462.093564,0.389143990070387
2015-10-31,STK35,0.0725759309514181,11231951290.16255,1.1975041313541983
2015-10-31,STK36,0.0727504487783166,3703720716.157244,0.4268478228685528
2015-10-31,STK37,0.0732769861027486,5960934737.335738,1.5154812794910972
2015-10-31,STK38,0.0268019457381395,5931480844.018463,0.4923062219794828
2015-10-31,STK39,0.065533521230522,3973202832.790858,1.502085188678555
2015-10-31,STK40,-0.0367710293814979,6258764816.224919,0.3166215246189476
2015-10-31,STK41,0.060534922426733,6296007091.066576,1.4956905780368015
2015-10-31,STK42,0.0073373296812957,4938669920.733497,0.4873408842226467
2015-10-31,STK43,0.0274165677055879,4705463703.178621,1.8515208896476816
2015-10-31,STK44,0.0298750528798331,2883893778.6346445,0.3769145453179846
2015-10-31,STK45,0.1091394570898144,5878949758.548223,1.9652745992664935
2015-10-31,STK46,0.0666568061068123,6751766981.031599,0.4693544920704413
2015-10-31,STK47,0.0515576383990649,4207976348.5324807,1.2278513101431152
2015-10-31,STK48,0.0687805529942348,7467477359.276991,0.3945753041033602
2015-10-31,STK49,0.1209791147047517,6107644844.707303,1.2442975818741708
2015-10-31,STK50,0.0602387892784025,4954952524.954977,0.2476983870620288
2015-11-30,STK01,0.0079652743445554,118108775.18298718,1.775877325654741
2015-11-30,STK02,0.0250609429817561,88146560.92338939,0.4343913030333783
2015-11-30,STK03,0.0091239909812252,91388185.0405381,1.6678264950408352
2015-11-30,STK04,-0.0115858612715796,124034545.00705495,0.319020805142185
2015-11-30,STK05,0.039392148078835,81543194.8580485,1.1231294320762677
2015-11-30,STK06,0.0774777295197243,57018679.33642712,0.404036516262856
2015-11-30,STK07,0.0366181667263484,164359452.1816713,1.2114952787072146
2015-11-30,STK08,-0.0075380545584266,152288321.1958381,0.4980950577438513
2015-11-30,STK09,-0.0046886226694313,126630992.67836092,1.199991547631698
2015-11-30,STK10,0.0483251235382748,86454956.01600498,0.2979821898749328
2015-11-30,STK11,0.036347620084382,270348036.644382,2.181750739907696
2015-11-30,STK12,-0.0024188208258083,135700028.69978806,0.3509230206901767
2015-11-30,STK13,0.0301874343768224,176278298.70575273,1.4575332955662543
2015-11-30,STK14,-0.0147600698318769,98626087.6648289,0.3832502042371694
2015-11-30,STK15,-0.009098388123072,98397307.44996408,1.2349150244165323
2015-11-30,STK16,0.0637782737648993,67013800.40467044,0.4247675018813702
2015-11-30,STK17,0.0355632083126448,92470943.78871617,1.7532502819941236
2015-11-30,STK18,0.0224802912980735,54028499.12258685,0.5929710422051879
2015-11-30,STK19,0.0321806038460934,83712714.51083672,1.5388615090861275
2015-11-30,STK20,-0.0334957604862665,79936895.80958365,0.333544141192917
2015-11-30,STK21,0.0835676784407938,117237723.58876611,1.958194066255864
2015-11-30,STK22,-0.0015420864470969,102337073.60727672,0.4736343822031247
2015-11-30,STK23,-0.0095130881685223,105042394.12761664,1.6338312250347542
2015-11-30,STK24,0.0119904019038376,73365808.7489762,0.264998761386705
2015-11-30,STK25,-0.0130204166244583,62159354.43032461,1.373442134813909
2015-11-30,STK26,0.1139536746101589,5748160804.7349415,0.5443309162138046
2015-11-30,STK27,0.05020279426887,8199503701.935806,1.4706540180979122
2015-11-30,STK28,0.0797292045692289,5162457941.647937,0.334306248282799
2015-11-30,STK29,0.0352226551421581,5506358505.906777,1.2829624635272787
2015-11-30,STK30,0.044545241272277,2873121874.291081,0.4219820999221135
2015-11-30,STK31,0.0719880537279512,4614514589.26645,1.4496555706430632
2015-11-30,STK32,0.0090934257346774,3066136415.292921,0.441610422173702
2015-11-30,STK33,0.0346363154475477,8614238567.50527,1.603261087272708
2015-11-30,STK34,0.0326443153248804,2331821834.123612,0.3013001859794322
2015-11-30,STK35,0.0741317439520737,12064595427.287045,1.181670989227359
2015-11-30,STK36,-0.022839441450967,3619129803.709837,0.4742222566237996
2015-11-30,STK37,0.1113540994055401,6624709256.62696,1.7003739247275251
2015-11-30,STK38,0.0647090359239929,6315301251.0365305,0.4358929270362832
2015-11-30,STK39,0.057863768129788,4203107320.240084,1.24864502418056
2015-11-30,STK40,0.0232721756752644,6404419890.538269,0.2142751733842922
2015-11-30,STK41,0.0071992373283534,6341333540.33616,1.1508977432729737
2015-11-30,STK42,0.01049832321448,4990517673.8109865,0.5634902521076692
2015-11-30,STK43,0.0793764459422161,5078966688.44704,1.4581207140390042
2015-11-30,STK44,0.0425976685153125,3006740929.850295,0.2707700859032559
2015-11-30,STK45,0.0877994016094949,6395118029.441042,1.8210176045154949
2015-11-30,STK46,-0.0072256192584944,6702981283.50459,0.463070145006592
2015-11-30,STK47,0.0363589926647323,4360974129.722139,1.408433499053433
2015-11-30,STK48,0.0570080016600933,7893183320.971363,0.4897639266177757
2015-11-30,STK49,0.0815700383881419,6605845669.151216,1.4759192738758362
2015-11-30,STK50,0.0252465678679396,5080048070.158671,0.2898947213635236
2015-12-31,STK01,-0.0103556864927032,116885677.735155,1.034518202070371
2015-12-31,STK02,-0.0129858692925722,87001901.2046485,0.4032423007569957
2015-12-31,STK03,-0.0923951601407671,82944359.04874353,1.4662806839636766
2015-12-31,STK04,-0.0831382257697082,113722533.0010154,0.3052655234744374
2015-12-31,STK05,0.0223160262616495,83362914.93595952,1.2128079140115422
2015-12-31,STK06,0.0041496953939002,57255289.48743576,0.4285787603602406
2015-12-31,STK07,0.0458273708692137,171891613.75266153,1.6871848598962962
2015-12-31,STK08,-0.0081113093360388,151053063.51435262,0.5464300718417152
2015-12-31,STK09,-0.0541043919363473,119779699.81920215,1.0573586673774735
2015-12-31,STK10,-0.0117438245530831,85439644.18080848,0.3435544804894488
2015-12-31,STK11,-0.100760544574574,243107621.2474272,1.5811153324972596
2015-12-31,STK12,-0.0069586208895841,134755743.64536053,0.4927461842060276
2015-12-31,STK13,-0.0446377322345601,168409635.20936152,1.5018471548299888
2015-12-31,STK14,-0.0199767472269535,96655859.24156524,0.3209959379725824
2015-12-31,STK15,-0.0737781230020269,91137738.79785237,1.5900903142059866
2015-12-31,STK16,-0.0338655683799976,64744339.96466256,0.3983950744951626
2015-12-31,STK17,-0.000808825160938,92396150.96272416,1.5133743842990248
2015-12-31,STK18,0.0090707904401349,54518580.31592284,0.5515477572067241
2015-12-31,STK19,0.0650364095448295,89157088.89587289,1.3198078168265088
2015-12-31,STK20,-0.014991706817228,78738505.30372708,0.4031692086637873
2015-12-31,STK21,0.0178606184232199,119331661.834592,1.8104580560692327
2015-12-31,STK22,-0.024237128324495,99856716.82190384,0.3723008716273239
2015-12-31,STK23,-0.0314583451516829,101737934.23759095,1.2792620892907247
2015-12-31,STK24,-0.0067214615002337,72872683.29003644,0.2950013086199198
2015-12-31,STK25,-0.0415385913099968,59577342.41055012,1.980542503889655
2015-12-31,STK26,0.0457611726903465,6011203383.9723,0.43304152994281
2015-12-31,STK27,-0.0384119590832327,7884544701.234233,1.562805485531464
2015-12-31,STK28,0.0317192036339321,5326206996.3506775,0.2835169786952092
2015-12-31,STK29,-0.0039682335597753,5484507989.291483,1.1174895444827158
2015-12-31,STK30,-0.0503943113839763,2728332875.913943,0.3734916865381151
2015-12-31,STK31,-0.0512856073062334,4377856406.132446,1.7979990295332495
2015-12-31,STK32,-0.0129926754382595,3026299099.9995923,0.3999657667055669
2015-12-31,STK33,0.0884456014617405,9376130078.743196,1.3351161281324668
2015-12-31,STK34,-0.0124877601828964,2302702602.2698345,0.357600455572198
2015-12-31,STK35,-0.0019371717522944,12041224233.82244,1.375739786368981
2015-12-31,STK36,-0.0067025332149854,3594872465.9911275,0.4499728905345253
2015-12-31,STK37,0.0063522792111358,6666791259.517652,1.1480481856818647
2015-12-31,STK38,0.0597290269064544,6692508049.382057,0.5231503905201856
2015-12-31,STK39,-0.0161954942176993,4135035919.938766,1.0411621460324318
2015-12-31,STK40,0.0299529047807834,6596250869.695717,0.351073439395503
2015-12-31,STK41,-0.0065082659878303,6300062454.938102,1.2327821099346454
2015-12-31,STK42,-0.0068694766189839,4956235429.334116,0.3628676578552215
2015-12-31,STK43,-0.0280441353741785,4936531459.075287,1.5747623122616876
2015-12-31,STK44,-0.005505181258766,2990188276.0333185,0.3151462504337671
2015-12-31,STK45,-0.0118623390934934,6319256970.832898,1.682440974411701
2015-12-31,STK46,0.0349119958580111,6936995738.310628,0.3726413822917025
2015-12-31,STK47,-0.0260372242494649,4247426468.360449,1.3496869207301647
2015-12-31,STK48,0.0356236698955653,8174367478.02283,0.4947168908095654
2015-12-31,STK49,0.0086228566201507,6662806929.21115,1.231554112640174
2015-12-31,STK50,0.0237735697252672,5200818947.162298,0.2820890259030355
2016-01-31,STK01,0.0109214068834102,118162233.7805438,1.1533983631979905
2016-01-31,STK02,0.0781125899403306,93797845.03747636,0.3338153380248839
2016-01-31,STK03,0.0274681910082647,85222690.5461525,1.2980186308649817
2016-01-31,STK04,0.0441378027112932,118741995.72644275,0.3185792118416813
2016-01-31,STK05,0.0457225333303541,87174478.59263441,1.1922067176417854
2016-01-31,STK06,0.0850704825881394,62126024.59485555,0.4090751406451417
2016-01-31,STK07,0.0295773418391409,176975710.77190557,1.031274354973888
2016-01-31,STK08,0.0499183858621453,158593388.6245212,0.4376516989232354
2016-01-31,STK09,-0.0134586304117471,118167629.1085055,1.5007499720093171
2016-01-31,STK10,0.0199421790943948,87143496.86682354,0.4427740875068519
2016-01-31,STK11,0.0111262397724707,245812494.93194103,1.34963442833374
2016-01-31,STK12,0.0129969091323619,136507151.80058312,0.4037746131628311
2016-01-31,STK13,0.001912101473385,168731651.5209776,1.2437234295512805
2016-01-31,STK14,0.1018375269964149,106499052.91643985,0.4448508017481108
2016-01-31,STK15,0.0256527763947688,93475674.83235854,1.7501033312604724
2016-01-31,STK16,0.0726213536330226,69446161.57297295,0.5880193750531932
2016-01-31,STK17,0.0366155653824639,95779288.2693878,1.3122158597647056
2016-01-31,STK18,0.0422005452870393,56819294.13353004,0.5566064688001333
2016-01-31,STK19,0.0064251436620254,89729936.00051685,1.2735114383068975
2016-01-31,STK20,0.0062740563088129,79232515.11967443,0.2825855171440196
2016-01-31,STK21,0.0410950455846289,124235601.9173741,1.1485728111204028
2016-01-31,STK22,0.0425338325307195,104104005.69227418,0.456666042622693
2016-01-31,STK23,0.0302647850634704,104817010.95009314,1.2017286868201074
2016-01-31,STK24,0.0933313517696907,79673989.32858011,0.3834101475551126
2016-01-31,STK25,0.008631978513381,60091612.75012233,1.6992028328115445
2016-01-31,STK26,0.0977396244761772,6598736145.371677,0.6018927441948119
2016-01-31,STK27,-0.0017160666233866,7871014297.231844,1.4406086177857491
2016-01-31,STK28,0.0144720113466386,5403287924.436411,0.2705191949569169
2016-01-31,STK29,0.0446669435225369,5729484197.898067,1.1181030548098834
2016-01-31,STK30,0.0981594688992125,2996144581.993917,0.3912486160844559
2016-01-31,STK31,0.0296514582054771,4507666232.388463,1.3670993526516515
2016-01-31,STK32,0.0713136478572019,3242115528.327531,0.3717776140990625
2016-01-31,STK33,0.074980476597614,10079156780.688583,1.464768830064882
2016-01-31,STK34,0.0458311889960983,2408238200.4362707,0.3701603131858647
2016-01-31,STK35,0.0482121105421139,12621757067.645872,1.079257494632371
2016-01-31,STK36,0.030756611247281,3705438560.9111714,0.4263740302386373
2016-01-31,STK37,0.048729561718097,6991661075.659987,1.1714273820820176
2016-01-31,STK38,0.083194840290452,7249290187.692963,0.4856548076570968
2016-01-31,STK39,0.0386567354785279,4294882909.6900506,1.4800671917618944
2016-01-31,STK40,0.1009862580303737,7262381562.055885,0.2743249296756381
2016-01-31,STK41,0.082678130872237,6820939843.090741,1.0859341197976304
2016-01-31,STK42,0.0181503412267226,5046192793.576503,0.404301992201773
2016-01-31,STK43,0.1083760789088731,5471533382.020165,2.006568259022543
2016-01-31,STK44,0.0340772746201763,3092085743.081737,0.3612165091871718
2016-01-31,STK45,0.1337566230224546,7164499443.262612,1.3199749257577014
2016-01-31,STK46,0.0615929989355317,7364266109.436183,0.5131698510049318
2016-01-31,STK47,0.0420637552077265,4426089175.588382,1.4207526397341297
2016-01-31,STK48,0.0167582241595464,8311355360.582043,0.574657313421253
2016-01-31,STK49,0.0439172002576032,6955418755.399063,1.493304843578536
2016-01-31,STK50,0.0643302898798584,5535389137.645908,0.2726440334389033
2016-02-29,STK01,0.0104947727336353,119402319.56976932,1.0804344313830887
2016-02-29,STK02,0.0696814065447451,100333810.81055374,0.3773637934937682
2016-02-29,STK03,0.0688099361875184,91086858.4443619,1.5475471580332525
2016-02-29,STK04,-0.0186836432323096,116523462.64159748,0.3035996521284609
2016-02-29,STK05,0.0347037114693455,90199756.54520383,1.4451541195224915
2016-02-29,STK06,0.0271781375471,63814494.23654905,0.3655574570863633
2016-02-29,STK07,0.0914051884358554,193152208.96358103,1.3503091120848816
2016-02-29,STK08,-0.0113908671494338,156786872.40392074,0.5242018432520147
2016-02-29,STK09,0.0450611878668937,123492402.8435493,1.284721717036187
2016-02-29,STK10,0.0233488107547127,89178193.88367088,0.284685157753583
2016-02-29,STK11,0.1301243056835894,277798675.1633108,1.644962733213115
2016-02-29,STK12,0.0551660385229466,144037710.59547183,0.6421186531520334
2016-02-29,STK13,0.0446692112031325,176268761.29942152,1.4311977927269717
2016-02-29,STK14,0.0395929610648797,110715665.772007,0.3653561750998159
2016-02-29,STK15,0.0815225020094813,101096045.72171712,1.5437406476620006
2016-02-29,STK16,0.000290821849353,69466358.03411207,0.5316457930651141
2016-02-29,STK17,0.0743090918097915,102896560.19487424,1.6201432975462562
2016-02-29,STK18,-0.0047181555058242,56551211.86807687,0.4543200359564272
2016-02-29,STK19,0.0243419607636518,91914138.58196644,1.648533715630046
2016-02-29,STK20,0.1008083129148654,87219811.29689038,0.4401140826014251
2016-02-29,STK21,-0.0063812734841451,123442820.56507196,1.4043920393942992
2016-02-29,STK22,0.0275979584807313,106977063.71904738,0.4523443025330353
2016-02-29,STK23,0.031399756054222,108108239.5242588,1.5783977497284165
2016-02-29,STK24,0.0358581580347861,82530951.8291862,0.3180752817397445
2016-02-29,STK25,-0.0037330009357946,59867290.70349272,1.0814181782020529
2016-02-29,STK26,-0.0204425332620011,6463841262.232748,0.5236331377828676
2016-02-29,STK27,0.0137906006992146,7979560312.502777,1.4359802122137724
2016-02-29,STK28,0.0095006423417355,5454622630.475899,0.2961060122516937
2016-02-29,STK29,-0.1107377666434999,5095013913.803611,1.3203215373079047
2016-02-29,STK30,-0.066724993218125,2796226855.079851,0.3472330758283217
2016-02-29,STK31,-0.0467311126041382,4297017974.100846,1.6154443669149483
2016-02-29,STK32,-0.0800195326304362,2982682959.016882,0.4694021948489112
2016-02-29,STK33,-0.0918209035216793,9153679498.349098,1.276795534817511
2016-02-29,STK34,-0.0378824122806731,2317008328.0572777,0.4562323057316611
2016-02-29,STK35,-0.0060509352581881,12545383632.784967,1.115736360074398
2016-02-29,STK36,-0.0689645090937367,3449894809.5809298,0.4599189477438093
2016-02-29,STK37,-0.0153184359460689,6884559763.3158655,1.3905856325549677
2016-02-29,STK38,-0.0229159974179081,7083165472.470124,0.3573349469252355
2016-02-29,STK39,-0.0423226057270242,4113112273.659504,1.445237495141159
2016-02-29,STK40,-0.1267303150700854,6342017658.537364,0.3027011161906763
2016-02-29,STK41,-0.0049169556109152,6787401584.65754,1.319099081755965
2016-02-29,STK42,-0.0694972543921515,4695496249.2894745,0.4030423897158568
2016-02-29,STK43,-0.0506992863653562,5194130544.227519,1.4055065186382043
2016-02-29,STK44,0.0153666539656247,3139600754.727716,0.3480047757294043
2016-02-29,STK45,0.0108205075201932,7242022963.366856,1.4883350166802856
2016-02-29,STK46,-0.0286519358944591,7153265628.958879,0.4491843366638688
2016-02-29,STK47,-0.0420154547421844,4240125026.146576,1.1881435516797436
2016-02-29,STK48,-0.0203922975910675,8141867728.683939,0.4190621610218042
2016-02-29,STK49,-0.0377034438145955,6693175515.147891,1.1969789164216686
2016-02-29,STK50,-0.0903486838550763,5035274014.433914,0.4925641876626873
2016-03-31,STK01,0.0002333580221851,119430183.05890843,1.195990283710084
2016-03-31,STK02,-0.0013716904286306,100196183.88259688,0.4141926157109906
2016-03-31,STK03,-0.0598533052308821,85635008.90336935,1.0624758284722131
2016-03-31,STK04,0.0485569100386404,122181481.93447642,0.3403201491315757
2016-03-31,STK05,-0.0596120223963043,84822766.63788995,1.1825827250620116
2016-03-31,STK06,0.0445356587522552,66656514.77531576,0.3592730116518132
2016-03-31,STK07,-0.0344148572717199,186504903.260382,1.1431409940620036
2016-03-31,STK08,0.0488087149752013,164439438.17093697,0.4362235805728272
2016-03-31,STK09,-0.0724164744519687,114549518.40801716,1.1173956151332327
2016-03-31,STK10,0.057760023804115,94329128.48519972,0.3963318315990837
2016-03-31,STK11,-0.1273884715858876,242410326.52567208,1.5689677201444752
2016-03-31,STK12,-0.0337062695191549,139182736.7012188,0.3470964240525491
2016-03-31,STK13,-0.0616167942049822,165407645.30966792,1.609485273793113
2016-03-31,STK14,0.0458762579749626,115794886.21683332,0.4578922164965225
2016-03-31,STK15,-0.0116564226635094,99917627.48317532,1.3948139396062256
2016-03-31,STK16,0.0420980601848412,72390756.95545386,0.4935095861878067
2016-03-31,STK17,-0.1140300352921843,91163261.80440834,1.3830217708588988
2016-03-31,STK18,-0.020223346930934,55407557.09110399,0.4709288602212181
2016-03-31,STK19,-0.0787561976666656,84675330.51544379,1.528765357044518
2016-03-31,STK20,0.0566259356428339,92158714.71816824,0.3817282981304175
2016-03-31,STK21,0.032436306707726,127446849.75378744,1.8350226056409435
2016-03-31,STK22,0.0665508015027572,114096473.05196153,0.5141514372332218
2016-03-31,STK23,-0.0902143193740671,98355328.27684917,1.6014508455948346
2016-03-31,STK24,-0.0017829105658005,82383806.52316436,0.2976412332928131
2016-03-31,STK25,0.0108512445342321,60516925.31451827,1.3500843032196177
2016-03-31,STK26,0.0569128989623278,6831717206.8987255,0.4779760829034981
2016-03-31,STK27,0.0649077105059861,8497495303.231764,1.5150030726253634
2016-03-31,STK28,0.0735928811259048,5856044025.307182,0.2734906113292342
2016-03-31,STK29,0.0618513531754034,5410147418.819873,1.4304459922007462
2016-03-31,STK30,0.1425091528323441,3194714775.3243303,0.3712440873105542
2016-03-31,STK31,-0.0461758646070605,4098599453.91466,1.29206443414299
2016-03-31,STK32,0.0222390451417555,3049014979.9860034,0.4109893510747007
2016-03-31,STK33,0.0655244202210508,9753469040.367744,1.124597180969383
2016-03-31,STK34,0.1068155369253604,2564500816.6792474,0.330149556315903
2016-03-31,STK35,0.1029253376793014,13836621479.50574,1.2501134763568795
2016-03-31,STK36,0.0406554460289706,3590151821.817473,0.6469019184549287
2016-03-31,STK37,0.0737959616216215,7392612471.391283,1.3011782800356455
2016-03-31,STK38,0.1179488898136407,7918616976.314287,0.4860037477926627
2016-03-31,STK39,-0.0152312601327784,4050464390.664073,1.1487003845938242
2016-03-31,STK40,0.0914814650272618,6922194725.169128,0.3060977422291886
2016-03-31,STK41,0.0830245304137238,7350922413.953097,0.9984806312965716
2016-03-31,STK42,0.1173209727334437,5246376436.722352,0.3989432172386389
2016-03-31,STK43,0.0309833190130727,5355061947.874865,1.7043953208692817
2016-03-31,STK44,0.0649605097357249,3343550820.1214952,0.2977360416183329
2016-03-31,STK45,0.0380383270959539,7517497401.683813,1.9899437634969848
2016-03-31,STK46,0.1254474192810815,8050624341.543833,0.363488376095968
2016-03-31,STK47,0.0596957606973334,4493242515.034196,1.484681608586971
2016-03-31,STK48,0.0965655772314292,8928091885.646252,0.5343858269410766
2016-03-31,STK49,0.0568690831446545,7073810270.020602,1.6794861866233195
2016-03-31,STK50,0.1184514224699242,5631709383.969458,0.3332631434576573
2016-04-30,STK01,-0.0397861649966651,114678514.09014478,1.3848574077110056
2016-04-30,STK02,-0.0488845477270613,95298138.74951863,0.4444447885136663
2016-04-30,STK03,-0.0527273907196662,81119698.3296393,1.042717020814993
2016-04-30,STK04,0.0313389740637024,126010524.22788572,0.3757177212837662
2016-04-30,STK05,-0.1053523121691148,75886492.048007,1.2038021700430748
2016-04-30,STK06,-0.0271803418455989,64844767.91748646,0.3993463924227295
2016-04-30,STK07,-0.0813292796690211,171336593.82347465,1.5665467596145677
2016-04-30,STK08,0.000154604335514,164464861.22100767,0.458456736018111
2016-04-30,STK09,-0.0307203956776504,111030511.87783858,1.0942464482009764
2016-04-30,STK10,-0.050807364727021,89536514.04987015,0.3963997641587085
2016-04-30,STK11,-0.0279090361084688,235644887.96960136,1.2710203498653092
2016-04-30,STK12,-0.0065126156492548,138276293.03207234,0.4061749212612418
2016-04-30,STK13,-0.0385871073497825,159025042.743629,1.7614744782742642
2016-04-30,STK14,0.0027896977167684,116117918.94652589,0.3101064589172236
2016-04-30,STK15,-0.0536180880325084,94560235.33678304,1.485098929922409
2016-04-30,STK16,-0.0399094921073649,69501678.612094,0.506187345653994
2016-04-30,STK17,-0.0536163726139576,86275418.3907994,1.471623501871632
2016-04-30,STK18,-0.0563220312536513,52286890.928930365,0.4736240583605196
2016-04-30,STK19,-0.0925341522706765,76839970.58795784,1.2280398438609974
2016-04-30,STK20,-0.0852162637886741,84305293.37431964,0.3317792355680222
2016-04-30,STK21,-0.0416094248601236,122143859.63529776,1.473831315406435
2016-04-30,STK22,0.0026186586213678,114395252.7647867,0.4217037412240167
2016-04-30,STK23,-0.0411805688627663,94304999.9077244,1.3036072034750097
2016-04-30,STK24,-0.0411698184103978,78992080.16864833,0.2520505833049047
2016-04-30,STK25,-0.0826440616057654,55515560.81063372,1.733112315258798
2016-04-30,STK26,-0.0321694421618061,6611944675.345582,0.5262915870785521
2016-04-30,STK27,-0.0362587217554025,8189386985.414043,1.5686318516010769
2016-04-30,STK28,-0.001821778315859,5845375611.285161,0.274688211226821
2016-04-30,STK29,-0.0478516939358015,5151262700.386937,1.8852897326088127
2016-04-30,STK30,0.0250576424651715,3274766795.9426084,0.467345707986009
2016-04-30,STK31,-0.0224891249269488,4006425538.7700486,1.208816039483646
2016-04-30,STK32,-0.0244427305685934,2974488728.3306003,0.4165716997643269
2016-04-30,STK33,0.0264122580454043,10011080181.499798,1.1837022064826237
2016-04-30,STK34,0.0207289366842506,2617660191.7349005,0.4908879117203822
2016-04-30,STK35,-0.009927318666456,13699260928.811556,1.3411603135370007
2016-04-30,STK36,0.0147304174210887,3643036256.7579274,0.3581917613240017
2016-04-30,STK37,-0.0130314289977468,7296276166.86249,1.1702956904198014
2016-04-30,STK38,-0.0256214302359541,7715730683.890408,0.3991073123124909
2016-04-30,STK39,-0.0159563134123921,3985833911.380903,1.248896389289345
2016-04-30,STK40,-0.037762959304716,6660792167.463246,0.2375568860829778
2016-04-30,STK41,-0.0640166191774072,6880341213.176394,0.8203002372899897
2016-04-30,STK42,-0.0086986579007074,5200740002.880972,0.3864446551533988
2016-04-30,STK43,-0.0147521747145496,5276063138.412579,1.2163227759004884
2016-04-30,STK44,-0.0168848703584937,3287095397.9867086,0.3434022785305062
2016-04-30,STK45,-0.0018143107879345,7503858325.049668,1.1518161376134757
2016-04-30,STK46,-0.0133582554353146,7943082045.175728,0.4614677290084072
2016-04-30,STK47,0.0498164823584697,4717080051.516723,1.3000332426799257
2016-04-30,STK48,0.0371456529549261,9259731688.380156,0.3885856054422608
2016-04-30,STK49,-0.0911349857758528,6429138671.681192,1.0701686066559195
2016-04-30,STK50,0.0952160743889498,6167938643.610439,0.3235063067259094
2016-05-31,STK01,0.0507270353803369,120495815.13176002,1.5676185446785684
2016-05-31,STK02,0.0286705321454889,98030387.09994195,0.2740823769944014
2016-05-31,STK03,-0.0546228139724367,76688712.13827923,1.2794549474348331
2016-05-31,STK04,0.0449053398942404,131669069.64859036,0.2331916430283729
2016-05-31,STK05,0.0534317098102642,79941237.06963502,1.4926665184229768
2016-05-31,STK06,0.0224393559801927,66299842.74823992,0.362787741749774
2016-05-31,STK07,-0.0393440357240512,164595520.7552466,1.2616164125076297
2016-05-31,STK08,0.0321066139161367,169745271.02300158,0.3423572464415699
2016-05-31,STK09,0.0160692438980359,112814688.25332735,1.4779775223289509
2016-05-31,STK10,0.0201445442385256,91340186.31811114,0.3549140768669703
2016-05-31,STK11,0.0249281908990993,241519088.72130448,1.9315984752257969
2016-05-31,STK12,0.0556427718511194,145970369.2576745,0.3924760977797348
2016-05-31,STK13,-0.0358139667036956,153329725.15775493,1.7106641806334095
2016-05-31,STK14,0.0343300670013187,120104254.8840138,0.6365024344533229
2016-05-31,STK15,-0.0247031109011894,92224303.3564159,1.0696820310727306
2016-05-31,STK16,0.029942093022254,71582704.33830011,0.4491211923054845
2016-05-31,STK17,0.0245096855454281,88390001.76585814,1.3226212861945434
2016-05-31,STK18,0.002595267761556,52422589.41131022,0.360899656978445
2016-05-31,STK19,0.0512940902001322,80781406.97027206,1.4491475242809144
2016-05-31,STK20,0.0173290843303966,85766226.91270205,0.3922870462701339
2016-05-31,STK21,0.0451328688895987,127656562.4378872,1.1562184518300886
2016-05-31,STK22,0.0771786185187218,123224120.33827296,0.4032249776114668
2016-05-31,STK23,0.0065642259052508,94924039.23111336,1.1431150495523028
2016-05-31,STK24,0.0100189843320976,79783500.58221781,0.2355398179610131
2016-05-31,STK25,0.0009947943448382,55570787.37657866,1.595688385200461
2016-05-31,STK26,0.0901409131598175,7207951406.143427,0.5199823731319222
2016-05-31,STK27,0.0387419765788889,8506660024.198412,1.3979359911425115
2016-05-31,STK28,0.0388752501583812,6072616050.443571,0.2668711989107982
2016-05-31,STK29,-0.0155584837150935,5071116863.550798,1.270837887533287
2016-05-31,STK30,0.0412770200659024,3409939410.6898828,0.4352143848675048
2016-05-31,STK31,-0.0243647680018838,3908809910.001093,2.21776357862016
2016-05-31,STK32,0.068656604437923,3178707024.356655,0.4033020574158262
2016-05-31,STK33,0.0522796291085809,10534455740.364872,1.6243063561530378
2016-05-31,STK34,0.1030825070355508,2887495166.8660946,0.4714396030258821
2016-05-31,STK35,0.0319251551626425,14136611959.57739,0.9814973346713444
2016-05-31,STK36,0.0373699687832171,3779176407.9490986,0.3350583728848461
2016-05-31,STK37,0.0381775218595088,7574829909.715896,1.4468094378735674
2016-05-31,STK38,0.0777730389627822,8315806506.994951,0.512519750974579
2016-05-31,STK39,-0.0046388455300602,3967344243.557531,0.9973321690426694
2016-05-31,STK40,0.0043139825623998,6689526708.725453,0.273374209314158
2016-05-31,STK41,0.0366092768338779,7132225529.361109,1.1585042766477216
2016-05-31,STK42,0.0970912443612498,5705686321.360015,0.3808871206770594
2016-05-31,STK43,0.0219991861969639,5392132233.781455,1.6620937947848289
2016-05-31,STK44,0.0577379665256215,3476885602.0421896,0.3779705561338716
2016-05-31,STK45,0.0420120818092197,7819111034.88645,1.8796706950183324
2016-05-31,STK46,0.0308556277202786,8188170827.7133,0.4465368506964619
2016-05-31,STK47,0.031580600518495,4866048272.237434,1.1347060746309532
2016-05-31,STK48,0.1272836207436418,10438343864.79182,0.482519483834706
2016-05-31,STK49,0.0442490357490168,6713621858.5998,1.906035393634244
2016-05-31,STK50,0.0680354072696056,6587576861.242414,0.4112136246745771
2016-06-30,STK01,0.0448536570925497,125900493.10476723,1.4347393588674069
2016-06-30,STK02,0.042650633032381,102211445.16616386,0.3072686053009054
2016-06-30,STK03,-0.0131564968312435,75679757.34003979,1.1397406579590648
2016-06-30,STK04,0.0310118059018122,135752365.27980465,0.3150770507900134
2016-06-30,STK05,0.0388244103418285,83044908.46085992,1.578727965411562
2016-06-30,STK06,0.0735885740772974,71178753.63763195,0.6065593465390555
2016-06-30,STK07,0.0422366673017756,171547487.00474843,1.1282226391915482
2016-06-30,STK08,-0.0191570915711865,166493445.3222381,0.3928954540874713
2016-06-30,STK09,0.0710710005049033,120832541.0191401,1.380876817455876
2016-06-30,STK10,0.011644777295038,92403822.44587284,0.3435754155471042
2016-06-30,STK11,0.0768256229359899,260073943.16325128,1.3784585417170323
2016-06-30,STK12,0.061871317391997,155001748.30384305,0.4945328685295372
2016-06-30,STK13,0.061344891130652,162735720.4546502,2.014979247472476
2016-06-30,STK14,0.0508307310153068,126209241.95781696,0.2771059605744159
2016-06-30,STK15,0.0535701131581522,97164769.72315086,1.29006261362062
2016-06-30,STK16,0.0092915734381098,72247820.29255792,0.4522110835423922
2016-06-30,STK17,0.0335239729834305,91353185.79706214,1.8703138018547665
2016-06-30,STK18,0.0580796299388806,55467274.004757,0.457640239711351
2016-06-30,STK19,0.0107777100995849,81652045.55603425,1.2385824480746166
2016-06-30,STK20,0.0576864556223469,90713776.55539778,0.2890003889197327
2016-06-30,STK21,0.0802542171938218,137901539.92599407,1.3555051155817457
2016-06-30,STK22,0.0882708845643559,134101222.44019692,0.3761454812260345
2016-06-30,STK23,0.0749234528506692,102036076.00884075,1.2512179886622934
2016-06-30,STK24,0.0188384484029726,81286497.94134447,0.2923691939071846
2016-06-30,STK25,0.0486509097382302,58274356.73731897,1.5546593301644174
2016-06-30,STK26,-0.0204574575250239,7060495046.409811,0.4537642485052216
2016-06-30,STK27,-0.0108361198814407,8414480836.385538,1.3394721461630383
2016-06-30,STK28,0.0760138001437874,6534218673.251946,0.3001496807015995
2016-06-30,STK29,-0.0180963873000834,4979347968.743999,1.3074161253117405
2016-06-30,STK30,0.0245532098981125,3493664368.7803974,0.3475429142789717
2016-06-30,STK31,-0.0109268823357043,3866098804.041876,1.3300390820540486
2016-06-30,STK32,-0.0152928642263651,3130095489.417776,0.4006348747923441
2016-06-30,STK33,-0.0483411887563893,10025207626.974064,1.3171887766691852
2016-06-30,STK34,0.0143957418158956,2929062801.7829456,0.3411075453839038
2016-06-30,STK35,0.0251679253575831,14492401154.185152,1.2194437119426391
2016-06-30,STK36,0.0573024462896694,3995732461.0847874,0.4712331159858997
2016-06-30,STK37,0.0007894340108542,7580809738.073062,1.5071956375764464
2016-06-30,STK38,0.0113172309266809,8409918409.576209,0.3997708745159166
2016-06-30,STK39,0.0281407802050063,4078988405.913081,1.1763650669133725
2016-06-30,STK40,0.0094220687194809,6752555889.075869,0.2784208962148474
2016-06-30,STK41,-0.0077110663397461,7077228465.154174,1.1102091659705284
2016-06-30,STK42,0.0379590580134296,5922268799.438952,0.3682279049185759
2016-06-30,STK43,0.0083153180273898,5436969528.151087,1.1544078977760102
2016-06-30,STK44,-0.0254233189376743,3388491630.471663,0.5074787195549174
2016-06-30,STK45,-0.0742762594921817,7238336714.661042,1.5775425076287388
2016-06-30,STK46,0.0182405736504283,8337527760.758492,0.5709507717344408
2016-06-30,STK47,-0.0383081615431303,4679638908.947893,1.330305823825129
2016-06-30,STK48,0.0447945886195107,10905925184.084164,0.3105333689120857
2016-06-30,STK49,-0.0111040293292236,6639073604.576592,1.5144020680472965
2016-06-30,STK50,-0.0205715929104436,6452059911.786676,0.4456162363985534
2016-07-31,STK01,0.0147920569594504,127762820.36999586,1.3177098203466908
2016-07-31,STK02,-0.0029814740267973,101906704.39715952,0.3687884921146785
2016-07-31,STK03,-0.0349158048694866,73037337.70018487,1.1949715050546603
2016-07-31,STK04,0.0640890831846646,144452609.910737,0.332541539821399
2016-07-31,STK05,0.0194176431728631,84657444.86067599,1.684089868509221
2016-07-31,STK06,0.0560445090478722,75167931.93989249,0.3693874551389243
2016-07-31,STK07,-0.0428339552189812,164199429.62845826,1.0563739586705354
2016-07-31,STK08,0.05953254369608,176405223.63099512,0.4538877241285203
2016-07-31,STK09,-0.0821898432391037,110901333.4145944,1.571993472055374
2016-07-31,STK10,0.0232225596580495,94549675.72525392,0.259257413324519
2016-07-31,STK11,-0.0329329929956702,251508929.8146996,2.204835123876125
2016-07-31,STK12,-0.063514940760156,145156821.44260383,0.4319060634711109
2016-07-31,STK13,-0.0557804862768522,153658242.8330759,1.900379232450791
2016-07-31,STK14,0.0072953110152857,127129977.6309027,0.3603381744197412
2016-07-31,STK15,0.02793722037785,99879283.30786958,1.5226002522751314
2016-07-31,STK16,0.0598510166502511,76571925.78783216,0.4847926459660442
2016-07-31,STK17,-0.1086412292287463,81428463.39810726,1.4184676346407423
2016-07-31,STK18,0.0726760471841322,59498416.22750191,0.3078908222929441
2016-07-31,STK19,-0.0152325572568966,80408276.09695922,0.8539911335301594
2016-07-31,STK20,0.0756673179495576,97577844.7284202,0.3785184568207327
2016-07-31,STK21,-0.0685689307717727,128445778.78148772,1.4532631167228296
2016-07-31,STK22,0.0284174451550051,137912036.5741104,0.4631882335730708
2016-07-31,STK23,-0.0150907843600967,100496271.5888409,1.153142003112135
2016-07-31,STK24,0.0470991123283781,85115019.83866434,0.3031419278038216
2016-07-31,STK25,-0.0170338284385244,57281721.3422901,1.4114499311336457
2016-07-31,STK26,0.0174999306628817,7184053220.167603,0.543126475765019
2016-07-31,STK27,0.0288867535492621,8657547870.551195,1.780704994054866
2016-07-31,STK28,0.0739392448205303,7017353867.444402,0.2498278936673274
2016-07-31,STK29,-0.0211530343250709,4874019650.244684,1.087502238880952
2016-07-31,STK30,0.0130620759417716,3539298878.080469,0.4233201804891365
2016-07-31,STK31,-0.0200305347640196,3788658777.546381,1.572795952253075
2016-07-31,STK32,0.0189917402394185,3189541449.8773737,0.396753521796967
2016-07-31,STK33,0.0044357166033655,10069676606.89722,1.5421192040483724
2016-07-31,STK34,0.0596505359332796,3103782967.691532,0.4089125518143822
2016-07-31,STK35,-0.022688788146128,14163586134.669144,1.3867002142867513
2016-07-31,STK36,0.0040249472967972,4011815073.652756,0.484937083211293
2016-07-31,STK37,0.0483267893099537,7947165933.083763,1.3195887283480874
2016-07-31,STK38,0.0981492206724706,9235345347.395176,0.3961142295933909
2016-07-31,STK39,-0.0018604023637399,4071399846.2410526,1.638808213724266
2016-07-31,STK40,0.0349227677856217,6988373830.349497,0.3149363508020117
2016-07-31,STK41,0.0253457413974314,7256606067.642512,1.1016296474076397
2016-07-31,STK42,0.0797441717055015,6394535219.467546,0.3654523976014467
2016-07-31,STK43,-0.0502707866521649,5163648792.967081,1.6367874216824758
2016-07-31,STK44,0.0653813707720707,3610035858.121589,0.2848160804186971
2016-07-31,STK45,-0.0112102491847994,7157193156.406209,1.179381231462641
2016-07-31,STK46,0.0016447805465435,8351241164.225655,0.4030118436878281
2016-07-31,STK47,0.0802797250245079,5055319033.772219,1.82387466420234
2016-07-31,STK48,-0.001518589859643,10889363556.689589,0.5288916145388467
2016-07-31,STK49,0.0368721189407205,6883870316.180738,1.6770214674473316
2016-07-31,STK50,0.0917616557244203,7044111612.125379,0.3132234030187683
2016-08-31,STK01,-0.055464814006888,120676479.3011786,1.4099116293218945
2016-08-31,STK02,0.004441217087981,102359294.19410802,0.4166539511961995
2016-08-31,STK03,-0.0089841349917149,72381160.39885095,1.250033802837407
2016-08-31,STK04,-0.034527317070991,139465048.8466168,0.3424616467607329
2016-08-31,STK05,0.0287692083658385,87092972.53159225,1.3242394086683824
2016-08-31,STK06,-0.0278361362929627,73075547.14155349,0.3725336857902739
2016-08-31,STK07,0.0190216800398211,167322778.6415719,1.2722289629501742
2016-08-31,STK08,-0.0955054245739238,159557567.85105896,0.3868945933757131
2016-08-31,STK09,0.0485866325906032,116289655.75501728,1.1944746741617909
2016-08-31,STK10,-0.0231428635745752,92361525.47892404,0.2892082567946568
2016-08-31,STK11,0.0440761521439001,262594475.67076185,1.4572896397319772
2016-08-31,STK12,-0.0896398991551561,132144978.60680582,0.5007304540081714
2016-08-31,STK13,0.0150364690575892,155968720.246879,1.7638346809468115
2016-08-31,STK14,0.0205647094073274,129744368.67784224,0.3325535537549631
2016-08-31,STK15,-0.0038128773465052,99498455.8511598,1.428422696706621
2016-08-31,STK16,-0.0766423655868194,70703272.25791433,0.4763683923195694
2016-08-31,STK17,0.0010051814964583,81510313.78280006,1.5509537382409475
2016-08-31,STK18,-0.0599352058484441,55932366.40325017,0.4304347181208072
2016-08-31,STK19,-0.001028314240575,80325591.12158863,1.2737281603595076
2016-08-31,STK20,-0.0040034067670259,97187200.92452264,0.3482360665413747
2016-08-31,STK21,0.0072828230824324,129381226.66403855,1.477813267953682
2016-08-31,STK22,-0.0460547740015192,131560528.89760049,0.4225955082751461
2016-08-31,STK23,0.0358923782116337,104103321.77756664,1.239716640880009
2016-08-31,STK24,-0.0162307086800633,83733542.74736516,0.3019243058730181
2016-08-31,STK25,-0.0312890349550126,55489431.56092791,1.148656705742049
2016-08-31,STK26,-0.0405858324152374,6892482440.111733,0.4006216837215152
2016-08-31,STK27,-0.012454013063126,8549726656.276712,1.5686147897329576
2016-08-31,STK28,-0.052657282492687,6647839082.495232,0.3316330526880099
2016-08-31,STK29,-0.0172767819978465,4789812275.294187,0.9547878639046088
2016-08-31,STK30,-0.0121523637565389,3496288030.670925,0.4489605730596098
2016-08-31,STK31,-0.0877590551180189,3456169663.064322,1.6350171503634483
2016-08-31,STK32,-0.0399927530503255,3061982906.3286505,0.5622639427543202
2016-08-31,STK33,-0.0908285361478542,9155062621.210451,1.4985662320186095
2016-08-31,STK34,-0.0751780314179577,2870446674.2318954,0.3036160963555224
2016-08-31,STK35,-0.1062852924043819,12658205240.851185,1.1382276655764916
2016-08-31,STK36,-0.000298658631781,4010616910.4519,0.6126430325310146
2016-08-31,STK37,0.0099413584006789,8026171557.894215,0.9852625366350608
2016-08-31,STK38,-0.1253290121356163,8077888638.2748785,0.5307310285684412
2016-08-31,STK39,-0.1059145019921869,3640179559.115365,1.545748559474124
2016-08-31,STK40,-0.0851509100484736,6393307438.9363,0.3468607023243826
2016-08-31,STK41,0.0024301428726354,7274240657.157317,1.1964511160681448
2016-08-31,STK42,-0.0437945846661178,6114489205.398103,0.4710771962310604
2016-08-31,STK43,0.0336251257463015,5337277132.940338,1.579181782848632
2016-08-31,STK44,-0.0136861812658342,3560628252.991176,0.3496050381148617
2016-08-31,STK45,-0.0375387232089825,6888521263.554652,1.7428807856774895
2016-08-31,STK46,-0.0679834048455964,7783495355.194892,0.4523616691021264
2016-08-31,STK47,-0.0401750117975406,4852221531.9500885,1.5569563814708485
2016-08-31,STK48,-0.1056381623088406,9739031201.848038,0.4978345008409109
2016-08-31,STK49,-0.0051948915417718,6848109356.500556,1.3184223058073932
2016-08-31,STK50,-0.0847324774309534,6447246583.929848,0.3716877346487159
2016-09-30,STK01,0.0268428760487072,123915783.0770545,1.0476268259281314
2016-09-30,STK02,-0.0037784014599739,101972539.6874831,0.376183580010443
2016-09-30,STK03,0.039087126548519,75210331.97508949,1.8175110230197664
2016-09-30,STK04,-0.0698166622106684,129728064.6410982,0.353883122553748
2016-09-30,STK05,0.0199392542281334,88829541.4523835,1.474575591578696
2016-09-30,STK06,-0.0046920668517405,72732671.78913781,0.4179794553874424
2016-09-30,STK07,0.0263405038699865,171730144.93991715,1.2120247986199355
2016-09-30,STK08,-0.013418818385395,157416493.82605025,0.3935511425952286
2016-09-30,STK09,0.0312256694796618,119920878.10952713,1.1196897993390795
2016-09-30,STK10,0.0525363271026316,97213860.79318283,0.3502125488012269
2016-09-30,STK11,0.0715845740996855,281392189.3725835,1.4415124762488498
2016-09-30,STK12,0.00575625707415,132905639.07472464,0.511369566021691
2016-09-30,STK13,-0.009364309904137,154508180.81513557,1.9054293186999929
2016-09-30,STK14,0.0478272558011459,135949685.7873556,0.351977041372609
2016-09-30,STK15,0.0005725468957023,99555423.38318458,1.3121993946000103
2016-09-30,STK16,0.0441911601733749,73827731.88704556,0.4492081864500215
2016-09-30,STK17,0.0152217128050441,82751040.36985089,1.3464418973673131
2016-09-30,STK18,-0.0257752267009183,54490696.979287565,0.4028783627164229
2016-09-30,STK19,0.0043886094147105,80678108.76702702,1.451255376202606
2016-09-30,STK20,0.0836557368716813,105317467.83235972,0.3167340233546061
2016-09-30,STK21,0.0310254810330715,133395341.45793924,1.637578400718605
2016-09-30,STK22,0.0237154434807758,134680545.1849725,0.3704014888117439
2016-09-30,STK23,0.0414322219030345,108416553.7062978,1.5134935782239036
2016-09-30,STK24,0.0421201507197143,87260412.18817982,0.2432344192065814
2016-09-30,STK25,0.0169299905254661,56428867.11151791,1.6451237525593976
2016-09-30,STK26,0.0462765652793194,7211442853.688128,0.5983117971361375
2016-09-30,STK27,0.1148997582569676,9532088182.24606,1.4161661668759136
2016-09-30,STK28,0.0260108403578665,6820754963.594801,0.2965986975080855
2016-09-30,STK29,0.0502120026983898,5030318342.186039,1.345206872903313
2016-09-30,STK30,0.0905663864752849,3812934203.685581,0.5071256555405959
2016-09-30,STK31,0.0262344665135385,3546840430.35509,1.6978378341213636
2016-09-30,STK32,0.0123669853413838,3099850404.0467854,0.3083885547469793
2016-09-30,STK33,0.0579384262498931,9685492541.702608,1.2322219830456351
2016-09-30,STK34,0.0247855184806671,2941592183.32384,0.4628415762692432
2016-09-30,STK35,0.0781899305045614,13647949428.945814,1.569956056352738
2016-09-30,STK36,0.0460954636433858,4195488156.435185,0.4405880845313163
2016-09-30,STK37,0.0552999128261666,8470018145.373623,1.377171030339922
2016-09-30,STK38,0.0792305423206748,8717904135.891417,0.492844619778202
2016-09-30,STK39,0.1083710158754434,4034669515.9057207,1.2596968900736298
2016-09-30,STK40,0.0347290351737855,6615340837.859944,0.3165217595845213
2016-09-30,STK41,0.0173598156764717,7400520134.151864,1.1217352748835632
2016-09-30,STK42,0.016689941293327,6216539671.274879,0.3779173986960266
2016-09-30,STK43,0.0965782717723458,5852742134.409777,1.841429736533483
2016-09-30,STK44,0.0082377823806959,3589959933.6778755,0.3035342407451459
2016-09-30,STK45,0.0927507595763326,7527436843.107064,1.4318186272141369
2016-09-30,STK46,0.0985183492368134,8550312468.881097,0.5592952162882512
2016-09-30,STK47,0.0620722106264598,5153409648.887537,1.131794408778664
2016-09-30,STK48,0.079615815470805,10514412112.878784,0.4253253627213588
2016-09-30,STK49,0.0948840143272237,7497885462.797151,1.4304616799812049
2016-09-30,STK50,0.1054984172460217,7127420894.129268,0.2648333085004893
2016-10-31,STK01,0.0925860089290954,135388650.87548253,2.2504302443382764
2016-10-31,STK02,-0.024217524513884,99503017.20785847,0.3097404965531939
2016-10-31,STK03,-0.0081227752999559,74599415.34822074,1.4996158770179644
2016-10-31,STK04,-0.018849463874594,127282760.17312482,0.4363124043492234
2016-10-31,STK05,-0.0016184857100974,88685772.10890831,1.244710206146754
2016-10-31,STK06,-0.0319050096114009,70412135.1966425,0.3836735989079535
2016-10-31,STK07,0.0223766667169056,175572893.15848356,1.1238255957789425
2016-10-31,STK08,-0.0177287548511348,154625695.39748302,0.3703113068646083
2016-10-31,STK09,0.1069428734125142,132745561.3967118,1.4107337514423832
2016-10-31,STK10,-0.0844619469795408,89002988.83719257,0.2814306371831444
2016-10-31,STK11,0.0435420798822445,293644590.5604842,1.1836990020383844
2016-10-31,STK12,-0.013605042822371,131097452.16377844,0.4711975931274343
2016-10-31,STK13,0.0559131629086716,163147221.89977473,1.5642726838825545
2016-10-31,STK14,-0.0148529115731691,133930437.12595586,0.3642800074673218
2016-10-31,STK15,0.0286180954803217,102404509.9951484,1.0017449889909789
2016-10-31,STK16,0.0623306656533615,78429463.55924302,0.6599348228417886
2016-10-31,STK17,0.0713887599892712,88658534.52967666,1.6465024906125472
2016-10-31,STK18,-0.0713521948237045,50602666.152341984,0.3714009598863826
2016-10-31,STK19,0.0135132341004954,81768330.9375811,1.1132815174750614
2016-10-31,STK20,-0.008266294477658,104446882.62961616,0.352116328205345
2016-10-31,STK21,0.0529858613377639,140463408.52353325,1.8244953514080149
2016-10-31,STK22,-0.0121736016009325,133040997.88449426,0.4776408075076647
2016-10-31,STK23,0.0695389354517665,115955725.436383,1.350731123356231
2016-10-31,STK24,-0.0577356493377553,82222375.62901509,0.3479966122933791
2016-10-31,STK25,0.0426759405102027,58837022.08742719,1.8311827043825972
2016-10-31,STK26,-0.0203201890054084,7064904971.899484,0.4629054744454538
2016-10-31,STK27,0.0281156795478669,9800089319.0001,1.2256820773175643
2016-10-31,STK28,-0.0158924334455283,6712356569.287614,0.2819935843801253
2016-10-31,STK29,0.1243237927424019,5655706597.188278,1.0734413208684273
2016-10-31,STK30,-0.0069350109969592,3786491463.05234,0.3552962584222172
2016-10-31,STK31,0.0489361317606415,3720409080.988918,1.5735653186720768
2016-10-31,STK32,0.0168292213909459,3152018472.775301,0.4475320418739906
2016-10-31,STK33,-0.0719697637888402,8988429931.297697,1.13384865577296
2016-10-31,STK34,0.0132042685182182,2980433756.38354,0.407510573338783
2016-10-31,STK35,0.0689902463319407,14589524821.974655,1.4317113174677514
2016-10-31,STK36,-0.0099921278234607,4153566302.494269,0.4150742227104642
2016-10-31,STK37,-0.0058033866794886,8420863354.893735,1.0767627773673971
2016-10-31,STK38,-0.0368897084626118,8396303193.913383,0.4111589560928032
2016-10-31,STK39,0.0647520181870918,4295922509.778553,1.2763171160063334
2016-10-31,STK40,-0.0169368799082433,6503297604.537012,0.2641397299979034
2016-10-31,STK41,0.0131752549168126,7498023873.43632,0.9791081654943368
2016-10-31,STK42,-0.0593962813368339,5847300332.018248,0.3065429900321539
2016-10-31,STK43,0.0763492890182831,6299594835.179311,1.9945050982939336
2016-10-31,STK44,-0.0333403019059475,3470269585.6588,0.2837517714710791
2016-10-31,STK45,0.0587924494587067,7969993293.259045,1.7241099377572513
2016-10-31,STK46,0.0108035031164363,8642685796.28516,0.5995157136052068
2016-10-31,STK47,0.0024278518546853,5165921364.061543,1.4441846856200098
2016-10-31,STK48,0.0056462193840845,10573778790.362772,0.5092888548945183
2016-10-31,STK49,0.0729598102789726,8044929763.656297,1.2789226443631838
2016-10-31,STK50,-0.0817989682170917,6544405218.940553,0.2748597745238255
2016-11-30,STK01,0.1258389526595874,152425816.9036478,1.5371112192363665
2016-11-30,STK02,0.0809306473941502,107555860.80816172,0.4042465875856871
2016-11-30,STK03,0.104608051534963,82403114.83344552,1.3620886146656703
2016-11-30,STK04,0.1105836142751987,141358147.8279923,0.3276700576190472
2016-11-30,STK05,0.1396344549524488,101069361.5593728,1.384546978253785
2016-11-30,STK06,0.1560420907963706,81399391.99016331,0.5082585552167559
2016-11-30,STK07,0.1453180546207614,201086804.4364132,0.9888930951261646
2016-11-30,STK08,0.0714595748842499,165675181.8567687,0.507439442656053
2016-11-30,STK09,0.133013141608046,150402465.5526122,1.2480801219808595
2016-11-30,STK10,0.1132027289261209,99078370.05614384,0.3933968521769019
2016-11-30,STK11,0.0821344469869725,317762926.6168855,1.7486351154626776
2016-11-30,STK12,0.0957029763319329,143643868.52538523,0.4244967265573739
2016-11-30,STK13,0.1633596138802218,189798889.0749528,1.8694699608559195
2016-11-30,STK14,0.0839299820622566,145171216.31152752,0.4074915457761071
2016-11-30,STK15,0.1302024515744362,115737828.24879558,1.2942765896934416
2016-11-30,STK16,0.0310358999224144,80863592.54123634,0.3823410292223742
2016-11-30,STK17,0.1169690073494969,99028835.30667403,1.3318054441528049
2016-11-30,STK18,0.0572835762995478,53501367.83984022,0.4394445091380551
2016-11-30,STK19,0.0525437757004192,86064747.77776302,1.2224347567495717
2016-11-30,STK20,0.142005347789513,119278898.52296524,0.4430823151786819
2016-11-30,STK21,0.1337552711901145,159251129.8228863,1.437627085431622
2016-11-30,STK22,0.1226359684934807,149356609.50939834,0.5749127708140297
2016-11-30,STK23,0.1101116860271987,128723805.86869006,1.8713934678607689
2016-11-30,STK24,0.1105147442717273,91309160.4450696,0.4219774197968207
2016-11-30,STK25,0.095338524821919,64446456.97815718,1.5534097336747998
2016-11-30,STK26,0.0251037195335805,7242260364.845448,0.5187673527175728
2016-11-30,STK27,0.0485307142230792,10275694653.101145,1.718394022143865
2016-11-30,STK28,0.0960098435984104,7356808873.68168,0.2794371880435268
2016-11-30,STK29,-0.0117777192495425,5589095272.728809,1.491661022177262
2016-11-30,STK30,0.1007642586971735,4168034468.3899846,0.4702192212654779
2016-11-30,STK31,0.0726413390518872,3990664578.452754,2.136847618247
2016-11-30,STK32,0.1009763994355038,3470297949.110347,0.4112249643655654
2016-11-30,STK33,-0.0174324711225166,8831739386.083586,1.3321128679844
2016-11-30,STK34,-0.0035223382820912,2969935660.4661927,0.4277212816914024
2016-11-30,STK35,-0.0033025700063692,14541341894.89042,0.9134444697583144
2016-11-30,STK36,0.0044843341690199,4172192281.787833,0.4558870907055275
2016-11-30,STK37,0.045045421242611,8800184691.941391,1.48232317698381
2016-11-30,STK38,0.0159766154652655,8530447701.372319,0.453294547533454
2016-11-30,STK39,0.0747981944198005,4617249756.877367,1.1695007942199305
2016-11-30,STK40,0.0500227098535695,6828610173.700181,0.240005901598688
2016-11-30,STK41,0.0282147127052256,7709578462.88225,0.9086945422329112
2016-11-30,STK42,-0.0202300810749274,5729008972.232069,0.4071276441342462
2016-11-30,STK43,-0.0027260469522837,6282421843.878248,1.829316510392123
2016-11-30,STK44,0.0038637071000104,3483677690.8958607,0.3125895189075577
2016-11-30,STK45,0.0722553098311883,8545867628.015971,1.8345422387036208
2016-11-30,STK46,0.0682400136767421,9232462793.227444,0.4568075198162322
2016-11-30,STK47,-0.0061450803077736,5134176362.41574,1.304431869756891
2016-11-30,STK48,0.1063103685452471,11697881110.482157,0.5180833442825451
2016-11-30,STK49,0.081190822567626,8698104228.666328,1.3572230145239672
2016-11-30,STK50,0.0741178349183685,7029462364.596899,0.317250979219509
2016-12-31,STK01,-0.0888937909847713,138876108.1951319,1.134606317030601
2016-12-31,STK02,-0.1164902783072723,95026648.64904071,0.4531680548590497
2016-12-31,STK03,-0.1121402425247914,73162409.5512247,1.3532564321449725
2016-12-31,STK04,-0.1528693026399162,119748826.34705693,0.4413685189065967
2016-12-31,STK05,-0.1350574817910441,87419188.10093535,1.2890944048346484
2016-12-31,STK06,-0.1320272311988994,70652455.64442818,0.475468620784554
2016-12-31,STK07,-0.0676173947220623,187489838.6074381,1.1404721162083595
2016-12-31,STK08,-0.141042922516115,142307870.0193012,0.5745143564750484
2016-12-31,STK09,-0.1592750313185925,126447108.14132635,1.2180007526825325
2016-12-31,STK10,-0.1569930851901402,83523751.06541942,0.3087719792926754
2016-12-31,STK11,-0.0682080953639044,296088922.6150876,1.625335642978038
2016-12-31,STK12,-0.1777408567978366,118112484.25992748,0.6161297662246452
2016-12-31,STK13,-0.1026837116675379,170309634.67436135,1.7588709242428573
2016-12-31,STK14,-0.16073185536101,121837577.36876118,0.4229988988237957
2016-12-31,STK15,-0.1219086982442548,101628380.26936775,1.546974269992499
2016-12-31,STK16,-0.2256056583114001,62620308.51254589,0.521409100132692
2016-12-31,STK17,-0.1123664219333507,87901319.41503601,1.482425955901496
2016-12-31,STK18,-0.0986811363657833,48221792.06428101,0.3900334224897777
2016-12-31,STK19,-0.1069080128653224,76863736.6150872,1.6304817584173277
2016-12-31,STK20,-0.1759631813979374,98290204.06522256,0.4131348710721453
2016-12-31,STK21,-0.1621695069917081,133425452.61163633,1.4671593368928837
2016-12-31,STK22,-0.1145108804653463,132253652.6511582,0.3706077031962833
2016-12-31,STK23,-0.0969682516443628,116241683.46859482,1.1361798421354692
2016-12-31,STK24,-0.1510190671929746,77519736.20848154,0.2879329587086925
2016-12-31,STK25,-0.1101286513729736,57349055.58538636,1.2695327410788215
2016-12-31,STK26,-0.0772269425715391,6682962739.561394,0.4621332742917111
2016-12-31,STK27,-0.0707507279075681,9548681776.638334,1.2715139710898975
2016-12-31,STK28,-0.0561521685474458,6943708101.8353615,0.2680159568255489
2016-12-31,STK29,-0.0700341785653032,5197667576.380028,1.2792985914629555
2016-12-31,STK30,-0.157003340484727,3513639133.5972733,0.441885133695463
2016-12-31,STK31,0.0197314090833749,4069406013.76474,1.100448188389518
2016-12-31,STK32,-0.0882058228335304,3164197463.031555,0.3405136317559702
2016-12-31,STK33,-0.0590534882115888,8310194368.359674,1.07568721127477
2016-12-31,STK34,-0.0997003399158324,2673832065.589561,0.3799008937375286
2016-12-31,STK35,-0.1385102791366516,12527216570.007664,1.5040815184411611
2016-12-31,STK36,-0.077164676530859,3850246413.939129,0.4157260613298904
2016-12-31,STK37,-0.1324216714508173,7634849525.958616,1.1676904405822113
2016-12-31,STK38,-0.0755406129966719,7886052452.874604,0.4812250740511186
2016-12-31,STK39,-0.1671274798267747,3845580441.279665,1.100533474608617
2016-12-31,STK40,-0.1359273396276424,5900415359.434863,0.3820373351822836
2016-12-31,STK41,-0.0897954137083898,7017293675.290446,1.1725717040800323
2016-12-31,STK42,-0.0763400396905511,5291656199.904349,0.4348314623312032
2016-12-31,STK43,-0.044595442946578,6002254458.973241,1.1950872929327196
2016-12-31,STK44,-0.0854998906077111,3185823629.4117403,0.2844810409756044
2016-12-31,STK45,-0.1347658468383232,7394176540.158186,1.200710050268886
2016-12-31,STK46,-0.1048419224402331,8264513645.127554,0.4600726073902136
2016-12-31,STK47,-0.0313050542458213,4973450692.882702,1.1036648922634815
2016-12-31,STK48,-0.0991399024549712,10538154318.259104,0.6081219583089371
2016-12-31,STK49,0.009758817316185,8782987438.83102,1.3163323269336866
2016-12-31,STK50,-0.0830861728473776,6445411239.547865,0.3497689897161328
2017-01-31,STK01,-0.0176026231123388,136431524.4032646,1.2295937960452978
2017-01-31,STK02,-0.0772766433005456,87683308.21734251,0.4261674281328532
2017-01-31,STK03,0.0143584064434295,74212905.16394185,1.2397524411663026
2017-01-31,STK04,-0.0484793587722146,113943480.03202632,0.2862626603710169
2017-01-31,STK05,4.242075273986484e-05,87422896.48869851,1.194298230964825
2017-01-31,STK06,-0.0252499345052319,68868485.76677257,0.3932421147333087
2017-01-31,STK07,-0.0597952490119087,176278837.0207037,1.066447643075463
2017-01-31,STK08,-0.0884259245530335,129724165.04167156,0.3896751608410043
2017-01-31,STK09,0.0448022815397286,132112227.08015858,1.4045771788855814
2017-01-31,STK10,-0.0379350012980791,80355277.46033229,0.2948188180290885
2017-01-31,STK11,-0.0377468861619648,284912487.7593171,1.5555707407867485
2017-01-31,STK12,-0.0342474155196592,114067436.93341853,0.4446303843037443
2017-01-31,STK13,0.0502527081243311,178868155.0364135,1.2937960051697628
2017-01-31,STK14,-0.0245516833571049,118846259.74820656,0.2819705303849314
2017-01-31,STK15,0.0242147476221922,104089285.8488427,1.5149838394915771
2017-01-31,STK16,-0.1169720053456467,55295485.45047032,0.5308903432662285
2017-01-31,STK17,-0.0183011074023241,86292627.92761543,1.2004430831890618
2017-01-31,STK18,-0.0965661373173855,43565199.870111234,0.4896298521035239
2017-01-31,STK19,-0.0026666593405796,76658767.21389072,1.3356132015536386
2017-01-31,STK20,-0.0353578503061796,94814873.74332055,0.3953899829198042
2017-01-31,STK21,-0.0176883950340226,131065370.4982484,2.038455021512512
2017-01-31,STK22,-0.1096821614303151,117747786.17132506,0.309789944524021
2017-01-31,STK23,0.0292856636180519,119645898.30905214,1.3960155341674534
2017-01-31,STK24,-0.0942266681304269,70215309.75120671,0.3527301576417287
2017-01-31,STK25,-0.0393255745006515,55093771.02742124,1.6546607708380254
2017-01-31,STK26,-0.1351899696638844,5779493209.535219,0.389611933611371
2017-01-31,STK27,0.0661933274419781,10180740796.118605,1.7036613066403086
2017-01-31,STK28,-0.0960869404135542,6276508435.205193,0.3177931992521456
2017-01-31,STK29,-0.0072483458489443,5159993084.17858,1.575373242437585
2017-01-31,STK30,-0.0563214016718559,3315746052.623989,0.3657320903542523
2017-01-31,STK31,-0.0002144060543989,4068533508.477581,1.6729957781820688
2017-01-31,STK32,-0.0617774609723055,2968721377.7504554,0.3796861942503901
2017-01-31,STK33,0.0055100607405473,8355984044.095092,1.0847480783873806
2017-01-31,STK34,-0.1694476048059256,2220757626.422129,0.3440194347471189
2017-01-31,STK35,-0.0071916983614102,12437124607.128107,1.1122044717450643
2017-01-31,STK36,-0.023171830895177,3761029155.1305695,0.4165760555511175
2017-01-31,STK37,-0.0096351975501191,7561286242.5105715,1.4452659522966531
2017-01-31,STK38,-0.0822916688671984,7237096035.753289,0.4486863359649382
2017-01-31,STK39,-0.0963387923337654,3475101865.7444324,1.3915052659949234
2017-01-31,STK40,-0.0986161625982856,5318539038.951412,0.2907161904208273
2017-01-31,STK41,-0.0385492777075897,6746782072.645962,1.4811361956100155
2017-01-31,STK42,0.0092062098945473,5340372297.570452,0.429678265030222
2017-01-31,STK43,0.0067550677323535,6042800094.390427,1.4922284285882006
2017-01-31,STK44,-0.0571972508953074,3003603275.972079,0.3415201717042724
2017-01-31,STK45,-0.0571477411033699,6971616053.568615,1.8275278986146284
2017-01-31,STK46,-0.1069695398324244,7380462423.569467,0.3531348665151228
2017-01-31,STK47,-0.0818949274603895,4566150309.161248,1.4026207193479612
2017-01-31,STK48,-0.1334631420418149,9131699131.622725,0.5153115952221595
2017-01-31,STK49,-0.0104396310921658,8691296290.082499,1.6244786251778696
2017-01-31,STK50,-0.1333469113261081,5585935558.527575,0.3366749222745595
2017-02-28,STK01,0.0454395728188012,142630914.59116682,2.072840410561379
2017-02-28,STK02,0.041091045130782,91286306.9925176,0.4078151469801861
2017-02-28,STK03,0.0747801553547097,79762557.74142577,0.9532802111604662
2017-02-28,STK04,0.038239822417505,118300658.47408354,0.3451430573486623
2017-02-28,STK05,0.0036163684318855,87739049.89178424,1.4049027114879815
2017-02-28,STK06,0.0199919357503329,70245300.1094446,0.3541658962762165
2017-02-28,STK07,0.0689482202167011,188432949.09515116,1.6208919770222303
2017-02-28,STK08,-0.0130030126815756,128037360.0785279,0.4040194106159679
2017-02-28,STK09,0.0229686788261689,135146670.39297262,1.06095067835597
2017-02-28,STK10,0.0799376048186285,86778685.87504758,0.3208399563598426
2017-02-28,STK11,0.0214193361450359,291015124.1065523,1.5763946137958356
2017-02-28,STK12,0.0549545766060988,120335964.6346374,0.4956796399249226
2017-02-28,STK13,0.0218805494804085,182781888.5531571,1.0239163568566956
2017-02-28,STK14,0.0263198083800103,121974270.5314603,0.3056461795289213
2017-02-28,STK15,0.0420645153449271,108467751.21067388,1.4147476407801547
2017-02-28,STK16,0.0675496050414326,59030673.65322387,0.5450835064253571
2017-02-28,STK17,0.0500917599700863,90615177.53295352,1.5111434428813393
2017-02-28,STK18,0.0748648635675016,46826702.614678055,0.3806377471932659
2017-02-28,STK19,0.0147670914128576,77790794.23693523,1.2925524764813396
2017-02-28,STK20,0.0320462164931761,97853331.71407215,0.4254055317790022
2017-02-28,STK21,0.0296386924481256,134949976.7050456,1.686540410159528
2017-02-28,STK22,0.0565111323434004,124401846.8987952,0.4720440345242937
2017-02-28,STK23,0.0759192659750462,128729327.08560042,1.826597468431854
2017-02-28,STK24,0.0206268081186674,71663627.47243765,0.4250607239584917
2017-02-28,STK25,0.0411921264224762,57363200.60867373,1.2286982914410032
2017-02-28,STK26,0.0074007939307642,5822266047.803241,0.4150081566848362
2017-02-28,STK27,0.0423251188893355,10611641860.695831,1.8706717326003344
2017-02-28,STK28,0.013447394271833,6360911118.783883,0.2458636912363206
2017-02-28,STK29,0.0518309571768868,5427440464.757672,1.45812900129667
2017-02-28,STK30,0.0722229566057158,3555219035.898225,0.3177085123094598
2017-02-28,STK31,-0.0127737381004245,4016563126.9874864,1.788608818503535
2017-02-28,STK32,0.003280783705705,2978461110.473357,0.387962954295631
2017-02-28,STK33,0.0134004129098707,8467957680.554257,1.2658788444420437
2017-02-28,STK34,0.0518784041910839,2335966988.176089,0.4032820147744733
2017-02-28,STK35,-0.0204329031430367,12182998044.65278,1.072252551617492
2017-02-28,STK36,-0.0045172216999354,3744039752.616924,0.51800401981619
2017-02-28,STK37,0.0503849765132369,7942261472.249328,1.6777748531792394
2017-02-28,STK38,0.0663366331943157,7717180620.869092,0.3622133432721487
2017-02-28,STK39,0.0494753223614368,3647033650.7909694,1.6159642980419917
2017-02-28,STK40,0.0402037623561217,5532364318.555171,0.2650265434920687
2017-02-28,STK41,0.0676295792016153,7203064105.18401,1.0042818026987888
2017-02-28,STK42,0.0411983423307083,5560386783.65919,0.3449944036981053
2017-02-28,STK43,0.065686516112459,6439730580.154973,1.6225153075411485
2017-02-28,STK44,-0.0079216357868949,2979809824.771503,0.2207313585623574
2017-02-28,STK45,0.0891941403901125,7593443354.596575,1.4696503045401952
2017-02-28,STK46,0.041838705871416,7689251420.104228,0.4298676360556787
2017-02-28,STK47,0.0539171272279888,4812344016.322416,1.2160979293972611
2017-02-28,STK48,0.1169967852220119,10200078573.63722,0.3711127380631648
2017-02-28,STK49,0.0675705861053104,9278572274.418282,1.4181881710031954
2017-02-28,STK50,-0.009549774543722,5532591133.327876,0.3308438198612419
2017-03-31,STK01,0.0532061324620871,150219753.92609307,1.2271561556207629
2017-03-31,STK02,0.1392181380236227,103995016.67906871,0.469129788514805
2017-03-31,STK03,0.077947747219159,85979869.42980799,1.1027828657966283
2017-03-31,STK04,0.1039610066674728,130599314.01847416,0.3332846803548797
2017-03-31,STK05,0.0173233264813257,89258982.09822093,1.4424327426769594
2017-03-31,STK06,0.1010491884522318,77343530.67808746,0.3136449315094075
2017-03-31,STK07,0.0900294254299492,205397459.23425844,0.9200991673494588
2017-03-31,STK08,0.082412084658259,138589185.83673954,0.4339907858931909
2017-03-31,STK09,-0.0589445228249202,127180514.39528207,1.4128135544849074
2017-03-31,STK10,0.0932184181484332,94868057.70131928,0.4084364759051129
2017-03-31,STK11,0.0527234261187872,306358438.5018338,1.5212342681486184
2017-03-31,STK12,0.0661541735031775,128296690.91774946,0.4634169250260834
2017-03-31,STK13,0.0386982923825493,189855235.5186217,1.3654767231071037
2017-03-31,STK14,0.0646826363202498,129863887.9126745,0.3641724803570578
2017-03-31,STK15,0.0029735366797213,108790284.0474657,1.1043656142222746
2017-03-31,STK16,0.0716071851690547,63257694.03216432,0.4990275012086309
2017-03-31,STK17,0.0327547439814746,93583254.47388127,1.4200946357278283
2017-03-31,STK18,0.0712035699806936,50160931.01126741,0.3792247647143512
2017-03-31,STK19,0.075412020256098,83657155.18766893,1.416663876728515
2017-03-31,STK20,0.0605202668270579,103775441.4593244,0.4082929070888094
2017-03-31,STK21,0.0056933723839033,135718297.17562655,2.1097092545475817
2017-03-31,STK22,0.0397159629172583,129342586.0370662,0.4334465615857596
2017-03-31,STK23,0.0251052341575462,131961106.98502776,1.4405811617395174
2017-03-31,STK24,0.0478825804057789,75095066.87705643,0.3531164523362277
2017-03-31,STK25,0.0050500373801235,57652886.915991046,1.527476620178755
2017-03-31,STK26,0.1753671569022774,6843300291.335155,0.4611585996911989
2017-03-31,STK27,0.1112419645248113,11792101748.11336,2.252671239555305
2017-03-31,STK28,0.1598630306169106,7377785647.717479,0.3784275708006365
2017-03-31,STK29,0.1350068924862932,6160182336.0589695,1.4559994553058928
2017-03-31,STK30,0.1684010001092556,4153921477.15095,0.408278912367452
2017-03-31,STK31,0.0651585519685192,4278276564.232138,1.549367304113082
2017-03-31,STK32,0.1445531015585775,3409006901.863886,0.3530578870400157
2017-03-31,STK33,0.142157116294451,9671738125.3253,0.9762252193705356
2017-03-31,STK34,0.2144616762533103,2836942384.132729,0.378157084116841
2017-03-31,STK35,0.0746990800718067,13093056791.104963,1.2326096246730434
2017-03-31,STK36,0.1646371999967203,4360447974.164188,0.3984998321399715
2017-03-31,STK37,0.0808902002837892,8584712593.445799,1.6559029350192775
2017-03-31,STK38,0.1667171002378356,9003766595.992008,0.5173608154868841
2017-03-31,STK39,0.1131676549441243,4059759896.5532913,1.2506493855759273
2017-03-31,STK40,0.1442243181879749,6330265790.366271,0.3265734168010625
2017-03-31,STK41,0.1328133176801822,8159726946.456531,1.031231567921877
2017-03-31,STK42,0.1777669179038479,6548839604.543574,0.3976177801053315
2017-03-31,STK43,0.05669640392953,6804840146.324787,1.254846547678245
2017-03-31,STK44,0.1489781278376637,3423736313.7782383,0.421774067754454
2017-03-31,STK45,0.1925180396084737,9055318183.1015,1.4458515907755023
2017-03-31,STK46,0.1244187181987949,8645938225.70186,0.3857761243360028
2017-03-31,STK47,0.1174548644939112,5377577230.657651,1.3564492098235237
2017-03-31,STK48,0.1536950002331773,11767779652.39082,0.5565388612468698
2017-03-31,STK49,0.1789657390902266,10939118819.211634,1.1682247118005358
2017-03-31,STK50,0.2041944649123585,6662315619.376621,0.3840642592072843
2017-04-30,STK01,0.1882382596455994,178496858.96953103,1.285281638964552
2017-04-30,STK02,0.0470131420305097,108884149.168667,0.3596606500709925
2017-04-30,STK03,-0.0084536217710775,85253028.13372177,1.5939159570280996
2017-04-30,STK04,0.138880895032073,148737063.63993463,0.4135644948550412
2017-04-30,STK05,0.0564866905525439,94300926.5990382,1.139213518713003
2017-04-30,STK06,0.0674025287879499,82556680.23117892,0.4788041648829209
2017-04-30,STK07,0.0602525563863968,217773181.2283933,1.3207026433746083
2017-04-30,STK08,0.0821247614808386,149970789.6674054,0.4407364812558195
2017-04-30,STK09,0.0557630495385476,134272487.7198442,1.0982901319413685
2017-04-30,STK10,0.0597726605072068,100538573.90727836,0.2954571651569076
2017-04-30,STK11,0.0871135025175474,333046395.1055352,1.959836645432366
2017-04-30,STK12,0.0287953710189243,131991041.73322631,0.418506850212168
2017-04-30,STK13,0.0192777253001005,193515212.59573564,1.886503130471596
2017-04-30,STK14,-0.005780155990417,129113254.3830172,0.5239704552148426
2017-04-30,STK15,0.0481394640717932,114027390.01772888,1.201405457011886
2017-04-30,STK16,0.0877159622494093,68806403.53387432,0.4985612742312601
2017-04-30,STK17,0.0364103740271404,96990655.77195236,1.6974089153135148
2017-04-30,STK18,0.0880089221484802,54575540.48353334,0.4411239879850785
2017-04-30,STK19,0.0109669324471169,84574617.55733007,1.037405973054315
2017-04-30,STK20,0.1060443212240903,114780237.7086088,0.3749066740308375
2017-04-30,STK21,0.0351722800120462,140491819.12664577,1.664914646253122
2017-04-30,STK22,0.0793971394836408,139612017.38182595,0.4835602728290015
2017-04-30,STK23,0.0800690844868597,142527112.00919148,1.2924019718435449
2017-04-30,STK24,0.0408603735524116,78163479.36159629,0.3577316123145869
2017-04-30,STK25,0.0562455452800359,60895604.97754922,1.5408975398796645
2017-04-30,STK26,0.051065278150448,7192755324.179227,0.5859054045559157
2017-04-30,STK27,0.1009801763409387,12982870262.068142,1.823550135729436
2017-04-30,STK28,0.1040738789229501,8145620417.937506,0.3291023449126551
2017-04-30,STK29,0.1000621481452886,6776583413.571692,1.5834862460188384
2017-04-30,STK30,0.074335027120271,4462703342.810442,0.4424096758077102
2017-04-30,STK31,0.0195881316975498,4362080009.010859,1.4118135048542917
2017-04-30,STK32,0.0898630565440509,3715350681.845141,0.4112750188477848
2017-04-30,STK33,0.1391108660833204,11017181992.470371,1.2421704069106532
2017-04-30,STK34,0.1234128618764051,3187057562.737022,0.4143601071292394
2017-04-30,STK35,0.0337027663453723,13534329024.882263,1.7044615347915777
2017-04-30,STK36,0.0450108998749383,4556715661.33917,0.3933756384539525
2017-04-30,STK37,0.1022659644331816,9462636506.196213,1.5821843666075952
2017-04-30,STK38,0.0461286204625877,9419097928.032248,0.6182803800142759
2017-04-30,STK39,0.0954361592132262,4447207788.408222,1.713131567971539
2017-04-30,STK40,0.1035572585678947,6985810761.62273,0.3587557380607637
2017-04-30,STK41,0.1121542499845577,9074875002.215149,1.1769703627842123
2017-04-30,STK42,0.0602940609339627,6943695738.706674,0.3622184653988339
2017-04-30,STK43,0.0406432576062284,7081411017.361071,1.2842740544644946
2017-04-30,STK44,0.0557591691786385,3614641006.1212473,0.2527618092709774
2017-04-30,STK45,0.0731704551081174,9717899935.707846,1.6959626690838514
2017-04-30,STK46,0.0303765957885887,8908572396.397116,0.452943142647511
2017-04-30,STK47,0.0960426292292071,5894053886.77313,1.2839185062971092
2017-04-30,STK48,0.0977893123599818,12918542732.601902,0.4358558215834275
2017-04-30,STK49,0.0750849222499558,11760481705.235168,1.4394853140075676
2017-04-30,STK50,0.0659639197110007,7101788071.982528,0.3064309258074279
2017-05-31,STK01,-0.0208721131717437,174771252.32831818,1.3041418833067504
2017-05-31,STK02,0.0098707689956163,109958919.45239516,0.3883751857215405
2017-05-31,STK03,0.0054103183103423,85714274.15284577,1.3455100671986986
2017-05-31,STK04,0.0186239003742943,151507127.89512983,0.43923226055894
2017-05-31,STK05,0.025350114025201,96691465.84100597,1.490796168662617
2017-05-31,STK06,0.0027389398471627,82782798.01231357,0.4114048010311739
2017-05-31,STK07,0.0140730563259724,220837915.4741066,1.063109223141601
2017-05-31,STK08,0.0562736506487428,158410193.49266505,0.4105853344639174
2017-05-31,STK09,0.0133213306265499,136061175.92280963,1.5373273291141971
2017-05-31,STK10,0.0470415321811527,105268062.4671848,0.3061237135955654
2017-05-31,STK11,-0.0067019130503054,330814347.1238202,2.068133317250453
2017-05-31,STK12,0.0198189965299246,134606971.7313183,0.5398994371359567
2017-05-31,STK13,0.0176994355505625,196940322.6291273,1.288275513346754
2017-05-31,STK14,0.0518729510297803,135810739.90492305,0.3335153600387445
2017-05-31,STK15,-0.0471908357220986,108646342.18758257,1.4482946447758418
2017-05-31,STK16,0.0412722116491447,71646195.98334084,0.5306849947863859
2017-05-31,STK17,-0.0037859495899236,96623454.03850608,1.404091899891514
2017-05-31,STK18,-0.0102434989668357,54016495.99097576,0.4010217841974429
2017-05-31,STK19,-0.0065112907328971,84023927.6337907,1.5781897185771847
2017-05-31,STK20,0.0517782743069812,120723360.34170564,0.4148379416553789
2017-05-31,STK21,-0.0069553834053559,139514644.65930402,1.938210986202292
2017-05-31,STK22,-0.0317267687400585,135182579.19301972,0.391061067461749
2017-05-31,STK23,0.0418749371499467,148495425.86673978,1.2256380730568224
2017-05-31,STK24,0.0604333965846923,82887163.90829504,0.3999770409084072
2017-05-31,STK25,-0.005019245472717,60589954.98795728,1.5986960937492647
2017-05-31,STK26,-0.0442938465339472,6874160523.6938,0.44207322035721
2017-05-31,STK27,-0.0445539462934124,12404432157.677614,1.3299165399707522
2017-05-31,STK28,-0.0633763460000969,7629380759.944844,0.2725459814059839
2017-05-31,STK29,-0.0701716877835802,6301059118.03515,1.1553350301602996
2017-05-31,STK30,-0.1011149760596877,4011457201.140676,0.3008403527521908
2017-05-31,STK31,-0.0074195546700176,4329715317.909011,1.779893875238382
2017-05-31,STK32,-0.0670492854239077,3466239073.5281954,0.4243640555087679
2017-05-31,STK33,-0.0787136897039717,10149978947.702875,1.142696135465039
2017-05-31,STK34,-0.0658721333352604,2977119282.017258,0.3368031195660934
2017-05-31,STK35,-0.0392523625946063,13003074634.52288,1.2242191267120386
2017-05-31,STK36,-0.0362123863385374,4391706113.375893,0.6355134969566781
2017-05-31,STK37,-0.0465749536355044,9021914649.650492,1.483151355366058
2017-05-31,STK38,-0.0692067513820726,8767232759.483524,0.5058449129434492
2017-05-31,STK39,-0.1529114079101139,3767178984.2138968,1.0585401306012192
2017-05-31,STK40,-0.0245389083502902,6814386591.590799,0.2679948851580921
2017-05-31,STK41,-0.0050232306451815,9029289812.002829,1.572870804984522
2017-05-31,STK42,-0.0382010704252337,6678439128.780943,0.3873152687563235
2017-05-31,STK43,-0.059982522467858,6656650121.908072,1.5414858964208906
2017-05-31,STK44,-0.0153244175886908,3559248737.910239,0.3558978924241742
2017-05-31,STK45,-0.0492150204677728,9239633291.468216,1.525074036500124
2017-05-31,STK46,0.0195820651836722,9083020641.756826,0.4385321811980393
2017-05-31,STK47,-0.0552786232910504,5568238702.309047,1.449553958923222
2017-05-31,STK48,-0.0503890963779484,12267589037.78618,0.3863286763148683
2017-05-31,STK49,-0.0119782309079448,11619611939.7812,1.6542203755472111
2017-05-31,STK50,-0.0714590511450878,6594301034.925153,0.3275582804101297
2017-06-30,STK01,-0.0919153272818271,158707095.47110602,1.0578298739384713
2017-06-30,STK02,-0.1271539061597718,95977213.32691538,0.3464709918953625
2017-06-30,STK03,-0.1090543813450899,76366757.01266375,1.1979324651796073
2017-06-30,STK04,-0.1472837839665158,129192584.80083624,0.2985063484852954
2017-06-30,STK05,-0.0809505262536679,88864240.79693796,1.13586374747314
2017-06-30,STK06,-0.0526278108666262,78426120.57551141,0.4228886441838304
2017-06-30,STK07,-0.1120868910658447,196084880.09915215,1.6352131653901512
2017-06-30,STK08,-0.0975581304352877,142955991.17362848,0.4326068284026989
2017-06-30,STK09,-0.042702832720578,130250978.28761277,1.122856206156338
2017-06-30,STK10,-0.1071144336360367,93992333.57604936,0.2948782220092227
2017-06-30,STK11,-0.0529813312949679,313287362.6017245,1.499643289691673
2017-06-30,STK12,-0.0429980274523807,128819137.46553324,0.4811789873916784
2017-06-30,STK13,-0.0990588886099943,177431633.1469922,2.0395976657572565
2017-06-30,STK14,-0.0652113461264634,126954338.737292,0.3671947727027383
2017-06-30,STK15,-0.0656436560599489,101514399.06884935,1.5907370225270614
2017-06-30,STK16,-0.0977748001595906,64641003.48887484,0.4816099927292328
2017-06-30,STK17,-0.1484696225872618,82277806.28433144,1.488123697824895
2017-06-30,STK18,-0.0407784007601634,51813789.66979599,0.4021854577970112
2017-06-30,STK19,-0.1197227028711437,73964355.9116239,1.2529646524882905
2017-06-30,STK20,-0.0853316035045617,110421842.42328888,0.4400732342029914
2017-06-30,STK21,-0.0650753426625222,130435681.3516598,1.7190430067338978
2017-06-30,STK22,-0.0778595596726001,124657323.1016448,0.5030493033014756
2017-06-30,STK23,-0.1457946824285177,126845582.41041096,1.5460956603303833
2017-06-30,STK24,-0.0483942904261944,78875898.42551343,0.3165960630729993
2017-06-30,STK25,-0.0829509084787789,55563963.1770179,1.774598493038106
2017-06-30,STK26,-0.0901451806106367,6254488081.738913,0.3969774877222175
2017-06-30,STK27,-0.0700408989703025,11535614578.137745,1.388374424065376
2017-06-30,STK28,-0.0608896461754468,7164830464.934041,0.3204259039842667
2017-06-30,STK29,-0.0608254520891587,5917794348.540146,1.304356652441942
2017-06-30,STK30,-0.0532232316873995,3797954485.120279,0.3390052709621824
2017-06-30,STK31,-0.121127365799862,3805268306.787381,1.4607033863261634
2017-06-30,STK32,-0.1160633583292401,3063935725.88248,0.3381908126240538
2017-06-30,STK33,-0.0643071225082668,9497263008.056616,1.884161517674266
2017-06-30,STK34,-0.0648303159974057,2784111698.2021093,0.3823645286580827
2017-06-30,STK35,-0.0418975694974368,12458277411.3426,1.5397210268276318
2017-06-30,STK36,-0.0682095973675352,4092149607.6259794,0.4367346617997347
2017-06-30,STK37,-0.0192011049647279,8848683919.479734,1.526529034142614
2017-06-30,STK38,-0.1117411909560107,7787571729.550282,0.4592542939520007
2017-06-30,STK39,-0.091552839812119,3422283050.1285806,1.3848872504289973
2017-06-30,STK40,-0.043643866560395,6516980412.496465,0.402556714689706
2017-06-30,STK41,-0.1300233561961843,7855271246.578208,1.383279181414078
2017-06-30,STK42,-0.0414195767932774,6401821006.427172,0.3914496025400812
2017-06-30,STK43,-0.0703246293274307,6188523669.5224905,1.308195048583866
2017-06-30,STK44,-0.1166412694543168,3144093446.816714,0.4324330052867507
2017-06-30,STK45,-0.0790692515835783,8509062402.205111,1.3770893085257268
2017-06-30,STK46,-0.0413046902504394,8707849287.610712,0.4309316440011395
2017-06-30,STK47,-0.0773206498117873,5137698867.539368,1.46508357059858
2017-06-30,STK48,-0.0784506614232552,11305188563.703178,0.4987051652071322
2017-06-30,STK49,-0.0677354985655356,10832551731.90207,1.1801918558249582
2017-06-30,STK50,-0.0842735504405644,6038575874.038122,0.3191541133157903
2017-07-31,STK01,-0.0607069848663938,149072466.22815228,1.3453699718028396
2017-07-31,STK02,0.0217207046849361,98061906.03407244,0.4639520776465892
2017-07-31,STK03,0.0006610881276248,76417242.16907002,1.2723587275552568
2017-07-31,STK04,0.0269677678589425,132676620.43684192,0.291228122790512
2017-07-31,STK05,0.0568857594303467,93919350.62087296,1.828161877573041
2017-07-31,STK06,-0.0176634034942355,77040848.36329858,0.4807765097541256
2017-07-31,STK07,0.1038631225517423,216450868.03143412,1.1403210601403175
2017-07-31,STK08,0.0352268427294588,147991879.3919358,0.4369404470698093
2017-07-31,STK09,-0.125329681099487,113926664.71593004,1.4897219340575103
2017-07-31,STK10,0.0255114269951403,96390212.13217764,0.252949267267389
2017-07-31,STK11,-0.0509112052327079,297337525.3874943,1.6691040683334797
2017-07-31,STK12,0.0399130017400794,133960695.9233506,0.4243568186395701
2017-07-31,STK13,-0.0203481323679584,173821230.78945416,1.34640479646504
2017-07-31,STK14,0.023072478366906,129883489.97139303,0.3354315488438871
2017-07-31,STK15,-0.0488412389787286,96556310.04414566,1.2989867883217825
2017-07-31,STK16,0.0782114715096002,69696671.49159694,0.4259262599361707
2017-07-31,STK17,-0.0729268661527249,76277543.71809417,1.1367637154802164
2017-07-31,STK18,-0.0095852835667477,51317139.803143166,0.3918936781181633
2017-07-31,STK19,0.0259475324671981,75883548.43805616,1.2698487112254382
2017-07-31,STK20,0.1207113609802075,123751013.30414608,0.3301994679465483
2017-07-31,STK21,0.0117267630929938,131965269.68574391,1.4372773917393633
2017-07-31,STK22,0.0836839170925631,135089136.19306374,0.4560449248999842
2017-07-31,STK23,-0.0036473365989498,126382933.87527034,1.7748747485590906
2017-07-31,STK24,0.0655828453213085,84048804.27153312,0.3057242825535662
2017-07-31,STK25,0.1033698970170865,61307604.32848743,1.4598281219630385
2017-07-31,STK26,-0.0130233053942201,6173033973.365916,0.4509626346268837
2017-07-31,STK27,0.0854560079069355,12521402148.738443,1.8291950062047095
2017-07-31,STK28,0.0967416311962021,7857967851.356003,0.2954964782761558
2017-07-31,STK29,0.0979461788365326,6497419692.12008,1.3332295008366597
2017-07-31,STK30,0.0605623051322872,4027967363.526672,0.3665412934259023
2017-07-31,STK31,0.0174000640514118,3871480219.058289,1.2024560117047949
2017-07-31,STK32,0.0394944771832845,3184944265.4993954,0.3963491584462644
2017-07-31,STK33,0.0988579733344732,10436143181.257557,0.9652931747024496
2017-07-31,STK34,0.0863957490574822,3024647113.82798,0.4302009774189121
2017-07-31,STK35,0.0094697455949082,12576254128.978806,1.2194904615290574
2017-07-31,STK36,0.0618897246355248,4345411620.009322,0.3705573408052326
2017-07-31,STK37,0.1373377598850955,10063942346.912348,1.3367235778320918
2017-07-31,STK38,0.0381209471250878,8084441339.685298,0.3939969256318437
2017-07-31,STK39,0.0322108223994138,3532517601.6567974,1.03129638370996
2017-07-31,STK40,0.0416314555331156,6788291792.749497,0.3010375240957196
2017-07-31,STK41,0.0545850695100306,8284051773.592825,1.7200931503088412
2017-07-31,STK42,0.0475669080376224,6706335837.513213,0.3770419394206346
2017-07-31,STK43,0.015181550203402,6282475052.2962885,1.6668942928877737
2017-07-31,STK44,0.0705799219347014,3366003316.848444,0.281260904196415
2017-07-31,STK45,0.0326683274612983,8787039239.14897,1.69399237298593
2017-07-31,STK46,0.067632923427743,9296786591.700014,0.4026090021641187
2017-07-31,STK47,0.059697755617213,5444407958.968566,1.549652992168372
2017-07-31,STK48,0.1360855596940945,12843661476.842005,0.3704508701561103
2017-07-31,STK49,0.0485722167381743,11358712782.451502,1.7587881877576093
2017-07-31,STK50,0.1056652414898612,6676643452.02321,0.3581146052803858
2017-08-31,STK01,0.0633470185753035,158515762.51537335,0.9102382828778128
2017-08-31,STK02,-0.0202276882020046,96078340.37432094,0.3553935047209543
2017-08-31,STK03,0.0445904437959991,79824720.9110552,1.184767809282611
2017-08-31,STK04,-0.04957997086185,126098517.46153456,0.289358888918902
2017-08-31,STK05,-0.012187778268081,92774682.40042362,1.51266017841782
2017-08-31,STK06,0.0302585097088475,79371989.62147729,0.5202857955365501
2017-08-31,STK07,0.0285900082184257,222639200.12733823,1.589894169824659
2017-08-31,STK08,-0.037924609571813,142379345.14619777,0.6215843399252174
2017-08-31,STK09,0.0768583521902644,122682880.43652914,0.9145569258251828
2017-08-31,STK10,0.0685658726495558,102999291.1418962,0.2448868197463553
2017-08-31,STK11,0.0154596821006673,301934269.0065841,1.502411298539157
2017-08-31,STK12,0.0133420534104002,135748006.68325433,0.5407518185952068
2017-08-31,STK13,0.088005789542841,189118505.44438845,1.72167982173041
2017-08-31,STK14,-0.0374358736892337,125021188.0465071,0.3435299221557762
2017-08-31,STK15,0.0254884144310416,99017377.290483,1.389652406538565
2017-08-31,STK16,-0.0704436396384922,64786984.28104051,0.4811160132086183
2017-08-31,STK17,0.0026380651042047,76478768.84441134,2.167557457559484
2017-08-31,STK18,0.0344548040229228,53085261.7980774,0.5399508590909228
2017-08-31,STK19,-0.0019330087717637,75736864.87329283,1.3504742687519442
2017-08-31,STK20,0.0597334844330326,131143092.53092133,0.3240294228317433
2017-08-31,STK21,0.0041523081595932,132513230.15184297,1.0937533954125016
2017-08-31,STK22,0.0372797172281456,140125220.9909356,0.4718942869588202
2017-08-31,STK23,0.056178076778409,133482884.03799587,1.4764582982029937
2017-08-31,STK24,-0.0661563345083925,78488443.46111515,0.4089692353093199
2017-08-31,STK25,0.0211052663729041,62601517.64852477,1.671034670783692
2017-08-31,STK26,-0.0143988494026022,6084149386.826273,0.4286638018845783
2017-08-31,STK27,-0.0892429917967826,11403954759.494362,1.9091945138762143
2017-08-31,STK28,0.0274160790124754,8073402518.84627,0.4662152745738219
2017-08-31,STK29,0.0156885037996128,6599354485.647586,1.03008594231924
2017-08-31,STK30,-0.0140392653882259,3971417660.735008,0.4034976775607169
2017-08-31,STK31,-0.0046304134104788,3853553665.133558,1.541667924616361
2017-08-31,STK32,-0.0027957113462736,3176040080.679089,0.4290221216478492
2017-08-31,STK33,0.0055493331956695,10494056817.048067,1.644423866638577
2017-08-31,STK34,-0.0421934554025505,2897026800.722226,0.3463102464524799
2017-08-31,STK35,0.0050818614689479,12640164910.26056,1.3261737906977464
2017-08-31,STK36,-0.0130673745213933,4288628498.9210463,0.2930171585133214
2017-08-31,STK37,-0.008208611694751,9981331352.068182,1.5180767019554968
2017-08-31,STK38,-0.0309685445384558,7834077957.988719,0.5107854434866752
2017-08-31,STK39,-0.0194270728499833,3463891124.8655624,1.3282886395416686
2017-08-31,STK40,0.0706803870407229,7268090884.006394,0.2840945886900859
2017-08-31,STK41,0.0376422447998102,8595882078.388708,1.548091486437291
2017-08-31,STK42,-0.0246658081618796,6540918644.275973,0.4252666123853944
2017-08-31,STK43,0.0401637782683489,6534802987.273151,1.178368514305044
2017-08-31,STK44,0.0096693983403769,3398550543.7340813,0.3302219272944568
2017-08-31,STK45,0.0038736168845631,8821076862.711056,1.7660334716979331
2017-08-31,STK46,-0.0003858273031985,9293199637.600927,0.5321875625058499
2017-08-31,STK47,-0.0020525561943842,5433233005.687631,1.205339653183183
2017-08-31,STK48,0.0418737075065833,13381473200.836857,0.4567626319047391
2017-08-31,STK49,0.0362313508049673,11770254289.965368,1.3321438282213691
2017-08-31,STK50,-0.0020036768436081,6663265616.145362,0.2443934003041676
2017-09-30,STK01,0.0199871829159256,161684046.05582556,1.3138933400157686
2017-09-30,STK02,0.0013729812335422,96210254.13260476,0.3421176983947452
2017-09-30,STK03,0.0302769918738493,82241573.33741151,1.1223047876494985
2017-09-30,STK04,0.0383123214488931,130929644.39674976,0.3253675468446453
2017-09-30,STK05,0.0048892493256406,93228280.95378642,1.188948691014656
2017-09-30,STK06,0.0454909651416381,82982698.03457038,0.3400250183288637
2017-09-30,STK07,0.0496609339917292,233695670.74883345,1.4353883586322047
2017-09-30,STK08,0.0891607743671536,155073997.813321,0.3352066096122411
2017-09-30,STK09,0.0172466188319635,124798745.31262532,1.0945750939087322
2017-09-30,STK10,-0.0088608649347806,102086628.3347097,0.2783795602735575
2017-09-30,STK11,0.0818941961696354,326660933.2629448,1.742353699195028
2017-09-30,STK12,0.0251605043715993,139163494.99884427,0.5219249413214362
2017-09-30,STK13,-0.0108365626802515,187069110.9061449,2.016989661284294
2017-09-30,STK14,0.0307662807372095,128867625.01604542,0.3280050169632438
2017-09-30,STK15,0.0154062083470256,100542859.63499622,1.3148567627208303
2017-09-30,STK16,0.0555415952440454,68385356.7390604,0.4048641465518484
2017-09-30,STK17,0.020825842931488,78071503.67195863,1.2933532963736178
2017-09-30,STK18,0.0649258436593115,56531867.206192985,0.5618272029624654
2017-09-30,STK19,0.0679403375931377,80882453.04103021,1.1364383881167963
2017-09-30,STK20,0.0050983585745615,131811707.04122087,0.3797800554638705
2017-09-30,STK21,0.0071043084502818,133454645.01258484,1.54864856726507
2017-09-30,STK22,-0.0161967172855556,137855652.40196937,0.4278147707216401
2017-09-30,STK23,0.0316918333631347,137713201.35575867,1.3801639596465487
2017-09-30,STK24,0.0609935249077258,83275730.29232931,0.4195824856626139
2017-09-30,STK25,0.0507135438066613,65776262.45615671,1.7039725984769891
2017-09-30,STK26,0.0136477113645925,6167184101.55674,0.4311837637687673
2017-09-30,STK27,-0.0025235425865611,11375176394.00356,2.07316723977049
2017-09-30,STK28,-0.0133003535813923,7966023410.74071,0.3569725907665331
2017-09-30,STK29,0.1310337712835649,7464092791.9391,1.287867164845644
2017-09-30,STK30,0.0732613030394987,4262368893.474532,0.3166224761769227
2017-09-30,STK31,0.0884271435009108,4194312408.0687847,1.6364539896837034
2017-09-30,STK32,0.0147996434637716,3223044341.4997883,0.422695075270851
2017-09-30,STK33,0.0617896194268773,11142480594.017498,1.2765771979163816
2017-09-30,STK34,0.0526191692799383,3049465944.3579464,0.3758374902128794
2017-09-30,STK35,0.0616641490928332,13419609923.844866,1.2396588701110136
2017-09-30,STK36,0.0300917389190118,4417680788.031212,0.4438684135906833
2017-09-30,STK37,-0.007542939746265,9906042771.092026,1.4693172422159717
2017-09-30,STK38,0.0368328267284427,8122629193.992431,0.5436927114524318
2017-09-30,STK39,0.0967855598539642,3799145766.6588535,1.0192607692001057
2017-09-30,STK40,0.0126328446559561,7359907547.089417,0.3110627103466216
2017-09-30,STK41,0.0977810920179785,9436396814.871326,1.1639297527370531
2017-09-30,STK42,0.028687956591729,6728564234.412993,0.4492086299092745
2017-09-30,STK43,0.0129216212729773,6619243236.568215,1.1174304864991955
2017-09-30,STK44,0.0316265197561365,3506034869.647715,0.3801407935471889
2017-09-30,STK45,0.0907104728627244,9621240916.086014,1.643187407571173
2017-09-30,STK46,0.0874040269815734,10105462709.470947,0.5113793362063253
2017-09-30,STK47,0.0921406541983839,5933854649.243941,1.807070637585482
2017-09-30,STK48,0.0451093339365125,13985102544.0159,0.3521419571723435
2017-09-30,STK49,0.0771500852592026,12678330411.958693,1.4999744856153494
2017-09-30,STK50,-0.0040415874910077,6636335445.181887,0.2924927419250179
2017-10-31,STK01,0.0334275756239054,167088751.73253566,1.6451888650583175
2017-10-31,STK02,0.040589976615929,100115426.09805976,0.4041433854907343
2017-10-31,STK03,0.0333201264346137,84981872.95919561,1.3643440260841395
2017-10-31,STK04,0.0807827685648973,141506503.5583367,0.3190386196363243
2017-10-31,STK05,0.0344870985164425,96443453.86355822,1.1744047329615093
2017-10-31,STK06,0.0422408549640664,86487958.14677559,0.4212431062810012
2017-10-31,STK07,0.028747728526089,240413890.4492432,1.3832831712844311
2017-10-31,STK08,0.0897589067732039,168993270.32599488,0.3438889681197338
2017-10-31,STK09,0.1065764831302583,138099356.68711376,1.2848427859701863
2017-10-31,STK10,0.041016537229086,106273868.3263922,0.3116985279602614
2017-10-31,STK11,0.0835349685457624,353948544.04819435,1.5744543178067645
2017-10-31,STK12,0.0411667335549882,144892401.51804262,0.4445436578264878
2017-10-31,STK13,0.0330845815650662,193258214.1642236,1.4282337037879302
2017-10-31,STK14,0.0105965085865322,130233171.91105396,0.2907581445244285
2017-10-31,STK15,0.0545181166681444,106024266.98672584,1.240388790829683
2017-10-31,STK16,0.0617990532172655,72611507.03945927,0.4917171125251529
2017-10-31,STK17,0.0080743431425199,78701879.78225853,1.9310921531811929
2017-10-31,STK18,0.080422707928204,61078313.05115266,0.4627526320570224
2017-10-31,STK19,0.0575544695663107,85537599.72302875,1.0057489461231537
2017-10-31,STK20,-0.0492776888744769,125316330.75162987,0.4353934817076178
2017-10-31,STK21,0.0229264808079605,136514290.37019905,1.5876245572744312
2017-10-31,STK22,0.0123773005158672,139561933.23955947,0.5120078543267601
2017-10-31,STK23,0.0167643474138153,140021873.3067553,2.001447783079111
2017-10-31,STK24,0.047253132572336,87210769.41589084,0.4071044811749562
2017-10-31,STK25,0.0325030850048761,67914193.90607221,1.5295066176841046
2017-10-31,STK26,0.0354926965734819,6386074095.586094,0.4587773134907812
2017-10-31,STK27,-0.0230041198071317,11113500473.408646,1.8039779062298031
2017-10-31,STK28,0.0968600501421696,8737612837.738754,0.2938778061026526
2017-10-31,STK29,0.0153538796782133,7578695574.573553,1.236281820932526
2017-10-31,STK30,0.0550927928186726,4497194699.839479,0.4636497451491344
2017-10-31,STK31,0.0377405211290363,4352607944.127284,1.745965358614737
2017-10-31,STK32,0.0268452229834916,3309567685.533031,0.3518125044230033
2017-10-31,STK33,0.0367309563648617,11551754562.512672,1.396110386184633
2017-10-31,STK34,0.0397755632296704,3170760169.8444824,0.3331064589816039
2017-10-31,STK35,0.0249796182848759,13754826657.274445,1.1395619609166263
2017-10-31,STK36,0.0905187382795092,4817563679.085425,0.4661369816886141
2017-10-31,STK37,0.0651041293369261,10550967060.878325,1.9485082617034264
2017-10-31,STK38,0.0106488967961458,8209126233.992618,0.5772098769591401
2017-10-31,STK39,0.0121856841304443,3845440956.936873,1.2628569022817069
2017-10-31,STK40,0.0673354381252465,7855490146.333991,0.237511693433686
2017-10-31,STK41,0.0498404816105157,9906711376.792452,1.1492589007884515
2017-10-31,STK42,-0.0210006763676013,6587259834.507468,0.4271717863979106
2017-10-31,STK43,-0.0514659525316504,6278577578.359548,1.5502833565328338
2017-10-31,STK44,0.0424925565785204,3655015254.712486,0.3495089029639146
2017-10-31,STK45,-0.0118465563644971,9507262343.277197,1.2312184570368894
2017-10-31,STK46,-0.0112291911114294,9991986537.436872,0.430228690798986
2017-10-31,STK47,0.0194393338203045,6049204830.611759,1.2720626251877976
2017-10-31,STK48,0.0248997718506811,14333328406.670277,0.409649664705197
2017-10-31,STK49,0.114258497100002,14126937390.566343,1.543549370852809
2017-10-31,STK50,-0.0042500493134958,6608130692.278963,0.2816655443647261
2017-11-30,STK01,0.0025576368856667,167516104.08714682,1.280820184277819
2017-11-30,STK02,-0.0451955354337332,95590655.81038158,0.3722433072650165
2017-11-30,STK03,0.0740909761182957,91278262.8791034,0.953469340141904
2017-11-30,STK04,0.0360897732886034,146613441.19062003,0.3244871757757018
2017-11-30,STK05,0.1007871391991175,106163713.67294832,1.341086064296623
2017-11-30,STK06,0.0567804792006347,91398785.85543396,0.4653951972695419
2017-11-30,STK07,-0.032327677657458,232641867.69442457,1.3937839159058196
2017-11-30,STK08,0.0133159955322404,171243583.95863453,0.4292000892319149
2017-11-30,STK09,-0.0327980891472916,133569961.67530616,1.1862390354539385
2017-11-30,STK10,0.0010215904786391,106382436.6984026,0.3340569358863684
2017-11-30,STK11,0.0474107236397984,370729500.6527724,1.6062981473905344
2017-11-30,STK12,0.0065188109120958,145836927.6861382,0.3472895362753062
2017-11-30,STK13,0.0497722422597875,202877108.8182993,1.2433249525948735
2017-11-30,STK14,0.0089289614750009,131396018.88581496,0.2470719620779445
2017-11-30,STK15,0.0105792967207606,107145929.16677956,1.563006162568254
2017-11-30,STK16,0.0080377148675914,73195137.62914856,0.3031347672518669
2017-11-30,STK17,-0.0297528582686651,76360273.90761945,1.9936347477934884
2017-11-30,STK18,-0.008598783443967,60553113.864102975,0.4741325930581163
2017-11-30,STK19,0.0349925030848787,88530774.44520997,1.298482444313153
2017-11-30,STK20,0.0243766339070317,128371121.06893487,0.4107330123111529
2017-11-30,STK21,-0.0046933414874954,135873582.1875686,1.301704754580314
2017-11-30,STK22,0.0372882896053392,144765959.02407718,0.3749469803877701
2017-11-30,STK23,0.0433147163761128,146086881.03548938,1.5829525206849675
2017-11-30,STK24,0.0438407566881935,91034155.53844306,0.3149139659252347
2017-11-30,STK25,0.0906600925385062,74071301.01027478,1.4261821891434383
2017-11-30,STK26,0.0032142417254151,6406600481.40572,0.4132418851205023
2017-11-30,STK27,-0.0058547089333483,11048434162.906208,1.431755015649135
2017-11-30,STK28,-0.0198044524508288,8564569199.760005,0.3123357916763427
2017-11-30,STK29,-0.007431336140745,7522375740.25052,1.549725691681208
2017-11-30,STK30,-0.0413046479997635,4311439655.776206,0.4054526145969458
2017-11-30,STK31,-0.000625998492921,4349883218.113984,1.3834104528737263
2017-11-30,STK32,-0.0179858261481777,3250042376.515407,0.4139093584169599
2017-11-30,STK33,-0.0103317543336118,11432404672.250612,1.1018016985334795
2017-11-30,STK34,0.0088766280253103,3198905828.4296618,0.3640534695861056
2017-11-30,STK35,0.0263208643552062,14116865583.949938,1.7414951998827044
2017-11-30,STK36,0.0045923601872782,4839687666.724935,0.370639104902192
2017-11-30,STK37,0.0674462259870917,11262589969.648684,1.4853134147922489
2017-11-30,STK38,0.0052624693441255,8252326509.141059,0.4645999752591563
2017-11-30,STK39,0.024573631771509,3939937407.011719,1.1171551680349394
2017-11-30,STK40,0.0355048149859055,8134397870.603184,0.2905267872113037
2017-11-30,STK41,-0.0511258834668633,9400222005.402712,0.9131680805454754
2017-11-30,STK42,0.0041795001807179,6614791288.176229,0.3525414694968234
2017-11-30,STK43,0.008910095226992,6334520302.472789,1.6199170142865729
2017-11-30,STK44,-0.0105290937045138,3616531256.604191,0.3491015027927602
2017-11-30,STK45,0.0551975211668294,10032039657.708838,1.3056977289824387
2017-11-30,STK46,0.0434307256573469,10425945763.5162,0.3569157868072894
2017-11-30,STK47,-0.0344454257045592,5840837395.047261,1.203075847844406
2017-11-30,STK48,0.0291118925016559,14750598722.436192,0.4414060553266412
2017-11-30,STK49,0.0355718145802425,14629458188.010263,1.405099624270515
2017-11-30,STK50,-0.0019341514015787,6595349567.038676,0.3958173490132981
2017-12-31,STK01,0.1457345954946335,191928995.7551241,1.1905774442788657
2017-12-31,STK02,0.1108862434006233,106190344.53739676,0.3932000840350887
2017-12-31,STK03,0.1283944138123718,102997881.93527746,1.3071603181026028
2017-12-31,STK04,0.1437527611209702,167689528.17921865,0.2604454943576005
2017-12-31,STK05,0.1724355917084179,124470116.45810623,1.5257020418190994
2017-12-31,STK06,0.1229798267152593,102638992.70192032,0.3679483635487384
2017-12-31,STK07,0.1605807664359658,269999677.1138898,1.3203683635860504
2017-12-31,STK08,0.1372422637481352,194745441.07346132,0.4021689108788754
2017-12-31,STK09,0.1393041653430781,152176813.7013916,1.4325116820734969
2017-12-31,STK10,0.1125009361405438,118350560.41588502,0.3181486865040798
2017-12-31,STK11,0.1069416346592864,410375919.4690008,1.708187768212424
2017-12-31,STK12,0.1127582555286329,162281245.24368256,0.4926936865730271
2017-12-31,STK13,0.1288275754269043,229013274.856981,1.4436394375632515
2017-12-31,STK14,0.1169486411883056,146762604.75206396,0.2969053657199256
2017-12-31,STK15,0.1121215997959013,119159302.1565772,1.0767289780168314
2017-12-31,STK16,0.1906119362658903,87147004.53788888,0.3058454765009488
2017-12-31,STK17,0.095559750610639,83657242.63879164,1.5336437961857925
2017-12-31,STK18,0.0743911385129371,65057728.94495712,0.3734286174458665
2017-12-31,STK19,0.1442710903036207,101303205.79984432,1.5969567001003329
2017-12-31,STK20,0.1165353290679105,143330891.90551978,0.3752196925436361
2017-12-31,STK21,0.1663326292589602,158473792.3596603,1.810312124510028
2017-12-31,STK22,0.1484828280839027,166261218.03025055,0.4784362720450914
2017-12-31,STK23,0.1284376969592065,164849943.59164122,1.509655284122352
2017-12-31,STK24,0.1287664004600094,102756296.066045,0.3143603468979208
2017-12-31,STK25,0.1894036465293884,88100675.5247968,1.566457397310718
2017-12-31,STK26,0.1313896835378588,7248361691.211111,0.4410273464962599
2017-12-31,STK27,0.1404675066981701,12600380162.68853,1.2540553011069884
2017-12-31,STK28,0.1306817632854948,9683802204.565285,0.2777221376951599
2017-12-31,STK29,0.0935025495478274,8225737050.620669,1.240004102750521
2017-12-31,STK30,0.1432751543548097,4929161837.94899,0.4172912016932706
2017-12-31,STK31,0.1577987149294515,5036289200.0255575,1.2546832667115548
2017-12-31,STK32,0.1966116282129169,3889038499.92308,0.3411116418534547
2017-12-31,STK33,0.2069882888912365,13798778553.271944,1.4378054044976796
2017-12-31,STK34,0.1896909745138927,3805709392.402656,0.3306787467298885
2017-12-31,STK35,0.166260963610871,16463949259.102592,1.060575421872577
2017-12-31,STK36,0.1087367902268596,5365939769.305124,0.519966327263354
2017-12-31,STK37,0.187954047568579,13379439340.549437,1.4681245679623651
2017-12-31,STK38,0.1176843967213353,9223496575.916807,0.413512934613511
2017-12-31,STK39,0.1741758210663654,4626179239.828073,1.3289866323436086
2017-12-31,STK40,0.2280740766199712,9989643153.800465,0.2916162120274725
2017-12-31,STK41,0.1883461753160016,11170717867.241629,1.2230801314243038
2017-12-31,STK42,0.1282344078486636,7463035132.058006,0.3814765020844881
2017-12-31,STK43,0.1415205295909564,7230984970.383403,1.3803089861540747
2017-12-31,STK44,0.1911969226518341,4308000903.541082,0.4273170794656287
2017-12-31,STK45,0.1955911490785775,11994217821.96197,1.8951139165798323
2017-12-31,STK46,0.1128968163821145,11603001847.98977,0.6900267269761348
2017-12-31,STK47,0.1132374293440648,6502238806.879097,1.1001798091363528
2017-12-31,STK48,0.1954976118240864,17634305545.64789,0.545547023406661
2017-12-31,STK49,0.2065622086448488,17651351382.603134,1.4557752846267322
2017-12-31,STK50,0.1418841595923172,7531125197.575512,0.3493238696643503
2018-01-31,STK01,0.0261315771024419,196944403.1058934,1.216540534884988
2018-01-31,STK02,0.0373903016418127,110160833.55109803,0.4437196097161586
2018-01-31,STK03,0.0317193748065099,106264910.35665916,1.129701918688793
2018-01-31,STK04,-0.0049317180283639,166862530.70992938,0.4201779367719992
2018-01-31,STK05,0.0065141152970533,125280929.147752,1.1495042890795033
2018-01-31,STK06,0.0117789332552382,103847970.54634112,0.3746025261862748
2018-01-31,STK07,0.0541281108515288,284614249.56658745,1.2570853821960126
2018-01-31,STK08,-0.0804100360479917,179085953.13656226,0.3492001623462584
2018-01-31,STK09,0.0642927388508341,161960677.84384722,1.401206849414378
2018-01-31,STK10,0.0375047585580407,122789269.60949162,0.3915544682897345
2018-01-31,STK11,0.0737662563641813,440647814.7502378,1.6482302038596532
2018-01-31,STK12,0.07595015710381,174606531.31494215,0.4071883519845997
2018-01-31,STK13,-0.0194465457740713,224559757.7246048,1.22588288995023
2018-01-31,STK14,0.0155294978873927,149041754.31250942,0.4958668487839061
2018-01-31,STK15,0.1003111901036649,131112313.56782566,2.0918631374810865
2018-01-31,STK16,0.0667228978422925,92961705.21893224,0.531379644511939
2018-01-31,STK17,0.0428433737964845,87241401.1559486,1.688851175145443
2018-01-31,STK18,0.0110947766267242,65779529.91544338,0.4829636373170724
2018-01-31,STK19,0.0518896471540619,106559793.40437356,1.1869439115662834
2018-01-31,STK20,0.001813321953196,143590796.9583832,0.3855131809628054
2018-01-31,STK21,0.049963552251752,166391705.9647555,1.4323447792343116
2018-01-31,STK22,-0.0527962176871209,157483254.57019955,0.4307544160556764
2018-01-31,STK23,0.0522254300577301,173459302.79070726,2.0701485673230158
2018-01-31,STK24,0.0272470185324246,105556098.76927984,0.3130417807665432
2018-01-31,STK25,0.1096180852380752,97758102.88400598,1.3219850198370842
2018-01-31,STK26,0.0017951496390174,7261373585.084557,0.3790762664752808
2018-01-31,STK27,0.0249447050687956,12914692929.6015,1.5877258898297095
2018-01-31,STK28,-0.0311476301498491,9382174715.05319,0.2814759210310033
2018-01-31,STK29,-0.0093461441834257,8148858126.130621,0.9767923691715124
2018-01-31,STK30,-0.0315263190811967,4773763509.042952,0.3714680093779592
2018-01-31,STK31,0.0747796909801469,5412901350.090119,1.495969582742296
2018-01-31,STK32,-0.0119100854771908,3842719718.964909,0.3845593769387314
2018-01-31,STK33,-0.0378038257192221,13277131933.70591,1.2045123431059497
2018-01-31,STK34,-0.0209956276289163,3725806135.135901,0.3401762034523142
2018-01-31,STK35,-0.0445500858915918,15730478905.494762,1.252198909731462
2018-01-31,STK36,-0.0476667916025688,5110162636.56972,0.430075791148539
2018-01-31,STK37,0.0082383690401152,13489664099.386717,1.212962495177141
2018-01-31,STK38,0.0174012783633162,9383997207.317429,0.4944194102057717
2018-01-31,STK39,0.0859678224511081,5023881795.344615,1.3620681889373598
2018-01-31,STK40,0.0147492837786077,10136983235.522896,0.2756803233667269
2018-01-31,STK41,0.0108099439750743,11291472701.54787,1.124813129867061
2018-01-31,STK42,-0.0569063512264748,7038341033.617592,0.380145214859097
2018-01-31,STK43,0.0068685093915996,7280651058.562997,1.6326387178362427
2018-01-31,STK44,-0.050328205993311,4091186946.648298,0.2820678744022704
2018-01-31,STK45,-0.0100406346276324,11873788263.167414,1.56936411603213
2018-01-31,STK46,-0.0548175564308955,10966953639.419806,0.3757260603376901
2018-01-31,STK47,-0.015848509456004,6399188013.663077,1.3934784197097014
2018-01-31,STK48,0.0325763563047466,18208766966.289684,0.4529607968825285
2018-01-31,STK49,0.0569559462151114,18656700802.57471,1.6677017439687931
2018-01-31,STK50,-0.0243670071498952,7347614216.0394335,0.2923163201861577
2018-02-28,STK01,-0.0029877288654651,196355986.6278421,1.507627434397154
2018-02-28,STK02,-0.0604422202019214,103502468.19197534,0.3611853010163153
2018-02-28,STK03,-0.0074384511571201,105474464.0112554,1.1651044151721148
2018-02-28,STK04,0.0428261976506487,174008618.43060026,0.3062611736310295
2018-02-28,STK05,-0.0062809369271578,124494047.53359926,1.2917187397906629
2018-02-28,STK06,0.0040682128464947,104270446.19420016,0.3939421422626225
2018-02-28,STK07,0.0479982660250277,298275240.0317981,1.0923916516882168
2018-02-28,STK08,0.0224967809263611,183114810.5912641,0.3909893791387827
2018-02-28,STK09,-0.0259656181802662,157755268.72273675,1.4217942745181362
2018-02-28,STK10,-0.0199391603887609,120340954.66872916,0.3150148148202759
2018-02-28,STK11,-0.0096753231470763,436384404.7484762,1.8874259920499827
2018-02-28,STK12,0.0102117553688203,176389570.4985286,0.5015096495983556
2018-02-28,STK13,0.0132012709399188,227524231.9285298,1.5961840223868098
2018-02-28,STK14,0.05543038774066,157303196.5436,0.3481793491773766
2018-02-28,STK15,-0.0659208727536698,122469275.42868176,1.4804045248860882
2018-02-28,STK16,0.0627036870454174,98790746.89018852,0.4611090516870645
2018-02-28,STK17,0.0353483651656712,90325242.06157388,1.5412941508215976
2018-02-28,STK18,0.0477334301857074,68919412.51431087,0.4738845327833325
2018-02-28,STK19,0.0102202304539478,107648859.05009133,1.187066272750957
2018-02-28,STK20,-0.0288626283881579,139446389.14581394,0.4930516992899557
2018-02-28,STK21,-0.0227599634033677,162604636.82637373,1.6668201080562246
2018-02-28,STK22,0.0326293187625525,162621825.88333482,0.3455663581689077
2018-02-28,STK23,-0.0611827724412351,162846581.7402481,1.842093794848716
2018-02-28,STK24,0.0320176566168174,108935757.69348551,0.2837569787106161
2018-02-28,STK25,-0.0186599556934536,95933941.01551434,1.6736839209180197
2018-02-28,STK26,0.0132938323448669,7357905068.118116,0.3821342995148554
2018-02-28,STK27,0.0488984038781314,13546200800.435202,1.2737457829013454
2018-02-28,STK28,0.0454620644347766,9808707746.487268,0.3139990744431054
2018-02-28,STK29,0.0501383203282024,8557428185.167633,1.543524541068828
2018-02-28,STK30,0.0479668802664637,5002746051.701629,0.4023120904166815
2018-02-28,STK31,0.0197696735132419,5519912642.540789,1.4048956561686303
2018-02-28,STK32,-0.0144060796103114,3787361192.773387,0.3209476604801684
2018-02-28,STK33,0.0154037551164013,13481649622.660868,1.4654529090006116
2018-02-28,STK34,0.0857503612505881,4045295357.173461,0.4108429354904664
2018-02-28,STK35,0.0426512698813792,16401403806.656364,1.1362111627644986
2018-02-28,STK36,0.0099084401370552,5160796377.144789,0.4144378122905162
2018-02-28,STK37,0.066772108497636,14390397414.227634,1.6806315544635713
2018-02-28,STK38,0.0162768624534736,9536739239.124716,0.6039878083925926
2018-02-28,STK39,0.0011321564465698,5029569615.50602,1.3177450501939338
2018-02-28,STK40,0.0001490505280841,10138494158.227331,0.3015290348807633
2018-02-28,STK41,0.0486006782051755,11840245932.778322,1.1254129659437735
2018-02-28,STK42,0.0233801742957051,7202898673.736185,0.3773774075516108
2018-02-28,STK43,0.0285112397936996,7488231446.74794,1.876928712591801
2018-02-28,STK44,-0.0077327097439412,4059550985.4816647,0.3719200558154849
2018-02-28,STK45,-0.0302973694119765,11514043713.838638,1.6691636907426155
2018-02-28,STK46,0.033515236737596,11334513686.9352,0.6099414317415219
2018-02-28,STK47,0.053349728115145,6740582954.349696,0.9647537157128176
2018-02-28,STK48,0.0675979169801787,19439641683.98836,0.6160690434607611
2018-02-28,STK49,0.0496857587206099,19583673137.17405,1.239114651387269
2018-02-28,STK50,0.027551485993661,7550051906.199469,0.2648577966789621
2018-03-31,STK01,-0.0128733900797389,193828219.4174899,1.0953074313834148
2018-03-31,STK02,-0.0354546608312432,99832823.2870323,0.3185250570638557
2018-03-31,STK03,0.0095611783461377,106482924.17263032,1.4530188250252536
2018-03-31,STK04,0.0115078338519045,176011080.70029905,0.37753948074995
2018-03-31,STK05,-0.0082794159491952,123463309.53086972,1.5882434207200864
2018-03-31,STK06,0.0192347631185581,106276063.52701196,0.3409192369316203
2018-03-31,STK07,0.0002319310470619,298344419.32053137,1.3834232917979234
2018-03-31,STK08,0.0021202999403267,183503068.9132337,0.4439029640843236
2018-03-31,STK09,-0.0534065309650314,149330107.07879904,1.2009933003650737
2018-03-31,STK10,-0.0158335753163932,118435527.09933518,0.3686643414977814
2018-03-31,STK11,-0.0163556901640097,429247036.63200426,1.3797063445420272
2018-03-31,STK12,0.05811875566047,186641112.84738785,0.3279773627638137
2018-03-31,STK13,-0.0697640547887906,211651218.9464904,1.7824582710327974
2018-03-31,STK14,-0.0497483557420411,149477621.16258878,0.3873367268774078
2018-03-31,STK15,-0.0216738565653989,119814893.91937216,1.2409634767855509
2018-03-31,STK16,0.0612706499412499,104843720.16033188,0.4585188644469539
2018-03-31,STK17,-0.0366178659698605,87017724.45406798,1.4311964295322004
2018-03-31,STK18,-0.0584037431373477,64894260.84864815,0.4065833866389003
2018-03-31,STK19,0.0049323857336535,108179824.74671409,1.3931273167798253
2018-03-31,STK20,-0.0111119500290405,137896867.8378955,0.373907994607604
2018-03-31,STK21,-0.0037141993186236,162000690.79506817,1.4387948777256416
2018-03-31,STK22,-0.0142404952705295,160306010.54095832,0.4166896407383009
2018-03-31,STK23,-0.0376952550086918,156708038.31425568,1.206649931867954
2018-03-31,STK24,0.017285152445524,110818728.87198608,0.3040568995963559
2018-03-31,STK25,-0.0045738768183697,95495150.98660864,1.319462015266356
2018-03-31,STK26,0.0140283015927971,7461123979.504848,0.4507697223435246
2018-03-31,STK27,0.0760299241952849,14576117420.426395,1.566466362461052
2018-03-31,STK28,-0.0001722123612482,9807018565.765451,0.3462095212080189
2018-03-31,STK29,0.0633077690242198,9099179872.155573,1.2225244601303626
2018-03-31,STK30,0.0675195941175932,5340529434.585915,0.3607873790262203
2018-03-31,STK31,0.0702203937300227,5907523081.655333,1.73439795940518
2018-03-31,STK32,0.0831112600174917,4102133553.646134,0.4209610800732564
2018-03-31,STK33,0.0341096800168767,13941504377.389477,1.2157178507835305
2018-03-31,STK34,0.0079748250723049,4077555880.0127273,0.3312379117848192
2018-03-31,STK35,0.0711765918456163,17568799831.097885,1.5026842710755326
2018-03-31,STK36,0.0909525104990972,5630183763.820753,0.3878377822992744
2018-03-31,STK37,-0.0123630884735827,14212487657.82552,1.5009260771827002
2018-03-31,STK38,0.0485919621091651,10000148110.87725,0.4271913359279771
2018-03-31,STK39,0.0543059982972997,5302705414.481839,1.3296418166072623
2018-03-31,STK40,-0.0710461862680881,9418192813.783989,0.2899013976563543
2018-03-31,STK41,-0.0024173912527858,11811623425.82959,1.349374299140347
2018-03-31,STK42,0.0530721414613432,7585171931.080434,0.3921218927332989
2018-03-31,STK43,0.0826236846402003,8106936720.316874,1.8804858695581528
2018-03-31,STK44,0.0909235055321834,4428659591.968287,0.3610449592217155
2018-03-31,STK45,0.0413060810586652,11989643736.795471,1.6380770654585146
2018-03-31,STK46,0.0183206297388771,11542169115.463774,0.5127717468825788
2018-03-31,STK47,0.0530268997510449,7098015170.933599,1.6558256648270078
2018-03-31,STK48,0.0392635946443882,20202911895.100628,0.4465547091993455
2018-03-31,STK49,0.0387587907557657,20342712626.52709,1.2544790067264249
2018-03-31,STK50,0.0376087437384193,7833999873.55149,0.3259254411328018
2018-04-30,STK01,-0.0276892697481887,188461257.5652279,1.032457717736602
2018-04-30,STK02,-0.1104349633680367,88807789.1044012,0.3232523481712204
2018-04-30,STK03,-0.0003103452468599,106449877.7032416,1.7063845541779068
2018-04-30,STK04,-0.0439597909506187,168273670.38772142,0.3518479207582078
2018-04-30,STK05,-0.0393697152912192,118602594.18572769,1.3680775143439678
2018-04-30,STK06,-0.0259397318617071,103519290.9358035,0.3574295531722644
2018-04-30,STK07,-0.0298703287329924,289432773.4397733,0.9828821308013016
2018-04-30,STK08,-0.0260184371680213,178728605.84457564,0.5011626605045371
2018-04-30,STK09,-0.0360944287988193,143940122.16132328,1.2798031638702487
2018-04-30,STK10,-0.0611615439618642,111191827.40200262,0.266522963507212
2018-04-30,STK11,-0.0188839488112184,421141157.5648783,1.4203524079158063
2018-04-30,STK12,-0.0347920926504225,180147477.9568236,0.4158286962472271
2018-04-30,STK13,-0.0365129633276993,203923205.75083435,1.613562578179061
2018-04-30,STK14,-0.0398894861693264,143515035.6605999,0.4267674581103696
2018-04-30,STK15,0.0072279320163607,120680907.82716888,1.091423459170433
2018-04-30,STK16,-0.0438781543134467,100243371.228341,0.4785271993928079
2018-04-30,STK17,-0.0307599470955977,84341063.85348155,1.3516749875634586
2018-04-30,STK18,-0.0931969080726328,58846316.38589523,0.3630090875394435
2018-04-30,STK19,-0.0270130279010111,105257560.1225046,1.156559182273868
2018-04-30,STK20,-0.0009693290610675,137763200.39647007,0.4761756960543521
2018-04-30,STK21,0.0670599974599027,172864456.70828792,1.182468326307154
2018-04-30,STK22,-0.1113205243643037,142460661.3887892,0.4100702920992865
2018-04-30,STK23,-0.0105469539152876,155055245.8560001,1.471193513324142
2018-04-30,STK24,-0.0885126275922943,101009871.99308854,0.3118730212942444
2018-04-30,STK25,-0.0108658428510143,94457515.68295428,1.644581400453
2018-04-30,STK26,-0.0587893530998039,7022489327.352323,0.5037403180781205
2018-04-30,STK27,-0.0071208518071249,14472323048.35229,1.811712757467842
2018-04-30,STK28,0.0465063705729382,10263107405.400627,0.3991534326617557
2018-04-30,STK29,0.0626985080647719,9669684874.75273,1.4876068082433482
2018-04-30,STK30,0.0011803894878299,5346833339.389946,0.4269569249514713
2018-04-30,STK31,0.0386904017840317,6136087523.233019,1.1639729315752847
2018-04-30,STK32,0.0554655553238926,4329660669.21189,0.3512017294453496
2018-04-30,STK33,0.0409112127860814,14511868229.53094,1.3472445475266293
2018-04-30,STK34,-0.0030496405022096,4065120800.451017,0.4124661991175865
2018-04-30,STK35,0.0057562832116518,17669930818.614502,1.0270117788326725
2018-04-30,STK36,0.0740334418823853,6047005646.286727,0.393162132087699
2018-04-30,STK37,0.0427612723701155,14820231713.618702,1.5634892217847416
2018-04-30,STK38,-0.0421913525816949,9578228336.062056,0.4665852873688075
2018-04-30,STK39,-0.0091256910538685,5254314563.119603,1.2740895356623707
2018-04-30,STK40,-0.044542867130524,8998679502.669952,0.3185540079960523
2018-04-30,STK41,0.0040673806202253,11859665794.04521,1.2085806148166842
2018-04-30,STK42,-0.0438107670748911,7252859730.384868,0.4637620322188733
2018-04-30,STK43,0.0378166627931481,8413514012.554488,1.357009797587364
2018-04-30,STK44,-0.0128074620728063,4371939702.210783,0.3588877829423731
2018-04-30,STK45,0.0114748678171957,12127223313.850466,1.560545394774879
2018-04-30,STK46,-0.0154703961224834,11363607187.134855,0.3882825408952148
2018-04-30,STK47,0.0347112325145817,7344396025.923903,0.9890116972239098
2018-04-30,STK48,-0.0444886896179398,19304110818.42091,0.4287774131072688
2018-04-30,STK49,0.0156785260841569,20661656377.0646,1.049112715187
2018-04-30,STK50,-0.0868190384407522,7153859537.384774,0.4116831578327417
2018-05-31,STK01,0.0697406489801095,201604667.97543448,1.4844083631311102
2018-05-31,STK02,0.0885703623326177,96673527.16333672,0.4107757757840051
2018-05-31,STK03,0.0457556338568035,111320559.33153264,1.334961464344978
2018-05-31,STK04,0.0394601578566907,174913775.98434564,0.2784048589398258
2018-05-31,STK05,0.1045254315304456,130999581.5236212,1.9821021057099075
2018-05-31,STK06,0.0261783621572776,106229256.42418556,0.4629996697854338
2018-05-31,STK07,0.093081191628924,316373520.8880118,1.2556491087513906
2018-05-31,STK08,0.0251497726835013,183223589.65360585,0.456021332254785
2018-05-31,STK09,0.0616466840765302,152813553.3981395,1.0230571749456008
2018-05-31,STK10,-0.0255790362005736,108347647.62367883,0.292346419938543
2018-05-31,STK11,0.0392044735448731,437651774.93528783,1.5857038433566708
2018-05-31,STK12,0.0351135618774866,186473097.57113367,0.3817040432381519
2018-05-31,STK13,0.0629457965624605,216759314.37439117,1.2783655354713612
2018-05-31,STK14,0.0330989436292608,148265231.73588145,0.3039650501168386
2018-05-31,STK15,0.0475945828315626,126424665.29093726,1.26303675973634
2018-05-31,STK16,0.0410885295842131,104362223.95267797,0.5581299204832303
2018-05-31,STK17,0.0342374776477006,87228689.1419484,1.5337152566050507
2018-05-31,STK18,-0.0421385101594733,56366620.285020605,0.4547258736798812
2018-05-31,STK19,0.0398384488466784,109450858.04717116,1.0389979179104096
2018-05-31,STK20,0.0065478463273168,138665252.6622255,0.3420213025785109
2018-05-31,STK21,0.1090701070321399,191718801.5035136,1.2265459996754304
2018-05-31,STK22,0.0485497990686408,149377097.8744006,0.4409180992799997
2018-05-31,STK23,0.0818878308196419,167752383.59635422,1.3986796162209965
2018-05-31,STK24,0.0065166840906816,101668121.41890769,0.4050583370937316
2018-05-31,STK25,0.0479666237239756,98988323.79562008,1.4247463100309896
2018-05-31,STK26,0.0631318477245409,7465832054.213943,0.4074337223850575
2018-05-31,STK27,0.0581262924363378,15313545530.093967,1.8417002036074823
2018-05-31,STK28,0.0225769215260317,10494816775.905592,0.3085860475589378
2018-05-31,STK29,0.0841210768410282,10483109179.130333,1.060601478884035
2018-05-31,STK30,0.0405965421452896,5563896284.39633,0.309575085753889
2018-05-31,STK31,0.1158982399897312,6847249267.598675,1.480790115276594
2018-05-31,STK32,0.0754607531301715,4656380124.108703,0.4076318269168977
2018-05-31,STK33,0.0382890884642021,15067514435.952295,1.256851887756799
2018-05-31,STK34,-0.0024427103946421,4055190887.61628,0.3440004477602005
2018-05-31,STK35,0.0532828889081007,18611435779.436565,1.2298609515082837
2018-05-31,STK36,0.0782488301719727,6520176764.151978,0.3664262529337959
2018-05-31,STK37,0.0486471672942343,15541194005.130428,1.2288961270307062
2018-05-31,STK38,0.0479423416663765,10037431031.508116,0.3672493708307777
2018-05-31,STK39,0.1090734613739399,5827420839.666559,1.1610094240209778
2018-05-31,STK40,0.0835871822472166,9750853766.24392,0.3351722816598966
2018-05-31,STK41,0.0704356993749098,12695009648.60148,1.2059935012862828
2018-05-31,STK42,0.1153487265265012,8089467863.960105,0.4097004718319019
2018-05-31,STK43,0.0737031700471232,9033616666.515646,1.8701385323776647
2018-05-31,STK44,0.1030969159233739,4822673202.111669,0.4746445304624759
2018-05-31,STK45,0.0432522656164092,12651753197.810637,1.4546716091015586
2018-05-31,STK46,0.0320040622218018,11727288778.616034,0.4809553304375489
2018-05-31,STK47,0.0909576612011824,8012425111.377201,1.8057408976951217
2018-05-31,STK48,0.0613825086759067,20489045568.2133,0.383133144690215
2018-05-31,STK49,0.0338811251255072,21361696542.076164,1.117810343144671
2018-05-31,STK50,0.0317443688015218,7380954292.893801,0.293280928168619
2018-06-30,STK01,0.0471108085176561,211102426.8846908,1.232957480643205
2018-06-30,STK02,-0.0110684711488465,95603499.0170721,0.4960816586141587
2018-06-30,STK03,-0.0553641610941137,105157389.9516148,1.112201514723275
2018-06-30,STK04,-0.0320108681187159,169314634.16916412,0.2932411053306492
2018-06-30,STK05,0.0043932342463612,131575093.37142974,2.179171453491513
2018-06-30,STK06,-0.0656533936187552,99254945.23834084,0.3709463911488616
2018-06-30,STK07,0.0202740781804979,322787702.38473475,1.340168175487037
2018-06-30,STK08,-0.0490275098233816,174240593.3119884,0.4430464900172977
2018-06-30,STK09,-0.0309588667771072,148082618.95675015,1.4135460671983124
2018-06-30,STK10,-0.0170032808704223,106505382.1394839,0.3181439533152462
2018-06-30,STK11,0.0342530434271027,452642680.1880948,1.347999286315679
2018-06-30,STK12,-0.063965961060717,174545166.67302722,0.4721265698259845
2018-06-30,STK13,-0.0918641808840463,196846897.51040015,1.6452123281125772
2018-06-30,STK14,-0.0663808148548276,138423264.83861378,0.3413778673702132
2018-06-30,STK15,0.012111483266678,127955855.50910382,1.2970927103032726
2018-06-30,STK16,-0.0345081334535951,100760878.40100496,0.5435024907854071
2018-06-30,STK17,0.0993568140988961,95895453.79311538,1.2338985309985473
2018-06-30,STK18,-0.0234408622026869,55045338.10608826,0.4812176487692249
2018-06-30,STK19,0.0102192798998897,110569367.0008383,1.3797459879803944
2018-06-30,STK20,-0.0283970948139756,134727562.33497244,0.4118525015418711
2018-06-30,STK21,0.0199310892063841,195539966.0388212,1.4166507941543178
2018-06-30,STK22,0.0411573202288912,155525058.92647976,0.4738020779757365
2018-06-30,STK23,0.0125684500158448,169860771.0446238,1.580859861165579
2018-06-30,STK24,-0.0190580055593288,99730529.79569964,0.3112139824946934
2018-06-30,STK25,0.0249866772724859,101461713.09604558,1.149490054508703
2018-06-30,STK26,-0.0368978535388689,7190358876.531763,0.3308295151634743
2018-06-30,STK27,-0.020090634351734,15005886686.22022,1.512853391937898
2018-06-30,STK28,-0.0308438248953159,10171116484.961134,0.2735540145983351
2018-06-30,STK29,-0.0191618138066875,10282233792.924662,1.170842623779589
2018-06-30,STK30,-0.036312454109591,5361857555.898664,0.3535442679946257
2018-06-30,STK31,0.0096437408727535,6913282365.226547,1.4733861086265303
2018-06-30,STK32,-0.0142153816401466,4590187903.582904,0.3749693906073562
2018-06-30,STK33,0.030023051266348,15519887194.31933,1.4229541702612207
2018-06-30,STK34,-0.0444376180696218,3874987863.752977,0.3333841246945767
2018-06-30,STK35,0.0291075949801604,19153169914.103672,1.324048041769848
2018-06-30,STK36,-0.0718550177093756,6051669347.295577,0.357623367499707
2018-06-30,STK37,-0.0119986706700738,15354720336.443142,0.9341507844881208
2018-06-30,STK38,-0.0823544412499725,9210804007.323128,0.5195486527999619
2018-06-30,STK39,8.97809426279178e-07,5827426071.57992,1.0424737540523186
2018-06-30,STK40,-0.0297643306660278,9460626130.46935,0.3637636074607012
2018-06-30,STK41,0.0422532270532307,13231414773.726791,1.1092750630301376
2018-06-30,STK42,-0.0783221821769397,7455883088.204521,0.3926094096479401
2018-06-30,STK43,-0.0470889774308956,8608232895.186728,1.1644728825156494
2018-06-30,STK44,0.013815701771789,4889301816.814842,0.4003612631391013
2018-06-30,STK45,-0.0888177606607207,11528052810.348986,1.7451257048593318
2018-06-30,STK46,-0.0018005930581845,11706172703.849932,0.49345245746439
2018-06-30,STK47,0.0076063449592817,8073370380.734748,1.430031365316513
2018-06-30,STK48,0.0129507545056233,20754394167.42176,0.3805255968978452
2018-06-30,STK49,-0.0103568573885163,21140456497.41312,1.466491475210762
2018-06-30,STK50,-0.0668335890542631,6887658626.854238,0.2878626575615165
2018-07-31,STK01,0.0438664750183092,220362746.21993253,1.5994223975863329
2018-07-31,STK02,0.0072168114208994,96293451.44065644,0.3696633670891391
2018-07-31,STK03,-0.0450650440815094,100418467.53794882,1.4236319416661762
2018-07-31,STK04,0.0450282584194993,176938577.27073625,0.3768278820656885
2018-07-31,STK05,-0.0042453594688859,131016509.80291578,1.1142443597705414
2018-07-31,STK06,0.0490241523810478,104120834.79827784,0.3385714186484626
2018-07-31,STK07,-0.0020742778732195,322118150.99593073,1.268865903402815
2018-07-31,STK08,-0.0147458103741181,171671274.56353596,0.500589793505665
2018-07-31,STK09,0.02979750190643,152495111.07742307,1.2467882907133143
2018-07-31,STK10,0.0344262967151339,110171968.0267765,0.3598675154157379
2018-07-31,STK11,-0.0406962388599815,434221825.5569379,1.4789760346720748
2018-07-31,STK12,0.0175817261664334,177613971.99714687,0.4349186115852352
2018-07-31,STK13,-0.0056488967714716,195734929.70657948,1.7443070830216776
2018-07-31,STK14,0.0185437285821635,140990148.29123798,0.3861267549620906
2018-07-31,STK15,-0.0529501491765603,121180573.87188236,1.151466428756189
2018-07-31,STK16,-0.0592352315202212,94792284.4407406,0.5227075720489747
2018-07-31,STK17,0.0157883027004114,97409480.24519442,1.6522447300730574
2018-07-31,STK18,-0.0403448032169471,52824544.77218781,0.3500106866735997
2018-07-31,STK19,0.0207854867399933,112867605.11248368,1.4557090624428657
2018-07-31,STK20,0.0154184721921703,136804855.5083531,0.3638976705136817
2018-07-31,STK21,0.0312231910289545,201645347.75224665,1.8205445445476784
2018-07-31,STK22,0.0269660321798409,159718952.67026287,0.5902093004428246
2018-07-31,STK23,0.0129208188726877,172055511.30086645,1.8118214369115668
2018-07-31,STK24,0.0349625668755037,103217365.1132112,0.2834578862224374
2018-07-31,STK25,-0.0272583317766261,98696036.0578487,1.025259530244554
2018-07-31,STK26,0.0304766441380935,7409496885.237003,0.412998803947526
2018-07-31,STK27,-0.004369096763826,14940324515.261116,1.9583411201860497
2018-07-31,STK28,0.0067355754251382,10239624807.203457,0.3495652972402973
2018-07-31,STK29,-0.0192333083157218,10084472420.211006,1.084696310784062
2018-07-31,STK30,0.0984864218985173,5889927721.308653,0.4027365576989761
2018-07-31,STK31,-0.0038997393616063,6886322365.868976,1.6353988527854555
2018-07-31,STK32,0.0431170007761396,4788103038.984315,0.3576741108485263
2018-07-31,STK33,0.0258887900123757,15921678294.908825,1.2780715165908114
2018-07-31,STK34,0.065489234642465,4128757853.199,0.2988575480228555
2018-07-31,STK35,0.0119162005892943,19381402928.720966,0.902097120456294
2018-07-31,STK36,0.007885754429202,6099391325.65508,0.4086867786466246
2018-07-31,STK37,0.0760519546073872,16522476830.47944,1.5091186110672572
2018-07-31,STK38,0.0694662728804638,9850644231.944307,0.4259273237474317
2018-07-31,STK39,0.0238284617462632,5966284670.805738,1.1087644856602004
2018-07-31,STK40,0.0168277028645959,9619826735.905922,0.3559164542894231
2018-07-31,STK41,0.0515859684836327,13913970119.238138,1.0660073725422643
2018-07-31,STK42,0.0105913167245666,7534850707.453035,0.4763514047863697
2018-07-31,STK43,0.0127565407695648,8718044169.068087,1.7278943287806476
2018-07-31,STK44,0.0591021193522088,5178269916.341204,0.3503271066310813
2018-07-31,STK45,0.0253769780282079,11820599953.225237,1.525218025579957
2018-07-31,STK46,0.032891899466759,12091210959.565483,0.381028518836495
2018-07-31,STK47,0.0078876098442683,8137049976.426256,1.424994493669091
2018-07-31,STK48,0.1618798075917232,24114111501.926777,0.4190027358180842
2018-07-31,STK49,0.0910545658304109,23065391585.24176,1.3010553612988405
2018-07-31,STK50,0.0348095389436288,7127414848.056142,0.261701926095679
2018-08-31,STK01,0.0577600287034973,233090904.7667773,1.5827318578596548
2018-08-31,STK02,0.0326592898876226,99438327.18553656,0.4286941489611772
2018-08-31,STK03,0.0312411133732719,103555652.2670721,1.2452341635918571
2018-08-31,STK04,0.0201355153071315,180501326.70179325,0.3641168503955796
2018-08-31,STK05,0.0714098973547935,140372385.3197253,1.2314813948969363
2018-08-31,STK06,0.0079176748768768,104945229.71611962,0.4590822847068624
2018-08-31,STK07,0.055347044897563,339946438.7614225,1.2298195469008069
2018-08-31,STK08,0.0710940552838619,183876081.64800704,0.4007090755425567
2018-08-31,STK09,-0.0075685711140889,151340940.98468268,1.1066234765631175
2018-08-31,STK10,0.0841697754856721,119445117.84040491,0.3462458182099681
2018-08-31,STK11,0.0548192218745582,458025528.1549193,1.7456318027576272
2018-08-31,STK12,0.0022518699123046,178013935.55669218,0.4040276263692793
2018-08-31,STK13,0.0510108703051722,205719538.82003385,1.6811714392128243
2018-08-31,STK14,0.029474932529056,145145823.3993838,0.3474616442038681
2018-08-31,STK15,-0.0265428394477206,117964097.35541835,1.0479651924498945
2018-08-31,STK16,0.0608972412393427,100564873.05395676,0.597425195420945
2018-08-31,STK17,-0.0017009921205929,97243787.48682629,1.5217012343412126
2018-08-31,STK18,0.0725003614721286,56654343.36277207,0.3912997876356848
2018-08-31,STK19,0.0406437750512611,117454970.66525003,1.0189276848868962
2018-08-31,STK20,0.0099555502559887,138166823.1226298,0.3359503765608103
2018-08-31,STK21,0.067066975570273,215169091.36380577,1.4899733380104967
2018-08-31,STK22,0.0437856060144639,166712343.8049258,0.4128859214215366
2018-08-31,STK23,0.0686007265817039,183858644.3884925,1.6220403910146857
2018-08-31,STK24,0.0131131260869281,104570867.43630125,0.3305130745592178
2018-08-31,STK25,0.0590792680973956,104526925.6322606,1.1948966261479397
2018-08-31,STK26,-0.0549867004821567,7002073099.285003,0.4452695873840474
2018-08-31,STK27,0.0064968113576407,15037388985.2587,1.565512770780584
2018-08-31,STK28,-0.0140758413391524,10095493473.044811,0.3603552160318682
2018-08-31,STK29,-0.0146242892069895,9936994179.037931,1.2626806738144791
2018-08-31,STK30,-0.0300919545790265,5712688283.845284,0.3606096739114401
2018-08-31,STK31,-0.0473661386377619,6560143865.982905,1.5005370261207516
2018-08-31,STK32,0.0247874924055827,4906788106.700287,0.3158304488150864
2018-08-31,STK33,0.0318111840719497,16428165733.882534,1.228666665043913
2018-08-31,STK34,0.0117527559382452,4177282136.575761,0.3825977444354488
2018-08-31,STK35,-0.0176049015737818,19040195237.799023,1.4210307031818556
2018-08-31,STK36,-0.033230342951953,5896706460.105394,0.5553412666479233
2018-08-31,STK37,0.0433933747639368,17239442859.612896,1.4970091364883809
2018-08-31,STK38,-0.0072774871110278,9778956295.511011,0.4987014433177808
2018-08-31,STK39,-0.010123898734222,5905882608.97896,1.23812137796063
2018-08-31,STK40,-0.0343574991617499,9289313546.890854,0.3091171633900253
2018-08-31,STK41,-0.0049520854341493,13845066950.479467,1.135173591106015
2018-08-31,STK42,0.0258390332244047,7729543965.223843,0.4502971778303236
2018-08-31,STK43,-0.0253627109959979,8496930934.357668,1.4344921522891796
2018-08-31,STK44,-0.031600665371956,5014633141.509239,0.3395689998786595
2018-08-31,STK45,-0.0482533013527366,11250216981.512114,1.7503870627788805
2018-08-31,STK46,-0.0412539852217121,11592400321.326963,0.4186262832303614
2018-08-31,STK47,0.0164686947247484,8271056568.448042,1.4150838270154191
2018-08-31,STK48,0.0467872278130828,25242343930.277504,0.3919020433271392
2018-08-31,STK49,0.0213104678775157,23556925871.701378,1.223814079890242
2018-08-31,STK50,0.0575058882878772,7537283170.089815,0.2871640450918275
2018-09-30,STK01,0.0341131577575415,241042371.5729345,1.1362568844086032
2018-09-30,STK02,0.117884941841445,111160608.60261412,0.414734054863019
2018-09-30,STK03,-0.0203414427106932,101449180.899113,1.4803547182473191
2018-09-30,STK04,0.15277227172886,208076924.43209937,0.3170754846110164
2018-09-30,STK05,-0.0070781596330444,139378807.16836107,1.4952472732557525
2018-09-30,STK06,0.0591081792957259,111148351.17041115,0.2500423352839305
2018-09-30,STK07,0.1198534894740632,380690205.68125993,0.9848314856289978
2018-09-30,STK08,0.1449316283268346,210525541.57161072,0.4004881138604211
2018-09-30,STK09,0.081563341198019,163684813.7914456,1.204447428564942
2018-09-30,STK10,0.0759215433819256,128513575.53628445,0.4067116958989492
2018-09-30,STK11,0.0105605769585729,462862541.9939904,1.6239520315007083
2018-09-30,STK12,0.1733176144920203,208866886.21371427,0.5341950189258798
2018-09-30,STK13,0.0393389065423021,213812320.53160065,1.6453089612776264
2018-09-30,STK14,0.0865853586547567,157713326.57565945,0.4107811140263825
2018-09-30,STK15,0.0697707868923937,126194545.25295684,1.3691085116007833
2018-09-30,STK16,0.179554171741209,118621715.5414198,0.4211923349909361
2018-09-30,STK17,-0.0285713816095343,94465398.1253837,1.4548934692897446
2018-09-30,STK18,0.1321664991876555,64142149.58880504,0.4171771219552967
2018-09-30,STK19,0.1039902519971561,129669142.66304795,1.264494519494749
2018-09-30,STK20,0.0977926308585957,151678520.253166,0.3674714864630189
2018-09-30,STK21,-0.0064168703637627,213788379.19823563,1.762242348269534
2018-09-30,STK22,0.0897011788970441,181666637.58091697,0.5407304130523735
2018-09-30,STK23,0.0427047334932902,191710278.79754063,1.8550115808743055
2018-09-30,STK24,0.0993969293413882,114964890.55803496,0.4728910555535957
2018-09-30,STK25,0.0396272164544331,108669036.7396066,1.4897892341982166
2018-09-30,STK26,0.1031468602973319,7724314955.048659,0.4739879519499095
2018-09-30,STK27,-0.0032238490389421,14988910713.230375,1.6995542751740893
2018-09-30,STK28,-0.0022694991058886,10072581759.634232,0.2764580497466814
2018-09-30,STK29,-0.0068366114164158,9869058811.188662,1.0181994547200033
2018-09-30,STK30,0.1052386496785447,6313883884.871604,0.3491319886260494
2018-09-30,STK31,0.0120725430906836,6639341485.486068,1.1719046242801514
2018-09-30,STK32,0.0345242529625811,5076191300.529792,0.393937788795298
2018-09-30,STK33,0.1143990514260683,18307532310.508938,1.1495532216427706
2018-09-30,STK34,0.1050700190508965,4616189250.246745,0.4197394862036026
2018-09-30,STK35,0.0613672981478205,20208640575.749752,1.47805291820602
2018-09-30,STK36,0.0351513244597253,6103983502.128318,0.3672384663899004
2018-09-30,STK37,0.0374338652098742,17884781839.912975,1.482917494760345
2018-09-30,STK38,0.1099139259712728,10853799773.85212,0.4775887884202047
2018-09-30,STK39,0.0137068283377686,5986833528.083247,1.156942469834474
2018-09-30,STK40,0.039453583414305,9655810253.774746,0.2687551419316848
2018-09-30,STK41,0.025960639955722,14204493748.74373,1.351115473485362
2018-09-30,STK42,0.0668994283833517,8246646038.161304,0.3968686226626298
2018-09-30,STK43,-0.023527668473873,8297017960.288705,1.5390198416822831
2018-09-30,STK44,0.0966624339594587,5499359786.381288,0.370306428253293
2018-09-30,STK45,-0.0095455064250646,11142827963.03172,1.517368611977402
2018-09-30,STK46,0.0640082746187956,12334409864.585476,0.5994455911287688
2018-09-30,STK47,0.09548623670705,9060828633.760271,1.4711083142047472
2018-09-30,STK48,0.0764800260459044,27172879051.524803,0.3615398781129422
2018-09-30,STK49,0.0312609177253293,24293336993.23832,1.589404751556622
2018-09-30,STK50,0.1019239088659286,8305512533.014747,0.2720362969725441
2018-10-31,STK01,0.0857506530649219,261711912.3516312,1.446551034115725
2018-10-31,STK02,0.0277180716157103,114241766.31270732,0.4336413631085503
2018-10-31,STK03,0.0241232400941718,103896463.84729937,1.211514453593169
2018-10-31,STK04,0.0443030296717388,217295362.58921883,0.3483463870346474
2018-10-31,STK05,0.005642144967748,140165202.60383677,1.6458589674135584
2018-10-31,STK06,0.0157927116438422,112903685.03013398,0.4039496062111927
2018-10-31,STK07,0.0301146102861564,392154542.86510783,1.3676799803574808
2018-10-31,STK08,0.0788519901000534,227125899.49142376,0.5356728947855178
2018-10-31,STK09,-0.0322232451706593,158410357.90593016,1.081356580738831
2018-10-31,STK10,-0.0131328703888533,126825823.4055583,0.2707186302202398
2018-10-31,STK11,0.0052149733263429,465276357.8042523,1.7496685868741253
2018-10-31,STK12,0.040332479419502,217291005.6033444,0.3967905271200941
2018-10-31,STK13,0.0387311604522849,222093519.82478544,1.5594339823064989
2018-10-31,STK14,0.0454606189915322,164883072.0250026,0.3762124812368987
2018-10-31,STK15,0.0180805032829004,128476206.14268704,1.4994545955376168
2018-10-31,STK16,0.0655723998915486,126400026.10872331,0.5042437897070928
2018-10-31,STK17,-0.0179557974312782,92769196.57237928,1.1363428168297276
2018-10-31,STK18,0.0302082760816114,66079773.35205167,0.4451002570655892
2018-10-31,STK19,0.020069551609074,132271544.21382838,1.1075121689299303
2018-10-31,STK20,0.0995290656276092,166774941.64974198,0.2990231456571172
2018-10-31,STK21,0.0252183019811705,219179759.10492173,1.7120901469837235
2018-10-31,STK22,0.0632161411185022,193150901.378756,0.4621935698904972
2018-10-31,STK23,0.0360238095657632,198616413.37274265,1.938660667928579
2018-10-31,STK24,0.0143157207778307,116610695.83051766,0.2785649461271222
2018-10-31,STK25,-0.0111560400812711,107456720.61014643,1.3786005541183954
2018-10-31,STK26,0.0520260285964524,8126180385.788026,0.4572105119904571
2018-10-31,STK27,0.0950564902749651,16413703958.67488,1.194926395137309
2018-10-31,STK28,0.0566701940774212,10643396922.813396,0.2233269071600535
2018-10-31,STK29,0.0502127669607522,10364611561.396835,1.112024444916869
2018-10-31,STK30,0.0586457618708399,6684166415.663919,0.4757042030627286
2018-10-31,STK31,0.0177401048285736,6757124099.431289,1.3985919365907964
2018-10-31,STK32,0.0171752622826374,5163376217.513234,0.3727008248685141
2018-10-31,STK33,0.0913532803385363,19979985441.977676,1.1585512515598522
2018-10-31,STK34,0.0366865607640357,4785541357.674212,0.3608857011220971
2018-10-31,STK35,0.0806799411106115,21839072507.32676,1.1175171581154553
2018-10-31,STK36,-0.02893743500136,5927349876.286106,0.3898983009846037
2018-10-31,STK37,0.0347371775298779,18506048681.76917,1.1403063286039927
2018-10-31,STK38,0.0963670100859184,11899748006.129469,0.4396007790131856
2018-10-31,STK39,0.0778187630980414,6452721508.112569,1.7082365973767766
2018-10-31,STK40,0.0453888447359063,10094076326.1827,0.3233431718812474
2018-10-31,STK41,0.0426051962306135,14809678992.26548,1.4076098873185607
2018-10-31,STK42,0.0200493776191474,8411986158.671847,0.4024497179463015
2018-10-31,STK43,0.0858791881118515,9009559126.467749,1.356068403141132
2018-10-31,STK44,0.0376653518938066,5706495107.925988,0.3762659701715671
2018-10-31,STK45,0.0634495112314018,11849834951.02168,1.344929860884228
2018-10-31,STK46,0.1435052764742345,14104462762.349342,0.6456912298751283
2018-10-31,STK47,0.0559179848027943,9567491911.603603,1.1648628464572643
2018-10-31,STK48,0.0419397385812022,28312502495.444378,0.5332322936136281
2018-10-31,STK49,0.1068933485756074,26890133132.52124,1.2523770662555378
2018-10-31,STK50,0.0481126653166284,8705112877.798748,0.3593190972528417
2018-11-30,STK01,0.0032487113600572,262562138.81435025,1.3836972889136243
2018-11-30,STK02,-0.0132474348891737,112728355.95185553,0.368089272468222
2018-11-30,STK03,-0.0314802204087779,100625780.26569374,1.4673065044816778
2018-11-30,STK04,-0.0193555398949637,213089493.5296326,0.3123747780713442
2018-11-30,STK05,-0.0594971535456672,131825772.0227567,1.0186941242657956
2018-11-30,STK06,-0.0363504597647216,108799584.1701573,0.4430815014526346
2018-11-30,STK07,0.0051282486402166,394165608.8663106,1.2371450380728224
2018-11-30,STK08,-0.0342816533666213,219339648.13447663,0.4022572926558324
2018-11-30,STK09,-0.0226050859825694,154829478.14493698,1.2651337988209428
2018-11-30,STK10,-0.0586305639305913,119389953.85832882,0.2937776121475657
2018-11-30,STK11,-0.1164489491622146,411095414.8679246,1.391229189481417
2018-11-30,STK12,-0.0151310838210256,214003157.1840053,0.4248940781915068
2018-11-30,STK13,0.0595860769740807,235327201.39250964,1.5134631459481882
2018-11-30,STK14,0.025100095505029,169021652.87999275,0.2502168091964627
2018-11-30,STK15,-0.0611704491840647,120617258.90347438,1.3893816255710063
2018-11-30,STK16,-0.0996860402227337,113799708.02189451,0.5051458731717037
2018-11-30,STK17,-0.0439393913348999,88692974.54036124,1.326375271165302
2018-11-30,STK18,0.0525553214828791,69552617.08408453,0.4904613140235048
2018-11-30,STK19,-0.0766428272498556,122133879.1005763,1.4606830941915692
2018-11-30,STK20,-0.0142969743570395,164390564.58557886,0.3264647140122971
2018-11-30,STK21,-0.0531462572681836,207531175.23955303,1.9668233122054928
2018-11-30,STK22,-0.0349871371686312,186393104.2979727,0.3877021345144221
2018-11-30,STK23,-0.0227996886773272,194088020.9816368,1.531283654776333
2018-11-30,STK24,-0.0186864094972163,114431660.61647329,0.2599753788685496
2018-11-30,STK25,-0.0538140248116578,101674041.98105264,1.3680945844012855
2018-11-30,STK26,-0.0601078511708042,7637733144.571972,0.4800810180871137
2018-11-30,STK27,-0.045765375896133,15662524627.158276,1.6093425996902064
2018-11-30,STK28,-0.0699850295124297,9898518475.057798,0.3189806015677141
2018-11-30,STK29,-0.1062253788392385,9263626771.765907,2.089028714943124
2018-11-30,STK30,-0.0565490308162086,6306183283.043874,0.4951413224084416
2018-11-30,STK31,-0.1003396879409304,6079116375.916212,1.6787093681225211
2018-11-30,STK32,-0.0452612501891653,4929675354.711582,0.4047988608297202
2018-11-30,STK33,-0.0485581445778072,19009794420.22364,1.0989334462977611
2018-11-30,STK34,-0.1070798440434908,4273106335.430782,0.3810625900446802
2018-11-30,STK35,0.0200505766482433,22276958504.56145,1.4273751179598462
2018-11-30,STK36,-0.0413012021727918,5682543200.69674,0.4348047949634661
2018-11-30,STK37,-0.0544033085384698,17499258405.506935,1.5053893140466337
2018-11-30,STK38,-0.0772397536130898,10980614402.07817,0.5420906524520356
2018-11-30,STK39,-0.0608283137614752,6060213339.601678,1.5621027118928017
2018-11-30,STK40,-0.0796894188503456,9289685249.91817,0.2687001603641887
2018-11-30,STK41,-0.00112529953594,14793013667.36806,1.2950567468707062
2018-11-30,STK42,-0.035206377247286,8115830600.570698,0.4766472170552073
2018-11-30,STK43,-0.1083898825463361,8033014070.955638,1.2010261433048148
2018-11-30,STK44,-0.0921616328532444,5180575200.910478,0.3055386185116456
2018-11-30,STK45,-0.0830793406663418,10865358476.285824,1.4639594466887706
2018-11-30,STK46,-0.1090081046238941,12566962009.887344,0.4017672366521088
2018-11-30,STK47,-0.0412919028286381,9172431965.275888,1.4711712684144045
2018-11-30,STK48,-0.0787901157369423,26081757147.02585,0.5314461575639864
2018-11-30,STK49,-0.0082175611802275,26669161818.360287,1.3425693527984333
2018-11-30,STK50,-0.0341922712896983,8407465296.673606,0.3099863342058875
2018-12-31,STK01,-0.0642138001143107,245702026.1149397,1.526326447437754
2018-12-31,STK02,0.0345233864423215,116620120.547389,0.5176186118045406
2018-12-31,STK03,0.013544286597162,101988684.67267536,1.691206694798873
2018-12-31,STK04,-0.0470075965541173,203072668.5878704,0.3808403578584815
2018-12-31,STK05,-0.0712794735856189,122429300.3879568,1.689520537675518
2018-12-31,STK06,-0.0602550265256134,102243862.34000877,0.4537355515966488
2018-12-31,STK07,-0.0176756755221932,387198465.461982,1.383589940544503
2018-12-31,STK08,-0.0449615261714473,209477802.8044424,0.4791731747177746
2018-12-31,STK09,-0.0300919319528856,150170360.02429873,1.5878567799242511
2018-12-31,STK10,-0.0088236198911441,118336502.2866617,0.3912918727773231
2018-12-31,STK11,-0.029323829593284,399040522.9757571,1.923116127577428
2018-12-31,STK12,-0.0030265694971226,213355461.7561842,0.5258523887702207
2018-12-31,STK13,0.0117163510046166,238084377.4849584,1.1416879860285234
2018-12-31,STK14,-0.0041561605710032,168319171.75064713,0.3277215681377694
2018-12-31,STK15,-0.0389858706477479,115914890.0499776,1.1743487235271015
2018-12-31,STK16,-0.081053759005363,104575813.9130072,0.3723316870029542
2018-12-31,STK17,-0.0647736167571782,82948009.79842973,1.4485032446991268
2018-12-31,STK18,-0.0176988107203918,68321618.47920541,0.4092036081187781
2018-12-31,STK19,-0.0576114329669078,115097571.31178504,1.12033085886798
2018-12-31,STK20,-0.0284093619337993,159720333.53776553,0.4185849708791948
2018-12-31,STK21,-0.0661456877789098,193803882.91776732,1.3785538850669967
2018-12-31,STK22,-0.0063996951498165,185200245.2524377,0.4279811704111236
2018-12-31,STK23,-0.0529114964103184,183818533.3561811,2.031382699678389
2018-12-31,STK24,0.049197385802456,120061399.17183764,0.3107944058517783
2018-12-31,STK25,-0.0461431088234054,96982485.59740543,1.1641989510397324
2018-12-31,STK26,-0.0682497494589131,7116459771.020898,0.5658003444167523
2018-12-31,STK27,-0.0412398554276391,15016604375.902431,1.3200018080577989
2018-12-31,STK28,-0.1313838748106372,8598012762.920025,0.3250871027778391
2018-12-31,STK29,-0.0883985987705828,8444735145.608143,1.0409908607757874
2018-12-31,STK30,-0.0789450408300446,5808341386.282229,0.4302446085076626
2018-12-31,STK31,0.0133168164419024,6160070852.823252,1.1961886619728024
2018-12-31,STK32,-0.1117932500802087,4378570924.968068,0.4324228952856532
2018-12-31,STK33,-0.0648754181624096,17776526058.030186,1.0227740091073876
2018-12-31,STK34,-0.1267924138008632,3731308868.733752,0.4393856742062582
2018-12-31,STK35,-0.0964876067184836,20127508093.48935,1.0375790398559066
2018-12-31,STK36,-0.0869295091989088,5188562509.258576,0.4737718929238538
2018-12-31,STK37,-0.105446776148733,15654018021.65261,1.3670122138243477
2018-12-31,STK38,-0.0162914205056659,10801724595.443342,0.432298539306368
2018-12-31,STK39,-0.0933265587985909,5494634483.031337,1.3352820340240852
2018-12-31,STK40,-0.0243830690521472,9063174212.996702,0.2772348499834282
2018-12-31,STK41,-0.0825377490371019,13572031617.788418,1.249713242859214
2018-12-31,STK42,-0.1029766124749501,7280089857.903387,0.4488095628682465
2018-12-31,STK43,-0.127256306708837,7010762368.545704,1.094747038650528
2018-12-31,STK44,-0.1081248434398732,4620426318.383543,0.4734495825675874
2018-12-31,STK45,-0.1193831164394134,9568218120.155424,1.9101843682246369
2018-12-31,STK46,-0.0676598163839954,11716683667.79372,0.3679156514593622
2018-12-31,STK47,-0.100881101198399,8247106927.95146,1.3354045594459218
2018-12-31,STK48,-0.0525196862451315,24711951444.94233,0.4827639545044108
2018-12-31,STK49,-0.0727240403972013,24729672616.92235,1.7195446000655088
2018-12-31,STK50,-0.0347181764881275,8115573432.685884,0.3097953929156453
2019-01-31,STK01,0.1462746907250724,281642013.9954261,1.5752181961894116
2019-01-31,STK02,0.0237432784362078,119389064.5408098,0.5670467623027963
2019-01-31,STK03,0.0292175352087143,104968542.6579897,1.2462724183220892
2019-01-31,STK04,0.0445637316631896,212122344.4989481,0.3361007584223421
2019-01-31,STK05,0.079709141814503,132188034.85483085,1.3370918987543885
2019-01-31,STK06,-0.0064527982857229,101584103.32037549,0.3548198626588565
2019-01-31,STK07,0.1351647457460592,439534047.5994151,0.992524560968848
2019-01-31,STK08,0.0053466832169722,210597814.2570251,0.4237168763514981
2019-01-31,STK09,0.0949000062661439,164421528.1315938,1.45702278880296
2019-01-31,STK10,0.037893560737606,122820693.72353718,0.398111704907201
2019-01-31,STK11,0.0903827863962514,435106917.3273234,1.8057210180670125
2019-01-31,STK12,0.0850378180890506,231498744.701312,0.4531448292248896
2019-01-31,STK13,0.0928549577713121,260191692.3023333,1.3428643439111114
2019-01-31,STK14,0.0330309812146185,173878919.1508029,0.41573449391085
2019-01-31,STK15,0.1104802762307195,128721199.1219526,1.505112199670862
2019-01-31,STK16,0.0156306738735602,106210404.35534357,0.4164506803724405
2019-01-31,STK17,0.0703711106877857,88785153.37728655,1.5282246040739684
2019-01-31,STK18,0.0093694856439293,68961756.90271634,0.3949714776964713
2019-01-31,STK19,0.0843988593217616,124811675.0412048,1.1915450267626844
2019-01-31,STK20,0.029089010866759,164366440.05568796,0.325350357034253
2019-01-31,STK21,0.1776624947477114,228235564.2487313,1.5966991981887528
2019-01-31,STK22,0.0187647204410828,188675476.0802197,0.4742650517633268
2019-01-31,STK23,0.082611387180018,199004037.3861316,1.4119477971963
2019-01-31,STK24,0.0035014324114032,120481786.04625627,0.3358849430734223
2019-01-31,STK25,0.1721973227953457,113682609.9753168,1.3622166244546523
2019-01-31,STK26,-0.009492266253134,7048908440.09465,0.4052982279698996
2019-01-31,STK27,0.1343474745001344,17034047249.37259,1.3963717228272854
2019-01-31,STK28,0.0208274351761999,8777087316.38388,0.2243526677538957
2019-01-31,STK29,0.0600397222252871,8951754698.016575,1.1013119700801357
2019-01-31,STK30,0.0883796270279551,6321680431.652888,0.4772305157206179
2019-01-31,STK31,0.0446885592793774,6435355544.294809,1.410737576031866
2019-01-31,STK32,0.1066302117792391,4845458869.987833,0.4942828954140359
2019-01-31,STK33,0.1059663096753859,19660238923.24798,1.253570057643028
2019-01-31,STK34,0.0044106622201683,3747766411.7928553,0.3661948840175375
2019-01-31,STK35,0.129221386947696,22728412605.131023,1.2208261963345322
2019-01-31,STK36,0.1037848429914229,5727056654.633161,0.3664368035816177
2019-01-31,STK37,0.1211900969892787,17551129983.96861,1.4965856386291725
2019-01-31,STK38,0.0622049060320612,11473644858.8871,0.3399678482531066
2019-01-31,STK39,0.1681301045814681,6418447953.300336,1.6030506305915322
2019-01-31,STK40,0.0468975660753203,9488215024.502851,0.302033671909677
2019-01-31,STK41,0.1625503196119467,15778169695.04337,1.0494567196874731
2019-01-31,STK42,0.0491560876010488,7637950592.701994,0.4299665428352485
2019-01-31,STK43,0.0565676073887296,7407344421.7052765,1.4524994835170872
2019-01-31,STK44,0.0281494636198083,4750488840.940886,0.3688056249570214
2019-01-31,STK45,0.0616571780887519,10158167448.781872,1.4946357859381414
2019-01-31,STK46,-0.015491757931349,11535171640.65407,0.5001030641823933
2019-01-31,STK47,0.1186106079421885,9225301294.440018,1.33254726906654
2019-01-31,STK48,0.0176218996857438,25147422974.344074,0.4408237416478941
2019-01-31,STK49,0.1797763366400592,29175482566.300644,1.7535785676314306
2019-01-31,STK50,0.0329997097060725,8383385000.062835,0.2830256737236197
2019-02-28,STK01,-0.0496074195819277,267670480.43525583,1.2381801566332549
2019-02-28,STK02,-0.0549916638753028,112823661.23319475,0.6797088000413776
2019-02-28,STK03,-0.0893190773387034,95592849.27818972,1.5844205878341655
2019-02-28,STK04,-0.0967386471078863,191601915.87076688,0.3185052716746352
2019-02-28,STK05,-0.0110301141802363,130729985.737121,1.1706080213784038
2019-02-28,STK06,-0.0389686226792936,97625510.72786936,0.3887047149614052
2019-02-28,STK07,-0.0274135006986794,427484880.6784551,1.2642374731442667
2019-02-28,STK08,-0.044038457770577,201323411.30729127,0.4768600929052974
2019-02-28,STK09,0.0068300256986699,165544531.3941472,1.1106954676947258
2019-02-28,STK10,-0.0075488386831244,121893540.11966877,0.2796808400843748
2019-02-28,STK11,0.0052320655682831,437383425.2479935,1.3235057860277524
2019-02-28,STK12,0.068941467106725,247458607.7943856,0.3847820102555654
2019-02-28,STK13,0.0653924060457531,277206253.09509915,1.6146534853485823
2019-02-28,STK14,0.0405090255352068,180922584.726717,0.2776070865888117
2019-02-28,STK15,-0.0059289581443159,127958016.5200724,1.31361894562039
2019-02-28,STK16,0.0386826630513628,110318905.6395703,0.3608848637903739
2019-02-28,STK17,-0.0573084920660114,83697010.11938472,1.6940311807005133
2019-02-28,STK18,-0.0317729866545328,66770635.92097318,0.3036128055374574
2019-02-28,STK19,-0.0540692344760768,118063203.31805,1.2916497179950932
2019-02-28,STK20,-0.0171042586512273,161555073.95139402,0.3459717999248567
2019-02-28,STK21,-0.0090164466726501,226177690.4548804,1.291255292256592
2019-02-28,STK22,0.0043911210765166,189503972.93985736,0.5186260608175062
2019-02-28,STK23,0.0004785930998982,199099279.34527653,1.234173140496441
2019-02-28,STK24,-0.0026608261089912,120161204.96428652,0.3412453328293751
2019-02-28,STK25,0.0021113542846205,113922634.24097504,1.3405240977528567
2019-02-28,STK26,0.014093503857779,7148252258.388254,0.5799386781455554
2019-02-28,STK27,-0.0965754304922869,15388976803.238476,1.4402640172093857
2019-02-28,STK28,0.0090616566998944,8856622268.469948,0.3271789052900754
2019-02-28,STK29,0.0191506439481289,9123186564.949282,1.3541249015137866
2019-02-28,STK30,0.0038639093631462,6346106831.86357,0.4821915254454844
2019-02-28,STK31,-0.0318288629594246,6230525494.580276,1.3593972692496838
2019-02-28,STK32,-0.0401856001696132,4650741197.200196,0.3773258366742503
2019-02-28,STK33,0.0034467526598657,19728002904.05028,1.2898166229348282
2019-02-28,STK34,-0.034410332289124,3618804524.2210455,0.3399106100263633
2019-02-28,STK35,-0.0483854991610074,21628687016.094425,1.5288406640224277
2019-02-28,STK36,0.0028535175161599,5743398911.113197,0.4033813222799155
2019-02-28,STK37,-0.0408710116661323,16833797545.64002,1.5816139835723793
2019-02-28,STK38,-0.0175597791306143,11272170189.341934,0.4623980067962274
2019-02-28,STK39,0.0025135990279639,6434581357.836788,1.0018897071066686
2019-02-28,STK40,-0.0321433293276851,9183232204.238367,0.2999606221881258
2019-02-28,STK41,-0.014641982913458,15547146003.962902,1.1287195693478242
2019-02-28,STK42,0.0351351338125267,7906311008.830047,0.4229526409318687
2019-02-28,STK43,-0.0567755518400583,6986788354.493582,1.4349584922669112
2019-02-28,STK44,-0.0172061819413931,4668751065.633099,0.405906326303402
2019-02-28,STK45,-0.0118788252321495,10037500352.978882,1.4456565070514418
2019-02-28,STK46,-0.062815157603264,10810588016.06568,0.5334318770351966
2019-02-28,STK47,0.0057238036588043,9278105107.742704,1.18859889484506
2019-02-28,STK48,-0.0132386258834507,24814505649.65384,0.4676559900569552
2019-02-28,STK49,-0.0097600796126109,28890727533.717205,1.4050860823362583
2019-02-28,STK50,-0.0387957381064459,8058145391.154889,0.3074762568882228
2019-03-31,STK01,-0.1828564019802697,218725219.46653476,1.4201862136399532
2019-03-31,STK02,-0.1337911572672953,97728853.02967234,0.4422109437465139
2019-03-31,STK03,-0.1322610137200587,82949642.12826757,1.5782883571272153
2019-03-31,STK04,-0.1373932346527309,165277108.88362178,0.2789123817932512
2019-03-31,STK05,-0.0918926591653017,118716859.71509495,2.080151469597761
2019-03-31,STK06,-0.0980248441104346,88055785.2575684,0.4493407568442273
2019-03-31,STK07,-0.1284086952697082,372592104.90300775,1.326476103750307
2019-03-31,STK08,-0.0919388820695431,182813961.93727207,0.46406936818037
2019-03-31,STK09,-0.1439748152824376,141710288.06565714,1.3496440309606546
2019-03-31,STK10,-0.1126176674944876,108166173.9487459,0.390236373739541
2019-03-31,STK11,-0.0786459952839715,402984970.4486525,1.4496343638181248
2019-03-31,STK12,-0.112058114759675,219728862.72389296,0.3589396276144703
2019-03-31,STK13,-0.1500065511699495,235623499.10555917,1.2424225784407137
2019-03-31,STK14,-0.1435648860014784,154948454.47533303,0.3399777361839957
2019-03-31,STK15,-0.0955673638394872,115729406.19911952,1.4473892807607018
2019-03-31,STK16,-0.078848157435527,101620463.1995864,0.4223780149525952
2019-03-31,STK17,-0.177048440930949,68878584.9671658,1.2325384795039749
2019-03-31,STK18,-0.0343462645314802,64477313.99669628,0.353956948953246
2019-03-31,STK19,-0.1579807273600896,99411492.58340232,1.5511855943225203
2019-03-31,STK20,-0.1651372862452443,134876307.45991105,0.4905375716873129
2019-03-31,STK21,-0.0832167544309308,207355917.13054147,1.656786935679188
2019-03-31,STK22,-0.1574527409264943,159666052.9840166,0.3864360178313137
2019-03-31,STK23,-0.18013041815491,163235442.90247062,1.2139362986477706
2019-03-31,STK24,-0.0905845286518493,109276458.85035838,0.314171931984162
2019-03-31,STK25,-0.121444773170912,100087325.76654704,1.5891970503372972
2019-03-31,STK26,-0.0325098478228537,6915863665.2686825,0.5303309519337004
2019-03-31,STK27,-0.0624589538684733,14427797411.001995,1.2814596277229715
2019-03-31,STK28,0.0215428991524131,9047419588.830612,0.2958762927445503
2019-03-31,STK29,-0.0888695671550703,8312412923.847287,1.106763545676057
2019-03-31,STK30,-0.0430592833813159,6072848019.422252,0.5679899570616064
2019-03-31,STK31,-0.0404879107643928,5978264534.340435,1.6652896962064732
2019-03-31,STK32,-0.0246560162207585,4536072446.803478,0.3934429406145816
2019-03-31,STK33,-0.0838485974497779,18073837530.06052,1.147240716272093
2019-03-31,STK34,-0.0551681503675983,3419161772.077873,0.3239269272085739
2019-03-31,STK35,0.025007034664042,22169556342.043617,1.2331996841376651
2019-03-31,STK36,-0.0167468330824629,5647215168.222785,0.4018637327903712
2019-03-31,STK37,-0.0908103748252697,15305114080.787745,1.405800786471344
2019-03-31,STK38,-0.0427482151591988,10790305032.776838,0.5606651391707831
2019-03-31,STK39,-0.1057761390854955,5753956185.173307,1.1845096305611758
2019-03-31,STK40,-0.0203880442856764,8996004059.372707,0.2350002652760681
2019-03-31,STK41,-0.1109481169909158,13822219430.240376,1.1861040494814996
2019-03-31,STK42,-0.0052275479605436,7864980388.840412,0.4624652706343573
2019-03-31,STK43,-0.0599648197974834,6567826849.853218,1.124161325492106
2019-03-31,STK44,-0.0557396687345122,4408516427.830809,0.2730500753032952
2019-03-31,STK45,-0.0633142865952987,9401983178.929966,1.929719804326868
2019-03-31,STK46,-0.0446886506632869,10327477424.751007,0.4834365385375687
2019-03-31,STK47,-0.046480442879187,8846854673.255175,1.5317224141085932
2019-03-31,STK48,-0.0381260424169878,23868426754.69855,0.4186873453433268
2019-03-31,STK49,-0.0648535784789114,27017060468.296432,1.153959163007867
2019-03-31,STK50,-0.0106172899402077,7972589725.156648,0.3185514332856811
2019-04-30,STK01,0.0045081584559346,219711267.41419896,1.6271930188413937
2019-04-30,STK02,0.0048134170959844,98199262.76161632,0.3249971789973699
2019-04-30,STK03,-0.0071460793914586,82356877.40012589,1.229956899408028
2019-04-30,STK04,-0.0536469174834701,156410501.46143562,0.4605430799565964
2019-04-30,STK05,0.0003535597041372,118758833.21289197,1.2965279056569403
2019-04-30,STK06,-0.0313162387535872,85298209.26280779,0.3649896789124462
2019-04-30,STK07,-0.0431691720898788,356507612.20711964,1.3072612884846586
2019-04-30,STK08,-0.0632950195064829,171242748.650395,0.4536065731264562
2019-04-30,STK09,-0.0470562446392777,135041934.08253708,1.752219551657744
2019-04-30,STK10,0.0205616554300059,110390249.54666214,0.3461754160899261
2019-04-30,STK11,-0.0822559922536302,369837041.8410987,1.6569806960462026
2019-04-30,STK12,-0.0587725635100416,206814834.18446377,0.4416531350402146
2019-04-30,STK13,-0.011985298228264,232799481.1991919,1.4505476715877232
2019-04-30,STK14,-0.0546433484671815,146481552.08298618,0.3369557875869717
2019-04-30,STK15,-0.048258521513917,110144476.16026647,1.591660535625413
2019-04-30,STK16,-0.0274074151301074,98835308.97896153,0.4983896361454877
2019-04-30,STK17,-0.0068971177614787,68403521.25540322,1.2442925802796303
2019-04-30,STK18,-0.0144372194707353,63546440.86364246,0.5215558182368457
2019-04-30,STK19,-0.0325792925751514,96172736.48119517,1.7879007176707171
2019-04-30,STK20,-0.0499424706860879,128140251.42834663,0.4598198191800736
2019-04-30,STK21,-0.0181988027361544,203582287.69850835,1.6439676867037012
2019-04-30,STK22,-0.0408295487465256,153146960.09054035,0.390139428690078
2019-04-30,STK23,-0.010563929834753,161511035.13710406,1.8895788148114812
2019-04-30,STK24,-0.0608254210609391,102629672.22873694,0.2797158967387855
2019-04-30,STK25,0.002438200877755,100331358.7720832,1.590289536890322
2019-04-30,STK26,-0.036478454827414,6663583644.962624,0.4334835497361285
2019-04-30,STK27,-0.0413061371791688,13831840831.949892,1.1729454296954165
2019-04-30,STK28,-0.0639574496969194,8468769705.591055,0.32551563346497
2019-04-30,STK29,-0.0738333656856991,7698679500.710339,1.560749523339204
2019-04-30,STK30,0.043627113709333,6337788850.505084,0.4005597905131985
2019-04-30,STK31,0.0518773849685492,6288401265.032238,1.6243105448352089
2019-04-30,STK32,-0.0776126764085622,4184015723.823925,0.3231748965045943
2019-04-30,STK33,-0.0103243017260135,17887237778.053226,1.1873608303730132
2019-04-30,STK34,-0.0843593571394373,3130723483.0296445,0.2975056479340895
2019-04-30,STK35,0.035644048292299,22959769078.918262,1.2646719431718108
2019-04-30,STK36,-0.095845640646874,5105954212.553728,0.4483267765249531
2019-04-30,STK37,0.009576601370997,15451685057.27708,1.1860651583915278
2019-04-30,STK38,-0.0391091986732007,10368304849.505531,0.4646580239744522
2019-04-30,STK39,-0.0165599096513364,5658671190.60909,1.3985503561649948
2019-04-30,STK40,-0.0644506881109093,8416205407.497602,0.3823828902664533
2019-04-30,STK41,0.0159873944357161,14043200704.248646,1.0326492873104445
2019-04-30,STK42,-0.0249201047198058,7668984253.931291,0.5287241386824584
2019-04-30,STK43,-0.0649682400428073,6141126698.51236,1.5638682022548205
2019-04-30,STK44,-0.0855792970442382,4031238690.929072,0.4482709016243071
2019-04-30,STK45,0.0153836083651765,9546619606.0106,1.4092293183696518
2019-04-30,STK46,-0.0020361865918004,10306448753.691608,0.3850090992246989
2019-04-30,STK47,-0.0533781226046496,8374626179.840643,1.4407018400668572
2019-04-30,STK48,-0.015028763630801,23509713810.763096,0.4698362599461909
2019-04-30,STK49,-0.0060711987921313,26853034523.41437,1.2105141855318984
2019-04-30,STK50,-0.0885378214241779,7266713999.782492,0.3741617953144086
2019-05-31,STK01,0.0847491496717102,238331610.5008461,1.358306942354543
2019-05-31,STK02,0.0688311025058064,104958426.28275576,0.384143854594951
2019-05-31,STK03,0.1068104367278515,91153451.44277546,0.9843873175710948
2019-05-31,STK04,0.0286136027441804,160885969.41527116,0.3736841765233232
2019-05-31,STK05,0.0548318650914549,125270601.53403984,1.4802341478251184
2019-05-31,STK06,0.0739860243079256,91609084.6467484,0.3814753903847572
2019-05-31,STK07,0.1647314852572532,415235640.67151535,1.109892501688052
2019-05-31,STK08,0.1377293143929552,194827895.01677907,0.4267153580745402
2019-05-31,STK09,0.072543115508826,144838296.70522186,1.7199675539823187
2019-05-31,STK10,0.1313416400183231,124889085.96415268,0.377576150236766
2019-05-31,STK11,0.1085758445919428,409992411.0203817,1.4082153500488337
2019-05-31,STK12,0.0884718581503406,225112126.85781783,0.4894488912486871
2019-05-31,STK13,0.0231568382283967,238190381.1249763,1.450324638188064
2019-05-31,STK14,0.0571012230563288,154845827.86211404,0.375481072835481
2019-05-31,STK15,0.0541157333543224,116105025.26260698,1.5254146650477534
2019-05-31,STK16,0.0972139137685199,108443476.1833273,0.6131390786548484
2019-05-31,STK17,0.0133025371743805,69313461.63976176,1.500071092637283
2019-05-31,STK18,-0.0083236363010356,63017503.40166824,0.3172522266287698
2019-05-31,STK19,0.0815262272236664,104013336.84828284,1.316711165578082
2019-05-31,STK20,0.0690307564750492,136985869.91934842,0.3128322363110997
2019-05-31,STK21,0.1846357487769062,241170855.825438,1.4885951182246038
2019-05-31,STK22,0.0576621602096533,161977744.63890246,0.4483928101409998
2019-05-31,STK23,0.083344896980703,174972155.72185275,1.761399556166661
2019-05-31,STK24,0.0636092581080139,109157869.53907555,0.4281514756802919
2019-05-31,STK25,0.0984515829025236,110209139.85795578,1.7645203901738031
2019-05-31,STK26,0.0099234867719483,6729709629.117182,0.4236898413447276
2019-05-31,STK27,0.0983684642458115,15192457772.281313,1.3652711666464483
2019-05-31,STK28,0.0085110253752277,8540847619.452299,0.3148606049472133
2019-05-31,STK29,0.1093525508706449,8540549742.448558,1.371546378914531
2019-05-31,STK30,0.1321296511094611,7175198680.127753,0.4797349172729376
2019-05-31,STK31,0.0976091612706236,6902206838.245163,1.4150027431417236
2019-05-31,STK32,0.0792780801029957,4515716457.529431,0.3752879740595523
2019-05-31,STK33,0.1056753850823397,19777478518.308376,1.1642777709469443
2019-05-31,STK34,0.0939638107850275,3424898192.0092845,0.328531938135063
2019-05-31,STK35,0.1147031673069775,25593327312.907,1.364693522140106
2019-05-31,STK36,0.0575486549925242,5399795009.939608,0.4445581031886403
2019-05-31,STK37,0.0974469169270082,16957404127.435856,1.577517830026537
2019-05-31,STK38,0.1183746046492422,11595648836.948568,0.5015234815221574
2019-05-31,STK39,0.1445923449756585,6476871727.505461,1.2487157690462942
2019-05-31,STK40,0.1350236861348672,9552592484.886131,0.3541385884201644
2019-05-31,STK41,0.0204672599908856,14330626544.16669,0.9323753164812998
2019-05-31,STK42,0.0441326506329739,8007436856.719818,0.3655563932340215
2019-05-31,STK43,0.0701302895100596,6571805691.7969885,1.567909734433568
2019-05-31,STK44,0.0753619355771948,4335040641.451163,0.3858668251565957
2019-05-31,STK45,0.0961377085185499,10464409739.030724,1.4940467155699677
2019-05-31,STK46,0.1216980730213665,11560723706.70934,0.4093360280796267
2019-05-31,STK47,0.1003765496784729,9215242260.620056,1.604657861194791
2019-05-31,STK48,0.1041546946395844,25958360873.787148,0.4018795431731647
2019-05-31,STK49,0.1018852371601724,29588962314.30274,1.5682303201718473
2019-05-31,STK50,0.0927663616857029,7940820618.952875,0.2522455696344064
2019-06-30,STK01,-0.0388016704629507,229083945.88928792,1.2349236949724232
2019-06-30,STK02,-0.0861305054696551,95918303.97372244,0.4351538967343005
2019-06-30,STK03,-0.0859214547317802,83321414.2909895,0.9913050217811608
2019-06-30,STK04,0.0014915100869084,161125932.46149608,0.3630637848209361
2019-06-30,STK05,-0.0728123277996146,116149357.4314884,1.5956766387466663
2019-06-30,STK06,-0.116201215419713,80963997.66730885,0.442025447963581
2019-06-30,STK07,-0.1026174375481836,372625223.2471261,1.1071901246721916
2019-06-30,STK08,-0.0457622944948866,185912123.5092024,0.3793617193035521
2019-06-30,STK09,-0.0239937826284403,141363078.0978032,1.3842546666141065
2019-06-30,STK10,-0.1060910660608158,111639469.69485486,0.3286119515426915
2019-06-30,STK11,-0.0728126158214597,380139791.10704064,1.8564869087916012
2019-06-30,STK12,-0.0608263397924425,211419380.1381648,0.375108595139055
2019-06-30,STK13,-0.045100521434204,227447870.73562813,1.2399727677268306
2019-06-30,STK14,-0.1200865707319947,136250923.401996,0.3135754604067059
2019-06-30,STK15,-0.0449585805005229,110885108.1378228,1.150247937245208
2019-06-30,STK16,-0.1283723795890219,94522329.09476817,0.4327103687146465
2019-06-30,STK17,-0.1408490227484244,59550728.3044909,1.4440031444484978
2019-06-30,STK18,-0.134775067676078,54524315.11593092,0.3431452453864141
2019-06-30,STK19,-0.0991550306959961,93699891.24029838,1.2522136517155316
2019-06-30,STK20,-0.061934463927483,128501723.50025366,0.3794293677763206
2019-06-30,STK21,-0.1370713285062634,208113246.2204527,1.3484782801457795
2019-06-30,STK22,-0.0909131742929824,147251833.7089617,0.4093294704775472
2019-06-30,STK23,-0.0779788193604184,161328033.59771535,1.5910368324320985
2019-06-30,STK24,-0.0966982739170818,98602491.97018096,0.3526922980876193
2019-06-30,STK25,-0.1000268271783241,99185269.27191228,1.636608898534731
2019-06-30,STK26,-0.0420242821805589,6446898412.669935,0.5347801523669348
2019-06-30,STK27,-0.041915111234967,14555664214.823605,1.6234488036023074
2019-06-30,STK28,-0.0867756204576935,7799710268.039711,0.2936219727853628
2019-06-30,STK29,-0.0161353233563131,8402745210.713472,1.2846776770086108
2019-06-30,STK30,-0.0833380175916849,6577231846.299433,0.4313886561423751
2019-06-30,STK31,-0.01184485022399,6820451232.031149,1.7728701603314074
2019-06-30,STK32,-0.0709942662516315,4195126481.026713,0.518426172351878
2019-06-30,STK33,-0.107329081038109,17654779923.687397,1.2870585134386456
2019-06-30,STK34,-0.1039399398796049,3068914479.838072,0.3829896367830184
2019-06-30,STK35,-0.1202650577489152,22515344325.63335,1.0572676255648883
2019-06-30,STK36,-0.1235419951073462,4732693561.240975,0.3167243772830029
2019-06-30,STK37,-0.0958923832585958,15331318231.77688,1.8723235239524885
2019-06-30,STK38,-0.1266192821607742,10127416105.025724,0.6425315347747852
2019-06-30,STK39,-0.0898757805410435,5894757825.53169,1.519282021005306
2019-06-30,STK40,-0.1449558083480414,8167888719.420036,0.322986734820845
2019-06-30,STK41,-0.074988139300085,13255999524.615225,1.4535389440034947
2019-06-30,STK42,-0.110428959995885,7123183932.39953,0.4689812662632868
2019-06-30,STK43,-0.0801861675743247,6044837779.328654,1.4360687985011054
2019-06-30,STK44,-0.1355050611598367,3747620694.2009454,0.3234028312229677
2019-06-30,STK45,-0.1592585682109556,8797862826.819912,1.5363280502396144
2019-06-30,STK46,-0.0802089769134749,10633449885.81483,0.4795989624876808
2019-06-30,STK47,-0.0196594426245714,9034075734.12587,0.9927181512471912
2019-06-30,STK48,-0.1548386970467764,21939002098.619923,0.5183397880002101
2019-06-30,STK49,-0.0556091372517956,27943545647.828472,1.4419452805959294
2019-06-30,STK50,-0.1119972428019574,7051470604.045219,0.2580235070070473
2019-07-31,STK01,-0.0611166937105593,215083092.53436595,1.4056657143022462
2019-07-31,STK02,-0.0019868727769594,95727726.50674494,0.4041376191194067
2019-07-31,STK03,-0.0097090062111076,82512446.16212001,1.634980364214669
2019-07-31,STK04,-0.1021567897653415,144665824.45328242,0.3101762253344922
2019-07-31,STK05,-0.0173589921435152,114133121.64836083,0.9012818459028166
2019-07-31,STK06,-0.0315611620216977,78408679.81900656,0.3519878807848858
2019-07-31,STK07,0.0015607699541533,373206805.4997299,1.3477839636277475
2019-07-31,STK08,-0.066505359890196,173547970.82727227,0.4295568861810878
2019-07-31,STK09,-0.0716190289822481,131238791.7104968,1.11999816267309
2019-07-31,STK10,-0.0056758091885946,111005825.36695096,0.3330718775876503
2019-07-31,STK11,-0.0302565201662396,368638083.8514203,1.4613540844394832
2019-07-31,STK12,-0.0392328798415461,203124789.00103,0.3480476684894579
2019-07-31,STK13,-0.0327534048583069,219998178.54126424,1.4201232508161994
2019-07-31,STK14,-0.0314281804514114,131968804.79464662,0.4664760393802976
2019-07-31,STK15,0.006649410673606,111622428.7594184,1.4480207720484717
2019-07-31,STK16,-0.0777993189579336,87168556.26487751,0.4388787070140286
2019-07-31,STK17,0.0074400609679882,59993789.353764415,1.27795348465271
2019-07-31,STK18,-0.0854268586945389,49866474.15310578,0.4245219503234321
2019-07-31,STK19,-0.0691291005859961,87222502.0338509,1.4093010209432564
2019-07-31,STK20,-0.0074625628078701,127542771.31771344,0.4008407725003231
2019-07-31,STK21,-0.0477852042007494,198168512.2529275,1.4744069042022354
2019-07-31,STK22,-0.1043654356724663,131883831.93035635,0.4964232813277525
2019-07-31,STK23,-0.0210842770224658,157926548.64585146,1.267993811004203
2019-07-31,STK24,-0.0961174150279764,89125075.32669036,0.2976807832058621
2019-07-31,STK25,-0.0171630441671406,97482948.11466873,1.522939440953282
2019-07-31,STK26,-0.0283275450182516,6264273607.656933,0.3622602681729547
2019-07-31,STK27,-0.0108373620248687,14397919212.215132,1.2554467253895227
2019-07-31,STK28,0.0307084522605171,8039227298.451674,0.3539665369665477
2019-07-31,STK29,0.0045196757669261,8440722894.617989,1.3033029419612598
2019-07-31,STK30,-0.0110823319345983,6504340779.767931,0.3731214235635932
2019-07-31,STK31,-0.0121322281705281,6737703961.458187,1.3730661661685548
2019-07-31,STK32,-0.0500183575967991,3985293144.534917,0.3300575357500217
2019-07-31,STK33,-0.0300309561468908,17124590002.01613,1.04791005457749
2019-07-31,STK34,-0.0324966625752977,2969185001.5143285,0.2977491362099931
2019-07-31,STK35,-0.0054602640278695,22392404600.937,1.107775589603163
2019-07-31,STK36,-0.0901720891768688,4305936695.38996,0.5118828767831406
2019-07-31,STK37,-0.0461170358981379,14624283278.516249,1.4320695400540102
2019-07-31,STK38,-0.0343575154708535,9779463249.517532,0.4324200999169113
2019-07-31,STK39,-0.032080182270177,5705652920.050081,1.1205822152615736
2019-07-31,STK40,-0.0170309242571909,8028782025.298429,0.3171545428493291
2019-07-31,STK41,0.0512144088175372,13934897703.55395,1.223910620735357
2019-07-31,STK42,-0.0038720368782421,7095602701.5227785,0.4190488987214258
2019-07-31,STK43,-0.0098428934655245,5985339085.050344,0.986771136553986
2019-07-31,STK44,-0.016973277884054,3684011286.754242,0.4316912500815204
2019-07-31,STK45,-0.060030372463013,8269723844.447415,1.6391639920264516
2019-07-31,STK46,-0.0375473066274489,10234192482.444529,0.4752578795197869
2019-07-31,STK47,-0.0233580953409563,8823056931.810738,1.5562389827788832
2019-07-31,STK48,0.0068985305117705,22090348973.99505,0.3842722299913207
2019-07-31,STK49,-0.0237905819799798,27278752434.2825,1.246863224817782
2019-07-31,STK50,-0.1008103086361158,6340609676.112924,0.4025593939329985
2019-08-31,STK01,-0.0518832018712726,203923893.02530783,1.2297262382724297
2019-08-31,STK02,0.0291698186848326,98520086.93205792,0.360919588296912
2019-08-31,STK03,-0.0376982773773708,79401869.07961504,1.1344210571749012
2019-08-31,STK04,-0.0012036024041266,144491704.31917548,0.298962283047318
2019-08-31,STK05,0.0033728367104072,114518074.03092982,1.4023135439634975
2019-08-31,STK06,-0.0001989383848744,78393081.32288322,0.4784372290363559
2019-08-31,STK07,0.0461074481100699,390414418.9186336,1.1845014325521817
2019-08-31,STK08,-0.056113063750696,163809662.47643757,0.4422790718856404
2019-08-31,STK09,-0.0349964718474254,126645897.03111029,1.2934570956690017
2019-08-31,STK10,0.0020639773312334,111234938.8741432,0.315191185440064
2019-08-31,STK11,-0.0031136679340815,367490267.2704509,1.7399841108263143
2019-08-31,STK12,-0.0234691256073017,198357627.81400812,0.5341237667536987
2019-08-31,STK13,0.0017327654475007,220379383.7835537,1.8508022195296607
2019-08-31,STK14,-0.0880549625605619,120348296.6292919,0.3935108095091605
2019-08-31,STK15,-0.0118891443564846,110295333.59047624,1.7499023547294694
2019-08-31,STK16,0.0074165168426325,87815043.33056393,0.368748876201893
2019-08-31,STK17,0.0653989494377465,63917320.15029007,1.3949397775163552
2019-08-31,STK18,-0.028504258074035,48445067.30460346,0.3879191269497157
2019-08-31,STK19,0.0100462651043729,88098762.41234966,1.166607081241382
2019-08-31,STK20,0.015546522425771,129525617.87224925,0.3917181739785438
2019-08-31,STK21,-0.0201376511164542,194177863.89091128,1.512649217768842
2019-08-31,STK22,-0.0122121425181519,130273247.77898283,0.627275358379782
2019-08-31,STK23,0.0140214768610061,160140912.0934278,1.2723369786074994
2019-08-31,STK24,-0.0821691856348496,81801740.46745159,0.2475338327149088
2019-08-31,STK25,0.0244835002893007,99869671.90303607,1.796552860891353
2019-08-31,STK26,-0.0288462517076824,6083572794.404669,0.5200610467490211
2019-08-31,STK27,-0.0078272361623198,14285223298.295122,1.451050916343918
2019-08-31,STK28,-0.0309077022415394,7790753254.859074,0.2863272234090301
2019-08-31,STK29,-0.017489180620331,8293101567.347852,1.1182486324106788
2019-08-31,STK30,-0.0189324521811411,6381197658.985128,0.447093316991087
2019-08-31,STK31,-0.0078024680202594,6685133241.768935,2.149273442433928
2019-08-31,STK32,-0.0417901859215508,3818747003.072921,0.3792275911314515
2019-08-31,STK33,-0.062949142421483,16046611747.069714,1.0020026724893027
2019-08-31,STK34,-0.0391181420012702,2853036000.997049,0.3425487780819093
2019-08-31,STK35,-0.0387374173480368,21524980678.4844,1.0159906572395214
2019-08-31,STK36,0.0026796136415543,4317474942.098597,0.4010684517157694
2019-08-31,STK37,-0.0219548977029242,14303208635.157837,1.1649984146231884
2019-08-31,STK38,-0.0609402666810377,9183500151.094526,0.5046320502197019
2019-08-31,STK39,-0.0317566601826481,5524460439.147917,1.4531554739504526
2019-08-31,STK40,-0.0708516052025848,7459929930.984375,0.2854359232784619
2019-08-31,STK41,0.0441279294334995,14549815886.079414,1.107333245940671
2019-08-31,STK42,0.0098039103185397,7165167354.064495,0.4555909534021042
2019-08-31,STK43,-0.0041483923284862,5960509550.306533,1.271684603645472
2019-08-31,STK44,-0.0478693359921194,3507660112.669843,0.306519251949815
2019-08-31,STK45,-0.0546608218823668,7817693942.369714,1.4899123101510112
2019-08-31,STK46,-0.0025161152027217,10208442075.151869,0.4773987776364485
2019-08-31,STK47,0.0640560125914622,9388226777.729996,1.3828540514521128
2019-08-31,STK48,0.0234631365425801,22608657848.245144,0.5165703207634311
2019-08-31,STK49,0.0225694450731649,27894418739.0125,1.5682696932254014
2019-08-31,STK50,0.0207325843451814,6472066901.022808,0.4102113048970473
2019-09-30,STK01,0.003031179091853,204542022.86617547,1.6045936748486074
2019-09-30,STK02,0.010835439531946,99587595.37669232,0.447965101466318
2019-09-30,STK03,-0.0438208244010473,75922413.71756227,1.5937802723002332
2019-09-30,STK04,0.0867268339810235,157023012.37129977,0.2307949887183469
2019-09-30,STK05,-0.0009855981011841,114405205.23461369,1.3278068738146582
2019-09-30,STK06,0.0036327323501377,78677862.40543184,0.3999102909290806
2019-09-30,STK07,-0.0637775259097351,365514753.2005163,1.2265193691859804
2019-09-30,STK08,0.0039669630215166,164459489.35004872,0.4127718239129632
2019-09-30,STK09,-0.0961679900513473,114466615.66537853,1.25986534593169
2019-09-30,STK10,0.0170013621524251,113126084.3539454,0.3567609456028127
2019-09-30,STK11,-0.0385487566867017,353323974.37271124,1.743695895779191
2019-09-30,STK12,-0.0085334483781253,196664953.2366499,0.5315454168214014
2019-09-30,STK13,-0.0165559821160874,216730786.6468788,1.9109010527830133
2019-09-30,STK14,0.0673104793204139,128448998.16080493,0.4094195941809094
2019-09-30,STK15,0.0100251074303499,111401056.15878704,1.1959250037208409
2019-09-30,STK16,0.0065729977369726,88392251.41164789,0.4181251512629146
2019-09-30,STK17,-0.0121979861532511,63137657.56414391,1.2769875572757678
2019-09-30,STK18,-0.0244517979627294,47260498.30658046,0.4085872021515609
2019-09-30,STK19,-0.0302303398914081,85435506.88061193,1.5695746829103934
2019-09-30,STK20,0.0116821114771501,131038750.5793796,0.3387315022851724
2019-09-30,STK21,-0.0643107478369402,181690140.2507072,1.6277283235835622
2019-09-30,STK22,0.0274932125083593,133854877.86432455,0.360857476608513
2019-09-30,STK23,-0.0803331845096368,147276282.65468493,1.4456025103411223
2019-09-30,STK24,-0.0001893154962426,81786254.13036148,0.3347501211575544
2019-09-30,STK25,0.0466397307351332,104527566.50919978,1.9214304991176736
2019-09-30,STK26,-0.0746355382172087,5629522064.610708,0.3332985187825437
2019-09-30,STK27,-0.0806204777276864,13133541771.539894,1.6925864162415734
2019-09-30,STK28,-0.0490638477046937,7408508923.657821,0.3778185909351657
2019-09-30,STK29,-0.1205490346088724,7293376179.490742,1.0967749484261042
2019-09-30,STK30,-0.0728687715972546,5916207624.255606,0.3528880562744947
2019-09-30,STK31,-0.079431094934479,6154125788.592346,1.2650393641690627
2019-09-30,STK32,-0.0471006013106774,3638881722.974839,0.4620256064105059
2019-09-30,STK33,-0.178425229780703,13183491358.89707,1.135361535363833
2019-09-30,STK34,0.0345738508818866,2951676442.256175,0.479164190076181
2019-09-30,STK35,-0.0734480897204763,19944011966.37956,1.4688724757960905
2019-09-30,STK36,-0.0312117423682331,4182719026.524513,0.4639216531101711
2019-09-30,STK37,-0.1098453778528161,12732067278.121264,1.4081328624111351
2019-09-30,STK38,-0.0317549743894791,8891878338.990742,0.4349708434622824
2019-09-30,STK39,-0.1312316039366679,4799476634.833867,1.3403207152950736
2019-09-30,STK40,-0.0528367282852815,7065771640.193714,0.2857137465991917
2019-09-30,STK41,-0.0320866106542658,14082961608.651531,1.4430276318231414
2019-09-30,STK42,-0.0446952910866538,6844918113.489994,0.3723259469648912
2019-09-30,STK43,-0.1008786532829264,5359221373.991589,1.2572924231632894
2019-09-30,STK44,-0.104134675977478,3142391063.397845,0.3915901828327361
2019-09-30,STK45,-0.0982000431972357,7049996059.526238,1.410607232303421
2019-09-30,STK46,-0.0584431275911142,9611828792.44727,0.3647234677742683
2019-09-30,STK47,-0.1310207656383211,8158174117.325623,1.2646505935588483
2019-09-30,STK48,-0.0407118164725624,21688218319.236427,0.5782986323255972
2019-09-30,STK49,-0.1356029203734894,24111854095.881416,1.5466222691283469
2019-09-30,STK50,-0.0808355022767317,5948894122.310019,0.363186569189382
2019-10-31,STK01,-0.1257501111526105,178820840.7553741,1.3101246569048863
2019-10-31,STK02,-0.0923695623368687,90388732.77756608,0.3322169313933752
2019-10-31,STK03,-0.0480554959252047,72273924.47452626,1.7760532456551297
2019-10-31,STK04,-0.0419270472963138,150439501.10499862,0.4161049496140396
2019-10-31,STK05,-0.1057625735761548,102305416.29849276,1.2475520548287735
2019-10-31,STK06,-0.0836778895937341,72094264.9215991,0.5114694096097594
2019-10-31,STK07,-0.0489357130813797,347628028.11088455,1.3180546782787472
2019-10-31,STK08,-0.0275991695739963,159920544.0154239,0.4408752987690691
2019-10-31,STK09,-0.0086062697481285,113481485.09380692,1.2486471376778607
2019-10-31,STK10,-0.0892176890213679,103033236.53985009,0.2890637108909482
2019-10-31,STK11,-0.1037414666718408,316669627.06096226,1.5836156751508936
2019-10-31,STK12,-0.0934705997761807,178282562.1026657,0.4119405264607327
2019-10-31,STK13,-0.0659617509726947,202434844.4699611,1.1309389281781608
2019-10-31,STK14,-0.0991325902538099,115715516.25761746,0.3485056242870576
2019-10-31,STK15,-0.0879608832798791,101602120.86074872,1.2377147846349514
2019-10-31,STK16,-0.128347487670315,77047328.01344003,0.4877609860966629
2019-10-31,STK17,-0.0441555144611019,60349781.81253026,1.354801578646534
2019-10-31,STK18,-0.0767315607927944,43634126.50767133,0.4219004627817858
2019-10-31,STK19,-0.1052322771294372,76444933.94385743,1.9414140994009736
2019-10-31,STK20,-0.0807493664955779,120457454.48372266,0.4195375047189583
2019-10-31,STK21,-0.0466885879009453,173207284.16687694,1.8935202011833647
2019-10-31,STK22,-0.1227712081927798,117421352.78642446,0.4007804452252119
2019-10-31,STK23,-0.0864580605341976,134543060.89367458,1.5034594535301555
2019-10-31,STK24,-0.0831733969836343,74983813.54777251,0.300319535200254
2019-10-31,STK25,-0.0712534688425066,97079614.80575348,1.5982996390056543
2019-10-31,STK26,-0.0389419205424688,5410297663.678562,0.4164425868962083
2019-10-31,STK27,-0.0209418860329736,12858500636.551006,1.885306120830806
2019-10-31,STK28,0.0034248663482619,7433882076.5612545,0.4503828168949438
2019-10-31,STK29,-0.0580608812976564,6869916330.874175,1.166787502354379
2019-10-31,STK30,-0.1090829599918109,5270850184.675684,0.4043490275521354
2019-10-31,STK31,-0.0037845650419083,6130835099.269333,1.482307187035963
2019-10-31,STK32,0.0012326466941963,3643367178.501235,0.4437613224021841
2019-10-31,STK33,-0.0612211514303139,12376382838.033796,1.2563068382354878
2019-10-31,STK34,-0.1076961473883617,2633792261.088199,0.5139545463962981
2019-10-31,STK35,-0.0477702991299973,18991280548.89336,1.263636752020378
2019-10-31,STK36,-0.0960534972161867,3780954236.1541495,0.3481206401725604
2019-10-31,STK37,-0.0475573331470256,12126564112.925304,1.4592278276840966
2019-10-31,STK38,-0.0289696258696529,8634283950.231709,0.4454214719082607
2019-10-31,STK39,-0.0436799771967686,4589835604.8679,1.0384765372661655
2019-10-31,STK40,-0.0188491064253617,6932588158.570401,0.3108141873142764
2019-10-31,STK41,-0.0287038490606866,13678726404.309353,1.343816706259315
2019-10-31,STK42,-0.0260194909589199,6666816828.521494,0.4318250311833848
2019-10-31,STK43,-0.0386956910402387,5151842599.487367,1.1880998728886156
2019-10-31,STK44,-0.0841851893503267,2877848276.7129226,0.3322384740993327
2019-10-31,STK45,-0.1135471093155783,6249489386.280816,1.6875193867088072
2019-10-31,STK46,-0.0383696030948807,9243026736.66512,0.4376374662964814
2019-10-31,STK47,-0.079719677697768,7507807106.090152,1.6579748442797966
2019-10-31,STK48,-0.0728679748150379,20107841772.967262,0.4886516814616722
2019-10-31,STK49,-0.0506189404160857,22891337590.08064,1.0856212188056622
2019-10-31,STK50,-0.1239474331209323,5211543965.94149,0.3282064371238531
2019-11-30,STK01,-0.1475187935293391,152441406.06923923,1.1894847274469529
2019-11-30,STK02,-0.1282069248203615,78800271.30974492,0.4036370696364382
2019-11-30,STK03,-0.0544756127926064,68336758.14984988,1.4513611690781896
2019-11-30,STK04,-0.0881307897108328,137181149.06891137,0.259990027533876
2019-11-30,STK05,-0.0923598401266329,92856504.40507536,1.1513482645956783
2019-11-30,STK06,-0.100695683194567,64834683.66090858,0.3751763182170664
2019-11-30,STK07,-0.102718182131812,311920309.00526804,1.3691007212537714
2019-11-30,STK08,-0.1025113441273949,143526874.0948186,0.5214401642461869
2019-11-30,STK09,-0.1333480874362818,98348946.09711884,1.491049276718556
2019-11-30,STK10,-0.0183811448693664,101139367.6926514,0.256151003166358
2019-11-30,STK11,-0.0752905311743907,292827402.63274616,1.6489614553261056
2019-11-30,STK12,-0.0764709419044727,164649126.6535322,0.4848107845835377
2019-11-30,STK13,-0.1264642226392339,176834079.22897324,1.4853506013635949
2019-11-30,STK14,-0.1049412835426097,103572181.45574737,0.3799427633661178
2019-11-30,STK15,-0.0176208508983437,99811805.03810596,1.2002140383519904
2019-11-30,STK16,-0.0556685097975218,72758218.07905097,0.4367052697647383
2019-11-30,STK17,-0.0558028518565026,56982091.87847338,1.7510865223363596
2019-11-30,STK18,-0.0932886605289787,39563557.29241866,0.4715591778338041
2019-11-30,STK19,-0.0965677201399762,69062820.95664804,0.8992076940728572
2019-11-30,STK20,-0.101984935253586,108172608.7873884,0.3722972365291652
2019-11-30,STK21,-0.0904904379698531,157533681.16304743,1.2879776772896618
2019-11-30,STK22,-0.0296633848447807,113938238.009726,0.543207237805463
2019-11-30,STK23,-0.1159962879904214,118936565.25513908,1.7329074473788475
2019-11-30,STK24,-0.0547633220980856,70877450.81431304,0.3238214196164474
2019-11-30,STK25,-0.1140480073657556,86007878.18132219,1.691391078748619
2019-11-30,STK26,-0.0316778878827518,5238910860.876238,0.420390203989517
2019-11-30,STK27,-0.0670296164070344,11996600271.313383,1.7720509052761242
2019-11-30,STK28,-0.0643332452822102,6955636317.530813,0.3256589937225408
2019-11-30,STK29,-0.0783323109120174,6331779908.9045925,1.405517956377607
2019-11-30,STK30,0.0039172699182076,5291497527.547494,0.3182951983665282
2019-11-30,STK31,-0.0896985474127167,5580908096.437975,1.5859051444840866
2019-11-30,STK32,-0.0267857423282077,3545776884.050852,0.3384066209237921
2019-11-30,STK33,-0.0807473907836284,11377022216.523289,1.152474167795981
2019-11-30,STK34,-0.0787737397841396,2426318594.867757,0.3637867117917128
2019-11-30,STK35,-0.0746886488731274,17572847464.326008,1.180501247838459
2019-11-30,STK36,-0.0125753484171222,3733407419.285317,0.3956169729577547
2019-11-30,STK37,-0.0761655400771199,11202937807.984528,1.4171996464911472
2019-11-30,STK38,-0.0442063923293578,8252593406.444688,0.5046172283784235
2019-11-30,STK39,-0.0850572684555924,4199436725.6576138,1.0815644939910305
2019-11-30,STK40,-0.0449686736370171,6620838864.207799,0.2888773293609403
2019-11-30,STK41,-0.0367656597230643,13175819003.88362,1.2646511913214449
2019-11-30,STK42,0.0233010494837034,6822160657.34166,0.5093050181358033
2019-11-30,STK43,-0.0741428457061971,4769870328.530961,1.357139171635274
2019-11-30,STK44,-0.0578003996131085,2711507496.29302,0.4307205840618306
2019-11-30,STK45,-0.1336321792329629,5414356500.498837,1.345909023459965
2019-11-30,STK46,-0.0259945777429089,9002758159.579092,0.4165623118118679
2019-11-30,STK47,-0.0939261260206361,6802627869.704901,1.3658820056143803
2019-11-30,STK48,-0.087281478144327,18352799620.730434,0.5012725769743706
2019-11-30,STK49,-0.0782077459497033,21101057675.38672,1.2396124567466953
2019-11-30,STK50,-0.0719163067315536,4836748971.541864,0.2772344243029669
2019-12-31,STK01,-0.0882505845630042,138988362.87202257,1.760088939022991
2019-12-31,STK02,-0.0890255358234726,71785034.93335986,0.4077979468115726
2019-12-31,STK03,-0.0615564120420063,64130192.50756279,1.1373592685413974
2019-12-31,STK04,-0.0404714834874728,131629224.45957635,0.374779837344236
2019-12-31,STK05,-0.040280929678672,89116158.08092722,1.670819142656111
2019-12-31,STK06,-0.0351424606355,62556233.34254,0.4803125482895138
2019-12-31,STK07,-0.0277176486060724,303274611.48716253,1.0396149821834948
2019-12-31,STK08,-0.0061968497508052,142637459.62085024,0.3798298305478829
2019-12-31,STK09,-0.100694465294274,88445751.55761407,1.1023171404968923
2019-12-31,STK10,0.0195858314192105,103120266.2981252,0.3263738202072453
2019-12-31,STK11,-0.0007220536152968,292615965.54801714,1.529178807738202
2019-12-31,STK12,-0.0591945758886664,154902791.43083704,0.3863088256108476
2019-12-31,STK13,-0.0427751744680878,169269970.63805026,1.3739256604534582
2019-12-31,STK14,-0.0018687221451769,103378633.82663672,0.314879375976837
2019-12-31,STK15,-0.093335003321047,90495869.88339464,1.0862849571252349
2019-12-31,STK16,0.0345768410181097,75273967.41833128,0.5544475208187343
2019-12-31,STK17,0.053064709929193,60005830.0551632,1.40518764066634
2019-12-31,STK18,-0.0532357042514061,37457363.4572659,0.4027412980181021
2019-12-31,STK19,-0.0051601610371757,68706445.6788301,1.6272782214179724
2019-12-31,STK20,-0.05050438682358,102709417.50947437,0.2991329923074669
2019-12-31,STK21,0.0012731953021867,157734252.30584043,1.6321138967454172
2019-12-31,STK22,-0.0080012902804106,113026585.09337166,0.5268084600160889
2019-12-31,STK23,-0.0579670074642046,112042168.48922756,1.673868685762374
2019-12-31,STK24,-0.063629476613791,66367555.71527858,0.4678890359256218
2019-12-31,STK25,0.0114647965131786,86993941.00320129,1.354439053655204
2019-12-31,STK26,0.0305437539724945,5398926865.294671,0.4356619972021527
2019-12-31,STK27,0.0772663484809562,12923533768.463415,1.5576395234330451
2019-12-31,STK28,0.0160401791035961,7067205969.843486,0.320053008636183
2019-12-31,STK29,-0.0163337797787151,6228358010.265251,1.114294372467164
2019-12-31,STK30,0.0068079585992344,5327521823.642989,0.4458405393629885
2019-12-31,STK31,0.0050191597187232,5608919565.549513,1.39312314684977
2019-12-31,STK32,0.0590269902679118,3755073421.677909,0.349705850412663
2019-12-31,STK33,0.0755243205047818,12236264088.794016,0.9941734298091802
2019-12-31,STK34,-0.0214332261212199,2374314759.781835,0.4768239620999318
2019-12-31,STK35,0.0957087364472821,19254722490.91748,1.3105637665570862
2019-12-31,STK36,0.0415072165860422,3888370769.6415296,0.4040207003443222
2019-12-31,STK37,-0.0373132912707789,10784919326.466782,1.1317157318994215
2019-12-31,STK38,0.0063557628834677,8305044933.30972,0.6072714200711707
2019-12-31,STK39,0.0361011384067159,4351041172.120826,1.1408631866114467
2019-12-31,STK40,0.0192013032563006,6747967599.050553,0.2897648795071777
2019-12-31,STK41,-0.0159981974458708,12965029649.948433,1.2420239577056988
2019-12-31,STK42,0.0116756958554593,6901814130.253861,0.4904776419127545
2019-12-31,STK43,0.0751638898609434,5128392336.555644,1.6816398527289846
2019-12-31,STK44,0.0403277929009339,2820856609.0528545,0.3533785337350181
2019-12-31,STK45,-0.0272564634171443,5266780290.615614,1.8232008214168869
2019-12-31,STK46,-0.0243515459183178,8783527080.864592,0.4926849766226012
2019-12-31,STK47,0.0248556373872006,6971711521.314351,1.088096882716152
2019-12-31,STK48,0.0052795832203891,18449694753.65521,0.4138439373673128
2019-12-31,STK49,0.0397934264424759,21940741061.850662,1.4079166289147895
2019-12-31,STK50,-0.0229428004241466,4725780405.186083,0.3050843977451911
2020-01-31,STK01,-0.1072447615504404,124082589.03752644,1.3346129704121104
2020-01-31,STK02,-0.0095777033334543,71097499.16498648,0.3971199619833997
2020-01-31,STK03,0.0093880085849219,64732247.30537648,2.010867494327577
2020-01-31,STK04,0.0244116823903399,134842515.2803703,0.3279510506125459
2020-01-31,STK05,-0.0024757324513701,88895530.31642483,1.5540532985055553
2020-01-31,STK06,0.0775391726022416,67406791.91703331,0.3578757879295098
2020-01-31,STK07,-0.0150566433380846,298708313.82850415,1.3273371673961425
2020-01-31,STK08,-0.0203272732451225,139738029.00414708,0.3583582548655953
2020-01-31,STK09,-0.0380891947355205,85076924.10300665,1.372445493469406
2020-01-31,STK10,-0.0521340743759887,97744186.665267,0.2909957160956866
2020-01-31,STK11,-0.0524038424403017,277281764.59392214,1.43211818335136
2020-01-31,STK12,-0.064826240871028,144861025.76194698,0.4486897430811247
2020-01-31,STK13,-0.0090816017576227,167732728.17519102,1.3438068422768863
2020-01-31,STK14,-0.0556492130652306,97625694.20642576,0.4799806137678538
2020-01-31,STK15,0.0447434277702369,94544965.30102707,1.6542115958982622
2020-01-31,STK16,-0.0016996380440391,75146028.91958131,0.5461682075828631
2020-01-31,STK17,-0.0417353211532666,57501467.46674262,1.840620050663419
2020-01-31,STK18,0.074632013074803,40252881.89655622,0.4218610778985483
2020-01-31,STK19,-0.0062438299305054,68277454.31688197,1.6413578471900283
2020-01-31,STK20,-0.0228820134910391,100359219.23236576,0.3547946915121587
2020-01-31,STK21,0.0250791536910104,161690093.8617552,1.2425760780920172
2020-01-31,STK22,-0.038440519058675,108681784.49495296,0.2810310334801006
2020-01-31,STK23,-0.0846225674917675,102560872.5243239,2.247291457244533
2020-01-31,STK24,-0.0178359486239108,65183827.40124634,0.3192255776911393
2020-01-31,STK25,0.0116479505026658,88007242.12203842,1.348198688466452
2020-01-31,STK26,0.013298664031635,5470725379.807593,0.3705163561594892
2020-01-31,STK27,-0.0269701404421801,12574984247.7187,1.9327360272643743
2020-01-31,STK28,-0.0251196444904613,6889680268.340152,0.3021753695308125
2020-01-31,STK29,-0.0100004245300807,6166071786.03727,1.3669606815600637
2020-01-31,STK30,0.0162244621374145,5413957999.756935,0.4063395346870884
2020-01-31,STK31,0.0225469060834073,5735383348.223343,1.6002763959905368
2020-01-31,STK32,0.0332090436491982,3879775818.8443546,0.4187017327512911
2020-01-31,STK33,-0.0602003735010618,11499636420.390984,1.2803218755681651
2020-01-31,STK34,0.0226356593524572,2428058939.8797684,0.3924556005051545
2020-01-31,STK35,-0.0404141525180392,18476559199.477016,1.1971131220131326
2020-01-31,STK36,-0.025085139762027,3790830445.438491,0.4319942531394334
2020-01-31,STK37,-0.0239035627943227,10527121330.114876,1.486142337787532
2020-01-31,STK38,0.0394262844943887,8632481997.58907,0.4950310736708209
2020-01-31,STK39,-0.0097324290558027,4308694972.594283,1.0117523380568467
2020-01-31,STK40,0.0012025669118724,6756082481.607558,0.3112340161614114
2020-01-31,STK41,0.0174019623881396,13190646608.277948,1.4244371483844884
2020-01-31,STK42,0.014471238277193,7001691927.077662,0.3743713340644147
2020-01-31,STK43,-0.0363898947338606,4941770679.274447,1.2246347175115722
2020-01-31,STK44,0.0074942276745434,2841996750.718337,0.4241280567894277
2020-01-31,STK45,-0.022992757134398,5145682490.513255,1.5023996299848297
2020-01-31,STK46,-0.0219978082955902,8590308735.980608,0.3835864301152317
2020-01-31,STK47,0.0227239761281025,7130136527.4967165,1.2192038874583813
2020-01-31,STK48,0.0025642313354582,18497004039.072166,0.4429935470876435
2020-01-31,STK49,-0.0811008722558677,20161327823.79444,1.4172926295717598
2020-01-31,STK50,0.0551827305839403,4986561872.084331,0.2868198693551287
2020-02-29,STK01,-0.0454489725010575,118443162.86049984,1.480382871420229
2020-02-29,STK02,-0.0336973960710254,68701698.57596454,0.3792930653201883
2020-02-29,STK03,-0.0598241867506181,60859693.25379244,1.157819962142433
2020-02-29,STK04,-0.0425204344085603,129108952.953906,0.3726535549751445
2020-02-29,STK05,-0.0407704154866003,85271222.61052251,1.122324940162884
2020-02-29,STK06,-0.0458080332473457,64319019.35180093,0.4809953790396999
2020-02-29,STK07,-0.0618906408495436,280221064.85857147,1.1386167473853377
2020-02-29,STK08,-0.0008935518597768,139613165.8284489,0.433320987510138
2020-02-29,STK09,-0.0126754121925625,83998539.02192567,1.408836345039779
2020-02-29,STK10,0.0396747224952229,101622160.14673272,0.3610133350748022
2020-02-29,STK11,0.0052272113933334,278731174.99297106,1.4385032558066209
2020-02-29,STK12,-0.0101751634522801,143387041.1469542,0.497176757087193
2020-02-29,STK13,-0.045365996341875,160123365.84238255,1.5721042024044234
2020-02-29,STK14,0.0670085272911013,104167448.20096976,0.3435576476958293
2020-02-29,STK15,-0.0437017534470276,90413184.5377838,1.485981043020601
2020-02-29,STK16,-0.0330936113749922,72659175.44214277,0.5921488156602023
2020-02-29,STK17,-0.0069074756365155,57104277.48115221,1.2468436534227183
2020-02-29,STK18,0.038513907489347,41803177.6660998,0.3667657052030392
2020-02-29,STK19,0.0524150254280696,71856218.8210652,1.35898685547653
2020-02-29,STK20,-0.0145918931864345,98894788.22505312,0.4130879333456175
2020-02-29,STK21,0.0026757686063057,162122739.1388611,1.908032716583048
2020-02-29,STK22,-0.0484802041126474,103412869.39931089,0.5349383975128791
2020-02-29,STK23,0.0325870172239236,105903025.44377469,1.5118941633030156
2020-02-29,STK24,0.0253508759885644,66836294.52615534,0.3662280140535724
2020-02-29,STK25,0.0486067147718254,92284985.03771932,1.5597607873554329
2020-02-29,STK26,-0.0916293337948825,4969446457.881068,0.3759678614884385
2020-02-29,STK27,0.0288253578023583,12937462668.018211,2.265285935119086
2020-02-29,STK28,-0.0445606938882382,6582671334.914811,0.302507753707635
2020-02-29,STK29,0.0058106632093201,6201900752.510424,1.5258099926637152
2020-02-29,STK30,-0.0056981730388834,5383108330.249072,0.4865102836973871
2020-02-29,STK31,0.0143958723819657,5817949194.966018,1.5159358483718492
2020-02-29,STK32,0.0086259298355551,3913242492.835389,0.3947873370586098
2020-02-29,STK33,-0.0188739532979378,11282592819.64926,0.99550344561454
2020-02-29,STK34,-0.0795368330182078,2234938821.4201846,0.5339616438157346
2020-02-29,STK35,-0.0607540268401807,17354033825.9578,1.15804148494019
2020-02-29,STK36,-0.0221852313683943,3706729994.928084,0.5204243848341479
2020-02-29,STK37,0.0113521373420849,10646626657.271132,1.1141583996839002
2020-02-29,STK38,-0.0627528411511159,8090769226.054495,0.4828374949958392
2020-02-29,STK39,-0.056835522610235,4063808042.058794,1.246590211606755
2020-02-29,STK40,-0.1069318803454335,6033641878.08042,0.2307637887185808
2020-02-29,STK41,-0.0225532566180829,12893154570.363012,1.079358379667006
2020-02-29,STK42,-0.0303113190492098,6789461409.191734,0.2914100613448074
2020-02-29,STK43,-0.0610570381057033,4640040798.60034,1.4430581870231654
2020-02-29,STK44,-0.0929722229196421,2577769995.273654,0.3786957189772494
2020-02-29,STK45,-0.0228245135435686,5028234790.817632,1.3888529078174094
2020-02-29,STK46,-0.0574260342821321,8097001372.014086,0.4516053296500752
2020-02-29,STK47,-0.061636197514504,6690662024.182549,1.289438600009395
2020-02-29,STK48,-0.037017816370632,17812285340.146954,0.527313932149385
2020-02-29,STK49,-0.0243552195037886,19670294259.158085,1.5086575701132003
2020-02-29,STK50,-0.081237039066956,4581468350.472023,0.3921026098175222
2020-03-31,STK01,-0.1828651535455343,96784035.69759582,1.3303987377926738
2020-03-31,STK02,-0.0569760823889202,64787344.93764162,0.3811820399134186
2020-03-31,STK03,-0.1065475505001603,54375242.01340973,1.5266776925218133
2020-03-31,STK04,-0.1351922473331765,111654423.45323408,0.3921009379653651
2020-03-31,STK05,-0.1420181342865124,73161162.66704622,1.0644357303806995
2020-03-31,STK06,-0.1079917309421873,57373097.1194959,0.357613820710966
2020-03-31,STK07,-0.102619850115925,251464821.18345997,0.9929505960432294
2020-03-31,STK08,-0.119525944717714,122925770.28777266,0.4506855556137821
2020-03-31,STK09,-0.0619215192369791,78797221.87200136,1.1616559014802326
2020-03-31,STK10,-0.1195019923976941,89478109.53744061,0.417273182081275
2020-03-31,STK11,-0.1265766941404269,243450304.30848396,1.609182667481895
2020-03-31,STK12,-0.0955943674516964,129680047.64774077,0.5583287599287137
2020-03-31,STK13,-0.0781402205182558,147611290.72533342,1.6565531490343863
2020-03-31,STK14,-0.1093760354974118,92774025.68886568,0.2888600890345509
2020-03-31,STK15,-0.0671628351888479,84340778.72577374,1.5828806469249097
2020-03-31,STK16,-0.0759137106697899,67143347.82012244,0.5576790666021738
2020-03-31,STK17,-0.1167116218405192,50439544.6422959,1.4961004622249217
2020-03-31,STK18,-0.0421049012375456,40043058.99905309,0.4429826164511816
2020-03-31,STK19,-0.144563043323104,61468465.14660112,1.4730572016764316
2020-03-31,STK20,-0.1688219617919999,82199176.06589529,0.3181281494185047
2020-03-31,STK21,-0.0736898740986764,150175934.90318584,1.7770753122367104
2020-03-31,STK22,-0.1601602609533352,86850237.25038408,0.5214246642695407
2020-03-31,STK23,-0.0838918369088692,97018626.10508972,1.4665558058347303
2020-03-31,STK24,-0.1095725517522555,59512871.18525919,0.3789342270393626
2020-03-31,STK25,-0.0731684954173807,85532631.5328939,1.4861083251007137
2020-03-31,STK26,-0.1065810807817191,4439797483.513218,0.4348726155504782
2020-03-31,STK27,-0.0869343289931253,11812753032.10044,1.5595537490017588
2020-03-31,STK28,-0.0502098383217776,6252156471.463338,0.3124638524814798
2020-03-31,STK29,0.0006569036700716,6205974803.876168,1.1514126225668142
2020-03-31,STK30,-0.0817402604271645,4943091653.426874,0.3276521989603557
2020-03-31,STK31,-0.0723117848700135,5397242904.394967,1.596099539666867
2020-03-31,STK32,-0.035099726103765,3775888753.159252,0.4779536342444483
2020-03-31,STK33,-0.0338723093776243,10900425345.080338,1.0610959841101644
2020-03-31,STK34,-0.0465619637739046,2130875680.9803247,0.3666273832457042
2020-03-31,STK35,-0.0044396587694262,17276987837.49747,1.493665472646298
2020-03-31,STK36,-0.0544004626745985,3505082168.1941843,0.4276399709347458
2020-03-31,STK37,-0.077818107029263,9818126324.555002,1.6708475831787848
2020-03-31,STK38,-0.1280906908560896,7054417006.331984,0.5483995324160628
2020-03-31,STK39,-0.0951615288344702,3677089855.886664,1.299271280735235
2020-03-31,STK40,-0.1142924921071057,5344041911.35281,0.2709372376365268
2020-03-31,STK41,-0.0103856697179877,12759250525.372255,1.2354847734701082
2020-03-31,STK42,-0.0267997283119908,6607505688.040648,0.3804166127292825
2020-03-31,STK43,-0.0278876236034156,4510641087.3044815,1.335169172750089
2020-03-31,STK44,-0.0240625984714306,2515742150.925682,0.3751339969362233
2020-03-31,STK45,-0.0777708172139223,4637184861.9922695,1.596507743152348
2020-03-31,STK46,-0.0304729586818315,7850261783.757965,0.390529770154592
2020-03-31,STK47,-0.0402833669948182,6421139630.424109,1.840485979751126
2020-03-31,STK48,-0.133669955988248,15431317942.679394,0.4530364026139801
2020-03-31,STK49,-0.035048639127932,18980877214.12862,1.3191243936717212
2020-03-31,STK50,0.0131258586108746,4641604056.270515,0.2903742335149004
2020-04-30,STK01,0.043967918366063,101039428.27828585,1.53268373622951
2020-04-30,STK02,0.0447551674311508,67686913.4077455,0.4105954923172572
2020-04-30,STK03,-0.0183504521788151,53377431.73513115,1.7339830473245916
2020-04-30,STK04,0.087670190796598,121443188.06066328,0.3880622412201321
2020-04-30,STK05,0.0128229972463593,74099308.05446622,0.9964716641015384
2020-04-30,STK06,0.0320619415512027,59212590.00595265,0.4406674227829518
2020-04-30,STK07,0.0983346953951855,276192537.77714026,0.9750524895482616
2020-04-30,STK08,0.0993675079837349,135140597.74824968,0.3532579200776479
2020-04-30,STK09,0.0077442708532669,79407448.90066311,1.071422543868623
2020-04-30,STK10,0.0285659824553159,92034139.64462198,0.3463571851734376
2020-04-30,STK11,0.0618644712462021,258511228.65925533,1.6529614016505414
2020-04-30,STK12,0.0890338521428866,141225961.8358922,0.3731547108418762
2020-04-30,STK13,0.092031130036895,161196124.6169905,1.4508391808871774
2020-04-30,STK14,0.0381289480530055,96311401.69502464,0.4240900481696055
2020-04-30,STK15,0.0254175596251678,86484515.49786918,1.39517026598584
2020-04-30,STK16,0.0635597329339597,71410961.07586138,0.4068566868501201
2020-04-30,STK17,0.0195067779497246,51423457.63951839,1.332131426064813
2020-04-30,STK18,0.1046009679140314,44231601.72859271,0.4604897223477972
2020-04-30,STK19,-0.0230166783612103,60053665.25496453,1.3763392805638173
2020-04-30,STK20,0.0710284359878263,88037654.9813438,0.4455777777468162
2020-04-30,STK21,0.0209105691349753,153316199.1723885,1.555721178265786
2020-04-30,STK22,0.0520125978584287,91367543.71439745,0.3687360431731182
2020-04-30,STK23,-0.0067026723863483,96368342.03893366,1.753212476472494
2020-04-30,STK24,0.0802374766967471,64288033.80014294,0.3800975232587588
2020-04-30,STK25,-0.0212105688682011,83718435.76128699,1.9505516220306929
2020-04-30,STK26,0.0459370967685926,4643748890.146318,0.5378926856755383
2020-04-30,STK27,0.0601545344650134,12523343691.496616,1.5174427097504148
2020-04-30,STK28,0.0757750581664772,6725913991.754389,0.3518651381200219
2020-04-30,STK29,0.0605995463107121,6582054061.406774,1.0985496873731402
2020-04-30,STK30,0.0707835909392577,5292981430.998301,0.3858489452971864
2020-04-30,STK31,0.0210684790372003,5510954603.384891,1.7151194481753824
2020-04-30,STK32,-0.0082317355968626,3744806635.300077,0.3682004263802404
2020-04-30,STK33,0.0917444169145654,11900478512.485483,1.1920276400974872
2020-04-30,STK34,0.0416716261408942,2219672735.7108603,0.3509247534649414
2020-04-30,STK35,0.0337424149335949,17859955129.912987,1.1390658571405043
2020-04-30,STK36,0.0444689836642,3660949609.87329,0.4757840582765561
2020-04-30,STK37,0.0344381786638991,10156244713.064758,1.2210635189163337
2020-04-30,STK38,0.1014731793518763,7770251128.438436,0.4142610643569483
2020-04-30,STK39,0.0526485302611804,3870683232.4373927,1.052358993449325
2020-04-30,STK40,0.1006942959550286,5882156449.170647,0.3750248324236591
2020-04-30,STK41,0.1163209414103834,14243418558.174486,1.1569920025887497
2020-04-30,STK42,0.1248556894537778,7432490366.290723,0.4395723991109398
2020-04-30,STK43,0.0235449339292247,4616843833.683513,1.6770850519371938
2020-04-30,STK44,0.1134388999399791,2801125173.059329,0.3436403865651707
2020-04-30,STK45,0.0585121141072806,4908516351.773715,1.9861319490650584
2020-04-30,STK46,0.0153296733322182,7970603732.475372,0.430999261994861
2020-04-30,STK47,0.0794838238890215,6931516361.975557,1.378929953571551
2020-04-30,STK48,0.0408619623635432,16061871875.67303,0.5495346547794233
2020-04-30,STK49,-1.208158953123345e-05,18980647894.961178,1.9946074434346956
2020-04-30,STK50,0.0228542347887203,4747684365.168799,0.3656120171326026
2020-05-31,STK01,-0.134028475227415,87497267.76829743,1.433735211917642
2020-05-31,STK02,-0.1251469767128228,59216100.83174351,0.3626713353510755
2020-05-31,STK03,-0.0676103143017358,49768566.79889949,1.4726555117482043
2020-05-31,STK04,-0.0828211569950626,111385122.71631016,0.3399537695935823
2020-05-31,STK05,-0.0714152653697897,68807486.30603871,1.3360187447254637
2020-05-31,STK06,-0.0833238055881028,54278771.66792861,0.3484770161065125
2020-05-31,STK07,-0.0843636175877263,252891936.139526,1.2923121118625376
2020-05-31,STK08,-0.0238468868072832,131917915.21067858,0.4380616098351892
2020-05-31,STK09,-0.0329639860896035,76789862.85969074,1.2627885735853597
2020-05-31,STK10,-0.0950146496059938,83289548.11449912,0.2390889945241201
2020-05-31,STK11,-0.0242308574209682,252247279.9358936,1.3505681346831946
2020-05-31,STK12,-0.0749498240462117,130641100.84553508,0.4927741363740111
2020-05-31,STK13,-0.032782698846338,155911680.6084749,1.3339400232044605
2020-05-31,STK14,-0.0130650331149068,95053090.04253606,0.3817635430874157
2020-05-31,STK15,-0.057527818378146,81509249.9977858,0.9583053754308736
2020-05-31,STK16,-0.0966080061388542,64512090.50986308,0.5768588444253452
2020-05-31,STK17,-0.0445207514461167,49134046.66344948,1.4805412245063412
2020-05-31,STK18,-0.0588050931990049,41630558.26660155,0.5067661504330689
2020-05-31,STK19,-0.0200151110314493,58851684.47704093,1.621920507672573
2020-05-31,STK20,-0.0697986614737605,81892744.50435725,0.4052445207507195
2020-05-31,STK21,-0.0712253226979486,142396203.41151214,0.9662225737832822
2020-05-31,STK22,-0.0839933000392386,83693282.20134579,0.4734233052217488
2020-05-31,STK23,-0.0531246795502097,91248804.74933033,1.4998165757280697
2020-05-31,STK24,-0.0344451531558342,62073622.629809566,0.3449191902975262
2020-05-31,STK25,-0.052235775100673,79345338.37908025,1.533757506467827
2020-05-31,STK26,-0.076006890190413,4290791978.181115,0.3550397413755589
2020-05-31,STK27,-0.0462488084988634,11944153967.34314,1.321732354277244
2020-05-31,STK28,-0.0591058198366536,6328373331.120926,0.1983267756812749
2020-05-31,STK29,-0.0467994346856961,6274017652.262247,1.2523177275961157
2020-05-31,STK30,-0.0538110410832147,5008160589.762158,0.5124910030528105
2020-05-31,STK31,-0.0195773280344479,5403064837.331473,1.3812290394237392
2020-05-31,STK32,-0.0433788255428848,3582361321.575558,0.4088891870506669
2020-05-31,STK33,-0.0654518521028784,11121570152.932802,1.4139525484514632
2020-05-31,STK34,-0.0723341204278358,2059114660.735567,0.3107571826541678
2020-05-31,STK35,-0.0673164799106621,16657685819.204872,1.2820348312218015
2020-05-31,STK36,-0.087156175683967,3341875242.505023,0.4781233519546207
2020-05-31,STK37,-0.065979982410719,9486135865.537788,1.406504221412247
2020-05-31,STK38,-0.0604725355459045,7300364340.873338,0.445029117343695
2020-05-31,STK39,-0.0403389520389184,3714543927.166255,1.3165975072027858
2020-05-31,STK40,-0.0096806280555935,5825213480.421414,0.2634970505869006
2020-05-31,STK41,-0.0716914138531196,13222287743.637194,1.544410564128012
2020-05-31,STK42,-0.0149379154439796,7321464453.660879,0.4104668514058835
2020-05-31,STK43,-0.0008816443069622,4612773419.601412,1.9638256169343495
2020-05-31,STK44,-0.0376919334064906,2695545349.573132,0.4130860782998392
2020-05-31,STK45,-0.0168899608741237,4825611702.642261,1.407997824131027
2020-05-31,STK46,-0.1269361691297807,6958845829.023417,0.5248663599113721
2020-05-31,STK47,-0.0488495228264832,6592915095.22909,1.217716999658237
2020-05-31,STK48,-0.0929376073819274,14569119933.47291,0.4164648377634386
2020-05-31,STK49,-0.0371390705478097,18275724273.74708,1.3488243041176968
2020-05-31,STK50,-7.825516456896886e-05,4747312834.347482,0.3418365803822594
2020-06-30,STK01,0.0227271721761354,89485833.23780896,1.0111655326568556
2020-06-30,STK02,0.1020196645346498,65257307.573647976,0.4330307013121707
2020-06-30,STK03,0.0181545872801044,50672094.58865582,1.1526016882546897
2020-06-30,STK04,0.0494135299632457,116889054.81511237,0.4429932176842728
2020-06-30,STK05,0.1224168659496087,77230683.1334946,1.766689602340446
2020-06-30,STK06,0.019202708120059,55321071.077383175,0.4953766881807676
2020-06-30,STK07,0.1021302898893277,278719862.8881291,1.5263960719757106
2020-06-30,STK08,0.0974495818747496,144773260.8897479,0.3121071260037819
2020-06-30,STK09,0.0101929203407283,77572575.81479502,1.7360485221451578
2020-06-30,STK10,0.0824956383410916,90160572.5533458,0.3307607135050214
2020-06-30,STK11,0.1191417951306207,282300473.68427217,2.0138159515831457
2020-06-30,STK12,0.0659836250604898,139261274.2612165,0.6825291424241986
2020-06-30,STK13,0.0494193688198732,163616737.45579138,1.595822964933006
2020-06-30,STK14,0.0405028959073082,98903015.45419689,0.2709154539159576
2020-06-30,STK15,0.0387058738203568,84664136.74339204,1.3175831545743195
2020-06-30,STK16,-0.0085530677932452,63960314.22624825,0.5207745033796084
2020-06-30,STK17,0.0619933839782194,52180032.48466045,1.409360704793308
2020-06-30,STK18,0.0453804083837249,43519770.00198239,0.3786409848031843
2020-06-30,STK19,0.0768015262966444,63371583.67000619,1.6287151243474909
2020-06-30,STK20,0.0219763008059138,83692444.09140684,0.3784490690391849
2020-06-30,STK21,0.0334486531019667,147159164.62246093,1.4556031098747553
2020-06-30,STK22,-0.0211335667822967,81924544.63271403,0.4274308716504444
2020-06-30,STK23,0.0311488809351911,94091102.9039457,1.503608728332432
2020-06-30,STK24,0.1429225242278443,70945341.46402858,0.3892118164162034
2020-06-30,STK25,0.1107828553377665,88135441.52245602,1.7614230991118889
2020-06-30,STK26,-0.0278651258657214,4171228519.645471,0.5318458556810809
2020-06-30,STK27,0.0051848265855351,12006082334.374746,1.447284750501313
2020-06-30,STK28,-0.0449690067953267,6043792667.790384,0.3662228269151089
2020-06-30,STK29,-0.0089331560467888,6217970873.53428,1.203010732133552
2020-06-30,STK30,0.0375011752965018,5195972497.951861,0.4282140961848124
2020-06-30,STK31,0.0461307487309718,5652312263.719562,1.5767938258238343
2020-06-30,STK32,0.0346553686279559,3706509373.7332897,0.3292137907944314
2020-06-30,STK33,0.048950244732094,11665973733.724014,1.29408935968963
2020-06-30,STK34,0.0022937972304634,2063837852.2415693,0.3987054260744252
2020-06-30,STK35,0.058479920618149,17631825963.59404,1.446976284377085
2020-06-30,STK36,0.0433305882027411,3486680662.462944,0.5695764296387136
2020-06-30,STK37,0.0243285026784449,9716919347.350618,2.015742760827371
2020-06-30,STK38,-0.0055487669216854,7259856320.702449,0.4741361946083477
2020-06-30,STK39,0.0567568375637243,3925369693.463749,1.0196201357679249
2020-06-30,STK40,0.0414979046756006,6066947634.146966,0.32376990897382
2020-06-30,STK41,-0.0149847281166572,13024155356.718582,1.2076226716875789
2020-06-30,STK42,-0.0182919961696786,7187540253.918075,0.4074824758413408
2020-06-30,STK43,0.0460343609473492,4825119496.167682,1.4952709202618226
2020-06-30,STK44,0.0405736537106648,2804913473.1481047,0.3646182996933776
2020-06-30,STK45,0.0787298513846484,5205531394.8313055,1.3868981259236224
2020-06-30,STK46,-0.0643711557668972,6510896880.205528,0.4312746613791827
2020-06-30,STK47,0.0282498279053994,6779163812.064221,1.6670142750296637
2020-06-30,STK48,0.0310228175710368,15021095083.339598,0.4488864673569046
2020-06-30,STK49,0.0301862204077608,18827399314.78588,1.400373415107631
2020-06-30,STK50,0.0012609931088365,4753299163.1170845,0.4522839788700916
2020-07-31,STK01,0.0594941630013755,94809717.98677307,1.293188389159781
2020-07-31,STK02,-0.0127828847091508,64423130.934504434,0.4004850312775919
2020-07-31,STK03,0.012649345018199,51313063.39590255,1.0915356930131412
2020-07-31,STK04,-0.0418768912803204,111994104.57476048,0.4407916587981683
2020-07-31,STK05,0.0231558766901536,79019027.30883013,1.7484470235695402
2020-07-31,STK06,0.000320895033504,55338823.33434003,0.3319313522150168
2020-07-31,STK07,-0.0267953772306922,271251459.02035487,1.2807965442992657
2020-07-31,STK08,-0.0506791031427936,137436281.86879778,0.441418399431776
2020-07-31,STK09,-0.0011354984444348,77484492.27562651,1.203814557464209
2020-07-31,STK10,-0.0090582395183907,89343876.49204236,0.3675823646013118
2020-07-31,STK11,-0.0623316205004917,264704227.6914751,1.5265381801769131
2020-07-31,STK12,-0.0906145237999811,126642180.21025778,0.4897316966096109
2020-07-31,STK13,-0.0904843313067944,148811986.37650478,1.6384400298796569
2020-07-31,STK14,-0.0090304246258925,98009879.22786428,0.3543974123577733
2020-07-31,STK15,-0.0398442434117052,81290758.27074642,1.0172695759784425
2020-07-31,STK16,-0.0535827152944329,60533146.918920726,0.4151032279031652
2020-07-31,STK17,0.0007482796918378,52219077.74328816,1.2592385051898107
2020-07-31,STK18,-0.0533833980356562,41196536.79754635,0.4465489284016234
2020-07-31,STK19,-0.0330668931765901,61276082.28235875,1.3008144271644135
2020-07-31,STK20,-0.0490876045740618,79584182.49001108,0.3553189830362103
2020-07-31,STK21,-0.0140802687095615,145087124.0415021,1.5522874863010625
2020-07-31,STK22,0.0231067033812031,83817550.7851823,0.4229505079309478
2020-07-31,STK23,-0.0271416090017224,91537318.97838598,1.2498405094108371
2020-07-31,STK24,-0.0346038495659328,68490359.5406036,0.2829244547796862
2020-07-31,STK25,0.0411545418618336,91762615.24010313,1.737820749722182
2020-07-31,STK26,-0.0436578914520314,3989121477.713172,0.4690850186492583
2020-07-31,STK27,-0.0749377631712758,11106373379.786531,1.5382902164623902
2020-07-31,STK28,-0.0158323176254893,5948105422.611323,0.3505338075934974
2020-07-31,STK29,0.0113278644302038,6288407204.620633,1.2356280970681923
2020-07-31,STK30,-0.0440264142524873,4967212460.312502,0.4067000522326244
2020-07-31,STK31,0.0211286454818777,5771737965.692562,1.5936339346434567
2020-07-31,STK32,-0.0471311388386382,3531817365.833152,0.446875683781701
2020-07-31,STK33,-0.064892238176129,10908942587.638733,1.5233000975547282
2020-07-31,STK34,-0.0672364419784275,1925072738.2364464,0.342262040982675
2020-07-31,STK35,0.0018690304252492,17664780382.772697,1.4842026687803558
2020-07-31,STK36,-0.0244297482855467,3401501931.5268908,0.4044053694362141
2020-07-31,STK37,-0.0788547972331628,8950693642.484287,1.567050019287053
2020-07-31,STK38,-0.1027488900381619,6513914141.913737,0.4469125041779674
2020-07-31,STK39,-0.0933135768967154,3559079406.724684,1.016953475361127
2020-07-31,STK40,-0.0368216180694,5843552805.515356,0.3570698544494232
2020-07-31,STK41,-0.0306902685451456,12624440531.247192,1.6403530633864114
2020-07-31,STK42,-0.0264536571849529,6997403528.037877,0.4014564121130644
2020-07-31,STK43,-0.0039265686869816,4806173333.043085,1.770117619989367
2020-07-31,STK44,-0.0378980508471645,2698612719.720841,0.3393987327142824
2020-07-31,STK45,-0.0461598332823131,4965244933.500046,1.6878051631825708
2020-07-31,STK46,-0.0681947919991022,6066887621.732309,0.4765125192892823
2020-07-31,STK47,-0.03564941786278,6537490568.567707,1.2815358169430102
2020-07-31,STK48,-0.100472880886093,13511882386.25254,0.4546674767422087
2020-07-31,STK49,0.0184132808834112,19174073506.67317,1.2227435070393298
2020-07-31,STK50,-0.0661608873572635,4438816672.61072,0.3966649858556046
2020-08-31,STK01,0.0389457567101573,98502154.19724455,1.1994321620629795
2020-08-31,STK02,0.0715097262186027,69030011.38977605,0.4861823994564128
2020-08-31,STK03,0.0365910064949192,53190660.03189623,1.1770217982746864
2020-08-31,STK04,0.0275279247932376,115077069.8627805,0.3207911770690992
2020-08-31,STK05,0.0139253995692301,80119398.8376775,1.521984991924095
2020-08-31,STK06,0.0657437225946865,58977003.58434925,0.4719618779691861
2020-08-31,STK07,-0.0104643179378702,268412997.51205465,1.5781802550847592
2020-08-31,STK08,0.0569147599147255,145258434.85493293,0.3416554856558299
2020-08-31,STK09,-0.0391115518921483,74453953.53515159,1.1186212560129467
2020-08-31,STK10,0.0166084969167194,90827743.9892882,0.4008802098511975
2020-08-31,STK11,0.0542227175518753,279057210.26437724,1.3341618127587742
2020-08-31,STK12,0.0363781071810829,131249183.01559256,0.4770636767195015
2020-08-31,STK13,-0.0351586236549518,143579961.75214744,1.4013297851385098
2020-08-31,STK14,0.0432564989950335,102249443.47018774,0.3164640236704313
2020-08-31,STK15,0.0420377516936758,84708038.98192269,0.9187352335999408
2020-08-31,STK16,0.122692810378556,67960128.83546114,0.5182902418937148
2020-08-31,STK17,0.0856251525860205,56690344.24295848,1.1601017196136263
2020-08-31,STK18,0.0488753699601447,43210032.77460314,0.4340388873613992
2020-08-31,STK19,0.0530010671443358,64523780.03374791,1.1181873658998478
2020-08-31,STK20,0.0816392653736587,86081376.68385878,0.398554825345088
2020-08-31,STK21,-0.016691417253664,142665414.31599125,1.5289737226220632
2020-08-31,STK22,0.0450952722351742,87597326.05592564,0.3184298440776366
2020-08-31,STK23,-0.0017876974902112,91373677.94298764,1.2968174503535366
2020-08-31,STK24,0.0843711451375298,74268969.60592544,0.2855390363142359
2020-08-31,STK25,-0.0131728297528885,90553841.93186542,1.4978614622843356
2020-08-31,STK26,0.0196400007800572,4067467826.6472015,0.3738326216025961
2020-08-31,STK27,0.0417203170308417,11569734798.254128,1.5480151871032604
2020-08-31,STK28,-0.0153492862356725,5856806249.919706,0.3337867525295239
2020-08-31,STK29,-0.0499760868385466,5974137220.0863695,1.2261875703875476
2020-08-31,STK30,0.0014189889199343,4974260879.756644,0.4489804818245452
2020-08-31,STK31,0.0443968274498752,6027984820.241308,1.10214086920051
2020-08-31,STK32,-0.0160479671561574,3475138876.7447143,0.3278878323256387
2020-08-31,STK33,0.0230555492968567,11160454251.244614,1.3865182951775297
2020-08-31,STK34,0.1477153010544107,2209435437.316682,0.47387204774301
2020-08-31,STK35,0.0701066516617909,18903198987.749783,1.0433963203689356
2020-08-31,STK36,-0.0200428525039681,3333326130.021334,0.5701744730803786
2020-08-31,STK37,-0.0165867432268615,8802230785.334099,1.7357209385614143
2020-08-31,STK38,0.05557587995983,6875930652.333374,0.5643579737073658
2020-08-31,STK39,0.0721881152215517,3816002641.0199766,1.3610249999708572
2020-08-31,STK40,0.0760353876258479,6287869608.194827,0.2877235457797926
2020-08-31,STK41,0.0668118110151286,13467902266.19261,1.1470828287734776
2020-08-31,STK42,-0.0448647586769914,6683466707.386929,0.5383478639417505
2020-08-31,STK43,0.0190794229407822,4897872346.790923,1.587716226090476
2020-08-31,STK44,0.0583586621963382,2856100147.8297715,0.4178201299490074
2020-08-31,STK45,-0.0092945024565803,4919095452.268106,1.9683607113042236
2020-08-31,STK46,0.0579807092146155,6418650068.76572,0.4438873273425506
2020-08-31,STK47,0.0606443951131977,6933952729.65673,1.2117709924767812
2020-08-31,STK48,0.0621534132152073,14351691995.520578,0.4530242047280277
2020-08-31,STK49,0.012682756033995,19417253603.1362,1.5488853437203745
2020-08-31,STK50,0.0374619956472903,4605103603.479183,0.3091998108986128
2020-09-30,STK01,0.0705198497005921,105448511.3064188,1.2110894765658249
2020-09-30,STK02,0.0677879623302607,73709415.20152366,0.4716707200875979
2020-09-30,STK03,0.0297048369753499,54770679.91675496,1.075664688467077
2020-09-30,STK04,0.0900428226862783,125438934.05969132,0.3125194839428005
2020-09-30,STK05,0.0779661118137293,86365996.84590463,1.3802229230347884
2020-09-30,STK06,0.0424841687568795,61482592.55740184,0.5630711588860131
2020-09-30,STK07,0.11465919751954,299189016.4106012,1.29700900957251
2020-09-30,STK08,0.0124766092223124,147070767.58286265,0.3652628782596975
2020-09-30,STK09,0.0525674236982193,78367806.05664144,0.9439457368214572
2020-09-30,STK10,0.0196004281840576,92608006.66247022,0.241356963797012
2020-09-30,STK11,0.0639244052149179,296895776.45146185,1.6686724007834874
2020-09-30,STK12,0.1146946627389472,146302763.79632834,0.4276027372524833
2020-09-30,STK13,0.0739106265339762,154192046.68297297,1.3338116308395471
2020-09-30,STK14,0.0164612021204665,103932592.22585572,0.3250673823435558
2020-09-30,STK15,0.0764982686561598,91188057.30529828,1.2130580565181144
2020-09-30,STK16,0.0983314659977396,74642747.9332473,0.3561861175053382
2020-09-30,STK17,0.0620603843206837,60208568.79394834,1.5698572002965867
2020-09-30,STK18,0.0057265172831708,43457475.77409329,0.4427638925724357
2020-09-30,STK19,0.0444629984938933,67392700.76820874,1.621227441954357
2020-09-30,STK20,0.0831296619698328,93237292.4294858,0.4073918912038279
2020-09-30,STK21,0.0329755735949338,147369888.18521997,1.221869525869293
2020-09-30,STK22,0.0991980472131964,96286809.74177112,0.362627048312073
2020-09-30,STK23,0.1200725764387295,102345150.8722849,1.749844538018814
2020-09-30,STK24,0.0456773936283741,77661382.56498906,0.3544528433003445
2020-09-30,STK25,0.0667165966454884,96595286.078733,1.5138567443653863
2020-09-30,STK26,-0.0134650401023878,4012699209.246225,0.3400965708944361
2020-09-30,STK27,0.0625018289276434,12292864383.352812,1.4998161911467969
2020-09-30,STK28,0.0364240730780683,6070134988.770869,0.3610433293123577
2020-09-30,STK29,-0.011638589419252,5904606689.847513,1.0041563599001972
2020-09-30,STK30,0.1061625537622118,5502341117.831077,0.451682171013978
2020-09-30,STK31,0.0436032602536108,6290824611.163106,1.5651690091964574
2020-09-30,STK32,0.0305181140572123,3581193561.3498626,0.2899105283739268
2020-09-30,STK33,0.0709610943491495,11952412298.346548,1.2653835452427684
2020-09-30,STK34,0.0640879483695492,2351033621.5492854,0.3393244526671469
2020-09-30,STK35,0.0903145739092675,20610433349.850506,1.134737505331534
2020-09-30,STK36,0.0774664413358964,3591547043.126044,0.4497696988300397
2020-09-30,STK37,0.0575916951341365,9309166177.22337,1.19552600644432
2020-09-30,STK38,0.0608110570061893,7294063263.203023,0.5025346630399476
2020-09-30,STK39,0.0634939950651511,4058295893.877503,1.1512251370487907
2020-09-30,STK40,0.0597153598196912,6663352004.347483,0.2583599716233802
2020-09-30,STK41,0.0209132362396082,13749559687.93745,1.0188318614681686
2020-09-30,STK42,0.0305570231041506,6887693553.980372,0.456071430692437
2020-09-30,STK43,0.0893766207090764,5335627625.81153,1.4425549504673991
2020-09-30,STK44,0.102865874750735,3149895387.9119844,0.3893242991466016
2020-09-30,STK45,0.101733021617285,5419529896.251187,1.984420626772441
2020-09-30,STK46,0.0639530855561536,6829142545.768506,0.5079792313103507
2020-09-30,STK47,0.0393523447933539,7206820028.254999,1.5082572516553363
2020-09-30,STK48,0.1079435759999875,15900864951.167467,0.4917220639366333
2020-09-30,STK49,0.0904208055618364,21172977315.730244,1.173811728858822
2020-09-30,STK50,0.0859288097659248,5000814674.97492,0.3182231310066961
2020-10-31,STK01,-0.0859779602967849,96382263.38796046,1.022992381508406
2020-10-31,STK02,-0.0089587238810484,73049072.90329966,0.3529738579277537
2020-10-31,STK03,-0.0030067854239026,54605996.23472402,1.4902225768755724
2020-10-31,STK04,0.0206129912735573,128024605.71282804,0.3743745781235738
2020-10-31,STK05,-0.0826026452142032,79231937.04987139,1.3659073427972506
2020-10-31,STK06,-0.0094284946312192,60902904.263560936,0.4715274376173133
2020-10-31,STK07,0.0278867627541765,307532429.52989906,1.4599148410119076
2020-10-31,STK08,-0.0373230472945168,141581638.36872658,0.3805514075070935
2020-10-31,STK09,-0.0444365341129659,74885412.36944719,1.3782122657973344
2020-10-31,STK10,-0.037475269162525,89137496.68618923,0.2400034495886601
2020-10-31,STK11,-0.0428638249414535,284169687.8637895,1.4348877529941322
2020-10-31,STK12,0.0110385302766601,147917731.28405315,0.4831894470110874
2020-10-31,STK13,0.0248053761606912,158016838.401931,1.4383628574757334
2020-10-31,STK14,-0.0044651203839086,103468520.68975556,0.386068300149567
2020-10-31,STK15,-0.0233843616318159,89055682.79676843,1.4204318798880438
2020-10-31,STK16,-0.0304734352103679,72368126.99017966,0.4772764173082811
2020-10-31,STK17,0.0151445835479814,61120402.49435269,1.6689023889327277
2020-10-31,STK18,-0.0785304798876487,40044739.34684788,0.4211518088493195
2020-10-31,STK19,-0.0063714428978992,66963312.023528896,1.6612193200915844
2020-10-31,STK20,0.057344174823294,98583908.02661283,0.4206882607378574
2020-10-31,STK21,-0.0042398678753118,146745059.33051515,1.835800338348201
2020-10-31,STK22,-0.0368472925961328,92738901.4900679,0.4739218132453758
2020-10-31,STK23,-0.0718950704391211,94987039.0412195,1.1351411860543008
2020-10-31,STK24,-0.0340868019196677,75014154.40068874,0.3618568306857857
2020-10-31,STK25,-0.0060904578784748,96006976.55761126,1.5139529099402005
2020-10-31,STK26,-0.0206494063516513,3929839352.7075496,0.4719515331003315
2020-10-31,STK27,-0.005497600842776,12225283121.75876,1.4441871753911355
2020-10-31,STK28,0.0011818288775914,6077308849.591476,0.4346550199621726
2020-10-31,STK29,-0.0428026129383394,5651874095.148841,1.572897794632652
2020-10-31,STK30,-0.0216875122279868,5383009027.555561,0.368487593848164
2020-10-31,STK31,0.0029418290418006,6309331141.7011,1.202335994981724
2020-10-31,STK32,-0.0548589141197631,3384733171.3215218,0.3089955308820216
2020-10-31,STK33,-0.0595042917200272,11241192470.187696,1.462522374918412
2020-10-31,STK34,-0.11586337461084,2078634932.3330405,0.3337969643092393
2020-10-31,STK35,-0.0058353487867653,20490164282.607742,1.359240270813326
2020-10-31,STK36,-0.0843674147373905,3288537504.18978,0.41424421102058
2020-10-31,STK37,-0.0197581698116878,9125234091.08857,1.5436517399938054
2020-10-31,STK38,-0.0811258657593817,6702326066.071977,0.4891334248192391
2020-10-31,STK39,-0.0525946064254115,3844851418.581152,1.1530282961535945
2020-10-31,STK40,-0.0162075398288574,6555355461.343324,0.3547702589844312
2020-10-31,STK41,-0.0503429687719598,13057366033.939417,1.3933535489679705
2020-10-31,STK42,-0.1057247363768878,6159493968.741008,0.4388153415285184
2020-10-31,STK43,-0.0666030246513912,4980258687.518961,1.5864066196836508
2020-10-31,STK44,-0.0404202934534965,3022575691.9847665,0.3535700898117107
2020-10-31,STK45,-0.0497993046375147,5149641075.955655,1.38112562598232
2020-10-31,STK46,-0.0131589288198537,6739278345.108104,0.5044842226414986
2020-10-31,STK47,0.0098303055301918,7277665271.033852,1.3530722008247542
2020-10-31,STK48,-0.0700338678537098,14787265876.41772,0.3893219492658292
2020-10-31,STK49,-0.0040181231738192,21087901684.91916,1.5469731098409547
2020-10-31,STK50,-0.0847167028091374,4577162144.351497,0.3575183506632542
2020-11-30,STK01,-0.0633726546928932,90274263.49175575,1.2090639995655983
2020-11-30,STK02,-0.0262006216372835,71135141.78320596,0.4781430730978033
2020-11-30,STK03,-0.014229266826844,53828992.9439545,1.3270217966530118
2020-11-30,STK04,-0.0810005040510551,117654548.11915135,0.2849982101530726
2020-11-30,STK05,-0.0525615249949324,75067385.61022764,1.3923766146199084
2020-11-30,STK06,-0.0379690490267627,58590478.90570555,0.4665928655634297
2020-11-30,STK07,-0.0852032539218011,281329665.84747463,1.3321722457109542
2020-11-30,STK08,-0.0704920953209068,131601252.02114812,0.3784241749720428
2020-11-30,STK09,-0.023993280505042,73088665.6647313,1.2368011038029292
2020-11-30,STK10,-0.0724150594792766,82682599.561825,0.3204903604665096
2020-11-30,STK11,-0.0088467343598319,281655714.1221422,1.3374152410946656
2020-11-30,STK12,-0.0982541950952264,133384193.65642652,0.3005128735396304
2020-11-30,STK13,-0.0373645466334986,152112610.874584,2.207030068339212
2020-11-30,STK14,-0.0243972090527465,100944177.56010918,0.3532354951958713
2020-11-30,STK15,-0.0249521638415554,86833550.80860187,1.4103789834219174
2020-11-30,STK16,-0.0817900410088866,66449134.91591655,0.4239203710321961
2020-11-30,STK17,0.0053029055979562,61444518.21888932,1.4464008350738884
2020-11-30,STK18,-0.077877158467263,36926168.83495316,0.5251235712836309
2020-11-30,STK19,-0.0450945910273917,63943628.85398824,1.4207465013069505
2020-11-30,STK20,-0.041444479744139,94498149.2473058,0.3035366917232828
2020-11-30,STK21,-0.0778131205117577,135326368.3443247,2.015195042619932
2020-11-30,STK22,0.0072845231287087,93414460.16290332,0.4190709732021703
2020-11-30,STK23,-0.1019560326968978,85302537.38295142,1.4110699764122872
2020-11-30,STK24,-0.1005689799339517,67470057.41200352,0.3190248461736268
2020-11-30,STK25,-0.0631086150556725,89948109.23137799,1.3528549397040213
2020-11-30,STK26,-0.1065085951078558,3511277684.251103,0.4434945520713835
2020-11-30,STK27,-0.0087708106664341,12118057478.15426,1.8308288070180287
2020-11-30,STK28,-0.0715199113810181,5642660259.233617,0.3261824885682152
2020-11-30,STK29,-0.086177425477776,5164810136.504378,1.3965781672548554
2020-11-30,STK30,-0.0986895874823762,4851762087.212194,0.4286914476926032
2020-11-30,STK31,-0.0893265523243518,5745740343.340275,2.05509275571479
2020-11-30,STK32,-0.0625413699517561,3173047321.865921,0.3278755407331933
2020-11-30,STK33,-0.0375461820573405,10819128611.16042,1.3073114141880589
2020-11-30,STK34,-0.0353423825616862,2005171021.3484411,0.4462017627560312
2020-11-30,STK35,-0.077247432841026,18907351693.28541,1.2616532888870962
2020-11-30,STK36,-0.1047383803170412,2944101412.389097,0.375877361099224
2020-11-30,STK37,-0.0597443077183451,8580053297.548639,1.2901875386070656
2020-11-30,STK38,-0.0766602733261174,6188523917.926137,0.4342604584238101
2020-11-30,STK39,-0.0836211820659599,3523340398.091413,1.307749788507054
2020-11-30,STK40,-0.0921724239593533,5951132458.556125,0.2419911263162336
2020-11-30,STK41,-0.1483267076866355,11120609919.06588,1.4756743609754022
2020-11-30,STK42,-0.1310942287582597,5352019857.367754,0.4678814845179936
2020-11-30,STK43,-0.0567633264752084,4697562637.70833,1.1712648579537948
2020-11-30,STK44,-0.1079869841099942,2696176858.7631526,0.2878690058265503
2020-11-30,STK45,-0.051357193453201,4885169963.00325,2.311474225693888
2020-11-30,STK46,-0.1014103470561905,6055845789.222422,0.4972160397109021
2020-11-30,STK47,-0.1041986189790318,6519342600.400463,1.3926537947007085
2020-11-30,STK48,-0.0855388659187406,13522379923.310057,0.6583516394055163
2020-11-30,STK49,-0.0565952085441485,19894427491.30265,1.1920327082877749
2020-11-30,STK50,-0.0886241605942156,4171514991.404725,0.2788682183761122
2020-12-31,STK01,0.0475767128997004,94569216.20813492,1.247914198578458
2020-12-31,STK02,-0.0091672468758967,70483028.37692739,0.377611482903667
2020-12-31,STK03,0.0209907969704283,54958906.40596367,1.393815620876274
2020-12-31,STK04,-0.0284008813407032,114313055.2588253,0.3950467518029069
2020-12-31,STK05,0.0571277027913292,79355812.90469083,1.95357598271007
2020-12-31,STK06,-0.0392590430285472,56290272.77328327,0.4511085728460023
2020-12-31,STK07,0.0634196365449598,299171491.00483656,1.304654767618026
2020-12-31,STK08,-0.0287442395888874,127818474.1028547,0.3779602402896802
2020-12-31,STK09,0.055654252995505,77156360.75474015,1.775016579982666
2020-12-31,STK10,0.0115115493356697,83634404.38588238,0.3487075451732999
2020-12-31,STK11,0.0846225931681844,305490151.0317947,1.2123337152560305
2020-12-31,STK12,0.0530652591092829,140462260.45388755,0.4486100877377162
2020-12-31,STK13,-0.0161984530299794,149648621.89206448,1.7528707337491969
2020-12-31,STK14,-0.075151400854884,93358081.20832282,0.3117167234702525
2020-12-31,STK15,-0.0005915777934971,86782182.008213,1.7344501910771044
2020-12-31,STK16,0.0394965244739526,69073644.79939602,0.4337210297016418
2020-12-31,STK17,0.0340294362229809,63535440.53287081,1.3097497351081986
2020-12-31,STK18,0.0207002842959399,37690551.02779657,0.4513529039498746
2020-12-31,STK19,0.0254524614749005,65571151.60395972,1.098437972665037
2020-12-31,STK20,-0.0310294724255931,91565921.53096697,0.4324703170757163
2020-12-31,STK21,0.0773108344184078,145788562.7998373,1.565600692157176
2020-12-31,STK22,0.0097186576673419,94322323.32240614,0.4761699783599722
2020-12-31,STK23,0.0366020993985113,88424789.33518745,1.5907448146544163
2020-12-31,STK24,0.0383780317571212,70059425.41801617,0.344029913907093
2020-12-31,STK25,0.0558355294744575,94970409.53553832,1.828083324823788
2020-12-31,STK26,0.0217190410124074,3587539268.281304,0.4395469050546713
2020-12-31,STK27,0.1073797408947251,13419291350.305853,1.7674124753475229
2020-12-31,STK28,0.098711607520158,6199656324.112679,0.3291529496159905
2020-12-31,STK29,0.0872227016293368,5615298830.012874,1.3060125150790416
2020-12-31,STK30,0.0866306078469448,5272073185.956148,0.3890050896718023
2020-12-31,STK31,0.1339191929535311,6515205253.040949,1.3058782756229914
2020-12-31,STK32,0.0736463194147708,3406730578.450242,0.403545393704998
2020-12-31,STK33,0.0993483544155598,11893991234.88951,1.045866147286948
2020-12-31,STK34,0.0463977890307478,2098206523.3675356,0.2922834697826479
2020-12-31,STK35,0.1000308369528653,20798669907.726925,1.305756185687157
2020-12-31,STK36,0.0743021481264714,3162854471.631786,0.3404585694418442
2020-12-31,STK37,0.0955417776033862,9399806841.528233,1.7598378538390131
2020-12-31,STK38,0.0746914539546384,6650753767.189096,0.4452780505406015
2020-12-31,STK39,0.1775937892033766,4149063770.0418015,1.2416494771436273
2020-12-31,STK40,0.0534806851858316,6269403100.071348,0.2792319619174158
2020-12-31,STK41,0.0659310181890267,11853803053.912884,1.2728236974647844
2020-12-31,STK42,0.048559298618084,5611910187.83159,0.4678210334936637
2020-12-31,STK43,0.0644370853596727,5000259882.376751,1.6963328843772487
2020-12-31,STK44,0.0269335004778737,2768794339.477082,0.3369119067661102
2020-12-31,STK45,0.1090164126650889,5417733667.62911,1.452245981503386
2020-12-31,STK46,0.0442788049384146,6323991403.6605215,0.3090810896659565
2020-12-31,STK47,0.1185387880643389,7292137571.228149,1.6198461903376251
2020-12-31,STK48,0.0257726085936181,13870886928.327726,0.4286203199619874
2020-12-31,STK49,0.0901662391491291,21688233198.21846,1.4734151961163149
2020-12-31,STK50,0.0304286004767255,4298448354.460851,0.3802690633131181
2021-01-31,STK01,0.0969962915713644,103742079.4771346,1.8019168430755144
2021-01-31,STK02,0.0675395181202382,75243418.14916016,0.3276352918934903
2021-01-31,STK03,0.2107190513710164,66539795.0282168,1.1754911715606156
2021-01-31,STK04,0.0981514097843784,125533042.78923856,0.320424109739329
2021-01-31,STK05,0.2066817996638798,95757215.12962247,1.0758460446457634
2021-01-31,STK06,0.1195626074044066,63020484.55756229,0.4005879183312557
2021-01-31,STK07,0.1315584085236118,338530016.2370689,1.2110781241949016
2021-01-31,STK08,0.0999989324196814,140600185.05665287,0.4048340227435351
2021-01-31,STK09,0.1135439224497642,85916996.59678239,1.0998107476815673
2021-01-31,STK10,0.1218783867318392,93827630.66771196,0.3164723500628569
2021-01-31,STK11,0.2014645872464669,367035598.2172761,1.6060500773099842
2021-01-31,STK12,0.0963916227405529,154001645.67284396,0.4743170683866338
2021-01-31,STK13,0.1219961558188714,167905178.48648816,1.4135325783448411
2021-01-31,STK14,0.0507837922807331,98099158.61213411,0.3830184246860183
2021-01-31,STK15,0.1485119776470914,99670375.48278256,1.431133443566582
2021-01-31,STK16,0.1201343461863323,77371761.95607841,0.421767455920236
2021-01-31,STK17,0.1262756391499512,71558418.89483279,1.3881126806479245
2021-01-31,STK18,0.092945658491182,41193724.11197063,0.403715904417866
2021-01-31,STK19,0.1411779982202203,74828355.52840135,1.1115249045037787
2021-01-31,STK20,0.0899065562821727,99798298.20861983,0.3496307648258727
2021-01-31,STK21,0.1492839138424034,167552450.04805604,1.3022149902121578
2021-01-31,STK22,0.1622507740747497,109626193.29399537,0.4271272614280958
2021-01-31,STK23,0.1638952595022027,102917193.1297056,1.4997953587783928
2021-01-31,STK24,0.1177012647900434,78305508.4001804,0.2864465629369803
2021-01-31,STK25,0.1993518243775937,113902933.93833512,1.572634082138291
2021-01-31,STK26,0.0164418345585264,3646524995.402602,0.3921852191445741
2021-01-31,STK27,0.1437607246562945,15348458399.199768,1.5007085698305571
2021-01-31,STK28,0.0457355789685004,6483201195.501697,0.2507841294201123
2021-01-31,STK29,0.1324337590902374,6358953962.486491,1.1575381836552148
2021-01-31,STK30,-0.0205806403477993,5163570543.828708,0.365842588008895
2021-01-31,STK31,0.0935084833983014,7124432215.281456,2.102024208383482
2021-01-31,STK32,0.0429733252082986,3553129119.49504,0.3108139923342285
2021-01-31,STK33,0.1374698842265093,13529056832.940886,1.2132240151049016
2021-01-31,STK34,0.0302958449955814,2161773462.968196,0.3212866226609653
2021-01-31,STK35,0.120791591915754,23310974355.61155,1.5028691292503955
2021-01-31,STK36,0.0728148968005227,3393157393.578726,0.5666740891085754
2021-01-31,STK37,0.11930434804523,10521244668.507853,1.33391349336155
2021-01-31,STK38,0.1312684010114502,7523787579.728888,0.6255625997534345
2021-01-31,STK39,0.1273092325897444,4677277894.571735,1.2789741006383613
2021-01-31,STK40,0.0208861388568109,6400346723.768759,0.2937852963001967
2021-01-31,STK41,0.1414859229076869,13530949318.961708,1.1688894497538576
2021-01-31,STK42,0.1361879271850445,6376184603.861009,0.3377556529493423
2021-01-31,STK43,0.0738410534454063,5369484339.592255,1.4007829774682483
2021-01-31,STK44,0.0287434375122129,2848379006.55801,0.3451176938182096
2021-01-31,STK45,0.1113893044559656,6021211252.593986,1.5948692115413865
2021-01-31,STK46,0.0577299352757224,6689075018.078069,0.4774096602238679
2021-01-31,STK47,0.1312150068998088,8248975452.951207,1.466969160729369
2021-01-31,STK48,0.1281361184859618,15648248539.28131,0.5594361818691741
2021-01-31,STK49,0.1514099150895009,24972046745.20201,1.912095403869112
2021-01-31,STK50,0.0529174491526448,4525911276.693302,0.3598743768087463
2021-02-28,STK01,0.0396234461842555,107852698.1803396,1.1650848600466868
2021-02-28,STK02,0.0369038205718904,78020187.75175248,0.329552490567445
2021-02-28,STK03,-0.0016840410752688,66427739.280249305,1.243143755922787
2021-02-28,STK04,0.045595111797413,131256735.90948334,0.3705275298188177
2021-02-28,STK05,0.0481360374522157,100366588.02342188,1.1934651777353766
2021-02-28,STK06,0.0004611788076682,63049548.26948923,0.3785689297686537
2021-02-28,STK07,0.0393778408308171,351860597.33290625,1.2734116757146834
2021-02-28,STK08,0.0654805764062395,149806766.21698648,0.3695274192450344
2021-02-28,STK09,-0.0070790358978579,85308787.09363763,1.4694448916080889
2021-02-28,STK10,0.0037033335016074,94175105.67574015,0.2290058339173625
2021-02-28,STK11,0.0587298136411875,388591530.5002585,1.8039472023810057
2021-02-28,STK12,0.0016349078314669,154253424.1694133,0.6551338210510701
2021-02-28,STK13,0.0117878005206522,169884411.2368714,1.561108632300665
2021-02-28,STK14,-0.0038989706982089,97716672.86718649,0.3257270520916697
2021-02-28,STK15,0.0621080797022968,105860711.10722508,1.342436027400284
2021-02-28,STK16,-0.0133350904285858,76340002.5137751,0.449597311140007
2021-02-28,STK17,0.0552493240707756,75511973.17034572,1.548044217951436
2021-02-28,STK18,0.0432049592231763,42973497.282479085,0.4430071205344429
2021-02-28,STK19,0.07497197092115,80438384.82315414,1.182130954280141
2021-02-28,STK20,0.0415258035210125,103942502.73176242,0.4172263686556764
2021-02-28,STK21,0.0154123634272712,170134829.3013264,1.3077897905841829
2021-02-28,STK22,0.0732143007874064,117652398.38400029,0.4190118096765534
2021-02-28,STK23,0.1059981518114441,113826225.39107583,1.6548562551677386
2021-02-28,STK24,0.0814431374187781,84682954.68146357,0.4053642574269279
2021-02-28,STK25,0.0729994939034462,122217790.46995126,1.4608639248209796
2021-02-28,STK26,0.1059299191214007,4032801093.2397656,0.5254911633528592
2021-02-28,STK27,0.0173162833035725,15614236653.113407,1.5047552954882415
2021-02-28,STK28,0.004294805672589,6511045284.772674,0.348141616182115
2021-02-28,STK29,0.0493410037443272,6672711133.7595415,1.3230522887248972
2021-02-28,STK30,0.0331704020059297,5334848254.553484,0.4418670980115088
2021-02-28,STK31,0.0433033946822104,7432944315.386443,1.6999939355775624
2021-02-28,STK32,0.0489453592976052,3727038300.879509,0.4142159584690876
2021-02-28,STK33,0.0866911728839723,14701906637.80245,1.1161345571048178
2021-02-28,STK34,0.0023944449657206,2166949710.553629,0.3413403875263332
2021-02-28,STK35,0.0142192728856391,23642439461.20413,1.2106760551206792
2021-02-28,STK36,0.0570469606085768,3586726709.748913,0.3748880693900697
2021-02-28,STK37,-0.0025016106019361,10494924611.299547,1.8940889198323336
2021-02-28,STK38,-0.011727813745159,7435550000.335686,0.4467369928443402
2021-02-28,STK39,0.013610276342294,4740936939.24656,1.1683620341494791
2021-02-28,STK40,0.0407932923994957,6661437939.129613,0.3190287072960863
2021-02-28,STK41,0.0337135762518804,13987126010.586857,1.1213688944547004
2021-02-28,STK42,0.0385580480891801,6622037836.442171,0.3547421661087922
2021-02-28,STK43,0.0440399739498929,5605956290.032254,1.550351454717234
2021-02-28,STK44,0.0881528681409376,3099471785.538533,0.3651282076288511
2021-02-28,STK45,0.0155287742396834,6114713282.78496,1.7648455505171092
2021-02-28,STK46,0.0074087929120078,6738632989.659894,0.5040915491293402
2021-02-28,STK47,0.0326601244191733,8518388017.575301,1.818414433368744
2021-02-28,STK48,-0.002084016595844,15615637329.629557,0.4968595365953202
2021-02-28,STK49,0.0397461466314734,25964589376.82482,1.132779607332045
2021-02-28,STK50,0.0190388592733741,4612079464.574043,0.3174087065931245
2021-03-31,STK01,0.0327656750421224,111386564.64133272,1.4720735713627695
2021-03-31,STK02,0.0162332184405414,79286706.50229874,0.4176559465447026
2021-03-31,STK03,-0.0159272313438113,65369729.30908639,1.2545726779600603
2021-03-31,STK04,-0.0477336331482337,124991375.02934548,0.257989060980042
2021-03-31,STK05,0.0054786891311592,100916465.35835734,1.3604290956341267
2021-03-31,STK06,0.014156438309352,63942105.309998766,0.4530710271524357
2021-03-31,STK07,0.0092101725663362,355101294.15363646,1.4834895047137469
2021-03-31,STK08,0.0162485652225871,152240911.22864804,0.3858318829913567
2021-03-31,STK09,-0.0087413317294433,84563074.68621568,1.5314185567254643
2021-03-31,STK10,-0.0744370134990636,87164992.06327935,0.3167549921324781
2021-03-31,STK11,-0.0503530885639534,369024746.7497768,1.598665294514856
2021-03-31,STK12,0.039470632108589,160341904.32629436,0.4773497691902418
2021-03-31,STK13,-0.081955803053651,155961397.8876569,1.507799841613043
2021-03-31,STK14,-0.0222916756701201,95538404.48806792,0.2880608560790236
2021-03-31,STK15,-0.0479436630963288,100785360.83876248,1.173365826618275
2021-03-31,STK16,-0.0056272479560336,75910418.39066584,0.3897379859428422
2021-03-31,STK17,-0.0791622454250159,69534275.8177076,1.3530216099683627
2021-03-31,STK18,-0.0161918157715439,42277678.33142224,0.4552846165339346
2021-03-31,STK19,-0.0237745784045899,78525996.13643748,1.5092636201255911
2021-03-31,STK20,0.0124963226009924,105241401.77785309,0.2821009651899897
2021-03-31,STK21,0.0231711720695004,174077052.70608252,1.165223299302251
2021-03-31,STK22,-0.0127610518677432,116151030.02585764,0.4400807217853533
2021-03-31,STK23,-0.0378710465835068,109515507.10686566,1.680519910728843
2021-03-31,STK24,-0.0032446015315026,84408192.23701192,0.3263634985269263
2021-03-31,STK25,0.0328873284011385,126237207.0815981,1.2208482295451353
2021-03-31,STK26,-0.0141657917776916,3975673272.672084,0.3950781785535316
2021-03-31,STK27,0.0513406482807928,16415881685.293966,1.351779783497835
2021-03-31,STK28,0.0406300978925206,6775589692.075622,0.2800356950317677
2021-03-31,STK29,0.0273603289364537,6855278705.27714,1.6249650552548665
2021-03-31,STK30,-0.0121804257652462,5269867531.420041,0.4017746889889424
2021-03-31,STK31,0.0296038915740442,7652988392.975052,1.5716948340976526
2021-03-31,STK32,-0.0677081488052258,3474687437.0007825,0.3204979820809456
2021-03-31,STK33,0.0501038111075293,15438528190.903437,1.419745012224109
2021-03-31,STK34,0.036211332060585,2245417846.0810747,0.3664920454612046
2021-03-31,STK35,0.0471997606562597,24758356945.103077,1.274285543642325
2021-03-31,STK36,0.0649020248305828,3819512535.725553,0.4228417699187989
2021-03-31,STK37,-0.0643890301708873,9819166593.861391,1.255589678254982
2021-03-31,STK38,-0.0067822091378231,7385120545.178668,0.4813930163944741
2021-03-31,STK39,-0.0258365539157691,4618447466.404454,1.2658326379649183
2021-03-31,STK40,0.0143695153374043,6757159573.765103,0.2253556935001398
2021-03-31,STK41,-0.026490941403469,13616593875.037458,1.1436638160417496
2021-03-31,STK42,0.0588445421853863,7011708621.261916,0.3742978601848599
2021-03-31,STK43,0.0032994760140024,5624453008.346763,1.3139245546093974
2021-03-31,STK44,0.012847827369062,3139293263.9744105,0.3768497750206051
2021-03-31,STK45,0.0372832541765852,6342689692.323974,1.34425354194114
2021-03-31,STK46,0.0895084967247127,7341797898.543907,0.4527408287694847
2021-03-31,STK47,0.007069748685525,8578610880.065347,1.2325160345492128
2021-03-31,STK48,-0.0032101575978926,15565508672.809908,0.4760087618527898
2021-03-31,STK49,-0.008800323928021,25736092579.650715,2.0824494387066785
2021-03-31,STK50,0.0281692820320807,4741998431.765997,0.3342880920430735
2021-04-30,STK01,0.0107071591357866,112579198.31453604,1.550520091376258
2021-04-30,STK02,-0.0348682218132298,76522120.03313613,0.5136638301899396
2021-04-30,STK03,-0.0193343422440728,64105848.59022211,1.0124436666203465
2021-04-30,STK04,-0.0192157402703166,122589573.2307518,0.3552272660201362
2021-04-30,STK05,0.0301524105024942,103959340.04830325,1.3498553263175512
2021-04-30,STK06,0.0175471951243906,65064109.90853764,0.3308919425221749
2021-04-30,STK07,0.0854699056495202,385451768.2609703,1.3420780796056777
2021-04-30,STK08,-0.0015689818864763,152002047.99654964,0.4156204278695354
2021-04-30,STK09,0.0186296392868349,86138454.26460557,0.9375339339271004
2021-04-30,STK10,-0.0599808344818157,81936763.101723,0.3882433176946591
2021-04-30,STK11,0.0069213849098779,371578909.0633022,1.6544242287780742
2021-04-30,STK12,0.0359474577922987,166105788.1644006,0.4886093188229965
2021-04-30,STK13,-0.0095864723482225,154466278.25941673,1.6464545423055197
2021-04-30,STK14,-0.0205905281257817,93571218.28336404,0.3071725876167387
2021-04-30,STK15,0.010821702508632,101876030.0309847,1.63118144168422
2021-04-30,STK16,0.0147151439629006,77027451.12556852,0.4388413209799003
2021-04-30,STK17,0.041443306843175,72416006.14653882,1.6260029618306533
2021-04-30,STK18,-0.0434626674698358,40440177.65670695,0.3578733910147719
2021-04-30,STK19,0.0734607269811382,84294572.89953822,1.5843268765696057
2021-04-30,STK20,0.036676306443726,109101267.6800249,0.3302896148805533
2021-04-30,STK21,0.0616918993175507,184816196.71512213,1.5085241029327343
2021-04-30,STK22,-0.0148981470947927,114420594.89532071,0.4290576019217751
2021-04-30,STK23,0.0630553052267448,116421040.83455084,1.9717811007264388
2021-04-30,STK24,-0.0506713724871102,80131113.28720668,0.2985390157764268
2021-04-30,STK25,0.0511461839655089,132693758.49828556,1.5617307183380027
2021-04-30,STK26,0.0132730920163379,4028442749.847156,0.418616609496492
2021-04-30,STK27,0.1354930460418042,18640119498.29631,2.1777508077488563
2021-04-30,STK28,0.0760714302870763,7291018490.990187,0.3191382862154301
2021-04-30,STK29,0.13650038922633,7791026916.802442,1.629604045524403
2021-04-30,STK30,0.0110205500744516,5327944370.4357815,0.5441548258420794
2021-04-30,STK31,0.1231163201313967,8595196161.926432,1.2104102426914023
2021-04-30,STK32,0.0524302278712232,3656866091.1040106,0.4438510566600943
2021-04-30,STK33,0.1321385677221766,17478553193.787865,1.252480983140229
2021-04-30,STK34,0.1222822493092651,2519992590.939033,0.3510787986075392
2021-04-30,STK35,0.0799506601521434,26737803927.14647,1.0574605556712036
2021-04-30,STK36,0.0367486091548414,3959874309.062948,0.3191215867368594
2021-04-30,STK37,0.0383753325813144,10195980377.572157,1.6350048046927033
2021-04-30,STK38,0.0585763491089874,7817713944.44501,0.5573096750704539
2021-04-30,STK39,0.117926520734098,5163084907.310741,1.2886425889788962
2021-04-30,STK40,0.1038439078055307,7458849429.570428,0.2749496756604257
2021-04-30,STK41,0.1373972597822961,15487476561.036003,1.023277192582033
2021-04-30,STK42,-0.0169505654662766,6892856195.24676,0.3865535100999527
2021-04-30,STK43,0.1111003990645477,6249331982.093884,1.4207863608801146
2021-04-30,STK44,0.1368895657997612,3569029755.797983,0.3576394011488628
2021-04-30,STK45,0.0860735409503646,6888627453.291676,1.684026129041864
2021-04-30,STK46,0.0905336715847143,8006477818.332029,0.6445289823961631
2021-04-30,STK47,0.1146750336072593,9562363371.040442,1.3681551028046908
2021-04-30,STK48,0.0345651557920159,16103532905.067556,0.4533659229866451
2021-04-30,STK49,0.112818584239438,28639602108.34201,1.5252716296817237
2021-04-30,STK50,0.0536171329901841,4996250792.321239,0.3754188992243881
2021-05-31,STK01,-0.0024692180301844,112301215.72823408,1.5883624130106502
2021-05-31,STK02,0.0187490176184718,77956834.60984021,0.3845779845672449
2021-05-31,STK03,-0.031400875058116,62092868.84814604,1.0006571480180717
2021-05-31,STK04,0.0288178628814037,126122342.74280542,0.3377831398723677
2021-05-31,STK05,0.0044207686221993,104418920.23677334,1.0290625395825204
2021-05-31,STK06,0.03165266337158,67123562.27704407,0.3203769317358143
2021-05-31,STK07,0.0547135740591584,406541212.12995046,1.163981388452079
2021-05-31,STK08,-0.0268924281918834,147914343.8357832,0.4362804152521956
2021-05-31,STK09,0.0276941809607845,88523988.20469181,1.2462901493980592
2021-05-31,STK10,0.038678810891453,85105979.66679233,0.2817941570811063
2021-05-31,STK11,-0.0064602721268811,369178408.19414365,1.5199501635967074
2021-05-31,STK12,-0.0013076787166794,165888575.16050076,0.4903324199426362
2021-05-31,STK13,0.014653532212411,156729754.84362233,1.638653760168531
2021-05-31,STK14,0.0782475872250601,100892940.3477467,0.3249880988562749
2021-05-31,STK15,-0.038239269376369,97980365.0756348,1.098926380078411
2021-05-31,STK16,0.0295588451609107,79304293.62652883,0.3872647165372794
2021-05-31,STK17,0.0001102818983147,72423992.32116503,0.981262810368861
2021-05-31,STK18,0.0284542491824329,41590872.54873274,0.6361096093204006
2021-05-31,STK19,-0.0023756123356616,84094321.67232876,1.0371815456572948
2021-05-31,STK20,-0.0188702046546565,107042504.43082038,0.3404660756964955
2021-05-31,STK21,0.0042302058859842,185598007.27829167,1.7007991181486288
2021-05-31,STK22,0.0160479699294186,116256813.16150704,0.3632012481565368
2021-05-31,STK23,0.0050890195690881,117013509.78961147,1.6326670927646465
2021-05-31,STK24,0.017574242913193,81539356.93702064,0.3775869409041533
2021-05-31,STK25,-0.0365701983606958,127841121.428777,1.878144173458815
2021-05-31,STK26,0.0129089484224126,4080445709.527574,0.5267297264083285
2021-05-31,STK27,0.0548469772444352,19662473708.25293,1.186237333230019
2021-05-31,STK28,0.1310704110407192,8246655281.509755,0.3194192674640245
2021-05-31,STK29,-0.0062180919893615,7742581594.742172,1.496623327527021
2021-05-31,STK30,0.0811653182556467,5760388670.910584,0.3831539563245967
2021-05-31,STK31,0.0432386896546991,8966841181.29323,1.7143599522200077
2021-05-31,STK32,0.0532405465234747,3851559640.357551,0.3864347029544261
2021-05-31,STK33,0.0335116452667072,18064288268.19336,1.3602566034763617
2021-05-31,STK34,0.0891698730671322,2744700010.403181,0.5054802216865345
2021-05-31,STK35,0.0717761222646789,28656939810.910343,1.2910832900718403
2021-05-31,STK36,0.070521783930798,4239131709.479804,0.5049359470004225
2021-05-31,STK37,0.0524015189850693,10730265236.898895,1.5008086201714572
2021-05-31,STK38,0.0605394429428966,8290993991.728626,0.5019438716305262
2021-05-31,STK39,0.0627104992904738,5486864539.727307,1.1332617200255282
2021-05-31,STK40,0.0617454041514251,7919399102.103881,0.2446493232862951
2021-05-31,STK41,0.0229150426267425,15842372746.612822,1.6613417764396046
2021-05-31,STK42,0.009898127682525,6961082565.964596,0.5016211275093733
2021-05-31,STK43,0.0208483521881287,6379620256.197113,1.2835152345251748
2021-05-31,STK44,0.0911911082986995,3894493534.780239,0.2658185619414308
2021-05-31,STK45,0.0219369597160924,7039742996.233704,1.563695247992908
2021-05-31,STK46,0.0314702542751015,8258443711.122898,0.4554773049012933
2021-05-31,STK47,0.0392092183072009,9937296163.988348,1.2575506697644567
2021-05-31,STK48,0.0658224820021157,17163507409.881844,0.5268128409690731
2021-05-31,STK49,-0.0051420037154257,28492337167.892605,1.354988360089042
2021-05-31,STK50,0.1412206749695084,5701824701.529786,0.3245382194657633
2021-06-30,STK01,-0.0880217129277587,102416270.35596517,1.5039185545442373
2021-06-30,STK02,0.049854863500945,81843361.95827954,0.4191481586257947
2021-06-30,STK03,0.0082438888013584,62604755.554287486,1.2943854319261956
2021-06-30,STK04,0.056020649991255,133187798.36167724,0.3396574710645531
2021-06-30,STK05,-0.06747284043728,97373479.09300448,1.2796488307752845
2021-06-30,STK06,0.0173118096444643,68285592.60984261,0.4697385380265853
2021-06-30,STK07,0.0362784361893357,421289891.5525421,1.139481276112169
2021-06-30,STK08,0.0384969790591149,153608599.2329721,0.3271865521678825
2021-06-30,STK09,-0.017274725795672,86994760.58211645,1.067856267665838
2021-06-30,STK10,-0.0100746483926298,84248566.8455391,0.2925151528155713
2021-06-30,STK11,0.0435611142943552,385260231.0284969,1.7036583621453856
2021-06-30,STK12,0.0244003626852714,169936316.5597599,0.4366222336970317
2021-06-30,STK13,-0.0635421882705014,146770803.25375935,1.274748279306008
2021-06-30,STK14,0.0529047712489119,106230658.27747434,0.302212121372227
2021-06-30,STK15,-0.0519326008454763,92891989.8854678,1.2724415875299726
2021-06-30,STK16,0.0212385527326608,80988602.04864228,0.472693385872633
2021-06-30,STK17,0.0104519370845493,73180963.33231772,2.401466507995154
2021-06-30,STK18,0.0278833770937642,42750566.53166776,0.534596506388388
2021-06-30,STK19,-0.0293758993656229,81623975.34166211,1.506258286715512
2021-06-30,STK20,0.0290188849458109,110148758.55120982,0.3552333207949789
2021-06-30,STK21,0.0244209705777762,190130490.75332877,1.7521620379669034
2021-06-30,STK22,0.04988893737822,122056742.03311288,0.5197632788699096
2021-06-30,STK23,0.0438706332980281,122146966.56850676,1.593418402381824
2021-06-30,STK24,0.0590059152679316,86350661.32344812,0.3334930347417378
2021-06-30,STK25,-0.0357666542614512,123268672.23823774,1.1356371454481162
2021-06-30,STK26,-0.0474636609130478,3886772817.9964566,0.4278100272625648
2021-06-30,STK27,-0.068000972400261,18325406376.29716,1.3925108213641708
2021-06-30,STK28,-0.0672956410696273,7691691327.660327,0.2958428453711024
2021-06-30,STK29,-0.0143975274609368,7631107563.613328,1.4014639474405892
2021-06-30,STK30,-0.0781325456692333,5310314840.008129,0.4180258531483889
2021-06-30,STK31,-0.0613934388871131,8416335965.219056,1.3025781336507454
2021-06-30,STK32,-0.0085937233412956,3818460402.375818,0.2247658567930991
2021-06-30,STK33,-0.0584503501155757,17008424294.328766,1.528076934023061
2021-06-30,STK34,-0.0684248908682886,2556894211.725153,0.4376144821679693
2021-06-30,STK35,-0.0098522350226062,28374604904.86457,1.3267802608474026
2021-06-30,STK36,-0.000861385308803,4235480183.703177,0.5226894200410549
2021-06-30,STK37,-0.0474386574351355,10221235860.137505,1.3291098974942983
2021-06-30,STK38,0.0020154117102216,8307703758.108932,0.5109272840972332
2021-06-30,STK39,-0.0814773216167347,5039809512.956489,1.095203734730225
2021-06-30,STK40,-0.0266454194863013,7708383390.948885,0.3349991906505733
2021-06-30,STK41,-0.1301035485220852,13781223835.26892,1.1353610579333275
2021-06-30,STK42,-0.0556630640995533,6573607380.893025,0.4230897743133566
2021-06-30,STK43,-0.1042848260639062,5714322667.425824,1.5973141848043306
2021-06-30,STK44,-0.0153428075487401,3834741069.9762926,0.3468476559777648
2021-06-30,STK45,-0.0096872549684453,6971547210.916861,1.4676259754370182
2021-06-30,STK46,-0.047376959664445,7867183756.529939,0.403470991455941
2021-06-30,STK47,-0.0937561140149206,9005613891.837423,1.1661828120450155
2021-06-30,STK48,-0.0197528030125302,16824480029.010347,0.5821132312942144
2021-06-30,STK49,-0.0976503953633446,25710049178.62217,1.2405481382941594
2021-06-30,STK50,-0.0647875109255323,5332417671.383955,0.3109406600785641
2021-07-31,STK01,-0.0952605943309949,92660035.57269204,1.423205890674088
2021-07-31,STK02,0.0230329982791148,83728459.97342157,0.4121941472232844
2021-07-31,STK03,-0.0554813586768015,59131358.65650658,1.055681892567048
2021-07-31,STK04,-0.1358145626094962,115098955.78226426,0.323365720513938
2021-07-31,STK05,-0.0652883881472049,91016121.59473664,1.4637094154854466
2021-07-31,STK06,-0.0542813219884154,64578960.370218,0.342783180735343
2021-07-31,STK07,-0.0732372712025423,390435769.5100189,1.402960127234745
2021-07-31,STK08,-0.0558487529611826,145029750.52169654,0.366822644416473
2021-07-31,STK09,-0.1048994849899668,77869055.00022697,1.692789600718585
2021-07-31,STK10,-0.035109796261101,81290616.82830247,0.3251152160126324
2021-07-31,STK11,-0.0536987932920817,364572221.5188381,1.6429898497986086
2021-07-31,STK12,-0.054601195018395,160657590.59857273,0.3908133788387319
2021-07-31,STK13,-0.068862619052064,136663781.34133026,1.5920382601870804
2021-07-31,STK14,-0.0400446710084141,101976686.51574562,0.439459664965292
2021-07-31,STK15,-0.013687721171013,91620510.22889496,1.4767232401001964
2021-07-31,STK16,-0.0624354845285664,75932039.43844403,0.4278224204414395
2021-07-31,STK17,-0.0467474061725777,69759943.11532134,1.4442783847913556
2021-07-31,STK18,0.0131972746272891,43314757.49865837,0.4187868454705716
2021-07-31,STK19,-0.0823726718716167,74900390.40398642,1.3832458757026105
2021-07-31,STK20,-0.0816267991182185,101157667.96382909,0.3486740984798957
2021-07-31,STK21,-0.106499567769937,169881675.66821322,1.1783841055663975
2021-07-31,STK22,-0.0429035458903806,116820075.0000649,0.5155969634590698
2021-07-31,STK23,-0.0444080940304907,116722652.5915933,1.5741621100626946
2021-07-31,STK24,-0.0335332635838934,83455041.83664542,0.4509062416826237
2021-07-31,STK25,-0.08317959806174,113015233.62785676,1.5867542526800642
2021-07-31,STK26,-0.0368364961259127,3743597726.144027,0.5821936684535404
2021-07-31,STK27,-0.0217196601651205,17927384777.416252,1.5863969278391787
2021-07-31,STK28,0.0140844751310047,7800024762.880124,0.3103948088840086
2021-07-31,STK29,-0.0498074472350399,7251021576.293743,1.3784045708071266
2021-07-31,STK30,0.0300870570018916,5470086585.297444,0.447451223547181
2021-07-31,STK31,-0.0625493433951078,7889899676.801971,1.7014668750676325
2021-07-31,STK32,-0.0275334521040131,3713325005.775933,0.4551308569247049
2021-07-31,STK33,-0.0030444861686433,16956642381.814266,1.4670029917537222
2021-07-31,STK34,0.012283005245989,2588300556.741212,0.2977288013003575
2021-07-31,STK35,-0.0228801147501182,27725390688.652008,1.0812232684893075
2021-07-31,STK36,0.0260640386796076,4345873903.037928,0.4151785886515908
2021-07-31,STK37,-0.0571441315903235,9637152213.130074,1.551762331136603
2021-07-31,STK38,-0.0413053945349305,7964550776.700917,0.5423931659203983
2021-07-31,STK39,0.0314481113435345,5198302003.670149,1.0264500008303798
2021-07-31,STK40,-0.0326220377115845,7456920217.273998,0.4007542414380798
2021-07-31,STK41,0.0393661014954587,14323736891.499752,1.3805829614478695
2021-07-31,STK42,-0.0377366402686938,6325541523.892635,0.3838678440216917
2021-07-31,STK43,-0.0317868825822036,5532682163.759534,0.9985424680072936
2021-07-31,STK44,0.0456840986207077,4009927759.201968,0.289379040965391
2021-07-31,STK45,-0.0681443046337242,6496475974.007751,1.4275131651476674
2021-07-31,STK46,0.0212006058245904,8033972818.30175,0.4234476548936307
2021-07-31,STK47,0.0183128726945695,9170532552.575089,1.5424246539636424
2021-07-31,STK48,0.0213763776306339,17184126467.54953,0.5604683230367583
2021-07-31,STK49,-0.070355540057557,23901204783.753857,1.6575141338163093
2021-07-31,STK50,0.0625985264250512,5666219159.8954935,0.3097595844119008
2021-08-31,STK01,0.074805739355687,99591538.04243156,1.6726066617937727
2021-08-31,STK02,-0.0160951548778806,82380837.4424629,0.2927318992034682
2021-08-31,STK03,-0.0079056605245412,58663886.20861335,0.90639845070602
2021-08-31,STK04,0.0064496001917899,115841298.0295524,0.2807188775103922
2021-08-31,STK05,0.0925301349718892,99437855.6105155,1.4040373716760746
2021-08-31,STK06,-0.0112378088631038,63853234.35699952,0.3907237168775387
2021-08-31,STK07,0.0381541717779053,405332522.9281428,1.3025493927411442
2021-08-31,STK08,0.0424484156561015,151186033.6543422,0.3769795135327146
2021-08-31,STK09,0.0360867615655088,80679097.02135165,1.1404491541043853
2021-08-31,STK10,-0.0616803272005666,76276584.98399688,0.3233979001994962
2021-08-31,STK11,0.0264757933625798,374224560.3215075,1.4767346146581004
2021-08-31,STK12,0.0184610249846831,163623494.392592,0.5638484732984408
2021-08-31,STK13,-0.0403148305276238,131154204.15729028,1.613346514264189
2021-08-31,STK14,-0.0428232283382445,97609715.58390428,0.2822446928215813
2021-08-31,STK15,-0.0214829879135911,89652227.91501056,1.2453984821979962
2021-08-31,STK16,0.014532230240024,77035501.31815809,0.4705763665361722
2021-08-31,STK17,0.0272595751891226,71661569.52986237,1.3308708830456402
2021-08-31,STK18,0.0438770979160119,45215283.35463531,0.5021475078224615
2021-08-31,STK19,0.0655231354946911,79808098.8330321,1.1406493580892816
2021-08-31,STK20,0.0138173818385858,102555402.08798616,0.3220452139066062
2021-08-31,STK21,0.0833838309744182,184047060.59778243,1.437890938782795
2021-08-31,STK22,0.0062364409702859,117548616.50194718,0.4623556367991258
2021-08-31,STK23,-0.015396292146189,114925556.532215,1.76974958477292
2021-08-31,STK24,-0.0718074928876957,77462344.51351815,0.4188831384571864
2021-08-31,STK25,0.033216935068882,116769253.3050678,1.42725725954193
2021-08-31,STK26,0.0336908844252097,3869722844.470023,0.3900196937973
2021-08-31,STK27,0.0642891452930082,19079921022.095222,1.5639417774207949
2021-08-31,STK28,0.0528737331964974,8212441191.118721,0.250694865979844
2021-08-31,STK29,0.0796501986429425,7828566885.209802,1.448647609977877
2021-08-31,STK30,0.0372231382443979,5673700374.470799,0.4302098010149027
2021-08-31,STK31,0.0818579626816288,8535750790.107423,1.5312110870148998
2021-08-31,STK32,0.0542520439346253,3914780477.132832,0.2896786739732341
2021-08-31,STK33,0.0961329277576325,18586734058.917225,1.087393191906662
2021-08-31,STK34,0.0459604671990202,2707260059.5805225,0.4199469832788029
2021-08-31,STK35,0.1201083634870559,31055441991.305256,1.2954521448767735
2021-08-31,STK36,0.0362998219216575,4503628351.812183,0.4732567189941281
2021-08-31,STK37,0.1197347686118767,10791054403.44664,1.187291655058926
2021-08-31,STK38,0.0125879095054313,8064807821.12944,0.5759266704844153
2021-08-31,STK39,0.0743802092805185,5584952794.606474,1.278298721218166
2021-08-31,STK40,0.0898325821852748,8126794615.541303,0.3012039339438982
2021-08-31,STK41,0.1016564844410877,15779837627.948734,1.1037394049914475
2021-08-31,STK42,0.0595909451304621,6702486521.76338,0.3815828554238538
2021-08-31,STK43,0.072596440167836,5934335193.428556,1.7314750087797015
2021-08-31,STK44,0.0379455890304992,4162086829.994637,0.4245438749683257
2021-08-31,STK45,0.0256613495804045,6663184315.017463,1.8247375977934712
2021-08-31,STK46,-0.0337077977964435,7763165287.04031,0.3773332402953364
2021-08-31,STK47,0.0560606827439359,9684638868.59794,1.3020179293173189
2021-08-31,STK48,0.0149550436249729,17441115828.528786,0.5332596455301568
2021-08-31,STK49,0.0722428008149459,25627894760.183823,1.396627776705933
2021-08-31,STK50,0.0060407881686214,5700447589.557405,0.3216921824648689
2021-09-30,STK01,-0.0305221711462066,96551788.07358652,1.7707311125599474
2021-09-30,STK02,-0.0177831171194556,80915849.36182475,0.5210548934052732
2021-09-30,STK03,-0.0065710788127804,58278401.188872576,1.1708734924628823
2021-09-30,STK04,0.0081763195330087,116788453.4973605,0.3601576444306192
2021-09-30,STK05,0.0189381342314074,101321023.06775077,1.3049627191392916
2021-09-30,STK06,0.023489320063081,65353103.415874,0.4259744369880452
2021-09-30,STK07,-0.0683438915338337,377630520.9460066,1.0421585974477243
2021-09-30,STK08,-0.0682406374925891,140869002.33779386,0.62451925817447
2021-09-30,STK09,-0.0411204546350828,77361535.87228572,1.4184847183502514
2021-09-30,STK10,0.0082444596018858,76905444.20746726,0.2919774190049576
2021-09-30,STK11,-0.0344536467017381,361331159.533077,1.5464836716680437
2021-09-30,STK12,0.0499553362746368,171797361.0774051,0.5017505414137919
2021-09-30,STK13,-0.040224134140272,125878639.8562068,1.525081566700109
2021-09-30,STK14,0.028959404299002,100436434.80100916,0.3840786280113705
2021-09-30,STK15,-0.0291737771829716,87036733.79386105,1.521109207150354
2021-09-30,STK16,-0.058141668558008,72556528.73331775,0.5921676462678341
2021-09-30,STK17,0.0164514999896145,72840509.84023866,1.7383784215467042
2021-09-30,STK18,-0.014149549694868,44575507.45584137,0.4380123180416722
2021-09-30,STK19,-0.0022004774252789,79632482.91319558,1.242052924305489
2021-09-30,STK20,-0.0410975941199669,98340621.7981641,0.397666761986113
2021-09-30,STK21,-0.0368829805906501,177258856.4339882,1.6078609100293906
2021-09-30,STK22,-0.0334373802284968,113618098.71663782,0.4029392666314826
2021-09-30,STK23,-0.0443941172055035,109823537.90561612,1.858386186351025
2021-09-30,STK24,-0.004470118486695,77116078.65528554,0.2942662492277977
2021-09-30,STK25,0.0115333515737309,118115994.15643716,2.1652777564910166
2021-09-30,STK26,0.0097459394847172,3907436929.134856,0.4135805371413028
2021-09-30,STK27,0.0201754669028136,19464867337.184807,1.510303813887956
2021-09-30,STK28,0.0517244912458881,8637225533.616112,0.3728758976410916
2021-09-30,STK29,0.0710998460049922,8385176785.188001,1.2546767399872565
2021-09-30,STK30,0.0320748860383485,5855683667.397685,0.3497730252617921
2021-09-30,STK31,-0.0180115416683987,8382008759.080335,1.8266078132465735
2021-09-30,STK32,0.0179016792019301,3984861621.3804426,0.3865687998163731
2021-09-30,STK33,0.025438038834143,19059544121.70785,1.2210553598989555
2021-09-30,STK34,0.018426707055886,2757145947.6225133,0.3979531734889398
2021-09-30,STK35,0.0198268324372902,31671173035.932854,1.2274669668045974
2021-09-30,STK36,-0.0243893258612355,4393787892.381936,0.4136188104334625
2021-09-30,STK37,0.0622075225392063,11462339163.470848,1.3479245433758604
2021-09-30,STK38,0.0459735361754531,8435575555.242213,0.5290014850563775
2021-09-30,STK39,0.0105321057222957,5643774107.8933,1.1677149925737955
2021-09-30,STK40,-0.0073937585149573,8066707058.653335,0.3025528255928127
2021-09-30,STK41,0.0139003975025726,15999183643.503271,1.3894360487502992
2021-09-30,STK42,-0.0283157732556592,6512700433.164016,0.3689116274577795
2021-09-30,STK43,-0.0057281078707862,5900342681.299194,1.428959053166554
2021-09-30,STK44,-0.0049449321409094,4141505593.05574,0.3802205762397181
2021-09-30,STK45,0.0206615890187882,6800856290.89079,1.6820142296103318
2021-09-30,STK46,0.0015765607261367,7775404388.542365,0.3779432718132025
2021-09-30,STK47,0.0084582397734736,9766553866.268042,1.3081594139004384
2021-09-30,STK48,-0.0065943305696354,17326103345.252167,0.4164413041683499
2021-09-30,STK49,-0.0409524723116219,24578369109.612232,1.3556808770839817
2021-09-30,STK50,0.0940789236008207,6236739562.82586,0.3090387367032544
2021-10-31,STK01,0.0661072190088631,102934558.27346444,1.2726909227578251
2021-10-31,STK02,0.0398782626355631,84142632.85405526,0.3573449704974966
2021-10-31,STK03,0.1183448904542224,65175352.19341692,1.285865804435948
2021-10-31,STK04,0.0802374676094463,126159263.25201228,0.3561404926321737
2021-10-31,STK05,0.1236148791499429,113845809.08961934,1.700105755358615
2021-10-31,STK06,0.0240749393408544,66926475.41634776,0.3280218319956205
2021-10-31,STK07,0.0910663039910438,412019936.762772,1.3212628305708207
2021-10-31,STK08,0.0334146178647104,145576086.21989426,0.3365319655780825
2021-10-31,STK09,0.0594758536530583,81962679.25820161,1.1160321863988385
2021-10-31,STK10,0.1188845376511261,86048312.38492647,0.248841897852263
2021-10-31,STK11,0.1071002310206421,400029810.19402605,1.6687757774230916
2021-10-31,STK12,0.0768026129228067,184991847.3013927,0.4281527198493848
2021-10-31,STK13,0.0851339868314624,136595190.32408753,1.4503493260470066
2021-10-31,STK14,0.0262056210680137,103068433.95282666,0.3313273921038345
2021-10-31,STK15,0.1241982550052548,97846544.25241548,1.120930853807092
2021-10-31,STK16,0.0319421902736089,74874143.17970997,0.4865910349884976
2021-10-31,STK17,0.0906529826436387,79443719.31453963,1.5020202744050422
2021-10-31,STK18,0.0462383490746765,46636605.3297654,0.38278744536347
2021-10-31,STK19,0.0990472810381769,87519863.82806668,1.421787623861558
2021-10-31,STK20,0.105778070705276,108742903.04393113,0.4266389799776753
2021-10-31,STK21,0.0988758807884989,194785481.9914609,1.5394611588355631
2021-10-31,STK22,0.0390471919972145,118054566.43158484,0.4319831309017759
2021-10-31,STK23,0.126316341793781,123696045.4567042,1.2790258771578815
2021-10-31,STK24,0.0330682562379173,79666172.90432191,0.3747817771134911
2021-10-31,STK25,0.1199769452779884,132287190.32379924,1.368055911377034
2021-10-31,STK26,0.0766406673402521,4206905502.973697,0.3884303045163358
2021-10-31,STK27,0.1030380845659041,21470489983.937763,1.4933946520910577
2021-10-31,STK28,0.0868735022657054,9387571565.580118,0.3072770944651781
2021-10-31,STK29,0.1676969308832389,9791345196.977411,1.4751863267026577
2021-10-31,STK30,0.0657991897608358,6240982908.208213,0.4270249156197502
2021-10-31,STK31,0.0876891983455505,9117020387.689472,1.220574699382441
2021-10-31,STK32,0.0926045403450329,4353877900.166942,0.3794498890918479
2021-10-31,STK33,0.0917102329876405,20807499353.74789,1.615909844603865
2021-10-31,STK34,0.0769539539842501,2969319230.003718,0.4179255747088609
2021-10-31,STK35,0.1222057926957992,35541573842.39485,1.2735061897174604
2021-10-31,STK36,0.0170117130535463,4468533751.225284,0.4405471002203038
2021-10-31,STK37,0.0756490884001224,12329454672.120438,1.2926175968063045
2021-10-31,STK38,0.1454267805623498,9662334150.431543,0.6372336573873936
2021-10-31,STK39,0.0813345954125785,6102808191.558789,1.3109477208915912
2021-10-31,STK40,0.0543475341314737,8505112695.8520975,0.3218431731180785
2021-10-31,STK41,0.0809525533195456,17294358410.473175,1.2562887629172572
2021-10-31,STK42,0.0256931991934856,6680032542.6808,0.4506221550748054
2021-10-31,STK43,0.1412606852419729,6733829131.621979,1.3031708605318937
2021-10-31,STK44,0.0357631462996619,4289618863.48106,0.380475270717327
2021-10-31,STK45,0.1074821108469279,7531826680.602341,1.5286481468255877
2021-10-31,STK46,0.1069191488671807,8606744007.863457,0.3423846605255502
2021-10-31,STK47,0.1043031750233739,10785236443.556606,1.2307521082283606
2021-10-31,STK48,0.0315532594766411,17872798379.82401,0.3998079859209643
2021-10-31,STK49,0.1322915526534392,27829879720.81217,1.3147038057634373
2021-10-31,STK50,0.1153220788003187,6955973334.147128,0.3551088078407579
2021-11-30,STK01,-0.0843585794379095,94251145.16244625,1.199316758307476
2021-11-30,STK02,-0.0043193066739256,83779195.01840706,0.4015405591042338
2021-11-30,STK03,-0.0226835325848973,63696944.9682054,1.056386433952572
2021-11-30,STK04,-0.002802633752909,125805685.04258008,0.4016289399885445
2021-11-30,STK05,-0.0724667478156104,105595773.55245776,1.749528655170757
2021-11-30,STK06,0.0089769293554754,67527269.65817128,0.4558774132838825
2021-11-30,STK07,-0.1291062427709707,358825590.7805975,1.5914847224505038
2021-11-30,STK08,-0.0130956541873431,143669672.13681167,0.4079917385550877
2021-11-30,STK09,-0.0215302083686026,80198005.69532359,1.497992156325004
2021-11-30,STK10,-0.0500280111655823,81743486.45215385,0.3974692151582466
2021-11-30,STK11,-0.0692381313095669,372332493.6680709,1.549720865095621
2021-11-30,STK12,-0.0015302808661257,184708757.8170781,0.4294386551873284
2021-11-30,STK13,-0.031266293265436,132324365.04476656,1.3603725726977374
2021-11-30,STK14,0.0302572288022868,106186999.14123072,0.354656073688036
2021-11-30,STK15,-0.0938729774236816,88661397.81282322,0.927437199893564
2021-11-30,STK16,-0.0084950750601003,74238081.71333763,0.5979905740561636
2021-11-30,STK17,-0.0083187964956202,78782843.18070678,1.6224361422454454
2021-11-30,STK18,-0.0264357335335455,45403732.45835859,0.4600723745334338
2021-11-30,STK19,-0.071624928825908,81251259.81052823,1.7092124047667938
2021-11-30,STK20,-0.0294813195988806,105537018.76518288,0.4244942818481036
2021-11-30,STK21,-0.0643447517971169,182252058.49903855,1.2703699976822629
2021-11-30,STK22,0.0315971822320382,121784758.08044788,0.3899742896579847
2021-11-30,STK23,-0.1107897230780917,109991794.8347009,1.6105325984654717
2021-11-30,STK24,-0.0009839201940476,79587787.74801885,0.3922020215094712
2021-11-30,STK25,-0.0057735437393322,131523424.4443114,1.528856729030403
2021-11-30,STK26,-0.0112868490123698,4159422795.752325,0.4443991858166218
2021-11-30,STK27,-0.0683770498932509,20002401219.073505,1.2719852995434668
2021-11-30,STK28,0.0265212069475334,9636541293.80565,0.2536122061912427
2021-11-30,STK29,-0.0187134681500003,9608115170.488115,1.1205541365862612
2021-11-30,STK30,0.0148527369498329,6333678585.652231,0.3795926964200397
2021-11-30,STK31,-0.0557284692940154,8608942796.961208,1.4905009791330146
2021-11-30,STK32,0.0136854869250827,4413462839.243083,0.2867200869303585
2021-11-30,STK33,-0.0720879679101731,19307529008.043964,1.3545950996619711
2021-11-30,STK34,-0.0046872931520005,2955401160.3108177,0.5182557055390906
2021-11-30,STK35,-0.042558132031777,34028990850.19306,1.484787604776577
2021-11-30,STK36,0.0170566420299137,4544751931.8185215,0.4974981994686064
2021-11-30,STK37,-0.054203399200203,11661156318.606686,1.416857992585045
2021-11-30,STK38,0.0494187590027892,10139834713.216145,0.5195077574968919
2021-11-30,STK39,-0.1756941070801857,5030580755.661224,1.4366398277553682
2021-11-30,STK40,0.0022697440313994,8524417124.629888,0.2283777198566721
2021-11-30,STK41,-0.1025467516575751,15520878133.477283,1.399746621553282
2021-11-30,STK42,-0.0210691319271582,6539290055.761348,0.4060932304149812
2021-11-30,STK43,-0.0793617242850359,6199420840.695652,1.4418079645554631
2021-11-30,STK44,-0.0322765588183722,4151164727.925514,0.2970321373300131
2021-11-30,STK45,-0.0527687736701189,7134381423.171073,1.404000387982504
2021-11-30,STK46,0.021180236396469,8789036880.553898,0.4990100997446197
2021-11-30,STK47,-0.0495386491277326,10250950399.61962,1.2715308444152238
2021-11-30,STK48,0.0089155472845912,18032144158.88729,0.4072328669694106
2021-11-30,STK49,-0.0371525805455634,26795927872.91135,1.5064985753463558
2021-11-30,STK50,0.0599710737280161,7373130523.81938,0.30623924034236
2021-12-31,STK01,0.0741923713287124,101243861.12249485,1.099070715273284
2021-12-31,STK02,0.0315864070595461,86425478.77537957,0.5604181051277988
2021-12-31,STK03,0.0809994235896339,68856360.79505067,1.171930920505059
2021-12-31,STK04,0.1045048536415019,138952989.7452238,0.4179743142058089
2021-12-31,STK05,0.096860247990029,115823806.36544776,1.133873718924337
2021-12-31,STK06,0.0472924484899741,70720799.58014895,0.4203102293922198
2021-12-31,STK07,0.0948937659912327,392875902.42379737,1.358738227529834
2021-12-31,STK08,0.1092168625962104,159360822.97782043,0.5071728743570616
2021-12-31,STK09,0.1015948142057815,88345707.18361418,1.186422966751026
2021-12-31,STK10,0.1252996379290005,91985915.7076629,0.3188146374653457
2021-12-31,STK11,0.0823775238690619,403004322.55243975,1.4437360326290218
2021-12-31,STK12,0.0750178033066859,198565203.080022,0.5414216473498641
2021-12-31,STK13,0.0910419922010144,144371438.85517636,1.2097278622916856
2021-12-31,STK14,0.110794228693566,117951905.80836776,0.3363405075219235
2021-12-31,STK15,0.111948556119484,98586913.28150396,1.3832986548974056
2021-12-31,STK16,0.1310403419546658,83966265.32711184,0.5495582659188015
2021-12-31,STK17,0.1357831724953013,89480227.56598297,1.1455738698801077
2021-12-31,STK18,0.0675847845489814,48472333.93427636,0.3720816360349944
2021-12-31,STK19,0.0598740791961637,86116104.17521189,1.4389068008824228
2021-12-31,STK20,0.1340688429756755,119686244.7621331,0.3418296099831137
2021-12-31,STK21,0.0400696182876854,189554828.91524,1.9737255618363945
2021-12-31,STK22,0.1388497518106196,138694541.5142344,0.4141927575418246
2021-12-31,STK23,0.1612195800825122,127724625.8104732,1.1904056658734972
2021-12-31,STK24,0.0794763058008483,85913131.1050934,0.3991926024501129
2021-12-31,STK25,0.0712655271202285,140896510.6159928,1.725624122129341
2021-12-31,STK26,0.0297934882385457,4283346509.896711,0.3802565102863578
2021-12-31,STK27,0.0176127299031212,20354698109.158916,1.4048771612393012
2021-12-31,STK28,0.0528874544990807,10146193433.01031,0.2755976527345164
2021-12-31,STK29,0.0052729571128881,9658778349.71779,1.235523619244698
2021-12-31,STK30,0.1040013487401727,6992389701.046813,0.405841759501293
2021-12-31,STK31,0.0553470696399963,9085422553.471363,1.9253134368820737
2021-12-31,STK32,0.0445985167579191,4610296735.63952,0.2961057340887818
2021-12-31,STK33,0.0098442696089635,19497597529.082035,1.236213125128942
2021-12-31,STK34,0.0567360841563336,3123079049.2579384,0.3185248952661396
2021-12-31,STK35,0.0289314460823544,35013498764.21235,1.4047036204535894
2021-12-31,STK36,0.0880524781230304,4944928601.869571,0.3997516465796434
2021-12-31,STK37,0.0607011746361074,12369002204.761375,1.3708352649388098
2021-12-31,STK38,0.0446112641777081,10592185558.325722,0.5558323803006459
2021-12-31,STK39,0.0385126589080367,5224321796.41334,1.0836416308327486
2021-12-31,STK40,-0.0031018346679496,8497975792.068647,0.3606373942529783
2021-12-31,STK41,0.0354660018392428,16071341625.905851,1.3565614429176212
2021-12-31,STK42,-0.0298361648953528,6344182719.359111,0.440939594572713
2021-12-31,STK43,-0.0513437469722228,5881119345.676649,1.1388776632617288
2021-12-31,STK44,0.0081680823979345,4185071783.47061,0.3658362013139302
2021-12-31,STK45,0.0216697868156117,7288981947.67245,1.2270808883932682
2021-12-31,STK46,0.0272874247344591,9028867062.920397,0.4301722131704997
2021-12-31,STK47,0.0438695331346114,10700654807.836992,1.3438274063175293
2021-12-31,STK48,0.042194656975125,18793004296.19755,0.3841435790810376
2021-12-31,STK49,0.041532914904398,27908840865.041363,1.1900810291923476
2021-12-31,STK50,0.0069553157927938,7424412974.99403,0.2938365372892321
2022-01-31,STK01,-0.000256862559938,101217855.3651489,1.4225643585025785
2022-01-31,STK02,0.0068446967846549,87017034.97206567,0.4507894899499354
2022-01-31,STK03,0.0041651541735475,69143158.15359145,1.3569921474206148
2022-01-31,STK04,0.0774730361525508,149718099.74326056,0.3974612692392122
2022-01-31,STK05,0.0057147232845557,116485707.36859028,1.7071815848663718
2022-01-31,STK06,0.0445170945928522,73869084.10474057,0.303819522720756
2022-01-31,STK07,0.0174836338472337,399744800.8491765,1.216132934682387
2022-01-31,STK08,0.0696725741499999,170463901.73334765,0.4642553089156745
2022-01-31,STK09,0.00579103503177,88857320.26882099,1.3866782387245713
2022-01-31,STK10,0.0428227990386211,95925010.09039567,0.3425088332035588
2022-01-31,STK11,0.0145594868791772,408871858.6988937,1.7022499725884837
2022-01-31,STK12,0.0647259679609282,211417528.0527347,0.4623467349157172
2022-01-31,STK13,-0.0087637740938553,143106200.17944476,1.4163817429720955
2022-01-31,STK14,0.0467072215729509,123461111.60791102,0.3688853011272658
2022-01-31,STK15,0.0146908585222169,100035239.67666462,1.0675939268247416
2022-01-31,STK16,0.0311321211454521,86580313.27140665,0.5394199405237452
2022-01-31,STK17,0.0663075807189313,95413444.97806272,1.602416852759923
2022-01-31,STK18,0.0121809210211443,49062771.60564032,0.469310555643327
2022-01-31,STK19,-0.0045934363064048,85720535.33572732,1.5337367209243995
2022-01-31,STK20,0.0400745780279952,124482620.51673096,0.3574150586239271
2022-01-31,STK21,0.038008875821395,196759594.86882508,1.7214870468676824
2022-01-31,STK22,0.0538817220510251,146167642.25009876,0.4067810984027529
2022-01-31,STK23,-0.0273268910508778,124234308.87643626,1.261562571017739
2022-01-31,STK24,0.1009322892414458,94584540.10343096,0.3244117860152276
2022-01-31,STK25,0.0556473467682089,148737027.60067156,1.4126177932623143
2022-01-31,STK26,0.1114143521419158,4760572786.29619,0.3791858069485333
2022-01-31,STK27,0.0508338280148466,21389405332.134014,1.8083588403703168
2022-01-31,STK28,0.0855801725608932,11014506417.843536,0.2571300147407984
2022-01-31,STK29,0.0019914660942867,9678013479.313484,1.6679522561388285
2022-01-31,STK30,0.0004711567388364,6995684212.575032,0.382099731770647
2022-01-31,STK31,0.0843493450330278,9851771995.204971,1.4558279812464057
2022-01-31,STK32,0.0821814691488395,4989177694.586474,0.3571478273453007
2022-01-31,STK33,0.040589034759925,20288986192.924973,1.441172005190213
2022-01-31,STK34,0.038283808636482,3242642409.936336,0.4433147560638129
2022-01-31,STK35,0.0743683599741923,37617395244.26524,1.6597964672973646
2022-01-31,STK36,0.0838102882875901,5359364493.55381,0.3555015258511
2022-01-31,STK37,0.1048082501074716,13665375681.417875,1.4304150929201953
2022-01-31,STK38,-0.013102189857555,10453404732.134089,0.524175375756967
2022-01-31,STK39,0.078183297145895,5632776499.808101,1.2525712331463592
2022-01-31,STK40,0.0240881685654099,8702676465.41277,0.2624341012197725
2022-01-31,STK41,0.0585538302885031,17012380235.9777,1.2068408232988836
2022-01-31,STK42,0.0321318690365322,6548033167.641388,0.3840658963757055
2022-01-31,STK43,0.0691636398142769,6287878965.805805,1.468648185845262
2022-01-31,STK44,0.0457196866828945,4376411954.156309,0.3353735921149859
2022-01-31,STK45,0.0639758681988251,7755300896.060358,1.5057259295732237
2022-01-31,STK46,0.0828284845077869,9776714438.564363,0.5498667465094667
2022-01-31,STK47,0.0307603517070496,11029810713.22179,1.0070997859834694
2022-01-31,STK48,0.0278132221930328,19315698300.36232,0.4191933930502961
2022-01-31,STK49,0.0099790884688128,28187345657.09563,1.6254522840494012
2022-01-31,STK50,0.0269349128507582,7624388891.443534,0.2969351453610125
2022-02-28,STK01,0.0457597044406248,105849554.51077203,1.2258546023292574
2022-02-28,STK02,0.0344679910271751,90016337.35269423,0.4229559505971066
2022-02-28,STK03,0.0501490404081504,72610621.18578304,1.34621504315648
2022-02-28,STK04,-0.0390729478338014,143868172.24221626,0.3586778454478673
2022-02-28,STK05,-0.0076359932395801,115596223.294616,1.3927241410768385
2022-02-28,STK06,-0.0180513794786882,72535645.23582277,0.3907765793435408
2022-02-28,STK07,0.0097202973561164,403630439.17999214,1.3943580312539776
2022-02-28,STK08,-0.0635814918587748,159625552.55307382,0.3811803801430041
2022-02-28,STK09,0.0487921988132732,93192864.305392,1.2983503756117731
2022-02-28,STK10,0.0553455897453967,101234036.34518176,0.3183902745264196
2022-02-28,STK11,0.0473490991640573,428231572.88182,1.9260408086076417
2022-02-28,STK12,-0.0227925777973923,206598777.5968604,0.3860396504703424
2022-02-28,STK13,0.0503906362852979,150317412.6628582,1.3566918626617228
2022-02-28,STK14,0.0338783569903685,127643771.22139156,0.2880210784075633
2022-02-28,STK15,0.0446799952830476,104504813.71355651,1.5500481990394264
2022-02-28,STK16,0.0340787771411597,89530864.47219472,0.5050404503282444
2022-02-28,STK17,-0.0075457688520687,94693477.17687868,1.1999683998147854
2022-02-28,STK18,0.0369821870439983,50877220.20205708,0.3957155991038735
2022-02-28,STK19,0.0707731382218959,91787246.63149768,1.6482554755307002
2022-02-28,STK20,0.0241847032415125,127493195.75265393,0.4610211005889434
2022-02-28,STK21,0.0327563119693001,203204713.54130143,1.3895140030679902
2022-02-28,STK22,0.0407214614874627,152119802.26469937,0.3883701833231946
2022-02-28,STK23,0.0288405835716956,127817298.844059,1.792911664577644
2022-02-28,STK24,0.0513955839045141,99445767.77038674,0.3422125009136971
2022-02-28,STK25,0.0483490322534323,155928318.9454161,1.4082792668870074
2022-02-28,STK26,0.0006254479025179,4763550276.560163,0.4588109285511257
2022-02-28,STK27,0.0765385129401388,23026518608.929432,1.5560615945652492
2022-02-28,STK28,-0.0054971477355159,10953958048.830862,0.2585696819607588
2022-02-28,STK29,-0.001891246642838,9659709968.811392,1.0451588922635455
2022-02-28,STK30,0.0371559866170508,7255615761.554584,0.3563295245611317
2022-02-28,STK31,0.0348067607830781,10194680266.3315,1.3590528216675408
2022-02-28,STK32,0.0698694981631298,5337769036.353912,0.3613662129945199
2022-02-28,STK33,0.0609813948430661,21526236870.92125,1.263702842088759
2022-02-28,STK34,0.0308251075253128,3342597210.8887634,0.4010075426175074
2022-02-28,STK35,0.0375409073753109,39029586394.830666,1.5486357832498752
2022-02-28,STK36,0.0391330239431224,5569092632.599972,0.4289204617549251
2022-02-28,STK37,0.040295877884482,14216033991.12186,1.1443565750754152
2022-02-28,STK38,-0.0184556762349575,10260480078.844845,0.4746318813322231
2022-02-28,STK39,0.0028446045211704,5648799521.306197,1.2081311533373138
2022-02-28,STK40,-0.0462906592861377,8299823834.2748575,0.293077403729116
2022-02-28,STK41,-0.0145465927651748,16764908068.718622,1.2330574839388448
2022-02-28,STK42,0.0254039626357838,6714379157.570024,0.430326163683469
2022-02-28,STK43,0.0757332063934201,6764080201.300022,1.5044059764835995
2022-02-28,STK44,-0.0413255998287506,4195554105.053085,0.3640245779117718
2022-02-28,STK45,0.0312187849954555,7997411967.30953,2.08972229606969
2022-02-28,STK46,0.0068802857271195,9843981027.374144,0.4025443557725865
2022-02-28,STK47,-0.0482174206171449,10497981690.734882,1.2470729461254189
2022-02-28,STK48,0.0099677834279028,19508232997.77904,0.4144887148833762
2022-02-28,STK49,-0.0116530806992983,27858876243.454483,1.5484113652398923
2022-02-28,STK50,-0.0262948658216859,7423906608.570674,0.2638756001844312
2022-03-31,STK01,0.0109952354236539,107013395.28210688,1.385158017032628
2022-03-31,STK02,0.0311494549113675,92820297.19434842,0.3308976123403861
2022-03-31,STK03,0.0716248342242684,77811344.89113592,1.2073813123453945
2022-03-31,STK04,0.1024147854073466,158602400.22935,0.4065301745280083
2022-03-31,STK05,0.0426724433426777,120528996.58378305,1.3888838543618414
2022-03-31,STK06,-0.0013856164646616,72435138.65150915,0.4528529645205052
2022-03-31,STK07,0.0519524164857613,424600015.8626019,1.247542890070164
2022-03-31,STK08,0.0408799487150122,166151036.95504895,0.4837541951917276
2022-03-31,STK09,0.0357072085813693,96520521.34943987,1.7077803409828471
2022-03-31,STK10,0.0358446347236819,104862733.39957872,0.3043370721918519
2022-03-31,STK11,-0.0009105764169908,427841635.3105429,1.8667264529764056
2022-03-31,STK12,0.0448311376171044,215860835.8268308,0.4170018289526071
2022-03-31,STK13,0.0294762037537828,154748199.34625003,1.1186084583641194
2022-03-31,STK14,0.0384765459907414,132555062.6552231,0.3556409960467325
2022-03-31,STK15,0.1021245379890389,115177319.53168409,1.3983796291859387
2022-03-31,STK16,0.0956620617215764,98095571.5553199,0.5359070466257807
2022-03-31,STK17,0.0112168424204051,95755638.98861197,1.6073329286446372
2022-03-31,STK18,0.0185498242137038,51820983.69328714,0.4058209611050972
2022-03-31,STK19,0.1166209255142824,102491560.28407064,1.1942238842783846
2022-03-31,STK20,-0.0186540975614982,125114925.24065672,0.4641187617762069
2022-03-31,STK21,0.0490077964307759,213163328.7763077,1.8140791273670964
2022-03-31,STK22,0.0818594975470418,164572252.84504303,0.4515513026059117
2022-03-31,STK23,0.068243103144579,136539947.9527356,1.567017820634491
2022-03-31,STK24,0.0157651928124882,101013549.4736728,0.316099124105995
2022-03-31,STK25,0.088546130325204,169735168.19614688,1.3122454947154227
2022-03-31,STK26,0.1235854753148398,5352255901.674986,0.369456924949614
2022-03-31,STK27,0.0450833391119779,24064630955.944065,1.415057450581739
2022-03-31,STK28,0.1085253950646882,12142740673.602251,0.263997768351721
2022-03-31,STK29,0.0712414688195157,10347881895.360037,1.4338089497303477
2022-03-31,STK30,0.0308201566818622,7479234976.149085,0.4199984826316636
2022-03-31,STK31,0.0674657813556599,10882472336.170685,1.5599660238271706
2022-03-31,STK32,0.0726568213299185,5725594367.52865,0.3813475529642883
2022-03-31,STK33,0.022323282160971,22006773130.454727,1.3874827884348604
2022-03-31,STK34,0.0976218103451108,3668907601.870243,0.3770897087962409
2022-03-31,STK35,0.0660862722332187,41608906266.46937,1.078289301493142
2022-03-31,STK36,0.0363342340223508,5771441347.605009,0.3936074121794113
2022-03-31,STK37,0.0651773811166621,15142597856.528631,1.572813079204485
2022-03-31,STK38,0.0907937803771761,11192067853.687874,0.7179769787049269
2022-03-31,STK39,0.0994460385478974,6210550256.251358,1.2784080451991489
2022-03-31,STK40,0.1434817205729959,9490696838.469376,0.3423282161587196
2022-03-31,STK41,0.0501372128096336,17605453832.29391,1.1451961626085352
2022-03-31,STK42,0.0590711266792054,7111005099.359058,0.3409778840527233
2022-03-31,STK43,0.1008092066303308,7445961759.977005,1.3218365143698294
2022-03-31,STK44,0.0256675635703239,4303243756.757268,0.4265045018011288
2022-03-31,STK45,0.0781520619154975,8622426202.542446,1.8145400130262528
2022-03-31,STK46,0.0448253575234848,10285240996.380592,0.4575078101391846
2022-03-31,STK47,0.164981845111258,12229958080.01653,1.2515189047529467
2022-03-31,STK48,0.1394113021482252,22227901162.61039,0.3824836916476176
2022-03-31,STK49,0.0678293205438724,29748524890.16383,1.363658172943697
2022-03-31,STK50,0.0914525908320001,8102842102.019269,0.2807307701504055
2022-04-30,STK01,0.0873241053864069,116358244.2894788,1.1496533862621008
2022-04-30,STK02,0.0393300805940497,96470926.9637658,0.4138489992906663
2022-04-30,STK03,0.1025470688293335,85790670.23139024,1.4461891150905677
2022-04-30,STK04,0.1561205431966249,183363493.10544464,0.3549795503646551
2022-04-30,STK05,0.0849457609236328,130767423.91195442,1.4671212701533431
2022-04-30,STK06,0.0761553208895622,77951459.87919478,0.4970020090643474
2022-04-30,STK07,0.0324673473146713,438385652.047428,1.3881994665418362
2022-04-30,STK08,0.1028031984384852,183231894.97789893,0.4659722721992589
2022-04-30,STK09,0.0790552406242344,104150974.38989642,1.2253512921502292
2022-04-30,STK10,0.0717925413797427,112391095.5263609,0.2547600104308905
2022-04-30,STK11,0.0707774350372664,458123168.8599728,1.1784324132224857
2022-04-30,STK12,0.1053380168039025,238599188.17846188,0.5837491555292188
2022-04-30,STK13,0.0658646972977643,164940642.65356487,1.7852558840858543
2022-04-30,STK14,0.0585165059033848,140311721.761611,0.3735940352742791
2022-04-30,STK15,0.1103068994030191,127882172.53077497,1.6330089268041663
2022-04-30,STK16,0.14475226675475,112295127.89655524,0.4901698466600432
2022-04-30,STK17,0.0978610082674282,105126382.36732936,1.5632368893133668
2022-04-30,STK18,0.1049382001673175,57258984.4529606,0.3344819663853945
2022-04-30,STK19,0.1176722028494163,114551967.95617098,1.1034587574712251
2022-04-30,STK20,0.0637542996532964,133091539.67554934,0.3315418025920602
2022-04-30,STK21,0.1319362678885401,241287302.82575163,1.582192385509472
2022-04-30,STK22,0.0989571086013098,180857847.14259225,0.3883342428518029
2022-04-30,STK23,0.0738049817486028,146617276.31934243,1.4557504297552644
2022-04-30,STK24,0.0644843245056646,107527339.97740212,0.406932984167414
2022-04-30,STK25,0.1167652641943801,189554339.95364752,1.5751323348392592
2022-04-30,STK26,-0.0010749402181263,5346502546.548572,0.476536397385662
2022-04-30,STK27,-0.0611082419967952,22594083663.924667,1.2611497306096686
2022-04-30,STK28,0.0634699485950341,12913439799.958618,0.3951328718443957
2022-04-30,STK29,-0.0293313735566778,10044364305.966846,1.1071757336067378
2022-04-30,STK30,0.0060226170441118,7524279544.193357,0.4565361045949241
2022-04-30,STK31,-0.0335768902735991,10517072756.6336,1.8595455869494957
2022-04-30,STK32,-0.069282644659074,5328910047.501167,0.317546300453791
2022-04-30,STK33,-0.0197314380216289,21572547850.375107,1.1720962682678553
2022-04-30,STK34,0.0656785513555605,3909876138.218485,0.3947617321864286
2022-04-30,STK35,0.0534050846198406,43831033426.56918,1.1282901096086206
2022-04-30,STK36,0.0420347045927659,6014042179.726062,0.4559394997669779
2022-04-30,STK37,0.0252957268802625,15525640876.16503,1.1893217148431754
2022-04-30,STK38,0.0309171158563813,11538094312.192823,0.5472850566715753
2022-04-30,STK39,0.0376536096538236,6444399891.3357,1.0043965758503464
2022-04-30,STK40,0.0184019055200478,9665343745.010303,0.2645278329558629
2022-04-30,STK41,0.0327969137002293,18182858382.285027,1.105515718651735
2022-04-30,STK42,0.0005243853928004,7114734006.561293,0.3325643150170325
2022-04-30,STK43,0.02266782927055,7614745549.907207,1.262109338568965
2022-04-30,STK44,-0.0663532962932716,4017709348.742981,0.3967040625658001
2022-04-30,STK45,0.0408862339823599,8974964737.755228,1.5794723774651247
2022-04-30,STK46,-0.0126847696636674,10154775083.406197,0.4850136504661648
2022-04-30,STK47,-0.0409200732872,11729507299.082869,1.0785846313680725
2022-04-30,STK48,-0.007378593841903,22063890507.97352,0.544395314183711
2022-04-30,STK49,-0.0015955908599788,29701058415.751232,1.845217609932543
2022-04-30,STK50,0.0257817320900139,8311747406.261216,0.2809527352163802
2022-05-31,STK01,-0.066618862440499,108606590.41934004,1.200632839357155
2022-05-31,STK02,-0.0407373876407758,92540953.41597793,0.4405485234719081
2022-05-31,STK03,-0.0047136470254222,85386283.29384506,1.2873282186928767
2022-05-31,STK04,-0.007646667272571,181961373.48373097,0.3215722495317893
2022-05-31,STK05,-0.0255911527924604,127420934.78634714,1.5255883401277055
2022-05-31,STK06,-0.0151082209321407,76773752.00135699,0.3215369923595557
2022-05-31,STK07,-0.0241005143058573,427820332.3687764,1.4596969464580745
2022-05-31,STK08,0.00745091045717,184597139.42027685,0.3240916550135269
2022-05-31,STK09,-0.0362074232498992,100379935.97827202,1.3800190581041067
2022-05-31,STK10,-0.0146818689775015,110740984.18760502,0.3546324063610592
2022-05-31,STK11,-0.0407615516648865,439449357.6436055,1.4111443939254091
2022-05-31,STK12,0.0001640809890202,238638337.7692376,0.4579888947251364
2022-05-31,STK13,-0.0289754606643557,160161411.55040297,1.248949934566366
2022-05-31,STK14,-0.0096355081802131,138959747.01879722,0.488869048354995
2022-05-31,STK15,-0.0172402591720661,125677450.7328575,1.2863373552309012
2022-05-31,STK16,-0.0406215999234592,107733520.13778768,0.3843259422776323
2022-05-31,STK17,0.058857242189992,111313831.31488098,1.327614151610938
2022-05-31,STK18,-0.0006301397845041,57222903.288836494,0.4201900840813558
2022-05-31,STK19,-0.0220581098469814,112025168.06380583,1.4179558108377182
2022-05-31,STK20,-0.0582007024747899,125345518.572981,0.3940262729571572
2022-05-31,STK21,-0.0934101657641723,218748615.8720081,1.569281808425935
2022-05-31,STK22,-0.0378408981507877,174014023.76909864,0.451924537362592
2022-05-31,STK23,-0.0448623823257063,140039676.01355037,1.51377650233939
2022-05-31,STK24,0.0201976313477242,109699137.55006713,0.3426339005213
2022-05-31,STK25,-0.0247847964554574,184856274.2206478,1.09102259278052
2022-05-31,STK26,0.002787543314706,5361406153.979261,0.5260578313487847
2022-05-31,STK27,-0.0825730677872657,20728420861.952263,1.3406607605771723
2022-05-31,STK28,-0.051305681830475,12250906966.244947,0.314279954663516
2022-05-31,STK29,-0.054859082272058,9493339698.135288,1.3893058090888648
2022-05-31,STK30,-0.0266058587716516,7324089625.282122,0.3447848955638755
2022-05-31,STK31,-0.0230748827880503,10274392535.500883,1.3359505878103155
2022-05-31,STK32,-0.0075401713679074,5288729152.538844,0.3093141398259371
2022-05-31,STK33,-0.042908768037936,20646896398.676086,1.0468268337965458
2022-05-31,STK34,-0.0757615778156543,3613657752.9232745,0.538510070253758
2022-05-31,STK35,-0.0224541701939521,42846843942.23219,1.5757293252924298
2022-05-31,STK36,-0.0944629715530442,5445937884.383791,0.5370051829865291
2022-05-31,STK37,-0.0136059055424196,15314400472.9184,1.3188354379866112
2022-05-31,STK38,-0.0585381871410859,10862675188.094185,0.5439225529986784
2022-05-31,STK39,-0.0541097822729668,6095694816.335594,1.178203585041474
2022-05-31,STK40,-0.0520156321034189,9162594780.616766,0.3159806429664422
2022-05-31,STK41,-0.0790088693771379,16746251299.456068,1.2160256090074308
2022-05-31,STK42,-0.0174930357309563,6990275710.368265,0.3918898172226462
2022-05-31,STK43,-0.0600967763372716,7157123889.729199,1.3760529950791385
2022-05-31,STK44,-0.0546562457050395,3798116439.40665,0.4790971555704793
2022-05-31,STK45,-0.0516694167366561,8511233544.523359,1.5863710225894765
2022-05-31,STK46,0.0181083262368668,10338661063.47852,0.4587820696132305
2022-05-31,STK47,-0.0249115853169291,11437306677.276222,1.2712962317906182
2022-05-31,STK48,-0.0022653907440266,22013907174.63954,0.5257522703583188
2022-05-31,STK49,-0.0871855815970661,27111554363.725525,1.4207689631833746
2022-05-31,STK50,-0.0013114392521842,8300847054.458405,0.2523198818857987
2022-06-30,STK01,0.0510475108523028,114150686.52240293,1.2523189815670552
2022-06-30,STK02,0.0044057044784417,92948661.50888196,0.4928680275292585
2022-06-30,STK03,-0.0278688746234764,83006663.67016424,1.404287815359127
2022-06-30,STK04,0.0684104578928417,194409434.36256337,0.2846022661170216
2022-06-30,STK05,0.0281924450703665,131013242.491126,1.2124803012754064
2022-06-30,STK06,0.0193625128605914,78260284.76183912,0.5305011642654667
2022-06-30,STK07,0.0073069555214719,430946396.5085764,1.195183107863961
2022-06-30,STK08,0.0174532524008634,187818959.88705632,0.3760271482589372
2022-06-30,STK09,-0.0877538749325428,91571207.63069808,1.25237150263301
2022-06-30,STK10,0.0438070056198434,115592215.10425842,0.3766428811085372
2022-06-30,STK11,0.0081076592419771,443012263.2894855,1.377950801440171
2022-06-30,STK12,0.065935674667082,254373117.5714833,0.4895524427611569
2022-06-30,STK13,-0.0049807775557708,159363683.18645212,1.5965270193085788
2022-06-30,STK14,0.0375746417871538,144181109.73586205,0.3084495208010903
2022-06-30,STK15,-0.0433603665569375,120228030.40113932,1.4078675878759253
2022-06-30,STK16,0.0213788657961856,110036740.60656412,0.5046864943115612
2022-06-30,STK17,-0.0400209657149375,106858944.2882298,1.1126124989722768
2022-06-30,STK18,0.0174212412035967,58219797.2894014,0.4174438592383983
2022-06-30,STK19,-0.0196424766611846,109824716.31464726,1.3044026116584246
2022-06-30,STK20,0.0073401699534382,126265575.9822085,0.3505221575837798
2022-06-30,STK21,-0.0145298652681996,215570227.95578268,1.48941380716448
2022-06-30,STK22,0.0109389449820008,175917553.6012054,0.3606409192228632
2022-06-30,STK23,0.0356323162878273,145029614.04211006,1.5728665620329516
2022-06-30,STK24,-0.0194685876140539,107563450.27948748,0.3402278204361375
2022-06-30,STK25,0.0465518510001417,193461675.95460877,1.555484830934164
2022-06-30,STK26,0.086496664305088,5825149902.283239,0.3806497865428196
2022-06-30,STK27,0.0363181971963064,21481239738.38468,1.4104259090354536
2022-06-30,STK28,0.0905438076331554,13360150729.928314,0.2963190137126285
2022-06-30,STK29,0.0193900738191547,9677416255.672443,1.038974685570168
2022-06-30,STK30,0.0277226625827646,7527132890.689745,0.4185096391274178
2022-06-30,STK31,-0.0620111241272989,9637265904.649343,1.2970982519200158
2022-06-30,STK32,0.0601930983737057,5607074146.689501,0.2805133246791629
2022-06-30,STK33,0.0759616355931023,22215268419.04085,1.1138285740317238
2022-06-30,STK34,0.1229352630692858,4057903719.421262,0.3281631439355729
2022-06-30,STK35,0.0616070001605926,45486509463.86218,1.6540020926776149
2022-06-30,STK36,0.0822606086207739,5893924049.264132,0.5160949611173821
2022-06-30,STK37,0.093550498148834,16747070266.010656,1.4524125058736743
2022-06-30,STK38,0.1225197696546652,12193567649.972927,0.484682749998066
2022-06-30,STK39,-0.0008961855593287,6090231942.66712,1.295112543543276
2022-06-30,STK40,0.0388582094127333,9518636807.36599,0.2827137264860185
2022-06-30,STK41,0.0684384860901948,17892339386.076797,1.400687521575838
2022-06-30,STK42,0.0413879431246582,7279588843.894667,0.3941658221139557
2022-06-30,STK43,0.0416510390671404,7455225536.468676,1.433408452709967
2022-06-30,STK44,0.0593488418388713,4023530251.254613,0.3914088368310813
2022-06-30,STK45,0.0465625346972855,8907538151.756927,1.3545758182338272
2022-06-30,STK46,0.0834644104043334,11201571313.511995,0.444065975361713
2022-06-30,STK47,0.0050754708563956,11495356393.992395,1.221268803334151
2022-06-30,STK48,0.0995502848169277,24205397903.808315,0.4349903186267201
2022-06-30,STK49,0.006549639575432,27289125273.13766,1.6406856701595842
2022-06-30,STK50,0.0987794060231398,9120799795.986736,0.3360016290263476
2022-07-31,STK01,0.1189844710635295,127732845.57980978,1.802277137772249
2022-07-31,STK02,0.0600394140807135,98529244.68546182,0.6290935683872373
2022-07-31,STK03,0.1012860099297265,91414077.430894,1.6007582019780937
2022-07-31,STK04,0.0331033349039905,200845034.9767627,0.352342111459401
2022-07-31,STK05,0.1429115510912238,149736548.18902344,1.1602734602311224
2022-07-31,STK06,0.0702691875327234,83759571.38813314,0.3542151625281036
2022-07-31,STK07,0.1315916092790427,487655326.3381444,1.3256096814970648
2022-07-31,STK08,0.0721767188174224,201375116.14340517,0.3857943242928464
2022-07-31,STK09,0.0946363648909993,100237173.8495463,1.4193807044756754
2022-07-31,STK10,0.0587552368913192,122383863.08550148,0.3203405867573015
2022-07-31,STK11,0.1810344753522755,523212755.9487217,1.5769825718670958
2022-07-31,STK12,0.1228210438103715,285615489.38891125,0.5175912818747529
2022-07-31,STK13,0.1278708058647861,179741645.7810842,1.1692420284349
2022-07-31,STK14,0.0013774606239427,144379713.53723955,0.2992018617306923
2022-07-31,STK15,0.1241819754582012,135158184.7218015,1.4397372367682153
2022-07-31,STK16,0.093162804369517,120288071.94515276,0.4320776961574198
2022-07-31,STK17,0.1305798549464842,120812569.73312128,1.2901710532988453
2022-07-31,STK18,0.1078147895723021,64496752.483100295,0.3397585845032924
2022-07-31,STK19,0.1247425033614635,123524526.35869892,1.4097679795823883
2022-07-31,STK20,0.1105256559190486,140221161.5876386,0.3949908007693307
2022-07-31,STK21,0.1384191646597234,245409278.8349283,1.3797590309325374
2022-07-31,STK22,0.1432928550826261,201125282.11587307,0.3704899421595816
2022-07-31,STK23,0.1404255793773154,165395481.62084183,1.8467542030354416
2022-07-31,STK24,0.1463571656169642,123306131.98637454,0.2357120691144292
2022-07-31,STK25,0.1260063328408208,217839072.28688815,1.3796199956303223
2022-07-31,STK26,0.0824081932525707,6305189981.155789,0.3675723132885439
2022-07-31,STK27,0.0858824845429679,23326101978.18029,1.2580557387479792
2022-07-31,STK28,0.0546124746476136,14089781622.95482,0.2836295633566933
2022-07-31,STK29,0.0489126731164255,10150764553.597734,1.492347866295591
2022-07-31,STK30,0.0512411097225912,7912831533.038104,0.3372352925405621
2022-07-31,STK31,0.061722466473628,10232101726.3465,1.4078443759735124
2022-07-31,STK32,0.0736304815661127,6019925716.28715,0.3653247362686134
2022-07-31,STK33,0.0422402356320566,23153646591.690525,1.10722432167848
2022-07-31,STK34,0.0119013425652212,4106198221.68278,0.3507571776070745
2022-07-31,STK35,0.1510636600209541,52357868065.05096,1.3503596268938924
2022-07-31,STK36,0.0161485973776298,5989102655.710029,0.4056259959314011
2022-07-31,STK37,0.1026499307360386,18466155868.848225,1.3773687219246633
2022-07-31,STK38,0.086290678486314,13245758875.657862,0.646165637635297
2022-07-31,STK39,0.1077029484432481,6746167879.595619,1.6181573192757073
2022-07-31,STK40,0.1222049344657732,10681861194.613647,0.2631448062486047
2022-07-31,STK41,0.0772025517955149,19273673644.27332,1.3951045609467403
2022-07-31,STK42,0.0225745329002731,7443922161.751628,0.3841181199050226
2022-07-31,STK43,0.090896544541382,8132879776.51035,1.9964705638069131
2022-07-31,STK44,-0.0204239267058319,3941353964.3042912,0.4592914988889521
2022-07-31,STK45,0.1106652849859933,9893293399.844715,1.2340869883183596
2022-07-31,STK46,0.0374741979552905,11621341214.324848,0.5538378489034456
2022-07-31,STK47,0.0731653199412382,12336417822.39741,1.2229137747347227
2022-07-31,STK48,0.0801288729758937,26144949157.773537,0.5932620573377654
2022-07-31,STK49,0.0595908504742552,28915307456.862427,1.609023822568869
2022-07-31,STK50,0.070451596176534,9763374700.020609,0.4283878529448779
2022-08-31,STK01,-0.0054106317942339,127041730.18434767,1.258031623105628
2022-08-31,STK02,0.0301772651707537,101502587.82940906,0.397403213245359
2022-08-31,STK03,0.0589969749099112,96807231.46349712,1.4141188381250036
2022-08-31,STK04,0.0233126362781391,205527262.22544613,0.2851886859035735
2022-08-31,STK05,0.0267871990895837,153747570.91634983,1.4475917615962748
2022-08-31,STK06,0.1203246348084562,93837911.22712308,0.4346243253766431
2022-08-31,STK07,0.0013914173703571,488333858.42995846,1.143872309895776
2022-08-31,STK08,0.0610662864236483,213672346.66441372,0.2805801010566403
2022-08-31,STK09,0.0162138844113457,101862407.80006282,1.2783787144655003
2022-08-31,STK10,0.0489173165763466,128370553.25989124,0.3678380630624168
2022-08-31,STK11,0.0620045214294212,555654312.4870907,1.6171467791713858
2022-08-31,STK12,0.0514227594046737,300302625.9820054,0.4615103533578713
2022-08-31,STK13,0.061186754535239,190739453.7412513,1.541894440403377
2022-08-31,STK14,0.0472589150533957,151202942.15472955,0.3807309033321098
2022-08-31,STK15,0.0925676422861828,147669459.217179,1.1959334280448604
2022-08-31,STK16,0.0435397833064008,125525388.53198946,0.4028973847999775
2022-08-31,STK17,0.0776222291605851,130190310.7064248,1.4595342653995218
2022-08-31,STK18,0.0124303714516801,65298471.07389231,0.5379506118446027
2022-08-31,STK19,-0.0001443969108839,123506689.79867432,1.2034876328281028
2022-08-31,STK20,0.1393151362303993,159756091.81660527,0.326772002396974
2022-08-31,STK21,-0.0197497251784826,240562513.02168888,1.956701688237673
2022-08-31,STK22,0.0301903451684183,207197323.80504683,0.4536802413740659
2022-08-31,STK23,0.0671259507711479,176497810.57789275,1.1807213532260852
2022-08-31,STK24,0.0634112898830342,131125132.86611822,0.3968808902477615
2022-08-31,STK25,0.0551262725788574,229847728.3641006,1.4953020119658855
2022-08-31,STK26,0.0761665904158082,6785434803.94434,0.5217432817105065
2022-08-31,STK27,0.0288127880046433,23998192009.45229,1.2747673974392657
2022-08-31,STK28,-0.0371155495027487,13566831635.645124,0.2887687748020182
2022-08-31,STK29,-0.040853134540775,9736074003.597874,1.630003201996037
2022-08-31,STK30,0.0487750149966498,8298780009.728001,0.4142682716450266
2022-08-31,STK31,-0.0454848427277957,9766696188.548822,1.3742045673556214
2022-08-31,STK32,-0.0279663401168714,5851570426.227163,0.48035469812468
2022-08-31,STK33,3.432531542860509e-05,23154441347.91311,1.3005934919685478
2022-08-31,STK34,-0.0274968351329244,3993290766.158061,0.2637041369465615
2022-08-31,STK35,0.0099924796432339,52881052995.85412,1.3073142560348694
2022-08-31,STK36,-0.0385322968301576,5758328774.433925,0.4026186738583395
2022-08-31,STK37,0.0031375453568494,18524094270.453384,1.6582609111978597
2022-08-31,STK38,0.0045475549217411,13305994691.625055,0.578652475590279
2022-08-31,STK39,0.0498079060763787,7082180375.718,1.4710355216513702
2022-08-31,STK40,-0.0599839300367971,10041121180.053162,0.3588904045708852
2022-08-31,STK41,0.0296549136262647,19845232771.45506,1.3743418968329262
2022-08-31,STK42,-0.0091231019785168,7376010500.749826,0.4635271430933914
2022-08-31,STK43,-0.0262146215111892,7919679411.373125,1.2899636648882395
2022-08-31,STK44,-0.0251535031810768,3842215104.8254137,0.3858985990314892
2022-08-31,STK45,-0.0380615182041289,9516739633.007738,1.4559022102551906
2022-08-31,STK46,-0.0604997760798665,10918252673.11047,0.6820110345817556
2022-08-31,STK47,-0.0829092203049738,11313615039.386057,1.2224298143860937
2022-08-31,STK48,0.0349773791421977,27059430957.11846,0.3813864276283237
2022-08-31,STK49,-0.036569246701025,27857896445.03644,1.071330241551652
2022-08-31,STK50,0.0433596456210325,10186711167.078856,0.2763490315814033
2022-09-30,STK01,0.0334855121463907,131295787.58353417,1.140679531311532
2022-09-30,STK02,-0.037093570911962,97737494.39001122,0.3765616681085753
2022-09-30,STK03,0.029772381991841,99689413.33820093,1.2021058153458266
2022-09-30,STK04,0.0079988199243787,207171237.78553808,0.3237565780845928
2022-09-30,STK05,0.0554547785417845,162273608.41285333,1.4420968758789467
2022-09-30,STK06,-0.0321554366022589,90820512.22177093,0.3850502991964193
2022-09-30,STK07,-0.0381387989345875,469709391.5903469,1.2637885850520298
2022-09-30,STK08,-0.0205514766193141,209281064.4277461,0.5000105625332438
2022-09-30,STK09,0.0126721536383453,103153223.881677,1.1301541793513048
2022-09-30,STK10,0.0090403373932711,129531066.37272152,0.3042602017061466
2022-09-30,STK11,-0.0314100272243013,538201195.4045708,1.3952785473304152
2022-09-30,STK12,-0.0138526882201226,296142627.33259255,0.5618276430989666
2022-09-30,STK13,0.0132413374813213,193265099.21924213,1.599500083916192
2022-09-30,STK14,0.0087754726534828,152529819.43873453,0.3631249321063377
2022-09-30,STK15,0.0862322414508286,160403327.67930806,1.122210649889426
2022-09-30,STK16,-0.0066723392221788,124687840.55870824,0.4805626210675457
2022-09-30,STK17,0.0107710757867778,131592600.40974784,1.702461752082056
2022-09-30,STK18,-0.0451079684521185,62352989.7007196,0.3700420078016042
2022-09-30,STK19,0.0198255551164368,125955278.48452662,1.2144300963004386
2022-09-30,STK20,0.0456758164698585,167053081.7463624,0.3138386329495415
2022-09-30,STK21,0.0035792540611935,241423547.3733927,1.2428099530000878
2022-09-30,STK22,-0.0283575974451389,201321705.5048732,0.3941295033757653
2022-09-30,STK23,-0.002073355373917,176131867.89384648,1.6477319479333712
2022-09-30,STK24,-0.0111041691688361,129669097.20848674,0.3152655797907953
2022-09-30,STK25,0.00839421292672,231777119.13671175,1.9985748181334428
2022-09-30,STK26,-0.0324218287562693,6565438598.694026,0.422815406206419
2022-09-30,STK27,0.0815171594037047,25954456452.887527,1.6146623619866525
2022-09-30,STK28,-0.0283854299888684,13181731286.080751,0.2945539456876389
2022-09-30,STK29,0.0006247817297513,9742156924.754827,1.1734933194634918
2022-09-30,STK30,0.0032750786975921,8325959167.353864,0.3130153102382308
2022-09-30,STK31,-0.005705102422484,9710976186.463867,1.5090700714654932
2022-09-30,STK32,-0.0437233546744267,5595720137.078848,0.4273821142999369
2022-09-30,STK33,-0.0008116162801127,23135648826.35823,1.3551657006184712
2022-09-30,STK34,-0.0402568093663799,3832533621.0403104,0.3989194855336097
2022-09-30,STK35,-0.0381908831334193,50861478880.91729,1.4310115499435148
2022-09-30,STK36,-0.0762003148880311,5319542308.593249,0.4120653824561032
2022-09-30,STK37,-0.0083526883491316,18369368284.062355,1.493059643807246
2022-09-30,STK38,-0.0869001422399019,12149701860.27946,0.452808569684734
2022-09-30,STK39,0.0325769572916948,7312896263.349845,1.300800880343433
2022-09-30,STK40,-0.0335290462970707,9704451963.132662,0.337468659346976
2022-09-30,STK41,-0.0238800284520709,19371328048.23474,1.3003470872306084
2022-09-30,STK42,-0.0274731358044484,7173368362.567689,0.5089632602349686
2022-09-30,STK43,-0.0468847845795713,7548366948.23163,1.871287734885236
2022-09-30,STK44,0.0212249324600807,3923765860.9224353,0.309866365079008
2022-09-30,STK45,-0.0091825348661695,9429351839.515388,1.8190391038860048
2022-09-30,STK46,-0.0446306544362456,10430963911.009262,0.4263200734015672
2022-09-30,STK47,0.0631657032446677,12028247489.588326,1.2123778229463578
2022-09-30,STK48,-0.0320019563498343,26193476228.777405,0.3761543885091388
2022-09-30,STK49,-0.0766386260714827,25722905536.2472,1.4441886730875086
2022-09-30,STK50,-0.0366438397883115,9813430955.102612,0.2674060924079754
2022-10-31,STK01,-0.0853044823369989,120095668.39069222,1.6848707803317242
2022-10-31,STK02,-0.0177619643067336,96001484.50322624,0.4371392666276879
2022-10-31,STK03,-0.1038113889856326,89340516.87239943,1.3699871885921693
2022-10-31,STK04,-0.0336084276854488,200208538.2219179,0.3158170840558372
2022-10-31,STK05,-0.0029049765394065,161802207.38744915,1.735842139831379
2022-10-31,STK06,-0.0457977793631496,86661134.44139001,0.3440598908273107
2022-10-31,STK07,-0.0283227573769053,456405926.4546797,1.1684806702100146
2022-10-31,STK08,-0.0487387304107775,199080971.0485216,0.3701194236543061
2022-10-31,STK09,-0.0898045481962474,93889595.21599664,1.157369534203918
2022-10-31,STK10,-0.0021694579471732,129250054.17137338,0.2728352980595432
2022-10-31,STK11,-0.0579129375665099,507032383.1768848,1.4793664445619417
2022-10-31,STK12,-0.0462271971223521,282452783.72255754,0.4448745395859578
2022-10-31,STK13,0.0136430856738556,195901831.5256565,1.7096536248061418
2022-10-31,STK14,-0.0595477362245181,143447013.9844234,0.4330362241069808
2022-10-31,STK15,-0.071782987287297,148889097.64766416,1.3059860190921706
2022-10-31,STK16,-0.0092573396846696,123533562.86410835,0.5837544368473099
2022-10-31,STK17,-0.0881036118418573,119998817.02198678,1.621471771277213
2022-10-31,STK18,0.0131916684615157,63175529.668435805,0.4554995304806701
2022-10-31,STK19,-0.0233961351920772,123008411.7609469,1.5227066702465168
2022-10-31,STK20,-0.0283281231434471,162320781.4751591,0.471296375019166
2022-10-31,STK21,-0.0249440882229641,235401457.10860983,1.333561857178316
2022-10-31,STK22,-0.0016358077347876,200992381.9018277,0.517675665588402
2022-10-31,STK23,-0.0127258992834891,173890431.4824166,1.65211049530161
2022-10-31,STK24,-0.0568649198182763,122295474.39281788,0.3690081909223711
2022-10-31,STK25,-0.0383803850343361,222881424.0620956,1.570879912174694
2022-10-31,STK26,0.041768807080347,6839669136.92074,0.4862509519562721
2022-10-31,STK27,0.0070530524845685,26137514596.45819,1.7580436337233634
2022-10-31,STK28,0.0511719241842937,13856265840.06981,0.3491707047586206
2022-10-31,STK29,-0.0106088151058668,9638804183.207764,1.6351062874686215
2022-10-31,STK30,0.0472127390093608,8719050504.524736,0.3620397399511363
2022-10-31,STK31,-0.0274959165794873,9443963995.33547,1.2545605847958436
2022-10-31,STK32,0.011196833806266,5658374485.480096,0.3007218724061203
2022-10-31,STK33,-0.0047784408004781,23025096498.060825,1.0824609690663831
2022-10-31,STK34,0.0761530452470504,4124392727.294236,0.3897906469356367
2022-10-31,STK35,-0.012396107685405,50230994511.67049,1.1888916554524511
2022-10-31,STK36,-0.0557920933698347,5022753907.427428,0.385909773128816
2022-10-31,STK37,0.0338195631768492,18990612295.26401,1.632039557541621
2022-10-31,STK38,0.0442223740344158,12686990520.351374,0.3685870888898445
2022-10-31,STK39,-0.0064524458325336,7265710196.331642,0.8525520425686389
2022-10-31,STK40,0.0617811988187708,10304004639.294172,0.3280978094271392
2022-10-31,STK41,0.0297804992171338,19948215868.01004,1.51276138204329
2022-10-31,STK42,-0.0026842890377599,7154112968.508235,0.4559998678830258
2022-10-31,STK43,0.0299037538911141,7774091455.731369,1.4341175206249055
2022-10-31,STK44,0.0635086850479613,4172959071.185701,0.3817951360340761
2022-10-31,STK45,0.0452092009057642,9855645301.239176,1.767017455461666
2022-10-31,STK46,0.0502398976748267,10955014470.54818,0.4787966319962519
2022-10-31,STK47,0.0131766668828255,12186739699.942814,1.1562349722227947
2022-10-31,STK48,-0.0400112621524238,25145442184.70451,0.5282953406612174
2022-10-31,STK49,-0.0317400931528176,24906458118.365585,1.1062856378333583
2022-10-31,STK50,0.0043329202032764,9855951768.351437,0.3436224041648139
2022-11-30,STK01,0.0488085377762833,125957362.35810731,1.3771695323365014
2022-11-30,STK02,0.0987249696897963,105479228.15098272,0.3745224477915338
2022-11-30,STK03,0.1039140223032453,98624249.33526142,1.4497221807890848
2022-11-30,STK04,0.0409890163452199,208414889.26754868,0.367846663958252
2022-11-30,STK05,0.0773677518155939,174320480.41181657,1.1923893950554971
2022-11-30,STK06,0.0670777321743879,92474166.8073782,0.2965584748550365
2022-11-30,STK07,0.0920220090184353,498405316.7349596,1.1790155123794548
2022-11-30,STK08,-0.0784084539676823,183471339.89422208,0.4323650841798242
2022-11-30,STK09,0.1014691761399791,103416495.09067996,1.2018425705066575
2022-11-30,STK10,0.0723706411301123,138603963.45785743,0.3458443244019651
2022-11-30,STK11,0.0288756773679204,521673286.6885883,1.7912125266712535
2022-11-30,STK12,0.070865115102746,302468832.7521477,0.524436887495271
2022-11-30,STK13,0.1042545474941447,216325488.324638,1.3574941037556407
2022-11-30,STK14,-0.0223414167964028,140242204.45679796,0.3230546025423609
2022-11-30,STK15,0.1427146376764867,170137751.2724296,1.6069755885181
2022-11-30,STK16,0.0305379910463162,127306029.70077202,0.5526561757867346
2022-11-30,STK17,0.1542268945477527,138505861.92069182,1.590175685607835
2022-11-30,STK18,-0.0017690574683949,63063768.525856055,0.5067156434458828
2022-11-30,STK19,0.0348649335198749,127297091.85937773,1.4320086852640428
2022-11-30,STK20,0.0694908342931677,173600588.00298688,0.4876036443396937
2022-11-30,STK21,0.0872699613081683,255944933.1623647,2.290538380337103
2022-11-30,STK22,0.0304272203393159,207108021.3924785,0.4002134885378668
2022-11-30,STK23,0.0994825825074532,191189500.67962277,1.6930280872694594
2022-11-30,STK24,0.0687700802461833,130705743.980557,0.2351550530458256
2022-11-30,STK25,0.0041807940857492,223813245.40163776,1.439869553518007
2022-11-30,STK26,0.0401904978044412,7114558844.351257,0.5028743997791798
2022-11-30,STK27,0.0490409656616636,27419323552.26433,1.1665910474769312
2022-11-30,STK28,0.0057030979669636,13935289481.61202,0.4012455604750407
2022-11-30,STK29,0.0286522174785146,9914977296.897848,1.2223321029314838
2022-11-30,STK30,0.0457730066027627,9118147660.83817,0.461409478480786
2022-11-30,STK31,-0.0080627610891891,9367819569.906176,1.0431206983052963
2022-11-30,STK32,-0.0135717815526511,5581580263.020064,0.3240189074251685
2022-11-30,STK33,0.0787516871737196,24838361694.62082,1.4777857415838882
2022-11-30,STK34,-0.0605240171003539,3874767911.338904,0.3819426858710181
2022-11-30,STK35,0.0723114161275336,53863268858.30374,1.3533452720193986
2022-11-30,STK36,0.0263219278506614,5154962473.390361,0.4562308426654369
2022-11-30,STK37,-0.0681808232105918,17695816715.699722,1.4290867477571914
2022-11-30,STK38,-0.0166642188860862,12475571733.314535,0.6958461328073638
2022-11-30,STK39,0.0526545426472714,7648282843.727102,1.343339206359164
2022-11-30,STK40,-0.0429250699850767,9861704519.025915,0.3392970436943249
2022-11-30,STK41,0.0268666509855728,20484157621.52073,1.0283053480462647
2022-11-30,STK42,-0.0583824992078616,6736437973.791349,0.5126114347505928
2022-11-30,STK43,0.0486432216928029,8152248309.872636,1.7738615394396042
2022-11-30,STK44,-0.0141706830559946,4113825390.7822905,0.2327426242311762
2022-11-30,STK45,0.006111278646028,9915875895.911465,1.6960477406277037
2022-11-30,STK46,0.006596664157681,11027281021.85292,0.4805260991478237
2022-11-30,STK47,-0.0036880075852951,12141794911.489408,1.171615822536002
2022-11-30,STK48,-0.0045479465525238,25031082057.60889,0.6002849316299899
2022-11-30,STK49,-0.0112298010703525,24626763548.329277,1.3037016275820177
2022-11-30,STK50,-0.0061786134030758,9795055652.655432,0.3555586523252502
2022-12-31,STK01,0.066228103087265,134299279.53696007,1.0937116245247291
2022-12-31,STK02,0.0846664209843279,114409776.88671578,0.383829607443736
2022-12-31,STK03,0.0835058524445369,106859951.34770498,1.1149015475892
2022-12-31,STK04,0.0612215844818841,221174379.0181245,0.4052824839687113
2022-12-31,STK05,0.0319348314205751,179887375.5669216,1.4417646476678567
2022-12-31,STK06,0.053368795289571,97409401.68529484,0.3228077464193559
2022-12-31,STK07,0.0933056948704971,544909371.1400652,1.2985907267193595
2022-12-31,STK08,0.0186254937192009,186888584.1830753,0.4871804215426537
2022-12-31,STK09,0.0547999462737394,109083713.46546765,1.070789306431808
2022-12-31,STK10,0.0131260212745751,140423282.03094572,0.2866815690711043
2022-12-31,STK11,0.0629389029195147,554506831.0351856,1.5051973087097192
2022-12-31,STK12,0.0779875848981805,326057646.52545935,0.4864937946006217
2022-12-31,STK13,0.1168219211144309,241597047.4567396,1.581636853798589
2022-12-31,STK14,-0.005354525283041,139491274.02728462,0.4392262869897866
2022-12-31,STK15,0.0102265061051561,171877666.0245346,1.2078972821524898
2022-12-31,STK16,0.0822068821545241,137771461.48194373,0.5456735397205437
2022-12-31,STK17,0.0283516451533399,142432730.96952477,1.541827411855047
2022-12-31,STK18,0.0399151879475541,65580970.699246645,0.5343919629034206
2022-12-31,STK19,0.0542396827548168,134201645.73744114,1.4867220298018269
2022-12-31,STK20,0.043553624924337,181161522.89951333,0.3651327604818251
2022-12-31,STK21,0.0964019428005702,280618521.96917874,1.441999227458765
2022-12-31,STK22,0.0524390315640259,217968565.46344164,0.4848453043335557
2022-12-31,STK23,0.0165701194553283,194357533.54448867,1.711615743233728
2022-12-31,STK24,0.1243007108046624,146952560.86359248,0.3980985963151255
2022-12-31,STK25,0.0069677045340404,225372709.96640104,1.3790133336727295
2022-12-31,STK26,0.0429116502394257,7419856305.087872,0.3759104309438091
2022-12-31,STK27,0.026903709553234,28157005069.260605,1.5613088738957284
2022-12-31,STK28,0.0026133708933121,13971707561.533144,0.3577219854110786
2022-12-31,STK29,0.0777662450665003,10686027851.197195,1.1141749178341636
2022-12-31,STK30,0.0335650722341546,9424198945.715887,0.3940565570556759
2022-12-31,STK31,0.0934525853225541,10243266527.549124,1.9228017922807468
2022-12-31,STK32,0.0389725088981091,5799108449.486125,0.3244328765172941
2022-12-31,STK33,0.0727184953160165,26644569983.16863,1.2844356952600295
2022-12-31,STK34,0.0729691939684411,4157506602.644084,0.3480020792428902
2022-12-31,STK35,-0.0104451617713323,53300658301.54599,1.1441581399627432
2022-12-31,STK36,-0.0087671236171011,5109768280.1446295,0.418231240996013
2022-12-31,STK37,0.0567699623521982,18700407564.441395,1.5796052628957515
2022-12-31,STK38,-0.0140633792434862,12300123036.74962,0.3989496072310454
2022-12-31,STK39,0.0735756718174355,8211010392.204091,1.2433306477353292
2022-12-31,STK40,0.003970506948805,9900860485.345772,0.3959202188025906
2022-12-31,STK41,0.1138025912903926,22815307839.250637,1.589416849389902
2022-12-31,STK42,0.0427711493689994,7024563168.583381,0.4487321654138553
2022-12-31,STK43,0.0272171526280693,8374129296.38436,1.5007084277657206
2022-12-31,STK44,0.0202942135895438,4197312241.9329143,0.2183568248502846
2022-12-31,STK45,0.0740267035825551,10649915501.619509,1.051284730316507
2022-12-31,STK46,-0.0257343803010138,10743500778.350405,0.4710951543858783
2022-12-31,STK47,0.0762155850827186,13067188914.622948,1.187896078772822
2022-12-31,STK48,0.0482155035692135,26237968283.89881,0.3002043685688558
2022-12-31,STK49,0.0221594124609871,25172478159.375904,1.5580641466867202
2022-12-31,STK50,0.0570437602398085,10353802458.841091,0.3544538338248989
2023-01-31,STK01,-0.0072212323362868,133329473.23682772,1.3532081702468175
2023-01-31,STK02,0.0321302230838951,118085788.54106463,0.3765931999979836
2023-01-31,STK03,-0.0169654640717645,105047022.68240498,1.1398696795523693
2023-01-31,STK04,0.0251352061729532,226733642.63491997,0.4193782576850344
2023-01-31,STK05,-0.0310106743373007,174308946.74582407,1.508216231803346
2023-01-31,STK06,0.0396965342550914,101276217.33606312,0.3858850308219287
2023-01-31,STK07,-0.0131146727382526,537763063.0655562,1.118296502342924
2023-01-31,STK08,-0.0225993104151727,182665031.05606985,0.3542851247114646
2023-01-31,STK09,-0.0118281870363535,107793450.8999781,1.319189326283546
2023-01-31,STK10,-0.0448729365303372,134122077.00898942,0.3517612751571153
2023-01-31,STK11,-0.048791115143851,527451824.39409584,1.5604311699069011
2023-01-31,STK12,0.009747060216505,329235750.0401949,0.4030293303789094
2023-01-31,STK13,0.0360438847066018,250305143.58072573,1.291956825913242
2023-01-31,STK14,0.0209231465444488,142409870.39542937,0.3361969502154009
2023-01-31,STK15,0.0361576253506452,178092354.2787931,1.3206306031895256
2023-01-31,STK16,-0.0015343095904755,137560077.40729815,0.5150711867950728
2023-01-31,STK17,-0.0080691638011195,141283417.9326909,1.2860888015158798
2023-01-31,STK18,-0.0049917435033926,65253607.3148125,0.4498120453757574
2023-01-31,STK19,0.0318347005393672,138473914.94138286,1.9055798685185104
2023-01-31,STK20,-0.0267970836928217,176306922.40845603,0.4052037687013325
2023-01-31,STK21,0.0360241906052,290727577.0919459,1.3229921664951232
2023-01-31,STK22,0.0127018547235892,220737170.51626745,0.37641116292182
2023-01-31,STK23,-0.0364450707771183,187274159.4783936,1.3298723031903052
2023-01-31,STK24,0.013525564487326,148940177.2021307,0.3044460285115833
2023-01-31,STK25,-0.0096047954113636,223208051.19586915,1.5368495840953482
2023-01-31,STK26,-0.1355880442948295,6413812499.732347,0.5115225295530078
2023-01-31,STK27,0.0057559575111362,28319075594.08012,1.363640927846113
2023-01-31,STK28,-0.0253176739219839,13617976425.356932,0.3980407597821371
2023-01-31,STK29,-0.0559540511698135,10088101302.009254,1.2302827117896182
2023-01-31,STK30,-0.0045809906835412,9381026778.145723,0.5220369760891995
2023-01-31,STK31,-0.0286370288364459,9949929808.620296,2.091912789467622
2023-01-31,STK32,-0.0500194971763358,5509039960.771789,0.3130439278346077
2023-01-31,STK33,-0.0566730033724166,25134542178.65592,1.6210596673591464
2023-01-31,STK34,-0.0095072330111757,4117980218.627245,0.3323164400309377
2023-01-31,STK35,-0.0696005026857549,49590905690.27673,1.229037827806332
2023-01-31,STK36,-0.0183022106849543,5016248224.530125,0.3709691467687049
2023-01-31,STK37,-0.0139983074079421,18438633510.700542,1.5844655985727882
2023-01-31,STK38,0.0015990521650374,12319791575.121758,0.4420154626294122
2023-01-31,STK39,-0.0431939285728234,7856344595.812516,1.2531351250399545
2023-01-31,STK40,-0.0857812532132247,9051552265.023514,0.2947139021493194
2023-01-31,STK41,-0.0578231304417763,21496055317.992363,1.0942845032261657
2023-01-31,STK42,-0.0860980720490908,6419761822.781299,0.3799776691218154
2023-01-31,STK43,0.03267364439188,8647742619.106047,1.969059532635872
2023-01-31,STK44,-0.0741169821191408,3886220125.549122,0.3359143453434958
2023-01-31,STK45,-0.0509567328860966,10107230602.143982,1.868945131310462
2023-01-31,STK46,-0.0755013773258535,9932351672.28357,0.3943088480109403
2023-01-31,STK47,-0.0666225966724261,12196618857.921623,1.320188318013195
2023-01-31,STK48,-0.080990246605991,24112948762.14568,0.4809192640205642
2023-01-31,STK49,-0.048683841075642,23946985233.184776,1.5323421172025735
2023-01-31,STK50,-0.0944934834355932,9375435597.701183,0.3131887172566781
2023-02-28,STK01,-0.1295559336375405,116055848.85022902,1.427148259120399
2023-02-28,STK02,-0.0826338495663905,108327905.25483368,0.4572516216790505
2023-02-28,STK03,-0.0742663254106166,97245566.31245708,1.1606443984198742
2023-02-28,STK04,-0.0770272683139545,209268969.50787967,0.4044699921754025
2023-02-28,STK05,-0.0653808300836244,162912483.11657983,1.23931347812128
2023-02-28,STK06,-0.0500802042605995,96204283.6851322,0.2769796446881895
2023-02-28,STK07,-0.0761424804132268,496816449.5691301,1.6240610613421782
2023-02-28,STK08,-0.0486360210923076,173780930.7527998,0.335833461832689
2023-02-28,STK09,-0.1004166828594739,96969190.12662672,1.3676064938780397
2023-02-28,STK10,-0.0445403063663932,128148238.60851204,0.2824103175499825
2023-02-28,STK11,-0.093125329609175,478332699.394435,1.4464896278079422
2023-02-28,STK12,-0.0533531796599803,311669975.917812,0.5463592647123791
2023-02-28,STK13,-0.0768360694881483,231072680.17531613,1.7894226864742473
2023-02-28,STK14,-0.076842794426382,131466698.00034568,0.3710241523292799
2023-02-28,STK15,-0.0404227756087323,170893367.00415057,1.238695242523797
2023-02-28,STK16,-0.0249037505518917,134134315.55364788,0.6366723353034697
2023-02-28,STK17,-0.0376772880231531,135960241.90234536,1.8577446139286675
2023-02-28,STK18,-0.0765067022341018,60261269.01027712,0.3368500598240485
2023-02-28,STK19,-0.0208865097172928,135581678.17136806,1.626921594232076
2023-02-28,STK20,-0.0485826917944527,167741457.53585753,0.2606687318880096
2023-02-28,STK21,-0.0664989495080486,271394498.62231123,1.567396395362569
2023-02-28,STK22,-0.14115449903286,189579125.79411277,0.485134697309965
2023-02-28,STK23,-0.0216843266529552,183213245.43060648,1.2144928815365312
2023-02-28,STK24,-0.0937615807886489,134975310.74471745,0.3120128530276216
2023-02-28,STK25,-0.0301658726912865,216474785.5398244,1.1085001120086435
2023-02-28,STK26,-0.0514485586757797,6083831091.004417,0.4428295990640167
2023-02-28,STK27,-0.0249448749052998,27612659795.95206,2.0155215347852
2023-02-28,STK28,-0.0195368601509109,13351923924.39633,0.3138852862634053
2023-02-28,STK29,-0.0281448499619547,9804173204.463203,1.1887110762972746
2023-02-28,STK30,-0.0698426449524386,8725831055.590374,0.2968241845919215
2023-02-28,STK31,-0.0611049734378855,9341939611.955729,1.727755112977935
2023-02-28,STK32,-0.0485898023931648,5241356797.701839,0.4066520084649274
2023-02-28,STK33,0.0065748972771939,25299799211.58989,0.8726679916152914
2023-02-28,STK34,-0.0010862527366738,4113507051.345192,0.4215730182800341
2023-02-28,STK35,-0.0069892957634557,49244300183.22975,1.3173095277572957
2023-02-28,STK36,0.0123724939856125,5078311725.518464,0.3520248085568384
2023-02-28,STK37,-0.0924131335185242,16734661610.177036,1.216906469525849
2023-02-28,STK38,0.0055799410365354,12388535285.69334,0.3768088113120058
2023-02-28,STK39,-0.0372966354187887,7563329375.698126,1.0707721446467868
2023-02-28,STK40,-0.0161983357334535,8904932182.525763,0.3024586796047382
2023-02-28,STK41,0.0290074911346587,22119601952.05916,1.4188703273535408
2023-02-28,STK42,-0.0593603532421262,6038682493.250684,0.3860360227805863
2023-02-28,STK43,-0.0349329164235321,8345651748.9405985,1.2767875028127629
2023-02-28,STK44,-0.047136754333967,3703036322.2033935,0.4366798625376806
2023-02-28,STK45,-0.0347152811708037,9756355249.932402,1.471069620813895
2023-02-28,STK46,-0.044781928820649,9487561806.673712,0.3894851371215411
2023-02-28,STK47,-0.0959915128630906,11025846961.935228,1.4317044574574287
2023-02-28,STK48,-0.0265918784199047,23471740160.317307,0.5465055496211222
2023-02-28,STK49,-0.0525087075495039,22689559988.883183,1.6172600782723752
2023-02-28,STK50,-0.0418435203557756,8983134367.424511,0.3805849102060356
2023-03-31,STK01,-0.0628104516109943,108766328.57184884,1.6432776083662994
2023-03-31,STK02,0.0279361013806184,111354164.59838276,0.3682569741827053
2023-03-31,STK03,-0.0588253833093968,91525058.5989874,1.3782904673113738
2023-03-31,STK04,0.0039740637078296,210100617.72477585,0.3368821704203641
2023-03-31,STK05,-0.0522935785023248,154393206.39171427,1.4043403434471808
2023-03-31,STK06,0.0286651665303903,98961995.49790342,0.4765926716927728
2023-03-31,STK07,0.0092542942524872,501414135.1829189,1.2416387124706063
2023-03-31,STK08,-0.0502303458742267,165051854.49474165,0.4752790681254938
2023-03-31,STK09,-0.0256803901428039,94478983.49234322,1.4164428838734056
2023-03-31,STK10,-0.0402617159762201,122988770.62280326,0.3453304683963225
2023-03-31,STK11,0.0027723850040478,479658821.7971818,1.782303531400404
2023-03-31,STK12,-0.0256119692950834,303687494.0644056,0.5006531648680281
2023-03-31,STK13,0.0056674479398334,232382272.5605276,1.388394685396185
2023-03-31,STK14,0.009271806479965,132685631.78276493,0.3181274892609527
2023-03-31,STK15,-0.0025228604310422,170462226.89060822,1.336109846256519
2023-03-31,STK16,-0.0093785832251956,132876325.71187337,0.4858604828935247
2023-03-31,STK17,-0.0317290719525167,131646349.60434426,1.8479654419740223
2023-03-31,STK18,0.0352589469558004,62386017.89779971,0.4065372330825517
2023-03-31,STK19,-0.0830590131189603,124320397.78544174,1.325323343514637
2023-03-31,STK20,-0.0198844927777831,164406003.73495093,0.3322209450284168
2023-03-31,STK21,-0.0360268597903743,261617007.0725663,1.4354086820472405
2023-03-31,STK22,-0.0357956607523243,182793015.72146448,0.499795833322444
2023-03-31,STK23,-0.0437675077182091,175194458.29714426,1.4527577973046004
2023-03-31,STK24,-0.015430623309437,132892557.56854153,0.3374208611271583
2023-03-31,STK25,-0.0430847428480872,207148025.07174623,1.8950223472302623
2023-03-31,STK26,-0.0021352824257696,6070840393.394445,0.3812016104426
2023-03-31,STK27,-0.0596301026275014,25966114058.501152,1.7599408717445342
2023-03-31,STK28,0.0463435985914132,13970700127.17164,0.3390892580656121
2023-03-31,STK29,0.0329189515484537,10126916307.15358,1.4654992304846883
2023-03-31,STK30,0.0496165322110208,9158776533.228,0.371719429991762
2023-03-31,STK31,-0.037874505748999,8988118266.415909,1.238571512871574
2023-03-31,STK32,0.0305384434249144,5401419675.738248,0.4899498295328208
2023-03-31,STK33,-0.0173047727373795,24861991935.931988,0.9197873654713528
2023-03-31,STK34,-0.004298333612232,4095825825.722242,0.3737231876163835
2023-03-31,STK35,-0.0101310825109175,48745402114.88106,1.1474231961719112
2023-03-31,STK36,-0.0334519625531098,4908432231.843402,0.4590838257388889
2023-03-31,STK37,-0.0532616565007218,15843345811.839972,1.0865580964848858
2023-03-31,STK38,0.0066356297964473,12470741019.569427,0.4042010735810659
2023-03-31,STK39,-0.0213017781206886,7402217011.483318,1.0084918130869451
2023-03-31,STK40,-0.0110299974508924,8806710803.252132,0.3221137223298793
2023-03-31,STK41,0.0287102742054022,22754661789.41713,0.971506198535705
2023-03-31,STK42,-0.0034518240862641,6017838023.571179,0.3209753775840913
2023-03-31,STK43,-0.0066798794344045,8289903801.456148,1.7534733986943212
2023-03-31,STK44,0.0083561549476764,3733979467.4886,0.4127633867311087
2023-03-31,STK45,-0.0376659647869144,9388872716.63982,1.718110428403136
2023-03-31,STK46,0.0011895993134819,9498848203.685549,0.3292060593859079
2023-03-31,STK47,0.0312616917591996,11370533591.043356,0.9907282445859082
2023-03-31,STK48,-0.0213551486422285,22970497660.301964,0.3877545398862517
2023-03-31,STK49,-0.0192843426197345,22252006740.16654,1.1558451229660904
2023-03-31,STK50,0.1053597331862516,9929595007.552608,0.347267667338365
2023-04-30,STK01,-0.0569166096289465,102575717.9077512,1.2413401970329951
2023-04-30,STK02,-0.0607874910667916,104585224.31260853,0.4199031872768006
2023-04-30,STK03,-0.0699391206882022,85123876.47963804,1.1426704542290271
2023-04-30,STK04,-0.0612958357311022,197222324.77371487,0.2460785811478342
2023-04-30,STK05,-0.004306457456772,153728318.61677375,1.106679872010372
2023-04-30,STK06,-0.0405865016642263,94945474.3029326,0.4111661290920781
2023-04-30,STK07,-0.0916315158301711,455468797.91743374,1.5668650118514464
2023-04-30,STK08,-0.1003463728684725,148489499.5609794,0.4661031209792127
2023-04-30,STK09,-0.0382838650344253,90861962.83973265,1.180991165106439
2023-04-30,STK10,-0.0244988004428362,119975693.27460542,0.3305736216263871
2023-04-30,STK11,-0.0194004507494329,470353224.44837457,1.5846449782229677
2023-04-30,STK12,-0.075974128434612,280615101.386371,0.4650127592855493
2023-04-30,STK13,-0.0111428004172731,229792883.27687323,1.3586427134439851
2023-04-30,STK14,-0.0441743559537464,126824329.45444532,0.3336093641324365
2023-04-30,STK15,-0.0798087953327008,156857841.91273925,1.2518247710292152
2023-04-30,STK16,-0.0619118615103005,124649705.03640226,0.4407872898700072
2023-04-30,STK17,-0.0763065655793138,121600868.7949831,1.1545747219095817
2023-04-30,STK18,-0.0177972795897839,61275716.4947793,0.4235706918619231
2023-04-30,STK19,-0.0181611337509182,122062598.413293,1.1397130515114664
2023-04-30,STK20,0.0029165479041744,164885501.7205778,0.3257007496882045
2023-04-30,STK21,-0.1097905844674543,232893922.95944312,1.4032919356862732
2023-04-30,STK22,-0.0249912705094667,178224786.0183281,0.5306223701156952
2023-04-30,STK23,-0.0213874675480001,171447492.50572464,2.0739680351370398
2023-04-30,STK24,-0.0248625786000952,129588505.91062596,0.3856678022685317
2023-04-30,STK25,-0.0925153832503326,187983646.14268407,1.5961551353473258
2023-04-30,STK26,-0.0548820718110824,5737660094.970552,0.5013597206545791
2023-04-30,STK27,-0.0456244972377931,24781423159.362846,1.7446750014704828
2023-04-30,STK28,-0.053960849980417,13216829273.487938,0.3111662023377828
2023-04-30,STK29,-0.027689394888777,9846508122.519209,1.4450581050072195
2023-04-30,STK30,-0.107737959269359,8172028640.133921,0.492105701665412
2023-04-30,STK31,-0.0442453418585013,8590435901.053698,1.4787511303466154
2023-04-30,STK32,-0.0425754091306807,5171452023.157183,0.4420987548204552
2023-04-30,STK33,-0.1014433236750942,22339908840.76766,1.4733795333203523
2023-04-30,STK34,-0.0363252780492143,3947043813.761728,0.475554265749093
2023-04-30,STK35,-0.1110569615420235,43331885866.85824,1.57048375711284
2023-04-30,STK36,-0.0347429382309985,4737898874.001424,0.4807830209364814
2023-04-30,STK37,-0.1256070719906783,13853309533.878977,1.246627923207663
2023-04-30,STK38,-0.1129527145961909,11062136968.382992,0.4724317485726803
2023-04-30,STK39,-0.1213902534165329,6503660012.615188,1.5300266910228706
2023-04-30,STK40,-0.0984572191186201,7939626547.9820175,0.2374385682220459
2023-04-30,STK41,-0.0885521678600465,20739687159.042072,1.2289735021617147
2023-04-30,STK42,-0.0854547202930343,5503585358.498117,0.4756624823958489
2023-04-30,STK43,-0.0922591268200263,7525084515.311787,1.496242665333876
2023-04-30,STK44,-0.0308148575249058,3618917422.197015,0.2997888692924064
2023-04-30,STK45,-0.0731714090166634,8701875670.885176,1.4622504151346505
2023-04-30,STK46,-0.0350189421976135,9166208587.496777,0.5694295686957297
2023-04-30,STK47,-0.1338018848860931,9849134764.401115,1.6088554767797754
2023-04-30,STK48,-0.1350143751644183,19869150271.48056,0.3591605269192519
2023-04-30,STK49,-0.1171369706765384,19645474079.14952,1.375135815859177
2023-04-30,STK50,-0.0671867193503702,9262458094.517332,0.2623837905840596
2023-05-31,STK01,0.0293185854670119,105583092.8600697,1.3449926555338805
2023-05-31,STK02,0.0460066700496768,109396842.21963014,0.3424972083480209
2023-05-31,STK03,0.0280422631815027,87510942.62690978,1.3001389106933072
2023-05-31,STK04,-0.0058219587063776,196074104.5429065,0.300043566007215
2023-05-31,STK05,0.0312734431615535,158535932.45135662,1.549233086804207
2023-05-31,STK06,0.0533694402809019,100012661.1236849,0.36402346978331
2023-05-31,STK07,0.0853876115248427,494360190.6956947,1.130708910557722
2023-05-31,STK08,0.0350798749745758,153698492.64061588,0.3630780383167473
2023-05-31,STK09,0.1236343409971976,102095621.73713486,1.0079389727594463
2023-05-31,STK10,0.031811871049001,123792344.55807166,0.2538236703892071
2023-05-31,STK11,0.0308873151481657,484881172.7228674,1.3112791121176472
2023-05-31,STK12,0.050473434255226,294778709.2572196,0.4447391638352044
2023-05-31,STK13,-0.0128004499705021,226851430.9709102,1.2556009213392216
2023-05-31,STK14,0.0107605978039646,128189035.0554621,0.3068079612308491
2023-05-31,STK15,0.0962617527041387,171957252.70064825,1.5604591886299632
2023-05-31,STK16,0.0437124411505862,130098447.93224391,0.5494844668818122
2023-05-31,STK17,0.1393339698919197,138544000.58649457,1.1496134977654353
2023-05-31,STK18,0.0525951495524616,64498521.96775647,0.5275526420479342
2023-05-31,STK19,0.0756376781997201,131295129.95229933,1.3566201660715869
2023-05-31,STK20,0.1186396653213524,184447462.4610504,0.4034585889873378
2023-05-31,STK21,0.0840212564904759,252461962.9954916,2.0111017586406854
2023-05-31,STK22,0.0586045337416106,188669566.50413057,0.4500624027010206
2023-05-31,STK23,0.1246695991717962,192821782.67542288,1.0319990923365785
2023-05-31,STK24,0.0462447131871282,135581289.19881132,0.3273483793737875
2023-05-31,STK25,0.0557570532321867,198465060.30744225,1.5678117966218998
2023-05-31,STK26,-0.033905027545365,5543124571.4046335,0.4702209465297918
2023-05-31,STK27,0.0517703945061171,26064367212.74609,1.5215114028284205
2023-05-31,STK28,-0.0329854686447439,12780865965.904367,0.2430520587186601
2023-05-31,STK29,0.0873630133008561,10706728742.593842,1.572092073713377
2023-05-31,STK30,-0.0255672144915566,7963092631.060472,0.345837224238346
2023-05-31,STK31,-0.0486461168469546,8172544552.444765,1.373653429839409
2023-05-31,STK32,-0.0419168901123927,4954680836.980992,0.3725244018753216
2023-05-31,STK33,-0.0713627512948709,20745671482.213863,1.2019459974809945
2023-05-31,STK34,-0.0164947683987791,3881938240.1938944,0.3816484148574844
2023-05-31,STK35,0.036593478111563,44917550283.85986,1.000116785678215
2023-05-31,STK36,-0.0374935304197285,4560258318.443455,0.3898019172288888
2023-05-31,STK37,0.0493675291770946,14537213196.492067,1.3081997487665902
2023-05-31,STK38,0.0358268948835691,11458458986.736893,0.4527188060435099
2023-05-31,STK39,0.0680956558135756,6946531006.362747,1.2802105447105303
2023-05-31,STK40,-0.0711673066680868,7374584710.611697,0.3037010770604819
2023-05-31,STK41,0.0228417845925277,21213418625.645325,1.386388790117005
2023-05-31,STK42,-0.0408021828536922,5279027062.349773,0.4685727756726768
2023-05-31,STK43,-0.0467713470273664,7173126176.035877,1.3295203828793385
2023-05-31,STK44,0.0096832975643783,3653960476.457061,0.3574259753179892
2023-05-31,STK45,0.0711140974636208,9320701705.460815,1.3336933849944232
2023-05-31,STK46,-0.069817237146716,8526249228.807249,0.4859740357370869
2023-05-31,STK47,0.0359729348533848,10203437047.643126,1.1573130967086362
2023-05-31,STK48,-0.0208818304013382,19454246045.2928,0.5052757884338926
2023-05-31,STK49,0.0302929624544314,20240593687.828697,1.1008773977717474
2023-05-31,STK50,0.0221029375411017,9467185627.25752,0.2579198333679121
2023-06-30,STK01,0.0558373488055588,111478572.84406713,1.301933438126274
2023-06-30,STK02,0.0361251431935488,113348818.80973634,0.4372076747183913
2023-06-30,STK03,0.0290555428960154,90053620.57427669,1.5598415307111766
2023-06-30,STK04,-0.0131018958739701,193505162.04160345,0.3260316188715652
2023-06-30,STK05,0.0177224713142149,161345580.9664981,1.1983287471385593
2023-06-30,STK06,-0.0207958685444117,97932810.97017992,0.3894526421069137
2023-06-30,STK07,0.0444790147151866,516348844.8922509,1.194269205937842
2023-06-30,STK08,-0.0664403198047457,143486715.636066,0.3628964705375447
2023-06-30,STK09,0.0429671337489229,106482377.97149378,1.1849596929243136
2023-06-30,STK10,0.0231983892758578,126664127.55650093,0.3135785893772277
2023-06-30,STK11,0.0042678511675956,486950573.4020178,1.1887585842236603
2023-06-30,STK12,0.0475046480519621,308782068.09369546,0.57842097358167
2023-06-30,STK13,0.0019718504174182,227298748.0597621,1.4916632693345602
2023-06-30,STK14,-0.0502692095232787,121745073.59367216,0.3433849798304033
2023-06-30,STK15,-0.0427680264555484,164602980.3679235,1.2193671106067516
2023-06-30,STK16,0.0186270037568589,132521792.21063936,0.4424464931625601
2023-06-30,STK17,0.0379249503849377,143798274.93486813,1.2035573133609796
2023-06-30,STK18,-0.0140217284049995,63594141.21020068,0.4212936134086643
2023-06-30,STK19,0.0211872130744883,134076907.84624133,1.426539889489865
2023-06-30,STK20,0.0603243503480817,195574135.80736548,0.3373966533231383
2023-06-30,STK21,-0.0296519687501111,244975968.75815755,1.5033004617366703
2023-06-30,STK22,0.0036159401406536,189351784.3629726,0.3928251152196722
2023-06-30,STK23,-0.0152230209265841,189886452.6426536,1.232313056434875
2023-06-30,STK24,-0.0150559270288478,133539987.20215692,0.350429206592217
2023-06-30,STK25,0.0491502731254797,208219672.22741783,1.851843836377958
2023-06-30,STK26,0.0597512027593065,5874332931.590726,0.4339870755471184
2023-06-30,STK27,0.0200350399181745,26586567850.295418,1.678456260775305
2023-06-30,STK28,0.0147312558251089,12969144172.114532,0.2974846999456659
2023-06-30,STK29,0.0374617272016795,11107821293.971272,1.4241916236417904
2023-06-30,STK30,0.0397609357622616,8279712645.633007,0.3628472579273268
2023-06-30,STK31,0.0972126449235468,8967019224.143446,1.559271907945319
2023-06-30,STK32,-0.0126044720904732,4892229700.654063,0.4768336898102275
2023-06-30,STK33,0.0297616878582143,21363097681.27657,1.3048923771737246
2023-06-30,STK34,-0.0138272789049101,3828261597.4550977,0.3227563506180415
2023-06-30,STK35,0.081217916312194,48565660123.76316,1.2759636742141047
2023-06-30,STK36,-0.0378130936431028,4387820843.611413,0.4046044507209317
2023-06-30,STK37,0.0330381787539877,15017496244.6626,1.4147124480277709
2023-06-30,STK38,0.0162900642252995,11645118019.553797,0.5345794459440768
2023-06-30,STK39,0.0032345264472824,6968999744.619695,1.2827180998274708
2023-06-30,STK40,-0.0508649874072605,6999476552.172656,0.3084210652909197
2023-06-30,STK41,0.019660697208106,21630489225.99294,1.1397053698301434
2023-06-30,STK42,-0.0034272742686587,5260934388.735429,0.4691697389083529
2023-06-30,STK43,0.0415383156456383,7471085755.302046,1.4601786622113406
2023-06-30,STK44,-0.0204746676060261,3579146850.2560463,0.3711338320347635
2023-06-30,STK45,0.0485191373183549,9772934111.411491,1.5518899696742283
2023-06-30,STK46,-0.0495400377658668,8103858520.010944,0.4722137389180605
2023-06-30,STK47,-0.0481291762833901,9712354027.280636,1.2064644742138793
2023-06-30,STK48,-0.0128695210142353,19203879216.9968,0.3306887100750763
2023-06-30,STK49,-0.0450169514618839,19329423864.224,1.5377978571529092
2023-06-30,STK50,-0.0381252406145343,9106246897.275866,0.3999205442588584
2023-07-31,STK01,-0.0952432800301335,100860987.91332,1.5030263975157023
2023-07-31,STK02,-0.0878828941719408,103387396.5617658,0.406982177567718
2023-07-31,STK03,-0.1298693934580635,78358411.4915928,1.367254881264335
2023-07-31,STK04,-0.0271181555860194,188257658.95066127,0.3682441991118026
2023-07-31,STK05,-0.1597473845631559,135571046.3962771,1.6483731270256463
2023-07-31,STK06,-0.0758067505116071,90508842.80206312,0.3453202550643782
2023-07-31,STK07,-0.1242795277365816,452177254.3017125,1.4606759647982157
2023-07-31,STK08,-0.0780476786152252,132287910.56854811,0.4803403850951124
2023-07-31,STK09,-0.1002392580703666,95808663.4060629,1.115946100460825
2023-07-31,STK10,-0.015423712423938,124710496.47864044,0.3003006938832892
2023-07-31,STK11,-0.0937763190845735,441286141.0522541,1.0228822990247874
2023-07-31,STK12,-0.083549578803658,282983456.3623448,0.3674241997525329
2023-07-31,STK13,-0.0640252696201581,212745884.4309114,1.3898157564997626
2023-07-31,STK14,-0.0663070789753148,113672513.38404104,0.3190302285073506
2023-07-31,STK15,-0.1388970614954943,141740110.0814184,1.2658968354105575
2023-07-31,STK16,-0.0938916691780942,120079099.93750986,0.5086421964748458
2023-07-31,STK17,-0.0721536868604894,133422699.23413908,1.543958923609945
2023-07-31,STK18,-0.0513704360029405,60327282.449000105,0.3454680144062491
2023-07-31,STK19,-0.1183177819847538,118213225.4944998,1.3545114415096733
2023-07-31,STK20,-0.1181120033518727,172474482.82334632,0.3431553532303185
2023-07-31,STK21,-0.1148641818249057,216837004.53998813,1.5331668969344916
2023-07-31,STK22,-0.1001153929705053,170394756.0618072,0.4405876653975859
2023-07-31,STK23,-0.1712686451648198,157364857.16339263,1.613349146097961
2023-07-31,STK24,-0.1157687979321213,118080223.40789236,0.3680854719851772
2023-07-31,STK25,-0.1549010692134299,175966222.3681209,1.555819985710748
2023-07-31,STK26,0.041584527955101,6118614293.602032,0.5287674328711948
2023-07-31,STK27,-0.0726026984268758,24656311282.454742,1.697388494480714
2023-07-31,STK28,-0.071273535669265,12044787412.363483,0.2837044720200027
2023-07-31,STK29,-0.0193718139366458,10892642646.62295,1.4894480950480076
2023-07-31,STK30,-0.0353938659255705,7986661606.351221,0.4089599529682334
2023-07-31,STK31,-0.0404947711323567,8603901832.922314,1.7375087178646549
2023-07-31,STK32,-0.076795113925085,4516530363.44465,0.400801018419973
2023-07-31,STK33,-0.0478115545379722,20341694771.388187,1.3194772982850336
2023-07-31,STK34,-0.0532267015261475,3624495860.043343,0.4066736504050199
2023-07-31,STK35,-0.0896112735142278,44213629471.01359,1.0382914756656505
2023-07-31,STK36,-0.0815925092606902,4029807530.7948,0.3925570903381003
2023-07-31,STK37,-0.1124113770511379,13329358811.939789,1.3115016221967253
2023-07-31,STK38,-0.0389095855019484,11192011304.291689,0.5990675794503031
2023-07-31,STK39,-0.0951842866891564,6305660474.991155,1.8671124991373047
2023-07-31,STK40,-0.0169432163139329,6880882906.864894,0.2512881262441704
2023-07-31,STK41,-0.0511201259697829,20524735891.972145,1.2821163638937936
2023-07-31,STK42,0.0277055575784485,5406691509.358978,0.3471509728458161
2023-07-31,STK43,-0.0333066195576114,7222249144.36791,1.0164976078346224
2023-07-31,STK44,-0.0444762657939001,3419959763.628658,0.4032967822423943
2023-07-31,STK45,-0.0871787109614645,8920942313.267313,1.254403305108222
2023-07-31,STK46,-0.0033216482042176,8076940352.910716,0.51175987898703
2023-07-31,STK47,-0.0471575464772597,9254343240.835548,1.136395808325799
2023-07-31,STK48,-0.0353553862310141,18524918650.14613,0.4346636464580796
2023-07-31,STK49,-0.0480331130880728,18400971461.82643,1.343855874102434
2023-07-31,STK50,0.0137340441514661,9231312494.217203,0.4006342853287142
2023-08-31,STK01,-0.0007814499585621,100782170.0984946,1.1748353405763454
2023-08-31,STK02,0.0194653518516376,105399868.61286536,0.3134499364126692
2023-08-31,STK03,0.0201256558674003,79935425.91558874,1.2316096786528985
2023-08-31,STK04,0.0640354844995527,200312829.35231844,0.3213701183242487
2023-08-31,STK05,0.0257212332814744,139058100.90684935,1.3642709521270255
2023-08-31,STK06,-0.0044919522726808,90102281.39994068,0.3979439437035594
2023-08-31,STK07,-0.0508403965666997,429188383.374572,2.072474908958439
2023-08-31,STK08,-0.0087015024184408,131136806.9948054,0.3546478287308178
2023-08-31,STK09,0.0389453547890256,99539965.79427436,1.0826875994944103
2023-08-31,STK10,0.0066738748364792,125542798.72293408,0.3047244813160675
2023-08-31,STK11,0.0371574968603111,457683229.4529021,1.9805429896236404
2023-08-31,STK12,0.0005401273567855,283136303.4686438,0.6948549508754271
2023-08-31,STK13,0.0605395046777107,225625414.89658028,1.5018101188675843
2023-08-31,STK14,0.0098062725503427,114787217.03176744,0.4451218120932484
2023-08-31,STK15,0.0244165502725389,145200914.60485658,1.0515272004137968
2023-08-31,STK16,-0.03335092526723,116074350.84933773,0.4468731592906484
2023-08-31,STK17,0.0224202234841264,136414065.96882388,1.2223729445818117
2023-08-31,STK18,-0.0629388470613677,56530352.84531456,0.5341164839985764
2023-08-31,STK19,-0.0516255121851041,112110407.18129304,1.3996187023168507
2023-08-31,STK20,-0.0099471639377229,170758850.8676285,0.4521689255729057
2023-08-31,STK21,0.0502203023730142,227726624.473645,1.0994823576571244
2023-08-31,STK22,-0.0645938612730612,159388300.8270937,0.5310157491516205
2023-08-31,STK23,0.0207808044844686,160635025.49283144,1.7995305772860384
2023-08-31,STK24,0.0538855514447396,124443041.36094466,0.3626122667722686
2023-08-31,STK25,0.0509275265894804,184927746.8366238,1.3541185653670489
2023-08-31,STK26,-0.0623404282298504,5737177258.365597,0.4232475647778971
2023-08-31,STK27,0.0604414622906861,26146574791.060654,1.833846712401845
2023-08-31,STK28,-0.0275505290973745,11712947146.287474,0.2567176902198166
2023-08-31,STK29,-0.010790804842175,10775102265.607689,1.421943644214675
2023-08-31,STK30,0.0073259875895091,8045171790.160959,0.4146071658263351
2023-08-31,STK31,0.0203510953573144,8779000659.569088,1.4334408399559295
2023-08-31,STK32,0.0104602485703078,4563774393.721623,0.3718681128615362
2023-08-31,STK33,-0.0229462241307445,19874929683.96472,1.6853648824128324
2023-08-31,STK34,-0.0771644444108853,3344813650.733544,0.3233220425571578
2023-08-31,STK35,-0.0460681175758883,42176790790.086174,1.3512710713248868
2023-08-31,STK36,-0.0271519096470286,3920390560.823744,0.3713917637783647
2023-08-31,STK37,-0.0034359093887736,13283560342.851513,1.463809668659587
2023-08-31,STK38,-0.0818544717508188,10275895131.1497,0.4925522071489747
2023-08-31,STK39,-0.0214957530420654,6170115554.653631,1.077382426789918
2023-08-31,STK40,0.0144367174856822,6980220269.443363,0.2853293161198035
2023-08-31,STK41,-0.0249981465329109,20011655536.59533,1.282982986218462
2023-08-31,STK42,-0.0589588011419905,5087919459.822593,0.430273449282924
2023-08-31,STK43,-0.0923610921832669,6555194325.374425,1.3418892252578722
2023-08-31,STK44,-0.036564711278488,3294909922.28753,0.3233438777920217
2023-08-31,STK45,0.0028179763324954,8946081317.569658,1.4319493296140575
2023-08-31,STK46,0.0261876239537034,8288456229.569236,0.4910818846427312
2023-08-31,STK47,0.0270155720439809,9504354617.378069,1.1878089327473909
2023-08-31,STK48,0.0033774425771414,18587485499.133213,0.4790951903708705
2023-08-31,STK49,0.0429327632182548,19190976012.58289,1.3532003672919866
2023-08-31,STK50,0.0121148300172649,9343148275.9209,0.427170772636922
2023-09-30,STK01,0.0298307020240966,103788572.98404464,1.4102438098660544
2023-09-30,STK02,-0.0006117701571686,105335388.11867853,0.4233170010383347
2023-09-30,STK03,0.0330683382132446,82578757.6149852,1.4777731415352986
2023-09-30,STK04,-0.0128732875260277,197734144.70491388,0.3441220636782177
2023-09-30,STK05,0.0585487785678219,147199782.86490628,1.3808700962849327
2023-09-30,STK06,0.0551273287005939,95069379.48334862,0.3960702902544848
2023-09-30,STK07,-0.0121233926222842,423985164.0939986,1.1093718641980983
2023-09-30,STK08,0.1072488102640418,145201073.52682355,0.4382843324666041
2023-09-30,STK09,-0.0026024584987155,99280917.1643312,1.2256669938571625
2023-09-30,STK10,0.0367478574131311,130156227.58964989,0.3510149230399097
2023-09-30,STK11,-0.0042252353347412,455749410.09969926,1.786863153600595
2023-09-30,STK12,0.0334854789127854,292617258.1878871,0.5792081044721357
2023-09-30,STK13,0.0009496844107973,225839687.83578724,1.5150743384337697
2023-09-30,STK14,0.0385796269731614,119215665.04614034,0.4266395489044555
2023-09-30,STK15,0.0644885235240702,154564707.20206836,1.184882736741384
2023-09-30,STK16,-0.0308358613023131,112495098.2657915,0.5054039043260227
2023-09-30,STK17,0.0545508355943063,143855567.25424004,1.5058847893736775
2023-09-30,STK18,0.0191302288305542,57611791.43111739,0.3331453063147891
2023-09-30,STK19,0.0565429222464715,118449457.21756516,2.0371920886241357
2023-09-30,STK20,-0.000462992376196,170679790.8215088,0.3902870323972006
2023-09-30,STK21,0.0537242264176565,239961061.20819572,1.4857074165552977
2023-09-30,STK22,0.0117103232169291,161254789.3467761,0.4171283788107128
2023-09-30,STK23,0.0591169897540137,170131284.64902687,1.6021599365079533
2023-09-30,STK24,0.0481206133125917,130431316.83371753,0.456573020513238
2023-09-30,STK25,0.0622064626567596,196431447.8144149,1.5385129146904746
2023-09-30,STK26,-0.0653761199269278,5362102869.880645,0.550321806255203
2023-09-30,STK27,0.0284076973052906,26889338773.29525,1.5297941237052264
2023-09-30,STK28,0.0013636777800671,11728919832.049969,0.4347920855718547
2023-09-30,STK29,-0.0226110829912248,10531465534.041098,1.0340161235313263
2023-09-30,STK30,-0.027315913946052,7825410569.859716,0.6197615808442061
2023-09-30,STK31,0.0080282578108209,8849480740.185476,1.5616271092588585
2023-09-30,STK32,0.0253968737831323,4679679995.973663,0.3508431510224495
2023-09-30,STK33,-0.0702169397169961,18479372944.466232,1.1857801495397955
2023-09-30,STK34,-0.0257777827084939,3258591771.24453,0.4074968850358583
2023-09-30,STK35,-0.0474384310621031,40175990007.76993,1.443837895669375
2023-09-30,STK36,0.0075671097652602,3950056586.520188,0.4202375791770624
2023-09-30,STK37,-0.0505019593904988,12612714517.855583,1.39209649457352
2023-09-30,STK38,-0.0424731918071057,9839445066.254677,0.5865864348522687
2023-09-30,STK39,0.0011764544656282,6177374414.651346,1.1746660100012722
2023-09-30,STK40,-0.0275931031593135,6787614331.473881,0.3928075741663907
2023-09-30,STK41,-0.0508010174479751,18995043074.517883,1.131447213791467
2023-09-30,STK42,-0.0352532656225955,4908553683.639094,0.4897396119706482
2023-09-30,STK43,-0.0321019496901545,6344759806.932069,1.5441789230751148
2023-09-30,STK44,-0.109226225855981,2935019346.9406395,0.4044342248719264
2023-09-30,STK45,-0.0191369425137252,8774880673.672216,2.4418556324826803
2023-09-30,STK46,-0.0802652226554983,7623181444.832509,0.3958644808752967
2023-09-30,STK47,-0.027477220151653,9243201373.156992,1.2809307652823887
2023-09-30,STK48,-0.0093000520577346,18414620916.36889,0.4205700406784862
2023-09-30,STK49,-0.0496633396137901,18237888053.349884,1.599999112778483
2023-09-30,STK50,-0.0527904308054803,8849919453.355553,0.3520837544503894
2023-10-31,STK01,0.1070877278072437,114903055.43726224,1.148796953678164
2023-10-31,STK02,0.0356700120029768,109092702.67721,0.3364803347423953
2023-10-31,STK03,0.0451222725198115,86304898.82043602,1.409085662622747
2023-10-31,STK04,0.035310866646343,204716308.72001785,0.3711508003418083
2023-10-31,STK05,0.0337615541798113,152169476.30935627,1.0604767041706205
2023-10-31,STK06,-0.0311425103295984,92108680.35075994,0.4457966707447268
2023-10-31,STK07,0.0293702409511534,436437710.52315366,1.3606711979995745
2023-10-31,STK08,-0.0018704955883364,144929475.55936995,0.4331037346647886
2023-10-31,STK09,0.0355061058408209,102805995.91714172,1.227791232398867
2023-10-31,STK10,0.0554002904264675,137366920.3989299,0.298771812787252
2023-10-31,STK11,0.0489623161720563,478063956.8122289,1.353586084379371
2023-10-31,STK12,0.0481807163332152,306715767.2988409,0.4806583803584562
2023-10-31,STK13,0.072764294754453,242272753.4487241,1.6486415269880683
2023-10-31,STK14,0.0394232858814691,123915538.2908038,0.2361777397334543
2023-10-31,STK15,0.1403489839082454,176257706.80595413,1.1952333246932365
2023-10-31,STK16,0.0577703364192868,118993977.938127,0.5227965047724357
2023-10-31,STK17,0.082582061455838,155735456.54999414,1.6551410953579138
2023-10-31,STK18,0.0149281738948951,58471830.27199754,0.3798409892481632
2023-10-31,STK19,-0.0109609909563551,117151133.78821824,1.2028909008516755
2023-10-31,STK20,0.0440400803597751,178196542.52507764,0.3403030513438637
2023-10-31,STK21,0.0500889449120925,251980457.5841003,1.6295826592126814
2023-10-31,STK22,-0.0568011415200651,152095333.2363016,0.3851939409156825
2023-10-31,STK23,0.0262451143672428,174596399.67208654,1.4036362460925806
2023-10-31,STK24,-0.0109210370392719,129006871.5914955,0.406555240908689
2023-10-31,STK25,0.1022877710797655,216523982.78132272,1.3584520015586992
2023-10-31,STK26,0.0497055851550141,5628629330.689443,0.4122810923813993
2023-10-31,STK27,0.0558586741868203,28391341586.931786,1.4597922648559831
2023-10-31,STK28,0.0202005268095584,11965850191.564457,0.3695461813101828
2023-10-31,STK29,0.0061147293707565,10595862595.65921,1.1335773127172364
2023-10-31,STK30,0.0058303504128713,7871035455.606586,0.3806651946407543
2023-10-31,STK31,0.0508830532517545,9299769339.93871,1.7781938803271191
2023-10-31,STK32,0.0445619420454232,4888215624.745368,0.3437773435717601
2023-10-31,STK33,0.0073286976326053,18614802681.216373,1.3010353582336796
2023-10-31,STK34,0.0379827824781609,3382362153.676836,0.3604636653528847
2023-10-31,STK35,0.0399540542672766,41781183692.78193,1.1217115573445795
2023-10-31,STK36,0.017923686144656,4020856161.030608,0.3589561380596774
2023-10-31,STK37,0.0509134441801598,13254871254.420712,1.1274858122932443
2023-10-31,STK38,-0.0150235600751438,9691621572.19572,0.516332236430146
2023-10-31,STK39,0.0569422188913796,6529127820.744432,1.3873183430644105
2023-10-31,STK40,-0.0080108453303899,6733239802.902105,0.2029409172292459
2023-10-31,STK41,-0.0231745883036932,18554840771.45501,1.64514780728995
2023-10-31,STK42,0.0099846254709522,4957563753.774293,0.4028141348761501
2023-10-31,STK43,0.0184443990180154,6461785088.484592,1.5687783027372688
2023-10-31,STK44,0.0354482347255367,3039060601.6749825,0.3575758915392779
2023-10-31,STK45,0.0659010987962913,9353154951.873556,1.7301385821456712
2023-10-31,STK46,0.0302190136386978,7853546468.884171,0.3873683056658819
2023-10-31,STK47,0.0126314967526939,9359956841.286522,1.190513092690448
2023-10-31,STK48,0.1031729502728962,20314511684.46765,0.4137163455676388
2023-10-31,STK49,0.0334005292626351,18847043166.96446,1.2611380239441483
2023-10-31,STK50,0.0470524509944602,9266329854.739489,0.323664370402507
2023-11-30,STK01,0.0245743229414189,117726720.2285333,1.592963090750804
2023-11-30,STK02,-0.044638058939619,104223016.18522236,0.4796837370835236
2023-11-30,STK03,-0.0422772536820257,82656164.71900287,1.2901661927470778
2023-11-30,STK04,0.0111383624054084,206996513.15683883,0.3075180765255201
2023-11-30,STK05,0.0121806881479828,154023005.24592242,1.41783956802736
2023-11-30,STK06,0.0128038019356284,93288021.65052316,0.4018262431691526
2023-11-30,STK07,0.0259205091357396,447750398.1859504,1.147135911376225
2023-11-30,STK08,-0.0316557725997092,140341621.0380674,0.4039880212934217
2023-11-30,STK09,-0.0550917747689004,97142231.14518204,1.255400325944697
2023-11-30,STK10,0.026092442823499,140951158.91527912,0.3347429339570164
2023-11-30,STK11,-0.0275418953060648,464897169.3641034,1.238507970063451
2023-11-30,STK12,-0.0148255027865016,302168551.83608794,0.4262680526585137
2023-11-30,STK13,0.0544263419901599,255458773.1828221,2.314390230210124
2023-11-30,STK14,-0.0051551167297747,123276739.22628182,0.3345139768536989
2023-11-30,STK15,-0.0232133408131834,172166176.58691734,1.3481516806345042
2023-11-30,STK16,0.0095813565570009,120134101.66888812,0.4523274163210359
2023-11-30,STK17,-0.0245640097241728,151909969.28090158,1.6840695271632646
2023-11-30,STK18,-0.0332125137628303,56529833.80435095,0.3800582648917069
2023-11-30,STK19,0.0222578806974202,119758669.74764392,1.1213023293147908
2023-11-30,STK20,-0.0409917940807713,170891946.54798424,0.3991565900971868
2023-11-30,STK21,0.0212530550961293,257335812.1322831,1.5114097257776191
2023-11-30,STK22,0.0112294445639196,153803279.34930953,0.4460504330991732
2023-11-30,STK23,0.0127789767661998,176827563.00695828,1.3319046198241775
2023-11-30,STK24,-0.0730373781422729,119584547.9281158,0.4141792400274233
2023-11-30,STK25,0.0793526744849028,233705739.9051437,1.580962494018439
2023-11-30,STK26,-0.0482982565757557,5356776347.10598,0.4780439313002877
2023-11-30,STK27,-0.0385112310125185,27297956072.322124,1.8074185014515856
2023-11-30,STK28,-0.0142723858052264,11795068961.142906,0.4239799481365638
2023-11-30,STK29,-0.0120342922834278,10468348888.188004,1.736312934973007
2023-11-30,STK30,-0.0206792247184926,7708268544.652875,0.3443374803297856
2023-11-30,STK31,0.0357241629788154,9631995815.50407,1.4939782567781033
2023-11-30,STK32,-0.04081275534055,4688714076.400782,0.3868738268380567
2023-11-30,STK33,-0.0328732851179318,18002872965.262707,1.2671684534371035
2023-11-30,STK34,0.0118045725790831,3422289493.208658,0.3999359530090285
2023-11-30,STK35,-0.0291879918938484,40561674841.84161,1.4637123253070232
2023-11-30,STK36,-0.0661512838208725,3754871363.919368,0.388849377940574
2023-11-30,STK37,-0.0487301880238578,12608958885.960764,1.4835115703066435
2023-11-30,STK38,0.0008198587668126,9699567333.106316,0.5435120327002785
2023-11-30,STK39,-0.0133697873267541,6441834770.351886,1.200682677985985
2023-11-30,STK40,-0.0446806323388145,6432394390.819566,0.2622970090458534
2023-11-30,STK41,0.0400889791390134,19298685396.069588,1.187398157126191
2023-11-30,STK42,-0.0156552138503336,4879952033.032293,0.623787132842848
2023-11-30,STK43,0.0157590643123809,6563616775.266804,2.099714563824872
2023-11-30,STK44,-0.0425325335853859,2909801654.5662184,0.3053053596118511
2023-11-30,STK45,-0.0809261623007143,8596240016.214508,1.605318047098898
2023-11-30,STK46,-0.069541019787967,7307402838.485776,0.4629280552507644
2023-11-30,STK47,-0.0428684814453007,8958709705.107014,1.7215042481597402
2023-11-30,STK48,-0.0487542995975622,19324091895.62493,0.439891473273906
2023-11-30,STK49,0.0014178232493583,18873764942.94824,1.5138771146162529
2023-11-30,STK50,0.0452342324869387,9685485173.689434,0.2912927727199566
2023-12-31,STK01,0.1012295410892231,129644142.0912071,1.3910781072232428
2023-12-31,STK02,0.0904361429876835,113648543.7795568,0.4017859661481109
2023-12-31,STK03,0.0617325352339005,87758739.3198178,1.5519044913223274
2023-12-31,STK04,0.0613347384384405,219692590.1489828,0.3261643577026847
2023-12-31,STK05,0.0775494349184484,165967402.2671849,1.553686502007295
2023-12-31,STK06,0.1074231554801345,103309315.30472147,0.3340934645061814
2023-12-31,STK07,0.121116456121686,501980339.6413065,1.142815799961034
2023-12-31,STK08,0.1084771798380984,155565484.30218413,0.4663189730434605
2023-12-31,STK09,0.109643814804663,107793275.94657616,1.5074602883000956
2023-12-31,STK10,0.1260786619453018,158722092.4309571,0.3491578338805119
2023-12-31,STK11,0.1001261899042252,511445551.6297903,1.4739438135794467
2023-12-31,STK12,0.1065919897244049,334377299.0084386,0.5672840694037956
2023-12-31,STK13,0.0852946220289827,277248032.6854386,1.722673500973849
2023-12-31,STK14,0.0251299697890263,126374679.95872796,0.3583547404056725
2023-12-31,STK15,0.0586260099476443,182259592.56814983,1.9799248321690397
2023-12-31,STK16,0.1519243696467809,138385399.33801624,0.4140496162329142
2023-12-31,STK17,0.0352760280802461,157268749.622924,1.7994055846478163
2023-12-31,STK18,0.0661265594222047,60267957.21854172,0.3460063900423001
2023-12-31,STK19,0.0310880593985681,123481734.38625218,0.985215080379694
2023-12-31,STK20,0.0521435597622243,179802860.9756919,0.3761654822368755
2023-12-31,STK21,0.1216022808291872,288628433.8266,1.39290035250288
2023-12-31,STK22,0.1809232285909453,181629865.21706164,0.5818648643824251
2023-12-31,STK23,0.0719000525578434,189541474.08083397,1.5157927829619533
2023-12-31,STK24,0.0328602093781439,123514121.21142437,0.289198956572558
2023-12-31,STK25,0.0813891353913157,252726848.0120112,1.2784487869039882
2023-12-31,STK26,0.1003139218158209,5894135590.774407,0.5581425240202615
2023-12-31,STK27,0.0905564953042787,29769963303.20177,2.127954211997021
2023-12-31,STK28,0.0759041506291652,12690363652.250889,0.3525309300667943
2023-12-31,STK29,0.126808662850051,11795826212.946943,1.1588410029084355
2023-12-31,STK30,0.1201378572443742,8634323410.671684,0.4879706756142019
2023-12-31,STK31,0.1548534218957353,11123543327.22028,1.2790998733493737
2023-12-31,STK32,0.1122919695750665,5215219014.814164,0.3004330316608446
2023-12-31,STK33,0.1287807732795714,20321296866.983128,1.2354500477741075
2023-12-31,STK34,0.1361588418937348,3888264467.229046,0.3504252594859349
2023-12-31,STK35,0.1535973184313175,46791839328.63152,1.2692085933817785
2023-12-31,STK36,0.0556907531252932,3963982978.0646353,0.3534318674049728
2023-12-31,STK37,0.07902579932775,13605391940.614548,1.242547004948007
2023-12-31,STK38,0.1875259411878428,11518487826.361933,0.5183554753956098
2023-12-31,STK39,0.1471871855564038,7389990300.0193615,1.1946103603544806
2023-12-31,STK40,0.0668122982692025,6862157443.444148,0.2336071270412245
2023-12-31,STK41,0.1153549283964201,21524883868.07824,1.3748228543187675
2023-12-31,STK42,0.0356553362239622,5053948363.526868,0.4928566181057964
2023-12-31,STK43,0.1353884911690313,7452254947.081919,1.5872621411803782
2023-12-31,STK44,0.1459241441598484,3334411970.6837044,0.5132014857584841
2023-12-31,STK45,0.178755500335937,10132865201.320734,2.30869399574219
2023-12-31,STK46,0.1289976152111447,8250040378.037592,0.5087146735931841
2023-12-31,STK47,0.1170002339224607,10006880836.247952,1.399000921797403
2023-12-31,STK48,0.1189986000413817,21623631778.275314,0.4023573766022693
2023-12-31,STK49,0.1065930612458811,20885577325.45229,1.5167581942687764
2023-12-31,STK50,0.1513115595422401,11151011040.243628,0.3256557997939101
