N,Iteration,Factor,IR
10,0,MKT_RF,-0.00029543773953499104
10,0,SMB,0.17128473425031787
10,0,HML,0.005304592614313292
10,0,WML,0.7666829431930411
10,1,MKT_RF,0.09507201561986732
10,1,SMB,-0.26393943481336973
10,1,HML,0.5431294759266961
10,1,WML,0.5218242605236684
10,2,MKT_RF,1.0703910258574643
10,2,SMB,-0.1408095694254458
10,2,HML,-0.15799903279403316
10,2,WML,-0.5121454464333985
10,3,MKT_RF,0.45258002310421985
10,3,SMB,-0.17888908601733208
10,3,HML,0.14866521144204628
10,3,WML,0.3413571875969824
10,4,MKT_RF,0.4959726524675755
10,4,SMB,0.08714712036226115
10,4,HML,0.35595517240819974
10,4,WML,-0.042283769756404285
10,5,MKT_RF,0.4442228746702518
10,5,SMB,0.3535790121675013
10,5,HML,-0.022042243542485716
10,5,WML,-0.07720478377120862
10,6,MKT_RF,0.311942025789917
10,6,SMB,-0.49969740958264675
10,6,HML,0.33057747969659806
10,6,WML,1.005462737155599
10,7,MKT_RF,0.22563036914551274
10,7,SMB,-0.17804654373836476
10,7,HML,0.1323338188054152
10,7,WML,0.2564181410148411
10,8,MKT_RF,0.3868232723544014
10,8,SMB,-0.0022161329232095245
10,8,HML,0.4481590413333882
10,8,WML,0.2735523555752188
10,9,MKT_RF,0.19141418877925193
10,9,SMB,-0.3164202556397539
10,9,HML,0.3005123992275245
10,9,WML,0.9629133812654981
10,10,MKT_RF,0.3678248334960998
10,10,SMB,-0.37289608709168665
10,10,HML,0.41760529222867765
10,10,WML,0.46658051131507405
10,11,MKT_RF,0.4156594043870705
10,11,SMB,-0.31548626268616686
10,11,HML,0.28240232090240475
10,11,WML,0.4738246014789631
10,12,MKT_RF,0.334604192795554
10,12,SMB,-0.05321082438368933
10,12,HML,0.4515576545108799
10,12,WML,-0.01294480483600028
10,13,MKT_RF,0.4379805147185164
10,13,SMB,-0.5939342716752188
10,13,HML,0.3173883273130263
10,13,WML,0.20913393326440693
10,14,MKT_RF,0.701189460008303
10,14,SMB,-0.4844423621896331
10,14,HML,0.11739305476259763
10,14,WML,-0.02503512344390789
10,15,MKT_RF,0.5383654111902335
10,15,SMB,-0.1316102781478294
10,15,HML,0.3541859487276645
10,15,WML,0.0056909712615576015
10,16,MKT_RF,-0.09710447877856046
10,16,SMB,0.16484069252702352
10,16,HML,0.20249716653329117
10,16,WML,0.8034877741279943
10,17,MKT_RF,0.6353253947426679
10,17,SMB,-0.16564366473231654
10,17,HML,-0.020547590158258938
10,17,WML,-0.059351969190922456
10,18,MKT_RF,-0.11463400220609202
10,18,SMB,-0.15662941848423814
10,18,HML,0.4856072062333258
10,18,WML,1.1661604372954872
10,19,MKT_RF,0.2166168463907785
10,19,SMB,0.07984549244370662
10,19,HML,0.4064387815606866
10,19,WML,0.39758323753249825
10,20,MKT_RF,0.4778426174854124
10,20,SMB,-0.19544615775987195
10,20,HML,0.2571904144323413
10,20,WML,0.17259199909656278
10,21,MKT_RF,0.4866821280972833
10,21,SMB,-0.34608769124563277
10,21,HML,0.5038797280294796
10,21,WML,0.1824792831388008
10,22,MKT_RF,0.3346235584587551
10,22,SMB,-0.07152402804777751
10,22,HML,0.22839530420338125
10,22,WML,0.47559947114246304
10,23,MKT_RF,0.015753647062510506
10,23,SMB,0.10974097821592955
10,23,HML,0.16965356749897723
10,23,WML,0.5208452528033982
10,24,MKT_RF,0.535622802818428
10,24,SMB,-0.27234459302312947
10,24,HML,0.11649345716294475
10,24,WML,0.15941163130170763
10,25,MKT_RF,0.28247105655469995
10,25,SMB,-0.33203814147359584
10,25,HML,0.715379135770528
10,25,WML,0.1437290250616036
10,26,MKT_RF,0.09217387612580291
10,26,SMB,0.07289326645458394
10,26,HML,-0.0006413398812510658
10,26,WML,0.7076537842072829
10,27,MKT_RF,0.23578088440437336
10,27,SMB,-0.18648678382404518
10,27,HML,0.049625301819626697
10,27,WML,0.3667625158053158
10,28,MKT_RF,0.16790059941359486
10,28,SMB,-0.010055684547280945
10,28,HML,0.16859124894725444
10,28,WML,0.33414991245967335
10,29,MKT_RF,0.058804144351488945
10,29,SMB,0.28099201679339514
10,29,HML,0.11490177986218064
10,29,WML,0.6725411302232529
10,30,MKT_RF,0.4164472555035132
10,30,SMB,0.10022712189325242
10,30,HML,0.008482139498338046
10,30,WML,0.28929237104007316
10,31,MKT_RF,0.5049207106683398
10,31,SMB,0.33651784692302095
10,31,HML,0.25636881934155614
10,31,WML,-0.10176300673681675
10,32,MKT_RF,0.7324279957164196
10,32,SMB,-0.39154940135602545
10,32,HML,0.27569844635884067
10,32,WML,-0.15184960526731903
10,33,MKT_RF,0.4646755831149142
10,33,SMB,0.18473493447611872
10,33,HML,0.12749639107399624
10,33,WML,0.2826641851429598
10,34,MKT_RF,0.5332770684898422
10,34,SMB,-0.03414482838751607
10,34,HML,0.46871360080244895
10,34,WML,0.14228003828868482
10,35,MKT_RF,0.3390392785143181
10,35,SMB,0.2383107575216867
10,35,HML,0.3220001707377332
10,35,WML,0.4596242799132707
10,36,MKT_RF,0.6592283858251771
10,36,SMB,-0.034895932356740086
10,36,HML,0.313422898214121
10,36,WML,-0.4027206985469052
10,37,MKT_RF,0.6745024053645461
10,37,SMB,-0.19964681744995177
10,37,HML,0.09347919938645695
10,37,WML,-0.04589878522859815
10,38,MKT_RF,0.5150492236437143
10,38,SMB,-0.2883719938627076
10,38,HML,0.4572515888770921
10,38,WML,0.09859787409032486
10,39,MKT_RF,0.21194527082066897
10,39,SMB,-0.10955515752392529
10,39,HML,0.2620492716985474
10,39,WML,0.4866483868902627
10,40,MKT_RF,0.3267503435441202
10,40,SMB,-0.16046456018308966
10,40,HML,-0.19383658435708806
10,40,WML,0.07787054661782619
10,41,MKT_RF,0.11275521090315023
10,41,SMB,-0.29133603886846426
10,41,HML,0.6087525671638627
10,41,WML,0.602690940584439
10,42,MKT_RF,0.5753018857025991
10,42,SMB,-0.1646125573655618
10,42,HML,0.564070313879626
10,42,WML,0.061659128825359955
10,43,MKT_RF,0.5036560440014336
10,43,SMB,-0.06746445779054581
10,43,HML,0.6063632348117935
10,43,WML,-0.23057520772668674
10,44,MKT_RF,0.1993876366717689
10,44,SMB,0.04805799185449293
10,44,HML,0.5259660309134464
10,44,WML,0.22554618251778338
10,45,MKT_RF,0.4582183902238414
10,45,SMB,-0.19027244161245319
10,45,HML,-0.17510386293318614
10,45,WML,0.05399273428560183
10,46,MKT_RF,0.3024644089812223
10,46,SMB,-0.4466796379997367
10,46,HML,0.13714782380882115
10,46,WML,0.3936690214707266
10,47,MKT_RF,0.4006938371271418
10,47,SMB,-0.04913128298653156
10,47,HML,0.10029623520931105
10,47,WML,0.09970514732103332
10,48,MKT_RF,0.36908492253602
10,48,SMB,0.029653066261322653
10,48,HML,0.41986709917235493
10,48,WML,0.325347447437217
10,49,MKT_RF,0.4567687422254956
10,49,SMB,0.030935486978194364
10,49,HML,0.3165155314630761
10,49,WML,0.031798366672913955
10,50,MKT_RF,-0.09606917173696809
10,50,SMB,-0.10643871114128178
10,50,HML,0.12570158481884033
10,50,WML,0.9278638325756459
10,51,MKT_RF,0.7769806010690689
10,51,SMB,0.0992764548709183
10,51,HML,-0.14118108116741887
10,51,WML,0.019581701825564405
10,52,MKT_RF,0.17376276467049787
10,52,SMB,0.2860263100604597
10,52,HML,0.4307958107059574
10,52,WML,0.4320717934745171
10,53,MKT_RF,0.21861403923466824
10,53,SMB,0.027721353203699138
10,53,HML,0.0983483840726493
10,53,WML,0.7941248144139259
10,54,MKT_RF,0.5041935841444103
10,54,SMB,-0.11358484236846599
10,54,HML,0.09130783672608568
10,54,WML,0.1120634161036422
10,55,MKT_RF,0.2547155062701935
10,55,SMB,-0.3851984781478444
10,55,HML,0.193432427440827
10,55,WML,0.723720676860944
10,56,MKT_RF,-0.13036315268416615
10,56,SMB,-0.23206359564064338
10,56,HML,0.6497548081503144
10,56,WML,1.1795718482564785
10,57,MKT_RF,0.4306230046181536
10,57,SMB,-0.38591001811275927
10,57,HML,0.6449924938499133
10,57,WML,0.26902441229091667
10,58,MKT_RF,-0.2405253360774401
10,58,SMB,-0.024064714746096397
10,58,HML,0.6440561983653234
10,58,WML,0.7750711256300385
10,59,MKT_RF,0.6334836959142537
10,59,SMB,-0.3182296774736462
10,59,HML,0.44787956455139705
10,59,WML,0.06605186915997997
10,60,MKT_RF,0.5578698967059933
10,60,SMB,0.0384722524893557
10,60,HML,0.09182730750647831
10,60,WML,0.22437825790833874
10,61,MKT_RF,0.751925751203861
10,61,SMB,0.10327712086136873
10,61,HML,-0.1642867918427521
10,61,WML,-0.27222766563244283
10,62,MKT_RF,0.49657974394629373
10,62,SMB,-0.7796863376780682
10,62,HML,0.1673340292209523
10,62,WML,0.2457452369846815
10,63,MKT_RF,0.13129539615132377
10,63,SMB,0.41733914530059785
10,63,HML,0.1982575156994125
10,63,WML,0.6715874964189075
10,64,MKT_RF,-0.036946758056359504
10,64,SMB,-0.02441067874847566
10,64,HML,-0.018824225995634356
10,64,WML,0.9965383714258224
10,65,MKT_RF,0.5542118658287796
10,65,SMB,-0.48251960488740364
10,65,HML,0.2928426994416666
10,65,WML,-0.16965062932690447
10,66,MKT_RF,0.10964000029233538
10,66,SMB,-0.3318264203597388
10,66,HML,0.3793608665999495
10,66,WML,0.7981196193036916
10,67,MKT_RF,0.1585593468577121
10,67,SMB,-0.29967852865536704
10,67,HML,0.042310903800052126
10,67,WML,0.37516378848111454
10,68,MKT_RF,0.4070079493108142
10,68,SMB,-0.5225171962336593
10,68,HML,0.4514381545798904
10,68,WML,0.30423947272617263
10,69,MKT_RF,0.6432381819191512
10,69,SMB,-0.16291011691717178
10,69,HML,-0.09333358343069473
10,69,WML,-0.24450822364150046
10,70,MKT_RF,-0.1745530130395524
10,70,SMB,0.27148497671051264
10,70,HML,0.4237861399459396
10,70,WML,0.9056684383393175
10,71,MKT_RF,0.3850852428157077
10,71,SMB,0.14262407186954698
10,71,HML,0.20998788024971443
10,71,WML,0.25375992083281057
10,72,MKT_RF,0.5821923826480554
10,72,SMB,0.13290692927511857
10,72,HML,0.131187445240617
10,72,WML,0.006170563219285053
10,73,MKT_RF,0.2684285495970601
10,73,SMB,-0.2827804850402463
10,73,HML,-0.05150656906506049
10,73,WML,0.5785264666565624
10,74,MKT_RF,0.45542896572336355
10,74,SMB,0.10291766221067092
10,74,HML,0.2879549789469082
10,74,WML,-0.2773749218992026
10,75,MKT_RF,0.22705637501896475
10,75,SMB,-0.17304733900777206
10,75,HML,0.10616162458312793
10,75,WML,0.39348289110933277
10,76,MKT_RF,0.5504267551904037
10,76,SMB,-0.42493928294377314
10,76,HML,-0.2386728760126962
10,76,WML,0.2557341334860072
10,77,MKT_RF,0.5807768209567358
10,77,SMB,0.07828402555660681
10,77,HML,0.24266154978002066
10,77,WML,0.062273551167882336
10,78,MKT_RF,0.20166091419824386
10,78,SMB,0.009716112236234599
10,78,HML,-0.008154047021171984
10,78,WML,0.4158004597524704
10,79,MKT_RF,0.29738501566820835
10,79,SMB,-0.12926641740708486
10,79,HML,0.35067955378978083
10,79,WML,0.12727324774460433
10,80,MKT_RF,-0.3419017662580986
10,80,SMB,0.5899098321655264
10,80,HML,0.7030271462107968
10,80,WML,1.0542890988872025
10,81,MKT_RF,0.47008983572604995
10,81,SMB,-0.1391024663391309
10,81,HML,0.09414753230745843
10,81,WML,-0.158954759235652
10,82,MKT_RF,0.5185685420744381
10,82,SMB,-0.4148719511230255
10,82,HML,0.22119404407450613
10,82,WML,0.42584265203340066
10,83,MKT_RF,0.468369917603764
10,83,SMB,-0.3212617474515251
10,83,HML,-0.3168015686402876
10,83,WML,0.6527863731984422
10,84,MKT_RF,0.2770032755860855
10,84,SMB,0.2227092894798544
10,84,HML,0.2985981647410254
10,84,WML,-0.10105981954004559
10,85,MKT_RF,0.5113855800290462
10,85,SMB,-0.18644177381109941
10,85,HML,0.2898209261421219
10,85,WML,0.2478775719503461
10,86,MKT_RF,0.6400706725833349
10,86,SMB,-0.3021915459187953
10,86,HML,0.29039200022989864
10,86,WML,0.12318890614516252
10,87,MKT_RF,0.7988923747188413
10,87,SMB,0.031849753177528854
10,87,HML,-0.2642540427155751
10,87,WML,-0.16281312842751236
10,88,MKT_RF,0.15393953837404473
10,88,SMB,0.007709240421262886
10,88,HML,0.174168002462021
10,88,WML,0.561952342743953
10,89,MKT_RF,0.375981032393953
10,89,SMB,-0.06961598868334544
10,89,HML,0.30101332088938254
10,89,WML,0.2404897829125378
10,90,MKT_RF,0.44845721273137407
10,90,SMB,-0.0532389636943492
10,90,HML,-0.4148254559351893
10,90,WML,-0.3653160896989966
10,91,MKT_RF,0.5871239579833444
10,91,SMB,-0.7415445544015764
10,91,HML,0.5181313979779103
10,91,WML,0.07545989563342363
10,92,MKT_RF,-0.003523705035492159
10,92,SMB,-0.14425769788589649
10,92,HML,0.26451604465631073
10,92,WML,0.8072442822299817
10,93,MKT_RF,0.13449915397318107
10,93,SMB,-0.6490431055743089
10,93,HML,0.4371820083100939
10,93,WML,0.6981030923768436
10,94,MKT_RF,0.6415466310170465
10,94,SMB,-0.014569285537645232
10,94,HML,0.20031671903571724
10,94,WML,-0.31999002066628535
10,95,MKT_RF,0.4341514183296631
10,95,SMB,0.31152451187530084
10,95,HML,0.03257239879120647
10,95,WML,-0.04548948909869291
10,96,MKT_RF,0.5598799417280406
10,96,SMB,-0.2684216878370849
10,96,HML,-0.14247663481325237
10,96,WML,0.2701925840870052
10,97,MKT_RF,0.4314051869779717
10,97,SMB,-0.14227158091198203
10,97,HML,-0.1868215514408992
10,97,WML,0.2533178686462241
10,98,MKT_RF,0.013178187885814539
10,98,SMB,0.06020294745149112
10,98,HML,0.5760750194066836
10,98,WML,0.685013668102586
10,99,MKT_RF,0.30708497122420925
10,99,SMB,-0.24705159364282595
10,99,HML,0.4947057970476869
10,99,WML,0.4748463890569307
10,100,MKT_RF,-0.13352923385158874
10,100,SMB,-0.17789996002497707
10,100,HML,0.5776612781770382
10,100,WML,1.1220894889660193
10,101,MKT_RF,0.4229877020620595
10,101,SMB,0.36205869835183435
10,101,HML,0.4019745144394209
10,101,WML,0.09628821985147576
10,102,MKT_RF,0.06380062146974003
10,102,SMB,-0.8211871133747108
10,102,HML,0.3716726049497774
10,102,WML,0.7561103364290479
10,103,MKT_RF,0.548593606035303
10,103,SMB,-0.2818132285868789
10,103,HML,0.2490742874633477
10,103,WML,0.6468792002128606
10,104,MKT_RF,0.30973058170007645
10,104,SMB,-0.10878768025590273
10,104,HML,0.11025071039996452
10,104,WML,0.407120040649237
10,105,MKT_RF,0.17147976539836246
10,105,SMB,-0.007361185341360495
10,105,HML,0.07307658553139076
10,105,WML,0.28080163349652015
10,106,MKT_RF,0.4024482330616674
10,106,SMB,-0.5098290218362456
10,106,HML,0.17885249053433044
10,106,WML,0.26259386882962876
10,107,MKT_RF,0.5632366739997484
10,107,SMB,-0.3309372891174297
10,107,HML,0.32121155547053704
10,107,WML,0.22806318754706328
10,108,MKT_RF,0.32238328878185857
10,108,SMB,0.3372702911003158
10,108,HML,0.4564131842716337
10,108,WML,0.4312224323441256
10,109,MKT_RF,0.41796819103128785
10,109,SMB,0.017045035147071317
10,109,HML,0.5627808705903782
10,109,WML,0.1428409907624173
10,110,MKT_RF,0.1356181199290837
10,110,SMB,-0.020995628356558486
10,110,HML,0.1850933665260193
10,110,WML,0.7332195942418415
10,111,MKT_RF,0.4912604314378948
10,111,SMB,-0.5921834028239281
10,111,HML,0.6750671224358408
10,111,WML,0.44117238709225665
10,112,MKT_RF,0.20459171888161465
10,112,SMB,-0.28306128438359124
10,112,HML,0.3086597390567142
10,112,WML,0.3937309459297063
10,113,MKT_RF,0.14027590650334862
10,113,SMB,-0.5736922296910612
10,113,HML,0.2393120212228358
10,113,WML,0.8314750833180194
10,114,MKT_RF,0.034925361536847895
10,114,SMB,0.04778309148353149
10,114,HML,0.46098325850416305
10,114,WML,0.42466713150939694
10,115,MKT_RF,0.5356078412736129
10,115,SMB,-0.07143751755433593
10,115,HML,0.08550581020015277
10,115,WML,-0.34704683151932497
10,116,MKT_RF,0.5593599626151305
10,116,SMB,-0.08887494191237719
10,116,HML,0.5662611637070062
10,116,WML,0.17314442231428528
10,117,MKT_RF,0.5072577425930878
10,117,SMB,-0.041959817277296495
10,117,HML,0.3189832276799669
10,117,WML,0.2456013582383572
10,118,MKT_RF,0.4733400647045177
10,118,SMB,0.23764110922311144
10,118,HML,0.06016955091438357
10,118,WML,-0.11312598941234851
10,119,MKT_RF,0.07548315469629616
10,119,SMB,-0.3276157569422968
10,119,HML,-0.03774030958173929
10,119,WML,1.134392424253382
10,120,MKT_RF,0.3466543927272967
10,120,SMB,0.15137584233802956
10,120,HML,0.24377521567813287
10,120,WML,0.1566536893368289
10,121,MKT_RF,0.31603491795493877
10,121,SMB,-0.12055114962268998
10,121,HML,0.5682075121886457
10,121,WML,0.01491242553498321
10,122,MKT_RF,0.4479946284854928
10,122,SMB,0.17899329880974307
10,122,HML,-0.12192740529357242
10,122,WML,-0.13304968395991487
10,123,MKT_RF,0.5160158382730995
10,123,SMB,-0.14000213716290155
10,123,HML,0.7030914704107545
10,123,WML,0.336678056271551
10,124,MKT_RF,0.3336210252445764
10,124,SMB,-0.21995530996205126
10,124,HML,0.28214448002649944
10,124,WML,0.24334469852114604
10,125,MKT_RF,0.389832071799791
10,125,SMB,0.11131356991668571
10,125,HML,0.35708448756975963
10,125,WML,0.25021300891272763
10,126,MKT_RF,0.55771416665439
10,126,SMB,-0.19572054320140309
10,126,HML,0.13148431051867063
10,126,WML,-0.07950683138293653
10,127,MKT_RF,0.407380217691176
10,127,SMB,-0.25156861083539733
10,127,HML,0.33186382892589683
10,127,WML,0.7278529000627736
10,128,MKT_RF,0.3834795962077985
10,128,SMB,-0.0020944831376208737
10,128,HML,0.33048883021565806
10,128,WML,0.40846179524234816
10,129,MKT_RF,0.3404193445375594
10,129,SMB,-0.5259037158190303
10,129,HML,0.5247530272260901
10,129,WML,0.37292103311454844
10,130,MKT_RF,0.3128355511942193
10,130,SMB,-0.1300930550216788
10,130,HML,-0.0035255267757432064
10,130,WML,0.3900533710692683
10,131,MKT_RF,0.27465681600562375
10,131,SMB,-0.33880184080248765
10,131,HML,0.5632734581650634
10,131,WML,0.31088113623503366
10,132,MKT_RF,0.4206896310689307
10,132,SMB,-0.2297028871034365
10,132,HML,0.48121048670235356
10,132,WML,-0.03165040693390746
10,133,MKT_RF,0.3988842433241487
10,133,SMB,-0.1276271027505782
10,133,HML,0.29642388144984644
10,133,WML,0.15449336544529269
10,134,MKT_RF,0.2960811275915546
10,134,SMB,-0.61100804094779
10,134,HML,0.4668142385044143
10,134,WML,0.6605858934187004
10,135,MKT_RF,0.6679022274884838
10,135,SMB,-0.196373878432168
10,135,HML,0.04443322681283958
10,135,WML,-0.09117043398220988
10,136,MKT_RF,0.3727207286319245
10,136,SMB,-0.07950154598627909
10,136,HML,0.23579306083833643
10,136,WML,0.13575838014956448
10,137,MKT_RF,0.07632565222550618
10,137,SMB,-0.04691809007810945
10,137,HML,0.07776239596191224
10,137,WML,0.6549310773245657
10,138,MKT_RF,0.35855772133892927
10,138,SMB,0.10253530948140317
10,138,HML,-0.3248552166586575
10,138,WML,0.578618291269517
10,139,MKT_RF,0.06515673875771365
10,139,SMB,-0.6439565557398026
10,139,HML,0.30202983305836273
10,139,WML,0.7037801813321012
10,140,MKT_RF,0.24802951983271215
10,140,SMB,0.013133689147259892
10,140,HML,0.4401060724108006
10,140,WML,0.3798998315813486
10,141,MKT_RF,0.4924403483024252
10,141,SMB,-0.2041737240447132
10,141,HML,0.17572773231598757
10,141,WML,0.12532368391102655
10,142,MKT_RF,0.12985473031406267
10,142,SMB,0.21465425413112071
10,142,HML,0.15265191209082554
10,142,WML,0.9475362323974278
10,143,MKT_RF,0.23264616082437814
10,143,SMB,0.334881373611382
10,143,HML,0.5342922451393193
10,143,WML,0.3747190979546369
10,144,MKT_RF,0.16623697615047645
10,144,SMB,0.016456889938434062
10,144,HML,0.18926985374299538
10,144,WML,0.5904979215828317
10,145,MKT_RF,0.3184168757722323
10,145,SMB,0.014007072300141829
10,145,HML,0.19422053657362745
10,145,WML,0.12701835596692093
10,146,MKT_RF,0.1459887884014184
10,146,SMB,-0.2877085114510469
10,146,HML,0.28866001434715777
10,146,WML,0.49572282749363933
10,147,MKT_RF,0.24123071176785985
10,147,SMB,-0.39453414327380953
10,147,HML,0.4334864121705858
10,147,WML,1.1723820629439865
10,148,MKT_RF,0.4045963102553839
10,148,SMB,-0.032746682762863695
10,148,HML,0.46326827175015267
10,148,WML,0.20997529609425145
10,149,MKT_RF,0.2644959234209773
10,149,SMB,0.5387414203713937
10,149,HML,0.3602886402097455
10,149,WML,0.7985029641158072
10,150,MKT_RF,0.43267548692713975
10,150,SMB,-0.5386731387507364
10,150,HML,0.6243575240779643
10,150,WML,0.25756494335763125
10,151,MKT_RF,0.4934567044049489
10,151,SMB,-0.22494949569356315
10,151,HML,-0.19903338298957812
10,151,WML,0.47005319965590103
10,152,MKT_RF,0.2341435991135199
10,152,SMB,0.23969607065308063
10,152,HML,0.23060723580707562
10,152,WML,0.39742705536490003
10,153,MKT_RF,0.3045797800557897
10,153,SMB,-0.10877627522453852
10,153,HML,0.08618772977932046
10,153,WML,0.1597078914284293
10,154,MKT_RF,0.4789205701158283
10,154,SMB,0.21402237419388795
10,154,HML,-0.19484723720895572
10,154,WML,-0.14717616288523774
10,155,MKT_RF,0.5543295864661488
10,155,SMB,-0.035457954188891555
10,155,HML,0.2517208894648438
10,155,WML,0.06930573730108314
10,156,MKT_RF,0.6602239154201159
10,156,SMB,-0.20865102357401344
10,156,HML,0.22545887833333977
10,156,WML,-0.12394873249872211
10,157,MKT_RF,0.39031705128111693
10,157,SMB,-0.005548754192798574
10,157,HML,0.05874783463169136
10,157,WML,0.4624532907029704
10,158,MKT_RF,0.42769291706891266
10,158,SMB,0.18153945592472653
10,158,HML,0.48472210613507155
10,158,WML,0.29215133407735927
10,159,MKT_RF,0.4596942875922393
10,159,SMB,-0.0685160758086959
10,159,HML,0.3763400612241217
10,159,WML,0.3719228821220206
10,160,MKT_RF,0.597548612309821
10,160,SMB,0.24829526558199572
10,160,HML,-0.11440908874291204
10,160,WML,0.38447117294661065
10,161,MKT_RF,0.42668564503458184
10,161,SMB,0.05779527131929628
10,161,HML,0.7756822546826048
10,161,WML,0.14598179976543754
10,162,MKT_RF,0.3914183703640347
10,162,SMB,-0.019519951227893365
10,162,HML,0.24490345054475568
10,162,WML,0.5997531016154592
10,163,MKT_RF,0.3328158763654178
10,163,SMB,-0.200725538728245
10,163,HML,0.30280903981786245
10,163,WML,1.0888473611433578
10,164,MKT_RF,0.16538173970171072
10,164,SMB,0.03647335803210655
10,164,HML,-0.06508961550057552
10,164,WML,0.6394131183796538
10,165,MKT_RF,0.6180291090992113
10,165,SMB,-0.21067466544928473
10,165,HML,0.2709709744560121
10,165,WML,-0.19424470740122426
10,166,MKT_RF,0.2164093966437259
10,166,SMB,-0.26386108565325606
10,166,HML,0.1534660004991751
10,166,WML,0.49943652558489193
10,167,MKT_RF,0.33052889332140145
10,167,SMB,-0.13710576486580064
10,167,HML,0.1328505614411701
10,167,WML,0.3403883461649063
10,168,MKT_RF,0.274837059389166
10,168,SMB,-0.5563648642483641
10,168,HML,0.4156920611333839
10,168,WML,0.28597859903792394
10,169,MKT_RF,0.22064748681441693
10,169,SMB,-0.30443573722439354
10,169,HML,0.4463288288624918
10,169,WML,0.07390995749540412
10,170,MKT_RF,0.1244358926441857
10,170,SMB,0.09117609767897909
10,170,HML,0.5682666810082934
10,170,WML,0.41076184687520084
10,171,MKT_RF,0.5122241244744888
10,171,SMB,-0.04062982482623676
10,171,HML,-0.025812778756422555
10,171,WML,-0.4762684590044698
10,172,MKT_RF,0.4627762416702107
10,172,SMB,0.2309123341442564
10,172,HML,0.1201192487746186
10,172,WML,0.5303875574387732
10,173,MKT_RF,0.29035411877057005
10,173,SMB,-0.08442548644500253
10,173,HML,0.30404993985344597
10,173,WML,0.010708802669831112
10,174,MKT_RF,0.5481932126614679
10,174,SMB,-0.008422836740458071
10,174,HML,0.6395127318072983
10,174,WML,-0.3893185563925895
10,175,MKT_RF,0.6655537094416313
10,175,SMB,0.2721669028132055
10,175,HML,0.5165702871743011
10,175,WML,-0.6095135224125484
10,176,MKT_RF,0.640968200460625
10,176,SMB,-0.07715865836810397
10,176,HML,0.0784165120780222
10,176,WML,0.17891283418831233
10,177,MKT_RF,0.11008847938063607
10,177,SMB,0.4692503140288953
10,177,HML,0.3670366470911654
10,177,WML,0.9043746306189857
10,178,MKT_RF,0.32465094507577247
10,178,SMB,0.13252005618522142
10,178,HML,0.1556730663408811
10,178,WML,0.31404273645234565
10,179,MKT_RF,0.36769083406873326
10,179,SMB,-0.012526618426734713
10,179,HML,-0.14405690551585268
10,179,WML,0.6987743107002554
10,180,MKT_RF,0.4275254704193884
10,180,SMB,-0.15724830290238997
10,180,HML,-0.09649446616329296
10,180,WML,0.5908554959011417
10,181,MKT_RF,0.03450758193652184
10,181,SMB,-0.07818560967243292
10,181,HML,-0.06347654090705258
10,181,WML,0.8345052898243702
10,182,MKT_RF,0.7317696124377362
10,182,SMB,0.024017499908130534
10,182,HML,0.11471531188522546
10,182,WML,-0.13112988763324193
10,183,MKT_RF,-0.0916841430755174
10,183,SMB,-0.08126859289451552
10,183,HML,0.2376203545649639
10,183,WML,1.1281140852546017
10,184,MKT_RF,0.25530976495821767
10,184,SMB,-0.4814746094265299
10,184,HML,0.19407791375611172
10,184,WML,0.44585274617510845
10,185,MKT_RF,0.5565713889021062
10,185,SMB,-0.1521131429343898
10,185,HML,0.20060042658042893
10,185,WML,-0.2392243836307946
10,186,MKT_RF,0.0358204709115269
10,186,SMB,0.3464064805109544
10,186,HML,0.2680500263978989
10,186,WML,0.8750501230774834
10,187,MKT_RF,-0.3799495751339367
10,187,SMB,-0.09715325191893903
10,187,HML,0.05971269551250503
10,187,WML,1.29749300525456
10,188,MKT_RF,0.4777115662152352
10,188,SMB,-0.2212081166471999
10,188,HML,-0.002528713615665631
10,188,WML,0.1573168680459066
10,189,MKT_RF,0.4658936435424086
10,189,SMB,0.30205775440610955
10,189,HML,0.5443930430317012
10,189,WML,-0.030551982054994185
10,190,MKT_RF,0.37512836711390485
10,190,SMB,-0.5083136607695714
10,190,HML,0.07993371877660994
10,190,WML,0.12911123606465194
10,191,MKT_RF,0.4088344901642777
10,191,SMB,-0.24325012083497452
10,191,HML,0.5985807735062969
10,191,WML,0.5009809585629409
10,192,MKT_RF,0.33342354161647636
10,192,SMB,0.027327742874911305
10,192,HML,0.4244058098309287
10,192,WML,0.3509532427776001
10,193,MKT_RF,0.5126686463024371
10,193,SMB,-0.16768155666175294
10,193,HML,0.5501837697021925
10,193,WML,0.3042700845708081
10,194,MKT_RF,0.3522889034015628
10,194,SMB,-0.1418550036918468
10,194,HML,0.5156053291297824
10,194,WML,0.8198949915527536
10,195,MKT_RF,0.3246818741823227
10,195,SMB,-0.4279037921965936
10,195,HML,0.4413328720687685
10,195,WML,0.19508498282841344
10,196,MKT_RF,0.34075346523431693
10,196,SMB,-0.24153106972107483
10,196,HML,0.09440259190217583
10,196,WML,0.37783875408506395
10,197,MKT_RF,0.5209932532514027
10,197,SMB,-0.03950701133167623
10,197,HML,0.48498371030946485
10,197,WML,-0.07685525054679242
10,198,MKT_RF,0.052627659565560404
10,198,SMB,-0.32196585257011723
10,198,HML,0.27926580365394477
10,198,WML,0.6506065617884556
10,199,MKT_RF,0.5953731220317147
10,199,SMB,-0.38624019832761614
10,199,HML,0.20497578644629233
10,199,WML,-0.1929378722368845
10,200,MKT_RF,0.7722012634352627
10,200,SMB,-0.07293994579549226
10,200,HML,-0.11266237351680215
10,200,WML,-0.40686342077520254
10,201,MKT_RF,0.22837048029315543
10,201,SMB,-0.13239427561406034
10,201,HML,0.3168344593147582
10,201,WML,0.4206494564298145
10,202,MKT_RF,0.8756123149743295
10,202,SMB,-0.22667232111925745
10,202,HML,0.5666983455131827
10,202,WML,-0.5041248832315521
10,203,MKT_RF,-0.03064072362304281
10,203,SMB,-0.3119456556990796
10,203,HML,0.4748886013895468
10,203,WML,0.37038869254040246
10,204,MKT_RF,0.09114153331631283
10,204,SMB,-0.28615932563208224
10,204,HML,0.2773622952800894
10,204,WML,1.1057077988346862
10,205,MKT_RF,0.5818508433707644
10,205,SMB,-0.32936951912602785
10,205,HML,0.1263838425836363
10,205,WML,0.24740070580366047
10,206,MKT_RF,-0.08486507836265048
10,206,SMB,-0.4129843073801414
10,206,HML,0.5287181750889378
10,206,WML,0.8384526284187974
10,207,MKT_RF,0.5819720714041384
10,207,SMB,-0.1605670145086792
10,207,HML,-0.27308826008237475
10,207,WML,0.0558946252985107
10,208,MKT_RF,0.17100496439486146
10,208,SMB,-0.020383899132972186
10,208,HML,-0.010492033755229058
10,208,WML,0.5988809292990849
10,209,MKT_RF,0.3169637452099168
10,209,SMB,-0.5233012197788693
10,209,HML,0.6719885641287224
10,209,WML,0.6418073637538203
10,210,MKT_RF,0.32419287425372123
10,210,SMB,-0.06126647347098869
10,210,HML,0.46276399105750204
10,210,WML,0.3894150370710533
10,211,MKT_RF,0.2195495997220452
10,211,SMB,-0.10462044677944234
10,211,HML,0.19256135221132928
10,211,WML,0.9970650342406424
10,212,MKT_RF,0.4680954084673919
10,212,SMB,-0.39988127552359326
10,212,HML,0.40474860259947165
10,212,WML,0.289780330227983
10,213,MKT_RF,0.64018575084423
10,213,SMB,0.1641916090280817
10,213,HML,0.00611360301153616
10,213,WML,0.16634979722614182
10,214,MKT_RF,0.4339573006071477
10,214,SMB,0.32074071218506695
10,214,HML,0.5644191438173009
10,214,WML,-0.20274835560133794
10,215,MKT_RF,0.1951026307809286
10,215,SMB,0.038590006067109356
10,215,HML,0.5209246393901836
10,215,WML,0.7317062930816497
10,216,MKT_RF,0.18172680907479266
10,216,SMB,-0.7781888857195117
10,216,HML,0.06353755698164833
10,216,WML,0.6616066140004326
10,217,MKT_RF,0.5069900998852566
10,217,SMB,-0.04354312681851868
10,217,HML,0.2969094967251712
10,217,WML,0.12213908883810642
10,218,MKT_RF,0.3413953845406224
10,218,SMB,-0.49534263272285406
10,218,HML,-0.10532702194689617
10,218,WML,0.7725997725713658
10,219,MKT_RF,0.37937745144875423
10,219,SMB,0.12107947834221665
10,219,HML,0.29312244925486747
10,219,WML,0.06575995213583226
10,220,MKT_RF,-0.16965597797689194
10,220,SMB,0.14282485443749066
10,220,HML,-0.019627220458191773
10,220,WML,1.2469308402944521
10,221,MKT_RF,0.4728788936897811
10,221,SMB,-0.12817758934825976
10,221,HML,0.31496817137322164
10,221,WML,0.10453330333844274
10,222,MKT_RF,0.42158602216968044
10,222,SMB,-0.5648086484257282
10,222,HML,0.808333226992398
10,222,WML,0.3011142270429901
10,223,MKT_RF,0.9073946594799638
10,223,SMB,-0.27812538116573693
10,223,HML,0.24346503026309516
10,223,WML,-0.5878189836489779
10,224,MKT_RF,0.07296825324065614
10,224,SMB,-0.26553358980713865
10,224,HML,0.47115955990758984
10,224,WML,0.8616642575949973
10,225,MKT_RF,0.39160043916444043
10,225,SMB,-0.10624619321171332
10,225,HML,0.3363924028502105
10,225,WML,0.4167519819886215
10,226,MKT_RF,0.21788811224971788
10,226,SMB,-0.12187239213592399
10,226,HML,0.2798402016535039
10,226,WML,0.36384483538993045
10,227,MKT_RF,0.6018954955948641
10,227,SMB,0.10617139892197491
10,227,HML,0.12764241764783157
10,227,WML,0.2973059750950405
10,228,MKT_RF,0.3063499575553839
10,228,SMB,-0.4466323375229033
10,228,HML,0.215548805117416
10,228,WML,0.3264949046707715
10,229,MKT_RF,0.2592871913495093
10,229,SMB,0.22570193887097936
10,229,HML,-0.07130075401143118
10,229,WML,0.28188036135260697
10,230,MKT_RF,0.8561325082073359
10,230,SMB,0.10116472751075939
10,230,HML,0.2333826846939832
10,230,WML,-0.2947707525597084
10,231,MKT_RF,0.4492682066533889
10,231,SMB,0.28899889932737327
10,231,HML,0.4777031899005567
10,231,WML,-0.16403628864867828
10,232,MKT_RF,0.5001879496188738
10,232,SMB,-0.019247983220521955
10,232,HML,0.5509111441089584
10,232,WML,-0.35805292915192594
10,233,MKT_RF,0.599590787385417
10,233,SMB,0.022980984793485912
10,233,HML,0.5364752522005743
10,233,WML,-0.18138284408917096
10,234,MKT_RF,0.2500369068689818
10,234,SMB,-0.025177522853806655
10,234,HML,0.04514938533225505
10,234,WML,0.5013954993753659
10,235,MKT_RF,0.36687748425026434
10,235,SMB,0.14349890041381924
10,235,HML,0.5233370092700598
10,235,WML,-0.016888958948408212
10,236,MKT_RF,0.381851293336189
10,236,SMB,-0.259533549384979
10,236,HML,0.37916909350959316
10,236,WML,0.14316537803934348
10,237,MKT_RF,0.4680879556387759
10,237,SMB,-0.10484877055334234
10,237,HML,-0.034865170601162926
10,237,WML,-0.018943049880717912
10,238,MKT_RF,0.3229131520819918
10,238,SMB,-0.08901409596388282
10,238,HML,0.15542228946429174
10,238,WML,0.42507411762899167
10,239,MKT_RF,0.7152844032767519
10,239,SMB,-0.4284886912137941
10,239,HML,0.09843651211217118
10,239,WML,-0.1083838590563799
10,240,MKT_RF,0.5756947505177848
10,240,SMB,-0.24930066008626672
10,240,HML,0.23491786564539235
10,240,WML,0.18329471841075085
10,241,MKT_RF,0.6843793944073864
10,241,SMB,-0.2686351171511967
10,241,HML,0.6497241033603243
10,241,WML,-0.11602294659264596
10,242,MKT_RF,0.41566625041050814
10,242,SMB,0.28214626653082314
10,242,HML,0.6888665147798085
10,242,WML,0.2269718329583416
10,243,MKT_RF,0.38310060613013813
10,243,SMB,-0.036629961858465065
10,243,HML,-0.04078369369243341
10,243,WML,0.46648101738905506
10,244,MKT_RF,0.34382506175363536
10,244,SMB,0.052337675556323876
10,244,HML,0.37483324967182935
10,244,WML,-0.0959662825587312
10,245,MKT_RF,0.14680947870295796
10,245,SMB,0.11503033532486938
10,245,HML,-0.17170053910002223
10,245,WML,0.6651359138718718
10,246,MKT_RF,0.020264283659582855
10,246,SMB,-0.2248811403297509
10,246,HML,0.16585809700629509
10,246,WML,0.8156992293349372
10,247,MKT_RF,0.020858984767184938
10,247,SMB,-0.3066729726423687
10,247,HML,0.4766396331140667
10,247,WML,0.6224152067591415
10,248,MKT_RF,0.2304202254312802
10,248,SMB,-0.23176914600209855
10,248,HML,0.6781880054546039
10,248,WML,0.5060200801976961
10,249,MKT_RF,0.4870517462381504
10,249,SMB,0.09723381176988316
10,249,HML,0.31960750354887874
10,249,WML,0.34239335488219835
10,250,MKT_RF,0.24896830354606164
10,250,SMB,-0.19424782210838482
10,250,HML,0.15491012878553403
10,250,WML,0.4536420350542166
10,251,MKT_RF,0.314080803381567
10,251,SMB,-0.6773978623177116
10,251,HML,0.43143468764644594
10,251,WML,0.6463205129928865
10,252,MKT_RF,0.27331116539184597
10,252,SMB,-0.5530808375373543
10,252,HML,0.23915526978737925
10,252,WML,0.5240235629758507
10,253,MKT_RF,0.1271795680221681
10,253,SMB,0.1893269099581771
10,253,HML,0.2451620965153897
10,253,WML,0.6036547893689318
10,254,MKT_RF,0.40800572228244214
10,254,SMB,-0.2901567292103174
10,254,HML,0.3272000161661281
10,254,WML,0.006545279075709313
10,255,MKT_RF,0.34505846599690343
10,255,SMB,0.2003455884808012
10,255,HML,0.20215101130005497
10,255,WML,0.16244826459416567
10,256,MKT_RF,0.2167291243757713
10,256,SMB,-0.1623622555722446
10,256,HML,0.04242903191568949
10,256,WML,0.6347148591018832
10,257,MKT_RF,0.6325165306856216
10,257,SMB,-0.19767048982356905
10,257,HML,-0.06246481749423758
10,257,WML,-0.2496496546119418
10,258,MKT_RF,0.5250200276403679
10,258,SMB,0.12663330808460174
10,258,HML,0.261705869212681
10,258,WML,-0.11728877678166895
10,259,MKT_RF,0.3470938615344079
10,259,SMB,-0.4558178186892266
10,259,HML,0.1409743551780746
10,259,WML,0.6622729174000728
10,260,MKT_RF,0.43279725914301315
10,260,SMB,-0.17368349019602977
10,260,HML,-0.21526390010664412
10,260,WML,0.12209164004069753
10,261,MKT_RF,0.09127694424489782
10,261,SMB,-0.49741729877250673
10,261,HML,0.26298590383883563
10,261,WML,1.0384621419731375
10,262,MKT_RF,0.12125880671876357
10,262,SMB,-0.6786736061987068
10,262,HML,0.872864300544041
10,262,WML,0.7577369308743548
10,263,MKT_RF,0.11331052251869457
10,263,SMB,-0.27460358126778966
10,263,HML,0.3571295790752755
10,263,WML,0.964779250793886
10,264,MKT_RF,-0.21790116667853018
10,264,SMB,0.17367802465326754
10,264,HML,0.2544025031776053
10,264,WML,1.2227323249863122
10,265,MKT_RF,0.23351311761519608
10,265,SMB,-0.24805507480053718
10,265,HML,0.054169625961972764
10,265,WML,0.5130403027118675
10,266,MKT_RF,0.6279850665074147
10,266,SMB,-0.10298888341388789
10,266,HML,0.46178815204155554
10,266,WML,0.31896951740995105
10,267,MKT_RF,0.3103676178857259
10,267,SMB,-0.1844380866614837
10,267,HML,0.41614331318019654
10,267,WML,0.3985053343478989
10,268,MKT_RF,0.20634419635782147
10,268,SMB,-0.3862604535827241
10,268,HML,0.4997345540387638
10,268,WML,0.538234498620543
10,269,MKT_RF,0.9156947016771566
10,269,SMB,-0.39653749289715895
10,269,HML,-0.08171197359930864
10,269,WML,-0.44343032072969124
10,270,MKT_RF,0.6205005758920967
10,270,SMB,-0.17375677082421648
10,270,HML,0.33501575162730873
10,270,WML,0.1732728966991324
10,271,MKT_RF,0.533911793456342
10,271,SMB,0.2502110695072752
10,271,HML,0.2594953669054283
10,271,WML,0.23900826073404005
10,272,MKT_RF,0.3745974839817759
10,272,SMB,-0.3315580935035005
10,272,HML,0.3033764910919311
10,272,WML,0.5956498807974366
10,273,MKT_RF,0.18602970114711948
10,273,SMB,0.1728940682083934
10,273,HML,0.48529382995275816
10,273,WML,0.6828855489393012
10,274,MKT_RF,0.27669624053445285
10,274,SMB,-0.3951910052621249
10,274,HML,0.24369182066683448
10,274,WML,0.5086401414325584
10,275,MKT_RF,0.5070410957137483
10,275,SMB,0.041987782908719545
10,275,HML,0.4184061767809928
10,275,WML,-0.0907955641344513
10,276,MKT_RF,0.5125003062075232
10,276,SMB,-0.010963419098186508
10,276,HML,0.07738946647252214
10,276,WML,0.2166823190399229
10,277,MKT_RF,0.34471785378707054
10,277,SMB,-0.12721715560506394
10,277,HML,0.11013823474636107
10,277,WML,0.6493551417784132
10,278,MKT_RF,0.6518738718295574
10,278,SMB,0.1475914677156385
10,278,HML,0.09512506993147964
10,278,WML,-0.3657888277194924
10,279,MKT_RF,0.5337823243254137
10,279,SMB,0.34201695958666933
10,279,HML,0.4516174344206451
10,279,WML,0.09665508642201702
10,280,MKT_RF,-0.03631924144064113
10,280,SMB,0.3937525306305717
10,280,HML,0.6547105017436314
10,280,WML,0.47232659996321424
10,281,MKT_RF,0.4882503763243966
10,281,SMB,-0.23171362702044107
10,281,HML,0.13169961206226877
10,281,WML,-0.02722378767862829
10,282,MKT_RF,0.483627214636361
10,282,SMB,-0.030719868590346276
10,282,HML,0.009939178466396274
10,282,WML,0.05516451441646243
10,283,MKT_RF,0.5598131850419726
10,283,SMB,-0.016892621263528373
10,283,HML,0.42600424324347136
10,283,WML,0.22876928332782798
10,284,MKT_RF,0.749668813297636
10,284,SMB,0.38862574039998316
10,284,HML,0.17295186421726663
10,284,WML,0.21023574028685887
10,285,MKT_RF,0.3881726893306207
10,285,SMB,0.17980038576453874
10,285,HML,-0.12270250592884971
10,285,WML,0.5524493564366386
10,286,MKT_RF,-0.19819039804691974
10,286,SMB,0.013172986849955878
10,286,HML,0.5486675014585033
10,286,WML,0.8276963411038347
10,287,MKT_RF,0.2852062538139221
10,287,SMB,-0.010938756636224851
10,287,HML,-0.21855049571997356
10,287,WML,0.31665789732071264
10,288,MKT_RF,0.3762293688960043
10,288,SMB,-0.049025494569903565
10,288,HML,0.4568910779203002
10,288,WML,-0.05616066149558094
10,289,MKT_RF,0.2881963785703769
10,289,SMB,0.15032290497161888
10,289,HML,0.6346419373683403
10,289,WML,0.1295317260926975
10,290,MKT_RF,0.06485306994500468
10,290,SMB,0.0803964477217417
10,290,HML,0.09482376683850682
10,290,WML,0.5311910794653122
10,291,MKT_RF,0.16921798007614913
10,291,SMB,-0.4168075175991632
10,291,HML,-0.21568259329269782
10,291,WML,0.7146348510721074
10,292,MKT_RF,0.4287559239302207
10,292,SMB,-0.3632062856038442
10,292,HML,0.30554423046702534
10,292,WML,0.6549132853569287
10,293,MKT_RF,0.5807905881073041
10,293,SMB,-0.17003500868272464
10,293,HML,0.23936301926571024
10,293,WML,0.22406187299817254
10,294,MKT_RF,0.6685078731408878
10,294,SMB,-0.0480591214284473
10,294,HML,0.07950707184209155
10,294,WML,-0.2355679631564449
10,295,MKT_RF,0.2658830673714594
10,295,SMB,-0.4197684168691098
10,295,HML,0.5958486846244286
10,295,WML,0.37912631364738186
10,296,MKT_RF,0.4819065878907784
10,296,SMB,0.15909479741408286
10,296,HML,0.3132243599494029
10,296,WML,0.16115903920827784
10,297,MKT_RF,0.2133452213767889
10,297,SMB,-0.19071080593476109
10,297,HML,0.5008006815619087
10,297,WML,0.4979340138464796
10,298,MKT_RF,0.29874475683636587
10,298,SMB,-0.17909448043206905
10,298,HML,0.7951239748867804
10,298,WML,0.21887148163868198
10,299,MKT_RF,0.1883283634419811
10,299,SMB,-0.4126922941631687
10,299,HML,0.04589650453105421
10,299,WML,0.6071816494828903
10,300,MKT_RF,0.17206798703760143
10,300,SMB,0.07584959359947198
10,300,HML,0.13917793962044703
10,300,WML,0.5804483188720564
10,301,MKT_RF,0.05153225116714824
10,301,SMB,-0.30071386043215137
10,301,HML,0.49707531718671416
10,301,WML,0.9094152794421444
10,302,MKT_RF,0.6770958565763421
10,302,SMB,0.06073056555108304
10,302,HML,-0.1850882115691345
10,302,WML,0.11215012209767349
10,303,MKT_RF,0.3328446434757184
10,303,SMB,-0.4543885508702291
10,303,HML,0.04802265279615338
10,303,WML,0.3545389878003289
10,304,MKT_RF,-0.06540028058469612
10,304,SMB,-0.3818653031818053
10,304,HML,0.11270743337011577
10,304,WML,0.7600118787866088
10,305,MKT_RF,0.619036017289601
10,305,SMB,-0.2580682090658602
10,305,HML,0.384110097052283
10,305,WML,-0.2627913525684497
10,306,MKT_RF,0.5014241515398967
10,306,SMB,0.2011432125955981
10,306,HML,-0.260758234057606
10,306,WML,-0.07676831526863694
10,307,MKT_RF,0.2245880487169003
10,307,SMB,0.41350674813991073
10,307,HML,-0.023046260396901243
10,307,WML,0.511858972663526
10,308,MKT_RF,0.5611314107325133
10,308,SMB,-0.10750789233840426
10,308,HML,0.14990182313888178
10,308,WML,0.1814789824896708
10,309,MKT_RF,0.3375870837529162
10,309,SMB,-0.40759750054483296
10,309,HML,0.42927672475972783
10,309,WML,0.7872128184858539
10,310,MKT_RF,0.34097164964546745
10,310,SMB,0.0010583553433047904
10,310,HML,0.8202571404260632
10,310,WML,0.21288350580513402
10,311,MKT_RF,0.4947903156345098
10,311,SMB,-0.019001400985527557
10,311,HML,0.23012687281554176
10,311,WML,0.007251659893021616
10,312,MKT_RF,0.14564168463780777
10,312,SMB,-0.22289235686923023
10,312,HML,0.12814221962863712
10,312,WML,0.6205911677985111
10,313,MKT_RF,0.417712592238051
10,313,SMB,-0.19248787456242003
10,313,HML,0.3549750732456277
10,313,WML,0.408339495936916
10,314,MKT_RF,0.2952200359619475
10,314,SMB,-0.019042061632992015
10,314,HML,0.3344929116969036
10,314,WML,-0.06480277147632015
10,315,MKT_RF,0.22555107914824638
10,315,SMB,-0.11359419802604867
10,315,HML,0.13271991953895965
10,315,WML,0.986028362126527
10,316,MKT_RF,0.2917703819272424
10,316,SMB,-0.05231040584795736
10,316,HML,-0.017781271489295924
10,316,WML,0.3988916160618799
10,317,MKT_RF,-0.20355097389155916
10,317,SMB,0.3030408196504878
10,317,HML,0.7605896144731461
10,317,WML,0.6568475593135866
10,318,MKT_RF,0.31809242369654667
10,318,SMB,-0.07677244538810238
10,318,HML,0.47951602067023236
10,318,WML,0.20871271898145205
10,319,MKT_RF,0.5715724808530286
10,319,SMB,-0.16993601468168007
10,319,HML,-0.23436804303413938
10,319,WML,0.2319604432693189
10,320,MKT_RF,0.3572977502119798
10,320,SMB,-0.09615765763408449
10,320,HML,0.47913258171467177
10,320,WML,0.14120852698365174
10,321,MKT_RF,0.13126236845104144
10,321,SMB,0.6173410187255638
10,321,HML,0.5047941903751779
10,321,WML,0.42290287364027684
10,322,MKT_RF,0.3541429824654288
10,322,SMB,0.18938031566768954
10,322,HML,0.358663985807998
10,322,WML,0.29284158706583335
10,323,MKT_RF,0.3304944708509029
10,323,SMB,0.4881718408923366
10,323,HML,0.3171488100951436
10,323,WML,0.47979253752076695
10,324,MKT_RF,0.4237035595151598
10,324,SMB,0.053445130809656294
10,324,HML,0.6684051862170212
10,324,WML,-0.3265811611948166
10,325,MKT_RF,0.3745461939305335
10,325,SMB,0.07974226600924023
10,325,HML,0.2640136355690424
10,325,WML,-0.22867152080087455
10,326,MKT_RF,0.20592275840960178
10,326,SMB,-0.5066196143113203
10,326,HML,0.2223321809731603
10,326,WML,0.6634316872438808
10,327,MKT_RF,0.5228196430448567
10,327,SMB,0.3318180177595492
10,327,HML,0.5492601694840706
10,327,WML,0.46744452903412065
10,328,MKT_RF,0.40514895982181875
10,328,SMB,-0.4221714149974647
10,328,HML,0.33807979459352117
10,328,WML,0.9523242229845612
10,329,MKT_RF,0.3574758233392232
10,329,SMB,0.12686515330965656
10,329,HML,0.27118410025653655
10,329,WML,0.16610626008179494
10,330,MKT_RF,0.12354211787184348
10,330,SMB,-0.04811322211180557
10,330,HML,0.13537319037903248
10,330,WML,0.38741408048369086
10,331,MKT_RF,0.2602157334085373
10,331,SMB,-0.03984296539731299
10,331,HML,-0.07548521429536746
10,331,WML,0.22253765792687982
10,332,MKT_RF,0.7260958686576796
10,332,SMB,-0.5088744634810036
10,332,HML,0.3157596531720152
10,332,WML,0.25693249257261813
10,333,MKT_RF,0.35993923491467
10,333,SMB,0.06642544948523252
10,333,HML,0.06912381632585497
10,333,WML,0.22365996206956257
10,334,MKT_RF,0.5613752631956486
10,334,SMB,0.10873445167997482
10,334,HML,0.0074701556962451935
10,334,WML,0.049977896393478174
10,335,MKT_RF,0.36523189056331723
10,335,SMB,-0.2632319597191827
10,335,HML,0.1342138497000834
10,335,WML,0.16951123492985057
10,336,MKT_RF,0.44385109181390064
10,336,SMB,-0.3449427375721559
10,336,HML,0.17832967278903672
10,336,WML,0.12251934319714956
10,337,MKT_RF,0.394152758631054
10,337,SMB,0.2357417835951856
10,337,HML,0.35654991462609714
10,337,WML,-0.03579744390430163
10,338,MKT_RF,0.3442068110674812
10,338,SMB,-0.36189219158255653
10,338,HML,0.14766097169688638
10,338,WML,0.31268058566766965
10,339,MKT_RF,0.46557364531725937
10,339,SMB,-0.14117377209762338
10,339,HML,-0.11846401619596454
10,339,WML,-0.1139477307795059
10,340,MKT_RF,0.3138009261687768
10,340,SMB,-0.2812134158420251
10,340,HML,0.04243021340215921
10,340,WML,0.3523548112659384
10,341,MKT_RF,0.5304172865003032
10,341,SMB,-0.12994837882351679
10,341,HML,0.1685919876323113
10,341,WML,-0.013450902467383057
10,342,MKT_RF,0.48249252685757044
10,342,SMB,-0.2800900110364536
10,342,HML,0.2069754231653355
10,342,WML,0.5066075315643241
10,343,MKT_RF,0.581268640170449
10,343,SMB,0.05511563036009451
10,343,HML,0.16657389652120164
10,343,WML,0.28323176451047277
10,344,MKT_RF,0.2547815811410782
10,344,SMB,-0.2732723311763956
10,344,HML,0.019441612851825815
10,344,WML,0.5721244150426829
10,345,MKT_RF,0.6043590157551685
10,345,SMB,0.10896412540834334
10,345,HML,0.6519696296620071
10,345,WML,0.2508035153297012
10,346,MKT_RF,0.45129835247211425
10,346,SMB,-0.48017602665476045
10,346,HML,0.3184515363291748
10,346,WML,0.5559686428182646
10,347,MKT_RF,0.02755863565728799
10,347,SMB,0.011268176940511278
10,347,HML,0.27582921345940303
10,347,WML,0.7784651183571559
10,348,MKT_RF,0.30684448747002074
10,348,SMB,-0.23397151097089836
10,348,HML,0.09287611202310149
10,348,WML,0.2529883975754596
10,349,MKT_RF,0.3483468942218128
10,349,SMB,-0.2701078505889646
10,349,HML,0.44052141342448287
10,349,WML,0.1007900535888031
10,350,MKT_RF,0.22988513490027473
10,350,SMB,0.5447627879741274
10,350,HML,0.24330167755022866
10,350,WML,0.4921375715960185
10,351,MKT_RF,-0.045113408906137915
10,351,SMB,-0.12585687137358942
10,351,HML,0.4687664108712652
10,351,WML,0.8494401542560653
10,352,MKT_RF,0.6688451167622815
10,352,SMB,-0.4162802271895789
10,352,HML,0.2473519567705807
10,352,WML,-0.17531076936464102
10,353,MKT_RF,0.5412962404779966
10,353,SMB,0.031245121109785674
10,353,HML,0.18106607117840784
10,353,WML,-0.025298819130819453
10,354,MKT_RF,0.5471259678368602
10,354,SMB,-0.20714521565532631
10,354,HML,0.5070911067604336
10,354,WML,0.018000451575268347
10,355,MKT_RF,0.443190553992129
10,355,SMB,-0.31574639781655756
10,355,HML,1.0073809183129354
10,355,WML,-0.012391545309118679
10,356,MKT_RF,0.364920704589511
10,356,SMB,-0.20399700688072087
10,356,HML,0.5339708428244837
10,356,WML,0.1472211991362395
10,357,MKT_RF,0.011256121713691768
10,357,SMB,-0.2715499642695307
10,357,HML,0.10342368707350184
10,357,WML,0.49023929568117586
10,358,MKT_RF,0.5260233732889665
10,358,SMB,-0.36486873377580376
10,358,HML,-0.14470724918521122
10,358,WML,0.05869109998719207
10,359,MKT_RF,0.5411795182689005
10,359,SMB,-0.7036107048865272
10,359,HML,0.2588173367800033
10,359,WML,0.21712275519910998
10,360,MKT_RF,0.28465941527466554
10,360,SMB,0.08152247712415839
10,360,HML,0.3557326857070919
10,360,WML,0.49236175123409376
10,361,MKT_RF,0.47327805028416137
10,361,SMB,0.3385693443668336
10,361,HML,0.29785068962343064
10,361,WML,0.01750743737405616
10,362,MKT_RF,0.35943804730851403
10,362,SMB,0.10184019917148106
10,362,HML,0.05281042890677111
10,362,WML,0.26902990586663583
10,363,MKT_RF,0.160236842448654
10,363,SMB,-0.5060945102182768
10,363,HML,1.012937962058588
10,363,WML,0.6907985077951535
10,364,MKT_RF,0.13507804085457817
10,364,SMB,-0.35708320336386923
10,364,HML,0.3056898506779288
10,364,WML,0.6686058387898237
10,365,MKT_RF,0.11337350900779215
10,365,SMB,0.15401192123323007
10,365,HML,0.45116892564144734
10,365,WML,0.33242025829849514
10,366,MKT_RF,0.11535067672907016
10,366,SMB,-0.20839821313091964
10,366,HML,-0.029369633703848593
10,366,WML,1.4850278661491945
10,367,MKT_RF,0.5333881071681984
10,367,SMB,0.018106935001730884
10,367,HML,0.17754758694431608
10,367,WML,0.07770197821676862
10,368,MKT_RF,0.11080181163232825
10,368,SMB,0.048581375847813926
10,368,HML,0.09351173383546862
10,368,WML,0.8712278394551851
10,369,MKT_RF,0.2191682261218486
10,369,SMB,0.01268680917253802
10,369,HML,0.2280098297425637
10,369,WML,0.32338586439573513
10,370,MKT_RF,0.5791039639507248
10,370,SMB,-0.4293493674242113
10,370,HML,-0.09431018724891237
10,370,WML,0.12126133923461435
10,371,MKT_RF,0.3928939621348877
10,371,SMB,-0.5975894241001125
10,371,HML,0.2988698138921791
10,371,WML,0.40814704712752875
10,372,MKT_RF,0.28983954218885377
10,372,SMB,-0.4448750069749505
10,372,HML,-0.14423338115649983
10,372,WML,0.5848020959037272
10,373,MKT_RF,0.5495860821461545
10,373,SMB,-0.5563344153456371
10,373,HML,0.13032481789719264
10,373,WML,-0.08269863495412944
10,374,MKT_RF,0.24043351949304115
10,374,SMB,0.02579952317764258
10,374,HML,-0.2217977276647564
10,374,WML,0.9539376873708836
10,375,MKT_RF,0.2662643124404783
10,375,SMB,-0.10497934190789872
10,375,HML,0.13796132914761186
10,375,WML,0.46844413828691917
10,376,MKT_RF,0.8061490790255922
10,376,SMB,-0.13966113281464165
10,376,HML,-0.12365419710245144
10,376,WML,-0.39004408960310677
10,377,MKT_RF,-0.032866869937493916
10,377,SMB,-0.1776878761224259
10,377,HML,0.43815053627220496
10,377,WML,0.6071806643229409
10,378,MKT_RF,0.258992955085626
10,378,SMB,-0.2634693547878461
10,378,HML,0.09616731241655369
10,378,WML,0.4825567563527406
10,379,MKT_RF,0.6363819407156359
10,379,SMB,0.009736602213466667
10,379,HML,0.5827370665463518
10,379,WML,-0.343104486625423
10,380,MKT_RF,0.563256915178809
10,380,SMB,-0.07889127182896682
10,380,HML,0.2819034957285168
10,380,WML,0.17298889097931267
10,381,MKT_RF,0.6603505945930503
10,381,SMB,0.10414718117050695
10,381,HML,0.03366792297748143
10,381,WML,-0.47823033839878304
10,382,MKT_RF,0.5227242102974127
10,382,SMB,-0.5263301718114185
10,382,HML,0.37243530911432393
10,382,WML,0.2504842179188016
10,383,MKT_RF,0.46320160526955173
10,383,SMB,-0.20843177480097905
10,383,HML,0.5230722484847118
10,383,WML,0.8192462530593996
10,384,MKT_RF,0.17078646043072118
10,384,SMB,-0.20985066710047645
10,384,HML,0.003524950358034152
10,384,WML,0.27865623383246707
10,385,MKT_RF,0.19555944359244942
10,385,SMB,-0.25629677435021997
10,385,HML,0.017393260906853843
10,385,WML,0.7053533635323818
10,386,MKT_RF,0.19860858820718125
10,386,SMB,-0.13933344054699967
10,386,HML,0.5891971463730775
10,386,WML,0.9352478144455594
10,387,MKT_RF,0.09142868010011435
10,387,SMB,-0.06190383134149997
10,387,HML,0.060387222816031066
10,387,WML,0.8072885948035221
10,388,MKT_RF,0.17979474028922243
10,388,SMB,0.6348133642979962
10,388,HML,0.3402610783379224
10,388,WML,0.561473709951104
10,389,MKT_RF,0.29301851162172005
10,389,SMB,-0.1189697108194743
10,389,HML,0.14062154837644175
10,389,WML,0.459707433364945
10,390,MKT_RF,0.4300523218152179
10,390,SMB,-0.5270827064748944
10,390,HML,0.12855537885243742
10,390,WML,0.36771610303601426
10,391,MKT_RF,0.08629550882666634
10,391,SMB,-0.4999480539105816
10,391,HML,0.6349433724627288
10,391,WML,0.44848244123950287
10,392,MKT_RF,0.2995678160533247
10,392,SMB,-0.17386874333522453
10,392,HML,-0.07017320640054037
10,392,WML,0.26879858049110816
10,393,MKT_RF,0.31135689014336193
10,393,SMB,0.06868698333346776
10,393,HML,0.1255163373261709
10,393,WML,0.4571400622568036
10,394,MKT_RF,0.42165941006784563
10,394,SMB,0.044546065143333924
10,394,HML,-0.03030275464322502
10,394,WML,-0.2319770021220284
10,395,MKT_RF,0.3705258487840769
10,395,SMB,-0.44343558496061025
10,395,HML,0.1379801978287997
10,395,WML,0.298436695588601
10,396,MKT_RF,0.4396292173085707
10,396,SMB,-0.07442156772768889
10,396,HML,-0.08109503605963256
10,396,WML,0.09266646528952735
10,397,MKT_RF,0.48164152580484093
10,397,SMB,0.1590332100183772
10,397,HML,0.3460741814628965
10,397,WML,-0.32188499287430006
10,398,MKT_RF,0.3890212863406253
10,398,SMB,-0.023146524061728447
10,398,HML,0.7763037737035334
10,398,WML,-0.2331140022687788
10,399,MKT_RF,0.6534559408967486
10,399,SMB,0.08670811900871798
10,399,HML,0.40436901116052476
10,399,WML,-0.23013758114381788
10,400,MKT_RF,-0.17919474005235958
10,400,SMB,-0.38148222063737103
10,400,HML,0.7527966374463095
10,400,WML,0.955473412497478
10,401,MKT_RF,-0.12298963339641072
10,401,SMB,-0.10062521884836703
10,401,HML,0.5402145588565239
10,401,WML,0.9211922130417961
10,402,MKT_RF,0.4797343650407688
10,402,SMB,-0.5583767535096138
10,402,HML,0.2277402446886563
10,402,WML,0.6547290651889646
10,403,MKT_RF,0.13104527537842728
10,403,SMB,-0.333486205930124
10,403,HML,0.0936087908539395
10,403,WML,0.5371402780409925
10,404,MKT_RF,0.3408652619037061
10,404,SMB,0.17850758304838135
10,404,HML,0.4298157206835459
10,404,WML,-0.36235863436731625
10,405,MKT_RF,0.18352292357549038
10,405,SMB,-0.06108775186885023
10,405,HML,0.05424674933149545
10,405,WML,0.5068153834723564
10,406,MKT_RF,0.694772967850306
10,406,SMB,0.006987210812229717
10,406,HML,0.017679094787520527
10,406,WML,-0.5736253396721847
10,407,MKT_RF,0.23593735388220277
10,407,SMB,-0.08855057746931128
10,407,HML,0.27072733929005216
10,407,WML,0.7116117674998093
10,408,MKT_RF,0.31113156089269345
10,408,SMB,-0.09140740851635804
10,408,HML,0.03475920100797683
10,408,WML,0.11159363298862518
10,409,MKT_RF,0.39731977819727293
10,409,SMB,-0.6361511090914674
10,409,HML,0.48258201127899497
10,409,WML,0.08682614041118172
10,410,MKT_RF,0.496904947001668
10,410,SMB,-0.10935280775714054
10,410,HML,-0.035690964099974534
10,410,WML,0.03472053777950284
10,411,MKT_RF,0.375656417045881
10,411,SMB,0.03128701759516977
10,411,HML,0.05294059011234999
10,411,WML,0.20723455514121455
10,412,MKT_RF,0.19629626947702525
10,412,SMB,0.14996526429174292
10,412,HML,0.38004687742329146
10,412,WML,0.4992641235457403
10,413,MKT_RF,0.3414522953956319
10,413,SMB,0.052425312696862875
10,413,HML,-0.16260466175114555
10,413,WML,0.31415958989615805
10,414,MKT_RF,0.1107940195941919
10,414,SMB,0.07248613917163864
10,414,HML,0.33518873890453993
10,414,WML,0.6138440500008399
10,415,MKT_RF,0.42139954630546006
10,415,SMB,-0.26663020822244804
10,415,HML,0.22600593991245077
10,415,WML,0.2668313495390414
10,416,MKT_RF,0.24756022058547247
10,416,SMB,-0.2742321987052624
10,416,HML,0.4833576894706678
10,416,WML,0.4183678422520967
10,417,MKT_RF,0.4739149734799399
10,417,SMB,0.12449431573650448
10,417,HML,0.32344990873293056
10,417,WML,-0.1343063937531847
10,418,MKT_RF,0.2787448256344361
10,418,SMB,-0.35557499427253275
10,418,HML,0.5829437110332499
10,418,WML,0.6317143742517438
10,419,MKT_RF,0.6826509945484097
10,419,SMB,-0.22689761814380596
10,419,HML,-0.32176461733755385
10,419,WML,-0.35260196480043143
10,420,MKT_RF,0.6208807488590261
10,420,SMB,-0.3206419139466908
10,420,HML,0.08935143002217823
10,420,WML,0.21538164371952512
10,421,MKT_RF,0.45103330967789373
10,421,SMB,-0.2521631621566615
10,421,HML,-0.10988512249226526
10,421,WML,0.4795786071453699
10,422,MKT_RF,0.2049475153195411
10,422,SMB,-0.09778253062505685
10,422,HML,0.47546105867579946
10,422,WML,0.7169237643479217
10,423,MKT_RF,0.38425666534751673
10,423,SMB,-0.2570538945330524
10,423,HML,0.22639033491419377
10,423,WML,0.6683146147031398
10,424,MKT_RF,0.051579548496136
10,424,SMB,0.21926464008491947
10,424,HML,0.4903396762495506
10,424,WML,0.830437766362429
10,425,MKT_RF,0.2931537019346394
10,425,SMB,0.059723018907476166
10,425,HML,0.12508864691330082
10,425,WML,0.4925492766583207
10,426,MKT_RF,0.5767518033180858
10,426,SMB,-0.20259257911586745
10,426,HML,0.47630887959231216
10,426,WML,-0.14490526808773027
10,427,MKT_RF,0.3903170367604562
10,427,SMB,-0.7707768832134184
10,427,HML,0.42429132754116144
10,427,WML,0.2905637271844178
10,428,MKT_RF,0.42020529074117796
10,428,SMB,0.31904400403752226
10,428,HML,0.2082537356038253
10,428,WML,0.5450550605558718
10,429,MKT_RF,0.15357762083066212
10,429,SMB,-0.07308898219415165
10,429,HML,0.2574969789314378
10,429,WML,0.509658971837371
10,430,MKT_RF,0.2644706964236586
10,430,SMB,-0.2920263234261879
10,430,HML,0.556687544997712
10,430,WML,0.21944064113307324
10,431,MKT_RF,0.22016689559459957
10,431,SMB,0.029426983629459398
10,431,HML,0.24140770466335704
10,431,WML,0.5001303132986125
10,432,MKT_RF,0.07707084878497748
10,432,SMB,-0.04602101609575949
10,432,HML,0.2819917003459554
10,432,WML,0.630994681923509
10,433,MKT_RF,0.5414518103621081
10,433,SMB,0.25062053364186654
10,433,HML,-0.06330044343451002
10,433,WML,0.13989669136367042
10,434,MKT_RF,0.368397640338955
10,434,SMB,0.03584854298956516
10,434,HML,0.8180365022657812
10,434,WML,-0.06706406243667415
10,435,MKT_RF,0.4467606450794261
10,435,SMB,0.3522398148963237
10,435,HML,0.430357607975172
10,435,WML,0.15203463531192524
10,436,MKT_RF,0.26661409131065894
10,436,SMB,0.0470001307021278
10,436,HML,0.5882492074468403
10,436,WML,0.5451702344752782
10,437,MKT_RF,0.12163058353046813
10,437,SMB,-0.24504029505810507
10,437,HML,0.5993065553567717
10,437,WML,0.29579229384432043
10,438,MKT_RF,0.38311469504736617
10,438,SMB,0.07393564802781108
10,438,HML,0.15969751223775525
10,438,WML,0.14836396930989532
10,439,MKT_RF,0.46223488565947385
10,439,SMB,0.030568810115838722
10,439,HML,0.3139884740439888
10,439,WML,0.15615711140634989
10,440,MKT_RF,0.34794447397814293
10,440,SMB,-0.03578025453746356
10,440,HML,0.5993816758895786
10,440,WML,-0.06811179565260765
10,441,MKT_RF,0.3802319175843528
10,441,SMB,-0.009895792671049352
10,441,HML,0.25768423870725066
10,441,WML,0.0828465163644158
10,442,MKT_RF,0.5928543189883022
10,442,SMB,-0.11697082858245077
10,442,HML,0.538013112061581
10,442,WML,-0.11129858972874154
10,443,MKT_RF,0.35523842597534167
10,443,SMB,-0.6294524929517812
10,443,HML,0.32814550270148196
10,443,WML,0.24622078199577407
10,444,MKT_RF,0.5106898900157284
10,444,SMB,0.09751987758916446
10,444,HML,0.051951943488115035
10,444,WML,-0.020578484727308128
10,445,MKT_RF,0.2746192891049165
10,445,SMB,0.21731737781703567
10,445,HML,0.23402942775502303
10,445,WML,0.12963890221805974
10,446,MKT_RF,-0.17110596326769195
10,446,SMB,-0.03563142581588347
10,446,HML,0.34237461153961163
10,446,WML,1.354183722558115
10,447,MKT_RF,0.37364907505588996
10,447,SMB,-0.1586129411245339
10,447,HML,0.08162433431398913
10,447,WML,0.36202896891920305
10,448,MKT_RF,0.2046337573176265
10,448,SMB,-0.5891607847028038
10,448,HML,0.15769341091380507
10,448,WML,0.5400815063557783
10,449,MKT_RF,0.30256813097666335
10,449,SMB,-0.29007235793431874
10,449,HML,0.14100609042148046
10,449,WML,0.5959650199314938
10,450,MKT_RF,0.10705157607823347
10,450,SMB,-0.3899514046115041
10,450,HML,0.2055358953607879
10,450,WML,0.2490103438937116
10,451,MKT_RF,0.24589047338377248
10,451,SMB,-0.13063049797611037
10,451,HML,0.3884957069117465
10,451,WML,0.7290600869388169
10,452,MKT_RF,0.2537050494275068
10,452,SMB,0.11206036929062908
10,452,HML,0.25531417175910254
10,452,WML,0.2844365690418039
10,453,MKT_RF,0.6305667233802021
10,453,SMB,-0.03307243554808608
10,453,HML,0.45961824340472635
10,453,WML,0.3351995484658257
10,454,MKT_RF,-0.032593996796102156
10,454,SMB,-0.2840301460355389
10,454,HML,0.4407754468964126
10,454,WML,0.5484849750214309
10,455,MKT_RF,0.18974810989569946
10,455,SMB,0.029483458015555974
10,455,HML,0.36320958308347107
10,455,WML,0.7101349481761703
10,456,MKT_RF,0.8309078998742547
10,456,SMB,-0.5196299914857732
10,456,HML,0.29462014423973115
10,456,WML,-0.3762199591877293
10,457,MKT_RF,0.2160005727242656
10,457,SMB,-0.06671962046738424
10,457,HML,0.1416379930859884
10,457,WML,0.7531529377485832
10,458,MKT_RF,0.4416143066175063
10,458,SMB,-0.13644266675627992
10,458,HML,0.4431881618513037
10,458,WML,0.6817914350376417
10,459,MKT_RF,0.18009463150764876
10,459,SMB,0.04918058678135666
10,459,HML,0.142795021655492
10,459,WML,0.3562938409366612
10,460,MKT_RF,0.5108138237865474
10,460,SMB,-0.026617057352303505
10,460,HML,0.05290502373612881
10,460,WML,0.36417465762293805
10,461,MKT_RF,0.4661258162204683
10,461,SMB,0.06270763769489973
10,461,HML,0.4204312726980265
10,461,WML,0.2846762530823654
10,462,MKT_RF,0.3056218901698871
10,462,SMB,-0.1534055195000387
10,462,HML,0.7926444053041838
10,462,WML,0.5932581997973857
10,463,MKT_RF,0.6132858454528195
10,463,SMB,-0.2932425065953462
10,463,HML,0.12553155901415727
10,463,WML,-0.12134760256569047
10,464,MKT_RF,0.3135663937976892
10,464,SMB,-0.18802591675944352
10,464,HML,0.3892825311350303
10,464,WML,0.2411152766008013
10,465,MKT_RF,0.21677914848880575
10,465,SMB,-0.18843740359306232
10,465,HML,0.16108623058711097
10,465,WML,0.5603140922770081
10,466,MKT_RF,0.657375175699246
10,466,SMB,-0.5812684951468805
10,466,HML,0.3672251242324398
10,466,WML,-0.19429607156308543
10,467,MKT_RF,0.1708762367987194
10,467,SMB,-0.2040617813536046
10,467,HML,0.2463343619445227
10,467,WML,0.07360259710382827
10,468,MKT_RF,0.6532358177020176
10,468,SMB,-0.028721198274259382
10,468,HML,0.5849987449778502
10,468,WML,-0.49238873748355644
10,469,MKT_RF,0.2887744019492577
10,469,SMB,-0.3461669074457192
10,469,HML,0.47034880533781837
10,469,WML,0.21433217977943933
10,470,MKT_RF,0.2992529160825203
10,470,SMB,-0.05027912972039018
10,470,HML,0.2538188854456322
10,470,WML,0.10347889349158837
10,471,MKT_RF,0.5340104617501777
10,471,SMB,0.14054725029874846
10,471,HML,-0.10214549318871798
10,471,WML,-0.01188113103952734
10,472,MKT_RF,0.5296072252988088
10,472,SMB,-0.09651266233803175
10,472,HML,0.2647304612398969
10,472,WML,0.40229489893088005
10,473,MKT_RF,0.33826633723506677
10,473,SMB,0.15675917188842595
10,473,HML,0.3280141900619575
10,473,WML,0.3121365981981662
10,474,MKT_RF,0.6945372727465454
10,474,SMB,-0.1546148986543776
10,474,HML,-0.1286074812580892
10,474,WML,-0.890770441725634
10,475,MKT_RF,0.4889297747838905
10,475,SMB,-0.38799260685388065
10,475,HML,0.034074646645863585
10,475,WML,0.13224757594108616
10,476,MKT_RF,0.8166277905296812
10,476,SMB,0.19268176973712114
10,476,HML,-0.4278822345834904
10,476,WML,-0.3980646763501194
10,477,MKT_RF,0.25253559592210717
10,477,SMB,0.22583633503302988
10,477,HML,0.27475436778137113
10,477,WML,0.4327122548741593
10,478,MKT_RF,0.42678573507138456
10,478,SMB,-0.07033605880655641
10,478,HML,0.21552306428643803
10,478,WML,0.030614820025662393
10,479,MKT_RF,0.41871222456921814
10,479,SMB,-0.4980023466224115
10,479,HML,0.27791427069721086
10,479,WML,0.19088110154426982
10,480,MKT_RF,0.2813754306055394
10,480,SMB,0.007957089645768514
10,480,HML,0.25276443128380605
10,480,WML,0.1148273980610224
10,481,MKT_RF,0.06341553589031544
10,481,SMB,-0.03277046311550862
10,481,HML,0.20132536444950827
10,481,WML,0.744491802490566
10,482,MKT_RF,0.4481911764399253
10,482,SMB,0.01990586071823649
10,482,HML,-0.18203371658499565
10,482,WML,0.16336015412867544
10,483,MKT_RF,0.6223645727665861
10,483,SMB,-0.43559908554326987
10,483,HML,0.5097543995567608
10,483,WML,0.0909719243445588
10,484,MKT_RF,0.2707593607363945
10,484,SMB,0.08816334408226242
10,484,HML,0.32174501452420823
10,484,WML,0.6797450255483791
10,485,MKT_RF,0.5166831162157444
10,485,SMB,-0.007358822876954787
10,485,HML,0.17751335988186184
10,485,WML,0.4432094892154631
10,486,MKT_RF,0.17735493650387785
10,486,SMB,-0.07115685661934272
10,486,HML,0.4238887786973071
10,486,WML,0.03551045097427149
10,487,MKT_RF,0.3499449877988487
10,487,SMB,0.2484004107316415
10,487,HML,-0.2090979826693558
10,487,WML,0.408321649717757
10,488,MKT_RF,-0.1484834820637222
10,488,SMB,-0.06593684644541238
10,488,HML,0.46801883010078876
10,488,WML,0.8563417877025785
10,489,MKT_RF,0.20559926260071282
10,489,SMB,-0.2558009528063625
10,489,HML,0.46530563820551973
10,489,WML,0.5455638011274193
10,490,MKT_RF,0.2559192428889526
10,490,SMB,0.4113378477701487
10,490,HML,0.8842495487326996
10,490,WML,0.0017738237527943632
10,491,MKT_RF,0.1528174849759394
10,491,SMB,-0.32381654165638574
10,491,HML,-0.026682682049207304
10,491,WML,0.6052597927180424
10,492,MKT_RF,0.6567521399993203
10,492,SMB,0.047541395570366865
10,492,HML,0.24579735301454922
10,492,WML,-0.21081768410159504
10,493,MKT_RF,0.24419333634589124
10,493,SMB,-0.03935600221260836
10,493,HML,0.16823385968023563
10,493,WML,0.22402248553679455
10,494,MKT_RF,0.42151728767807517
10,494,SMB,-0.07251496900112862
10,494,HML,0.32309451394683514
10,494,WML,0.20106604578603732
10,495,MKT_RF,0.14352390049578267
10,495,SMB,-0.3405154560432645
10,495,HML,0.8665645729642015
10,495,WML,0.7712472724744861
10,496,MKT_RF,0.3021243872006768
10,496,SMB,-0.06475201866772609
10,496,HML,-0.026046866773938773
10,496,WML,-0.21320233935772767
10,497,MKT_RF,0.4655370371172374
10,497,SMB,-0.0638568402326712
10,497,HML,0.4260950009711132
10,497,WML,0.17829325025438628
10,498,MKT_RF,0.49134736612292895
10,498,SMB,-0.2332397932178402
10,498,HML,0.13282186446818744
10,498,WML,0.4039631807989488
10,499,MKT_RF,0.5503078228756235
10,499,SMB,-0.04170921019438745
10,499,HML,0.019105638471294498
10,499,WML,-0.06802335698576009
15,0,MKT_RF,0.6221375142971555
15,0,SMB,-0.3069593030361938
15,0,HML,0.21631441119637468
15,0,WML,0.04284967406948139
15,1,MKT_RF,0.5258307517502854
15,1,SMB,-0.2181858889890856
15,1,HML,0.3364523133823293
15,1,WML,0.09449226647475673
15,2,MKT_RF,0.24258498091573247
15,2,SMB,-0.07167045752771464
15,2,HML,0.17346370530879607
15,2,WML,0.510346016841193
15,3,MKT_RF,0.28299744557835227
15,3,SMB,-0.20221855218221887
15,3,HML,0.26633009249433137
15,3,WML,0.9350940185018689
15,4,MKT_RF,0.48909254515802897
15,4,SMB,-0.1477991517241121
15,4,HML,0.5036485110047889
15,4,WML,-0.20502830861948781
15,5,MKT_RF,0.44928693924798946
15,5,SMB,-0.44385998207526534
15,5,HML,0.5142412682410056
15,5,WML,0.2768689318468379
15,6,MKT_RF,0.5844454754678222
15,6,SMB,-0.04423180995574909
15,6,HML,0.3166796944382746
15,6,WML,-0.08008355563355836
15,7,MKT_RF,0.4725637495546753
15,7,SMB,-0.1822756933964835
15,7,HML,0.2455271351976505
15,7,WML,0.08521590351983716
15,8,MKT_RF,0.1836241892843002
15,8,SMB,0.052235680885466686
15,8,HML,0.2797335843846032
15,8,WML,0.5998195019028256
15,9,MKT_RF,0.5080720748154887
15,9,SMB,-0.4967248854921041
15,9,HML,0.32910501966990513
15,9,WML,0.6451359273990165
15,10,MKT_RF,0.5932003321419671
15,10,SMB,-0.2722659549172665
15,10,HML,0.5052601458263677
15,10,WML,0.1985309106528494
15,11,MKT_RF,0.5305544539960411
15,11,SMB,-0.18090173809246113
15,11,HML,0.021177411783236177
15,11,WML,0.25171686476047567
15,12,MKT_RF,0.4452018903257388
15,12,SMB,0.12683208766766432
15,12,HML,0.44504863217260404
15,12,WML,0.4436962937356768
15,13,MKT_RF,0.5850118126758006
15,13,SMB,-0.029613537712861442
15,13,HML,0.06355884753201506
15,13,WML,0.1969644817522339
15,14,MKT_RF,0.4854853180424938
15,14,SMB,-0.06968833478547223
15,14,HML,0.37359527283103705
15,14,WML,0.4012728277405173
15,15,MKT_RF,0.43363827079906375
15,15,SMB,-0.12852909219186567
15,15,HML,0.2548376634491932
15,15,WML,0.23361330321805981
15,16,MKT_RF,0.6443455662579425
15,16,SMB,-0.10815500502538015
15,16,HML,0.060442223577648585
15,16,WML,-0.3194291947405994
15,17,MKT_RF,0.4139571403340688
15,17,SMB,-0.08364836890300731
15,17,HML,0.13807916827789807
15,17,WML,-0.027410356545896453
15,18,MKT_RF,0.29987660040897485
15,18,SMB,-0.529295912818591
15,18,HML,0.5258605637402013
15,18,WML,0.5827749447536538
15,19,MKT_RF,0.21201842239517485
15,19,SMB,-0.052272732572821494
15,19,HML,0.3952290018907431
15,19,WML,0.24047831260436014
15,20,MKT_RF,0.3232804827577822
15,20,SMB,-0.013050908800178443
15,20,HML,0.09199415253600843
15,20,WML,0.18581636363429646
15,21,MKT_RF,0.2870879156917946
15,21,SMB,0.06605661619608
15,21,HML,0.48377809673001226
15,21,WML,0.1911549946974134
15,22,MKT_RF,0.6607363764874394
15,22,SMB,-0.18592640551073247
15,22,HML,-0.009229225367659731
15,22,WML,-0.22937429079685318
15,23,MKT_RF,0.4901308517378418
15,23,SMB,-0.10008143293194635
15,23,HML,0.5017343487726268
15,23,WML,0.14952176416255603
15,24,MKT_RF,0.6573737120598463
15,24,SMB,0.14641590131820398
15,24,HML,0.4588253389145339
15,24,WML,0.10223684974976317
15,25,MKT_RF,0.5410251415308202
15,25,SMB,-0.5646263463059601
15,25,HML,0.29930853137440366
15,25,WML,0.08797005740153496
15,26,MKT_RF,0.38758119101967187
15,26,SMB,-0.043441528759332625
15,26,HML,0.3508173320181268
15,26,WML,0.03675217610490906
15,27,MKT_RF,0.499211571912752
15,27,SMB,0.20128729318702165
15,27,HML,0.45057230258842446
15,27,WML,0.29525263594219847
15,28,MKT_RF,0.43758707105444417
15,28,SMB,0.14232938468785075
15,28,HML,0.527594254691851
15,28,WML,0.11000146428871636
15,29,MKT_RF,0.4722579699527712
15,29,SMB,-0.006139302876606954
15,29,HML,0.2919001788397617
15,29,WML,-0.14232274543451442
15,30,MKT_RF,0.5234240730125131
15,30,SMB,-0.15220146421799832
15,30,HML,0.38667424221558605
15,30,WML,0.258369033538219
15,31,MKT_RF,-0.0089693456284785
15,31,SMB,-0.10311842414623162
15,31,HML,0.48608027169402696
15,31,WML,0.6957691290655718
15,32,MKT_RF,0.31784522754044436
15,32,SMB,-0.2668263091415799
15,32,HML,0.40316473005114795
15,32,WML,0.5265797480295026
15,33,MKT_RF,0.5054588548787019
15,33,SMB,-0.06325534449668964
15,33,HML,0.23690213596652576
15,33,WML,-0.20676120713989218
15,34,MKT_RF,0.18679110626053605
15,34,SMB,-0.39486682353920394
15,34,HML,0.27701875966435957
15,34,WML,1.005627189892766
15,35,MKT_RF,0.25045166682707926
15,35,SMB,0.10301160361696594
15,35,HML,0.38532986527720164
15,35,WML,0.32285644620675596
15,36,MKT_RF,0.4348400413355828
15,36,SMB,-0.2293973588128835
15,36,HML,0.3897370389426706
15,36,WML,0.11323053644171847
15,37,MKT_RF,0.27019537295860846
15,37,SMB,-0.07662661667536996
15,37,HML,0.766280459597923
15,37,WML,0.6729702178631949
15,38,MKT_RF,0.4327592827721031
15,38,SMB,0.18884571039721948
15,38,HML,0.552757409373881
15,38,WML,0.1828269460407516
15,39,MKT_RF,0.4330498050666891
15,39,SMB,-0.222080525258695
15,39,HML,0.586846651547334
15,39,WML,0.4936223863586836
15,40,MKT_RF,0.3730728854389842
15,40,SMB,-0.09884340086646809
15,40,HML,0.04322628021204249
15,40,WML,0.4721115533625062
15,41,MKT_RF,0.6277132881861114
15,41,SMB,-0.48758719220621927
15,41,HML,0.08574512478456764
15,41,WML,-0.1034615785786054
15,42,MKT_RF,0.7250771232459909
15,42,SMB,0.00018673805761767163
15,42,HML,0.3224640208420238
15,42,WML,-0.3455377438350909
15,43,MKT_RF,0.5949905938498863
15,43,SMB,-0.2961408895180837
15,43,HML,-0.02948193014046838
15,43,WML,-0.11702345499528703
15,44,MKT_RF,0.5999927801492096
15,44,SMB,0.0712010891962685
15,44,HML,0.19549954484479312
15,44,WML,-0.13199592061362636
15,45,MKT_RF,0.3162424571787279
15,45,SMB,0.008091560401448365
15,45,HML,0.7551978277556103
15,45,WML,0.2973297190762209
15,46,MKT_RF,0.6811998138336214
15,46,SMB,-0.2925494180344584
15,46,HML,0.6035073335322798
15,46,WML,-0.31985692412518674
15,47,MKT_RF,0.6012197407188125
15,47,SMB,-0.27372863549255755
15,47,HML,0.22703447093716816
15,47,WML,-0.32520213517386465
15,48,MKT_RF,0.40224389160540897
15,48,SMB,-0.31692584750872377
15,48,HML,0.7357924047086868
15,48,WML,0.3539791359213353
15,49,MKT_RF,0.447442734242316
15,49,SMB,-0.1211752074130415
15,49,HML,0.15933233084368706
15,49,WML,0.22085056599186836
15,50,MKT_RF,0.4833166159174481
15,50,SMB,-0.10376893074899457
15,50,HML,0.02269580687201305
15,50,WML,0.2263394890843093
15,51,MKT_RF,0.32715710410254784
15,51,SMB,0.05393395847805385
15,51,HML,0.4387888298247
15,51,WML,0.31955798555405596
15,52,MKT_RF,0.3666647165576023
15,52,SMB,-0.027643819719297073
15,52,HML,0.16883555503561468
15,52,WML,0.2551004802235996
15,53,MKT_RF,0.33617404872511203
15,53,SMB,0.21646687769584239
15,53,HML,0.38615753337128633
15,53,WML,0.37346898936424006
15,54,MKT_RF,0.24977180934429413
15,54,SMB,0.09037681654213392
15,54,HML,0.6030424645590137
15,54,WML,0.8331914546817794
15,55,MKT_RF,0.5756228628654501
15,55,SMB,-0.166425980510995
15,55,HML,0.1694495582314502
15,55,WML,0.19399691022846285
15,56,MKT_RF,0.8716160213081479
15,56,SMB,-0.21896391103674415
15,56,HML,0.10394148756561432
15,56,WML,-0.4094618789398788
15,57,MKT_RF,0.4460324676914309
15,57,SMB,-0.13294043942764924
15,57,HML,-0.10581421135111044
15,57,WML,0.030641159577984873
15,58,MKT_RF,0.49643379533839976
15,58,SMB,-0.284769752313474
15,58,HML,-0.04679612431653546
15,58,WML,0.3009481114882598
15,59,MKT_RF,0.487236336675081
15,59,SMB,-0.5102064956809504
15,59,HML,0.44289649393698705
15,59,WML,0.2690339150903394
15,60,MKT_RF,0.367698373643777
15,60,SMB,-0.017208531329625822
15,60,HML,0.21522703314766795
15,60,WML,0.5970686911518368
15,61,MKT_RF,0.37534618455894053
15,61,SMB,-0.08185944049601508
15,61,HML,0.3340527899297994
15,61,WML,0.4602205496391047
15,62,MKT_RF,0.5042079912463724
15,62,SMB,-0.2367053397083161
15,62,HML,0.45011590110821936
15,62,WML,0.2979565066847787
15,63,MKT_RF,0.34535239170024185
15,63,SMB,-0.2242068504751389
15,63,HML,0.2444786586856549
15,63,WML,0.38694023534214983
15,64,MKT_RF,0.41550557338222877
15,64,SMB,0.1963208073921806
15,64,HML,0.6370870101273263
15,64,WML,0.4477880003037831
15,65,MKT_RF,0.5158880204774106
15,65,SMB,-0.6106873653110911
15,65,HML,0.13625639227502584
15,65,WML,-0.024565735578440374
15,66,MKT_RF,0.48424515354918846
15,66,SMB,-0.3698001712754924
15,66,HML,0.4257061467465814
15,66,WML,0.5773811072005525
15,67,MKT_RF,0.7235210526079463
15,67,SMB,0.10518169876943244
15,67,HML,0.2585372758871019
15,67,WML,-0.5353396075502264
15,68,MKT_RF,0.6444394460789773
15,68,SMB,-0.3243369126408441
15,68,HML,0.35199964428590946
15,68,WML,-0.34238168713933853
15,69,MKT_RF,0.4929287238238671
15,69,SMB,-0.19439928642368728
15,69,HML,0.29499939982810175
15,69,WML,0.35003161964607077
15,70,MKT_RF,0.5212890811189382
15,70,SMB,0.13508700162152645
15,70,HML,0.4298046202086604
15,70,WML,0.2735728199027643
15,71,MKT_RF,0.2525606812412565
15,71,SMB,-0.14754939852131185
15,71,HML,0.36880300070169886
15,71,WML,1.0529363886450076
15,72,MKT_RF,0.2767874316962511
15,72,SMB,-0.04394173803590592
15,72,HML,0.28172686022269156
15,72,WML,0.2822970353027121
15,73,MKT_RF,0.43916642907583076
15,73,SMB,-0.041498190572331485
15,73,HML,0.3955102979745643
15,73,WML,0.4287246035038995
15,74,MKT_RF,0.19639288670306132
15,74,SMB,0.16313233605622202
15,74,HML,0.3210431339004131
15,74,WML,0.6606655626712851
15,75,MKT_RF,0.3926504118791464
15,75,SMB,0.3981955189802822
15,75,HML,0.3951879600964904
15,75,WML,0.2799575844988834
15,76,MKT_RF,0.19147069165347322
15,76,SMB,-0.4330784888307259
15,76,HML,0.2767584816707851
15,76,WML,0.7718367717506346
15,77,MKT_RF,0.18483182133594991
15,77,SMB,-0.06390340797909738
15,77,HML,0.40790235889631066
15,77,WML,0.6509999840772005
15,78,MKT_RF,0.7216688644394817
15,78,SMB,-0.2861442053163929
15,78,HML,0.21457325009792053
15,78,WML,-0.000267743171444826
15,79,MKT_RF,0.4349233715756209
15,79,SMB,-0.24343631568236573
15,79,HML,0.2639655562041696
15,79,WML,0.553969899951247
15,80,MKT_RF,0.5487508974168543
15,80,SMB,-0.15965032841220722
15,80,HML,0.3225225465957374
15,80,WML,0.006041060558248193
15,81,MKT_RF,0.4039545157858665
15,81,SMB,-0.03869857787137193
15,81,HML,0.03387738032457161
15,81,WML,0.30616349657240405
15,82,MKT_RF,0.33187716039032233
15,82,SMB,-0.07674554729397298
15,82,HML,0.06385097074175732
15,82,WML,0.5505277546541084
15,83,MKT_RF,0.26073908559729914
15,83,SMB,-0.307505209006641
15,83,HML,0.24819651529632814
15,83,WML,0.574001880433903
15,84,MKT_RF,0.516806195054035
15,84,SMB,0.4115611986905397
15,84,HML,0.6525841185167904
15,84,WML,0.319929802959353
15,85,MKT_RF,0.6879198439294093
15,85,SMB,-0.10381145150640712
15,85,HML,0.5986763306871437
15,85,WML,0.187276381999997
15,86,MKT_RF,0.344406211392106
15,86,SMB,-0.08608957962687779
15,86,HML,0.25869333845920817
15,86,WML,0.3922611703984039
15,87,MKT_RF,0.4800419479809626
15,87,SMB,-0.14055283132424665
15,87,HML,0.06250096478048274
15,87,WML,-0.0023624448052074892
15,88,MKT_RF,0.2814658947449714
15,88,SMB,-0.31807536686950755
15,88,HML,0.37820293763752416
15,88,WML,0.3060814668734434
15,89,MKT_RF,0.633430991077071
15,89,SMB,-0.16171900110171045
15,89,HML,0.6097812435147465
15,89,WML,0.04647407211266813
15,90,MKT_RF,0.48337354150151013
15,90,SMB,-0.18733631755308985
15,90,HML,0.5714825068954874
15,90,WML,0.2124181577180911
15,91,MKT_RF,0.6820889084389381
15,91,SMB,-0.24658111497265858
15,91,HML,-0.011240848567708897
15,91,WML,0.09869436879578541
15,92,MKT_RF,0.5663685394416897
15,92,SMB,-0.023316688317293843
15,92,HML,0.28457972389774155
15,92,WML,-0.18842978570248659
15,93,MKT_RF,0.5639506712257442
15,93,SMB,0.06854245506745898
15,93,HML,0.4236678585269205
15,93,WML,0.007595152362964542
15,94,MKT_RF,0.3133318305764245
15,94,SMB,-0.1769657446986567
15,94,HML,0.42822286676713067
15,94,WML,0.27912489475649005
15,95,MKT_RF,0.44856791053523903
15,95,SMB,0.07693813877604026
15,95,HML,0.15789541338465765
15,95,WML,0.4866792007378475
15,96,MKT_RF,0.8003898896377667
15,96,SMB,-0.12089305432262538
15,96,HML,0.5002795147516143
15,96,WML,-0.38947241133267957
15,97,MKT_RF,0.27732352880877137
15,97,SMB,-0.3248057168393523
15,97,HML,0.37138092157848773
15,97,WML,0.27077720513451053
15,98,MKT_RF,0.6580450421488179
15,98,SMB,-0.31366354791031376
15,98,HML,0.19641888711827205
15,98,WML,-0.19287926256880245
15,99,MKT_RF,0.3020293392778015
15,99,SMB,-0.3239301098137762
15,99,HML,0.04465922451548307
15,99,WML,0.7166198612043041
15,100,MKT_RF,0.5481410841621369
15,100,SMB,0.20438207083538482
15,100,HML,0.3137612707883778
15,100,WML,0.4586954265901885
15,101,MKT_RF,0.2787844818661925
15,101,SMB,0.09618544909581463
15,101,HML,0.4994725685007473
15,101,WML,0.421212587924839
15,102,MKT_RF,0.45357805004759105
15,102,SMB,-0.12689499381697097
15,102,HML,-0.04977900431718663
15,102,WML,0.22717750272019926
15,103,MKT_RF,0.4208447942202541
15,103,SMB,-0.40833206201977273
15,103,HML,0.3225937580362219
15,103,WML,0.30994109227221434
15,104,MKT_RF,0.2964307149904208
15,104,SMB,-0.25188791612701833
15,104,HML,0.5440670779614369
15,104,WML,0.2185628103266241
15,105,MKT_RF,0.8072780632025915
15,105,SMB,-0.18163165857815847
15,105,HML,0.19829614761575598
15,105,WML,-0.48321365829438295
15,106,MKT_RF,-0.2752355479573291
15,106,SMB,0.2427424766658623
15,106,HML,0.1576425026007483
15,106,WML,1.399511355751744
15,107,MKT_RF,0.5137168910081821
15,107,SMB,-0.1835388328672217
15,107,HML,0.22340195032865454
15,107,WML,0.2510111438451823
15,108,MKT_RF,0.35387264275221453
15,108,SMB,0.18975722737881798
15,108,HML,0.13360618153387
15,108,WML,0.4773906389697679
15,109,MKT_RF,0.7108877221651554
15,109,SMB,0.07571045151150942
15,109,HML,0.14410624620941678
15,109,WML,-0.4176408457238113
15,110,MKT_RF,0.5997515607645867
15,110,SMB,-0.6049450168622935
15,110,HML,0.11260951556791222
15,110,WML,0.07385702736209236
15,111,MKT_RF,0.05459115089693747
15,111,SMB,0.1647968452897429
15,111,HML,0.08459704293812308
15,111,WML,0.46118229099621955
15,112,MKT_RF,0.28537098686527124
15,112,SMB,-0.12965702241186863
15,112,HML,0.1985300934087766
15,112,WML,0.3802344329844281
15,113,MKT_RF,0.2930122954923826
15,113,SMB,0.01766300752732716
15,113,HML,0.3330313345394672
15,113,WML,0.22624791753505583
15,114,MKT_RF,0.35029027796750983
15,114,SMB,-0.3557560726744128
15,114,HML,0.1263060142310082
15,114,WML,0.4576857831498686
15,115,MKT_RF,0.5745734486167243
15,115,SMB,0.31962420192280827
15,115,HML,0.3001503788440068
15,115,WML,-0.1841869341956789
15,116,MKT_RF,0.5168825001721269
15,116,SMB,-0.11037368086043865
15,116,HML,0.32108329430186416
15,116,WML,0.41069334033807336
15,117,MKT_RF,0.2982256680664793
15,117,SMB,-0.45119666961301835
15,117,HML,0.6802468450411993
15,117,WML,0.6911045078619098
15,118,MKT_RF,0.10435071987821877
15,118,SMB,0.011592038681695373
15,118,HML,0.527096147242434
15,118,WML,0.5833632598349097
15,119,MKT_RF,0.33107829695825974
15,119,SMB,0.22436969254311004
15,119,HML,0.3092320939911618
15,119,WML,0.4205420856448563
15,120,MKT_RF,0.26100063042946753
15,120,SMB,-0.10601554755116505
15,120,HML,0.26848346381491645
15,120,WML,0.6174090781513083
15,121,MKT_RF,0.46627384072141426
15,121,SMB,-0.0057595886697895575
15,121,HML,0.11137873903664518
15,121,WML,-0.06513048643161325
15,122,MKT_RF,0.2998805809084796
15,122,SMB,-0.19826018106664933
15,122,HML,0.2294842971653425
15,122,WML,0.703296497584916
15,123,MKT_RF,0.8094578840220306
15,123,SMB,-0.0920824666901297
15,123,HML,0.5743770196580608
15,123,WML,-0.43470552743530316
15,124,MKT_RF,0.4090217045707368
15,124,SMB,-0.2931911950721897
15,124,HML,0.16355411349842988
15,124,WML,0.2411387552861241
15,125,MKT_RF,0.4002191470090949
15,125,SMB,0.006662489309762726
15,125,HML,0.06734279223088704
15,125,WML,0.4179842872565649
15,126,MKT_RF,0.0492323662649507
15,126,SMB,-0.1253602175746776
15,126,HML,-0.03779715043295127
15,126,WML,1.006871458724547
15,127,MKT_RF,0.3289696940749379
15,127,SMB,-0.2599840411915663
15,127,HML,0.35010267036100423
15,127,WML,-0.062445892803874865
15,128,MKT_RF,0.5815524574827399
15,128,SMB,-0.162727125257057
15,128,HML,-0.28321787827814865
15,128,WML,-0.2038347407160055
15,129,MKT_RF,0.19542440130771027
15,129,SMB,-0.16213366644960597
15,129,HML,0.13604052116706597
15,129,WML,0.8280358142666318
15,130,MKT_RF,0.5033849120198022
15,130,SMB,-0.330745786603087
15,130,HML,-0.12870123700367753
15,130,WML,0.1381786743433316
15,131,MKT_RF,0.0442101173764546
15,131,SMB,0.551304381489295
15,131,HML,0.3245975709883261
15,131,WML,0.7952561582539172
15,132,MKT_RF,0.39529885446926316
15,132,SMB,-0.14522825744100226
15,132,HML,0.43169717294551196
15,132,WML,0.07226336715345082
15,133,MKT_RF,0.3280344332858723
15,133,SMB,-0.11589717698451071
15,133,HML,0.38675025450678346
15,133,WML,0.4966799753708512
15,134,MKT_RF,0.11776965715691552
15,134,SMB,-0.08957525439769444
15,134,HML,0.6207118681649212
15,134,WML,0.7938714855774307
15,135,MKT_RF,0.545791604775688
15,135,SMB,-0.3585105131242972
15,135,HML,0.29579284505573716
15,135,WML,0.43998075815045684
15,136,MKT_RF,0.5755013375772127
15,136,SMB,-0.16871478089587988
15,136,HML,0.4657033851564932
15,136,WML,0.15457982980834564
15,137,MKT_RF,0.3023475243764556
15,137,SMB,-0.15771438584189343
15,137,HML,0.38833176616092036
15,137,WML,0.42448366716818164
15,138,MKT_RF,0.6746725276001955
15,138,SMB,0.1614613181449325
15,138,HML,0.4525394828944814
15,138,WML,0.011501778253886982
15,139,MKT_RF,0.0906258408548644
15,139,SMB,-0.041478508190316
15,139,HML,0.389810343767867
15,139,WML,0.7875922674674469
15,140,MKT_RF,0.4425202972174407
15,140,SMB,-0.16461851177120307
15,140,HML,0.34004798776019324
15,140,WML,0.3245548702366853
15,141,MKT_RF,0.5174501062055415
15,141,SMB,-0.01909236719770654
15,141,HML,0.18281535220856504
15,141,WML,-0.17955061465726865
15,142,MKT_RF,0.34686438392703367
15,142,SMB,0.366664599660718
15,142,HML,0.7095159818708656
15,142,WML,0.6057311436412984
15,143,MKT_RF,0.24697391347400854
15,143,SMB,-0.029015729489775648
15,143,HML,0.17131597326243103
15,143,WML,0.5897652629944972
15,144,MKT_RF,0.23690140845335161
15,144,SMB,-0.2398450517267659
15,144,HML,0.40335746567282443
15,144,WML,0.4915423168724597
15,145,MKT_RF,0.3433566058087588
15,145,SMB,-0.312584169078389
15,145,HML,0.26480682461662597
15,145,WML,0.10909734885283982
15,146,MKT_RF,0.3366583396078926
15,146,SMB,0.13188997756338436
15,146,HML,0.39475910841426537
15,146,WML,0.589069513720878
15,147,MKT_RF,0.5540625226303103
15,147,SMB,-0.2875064099050609
15,147,HML,0.1314209227812502
15,147,WML,0.06564117473165629
15,148,MKT_RF,0.42673107210966943
15,148,SMB,-0.10024518315616478
15,148,HML,0.4555110762105932
15,148,WML,0.2522247937522812
15,149,MKT_RF,0.4661561129571021
15,149,SMB,-0.23982007756593282
15,149,HML,0.10567401449428307
15,149,WML,0.4072986400835923
15,150,MKT_RF,0.22355875154248073
15,150,SMB,0.14412778265586557
15,150,HML,0.24186803831992598
15,150,WML,0.32318974498947056
15,151,MKT_RF,0.6213896078772453
15,151,SMB,-0.24712498788649861
15,151,HML,0.8882661592887211
15,151,WML,-0.4208198363078966
15,152,MKT_RF,0.43406691594024516
15,152,SMB,-0.011771379186344785
15,152,HML,0.41524101040257594
15,152,WML,0.4476740986962724
15,153,MKT_RF,0.4958336667499671
15,153,SMB,-0.1642054572060971
15,153,HML,0.04715066276990899
15,153,WML,-0.031668591437259745
15,154,MKT_RF,0.21664347078240295
15,154,SMB,-0.0017038770217859905
15,154,HML,0.5469895814727892
15,154,WML,0.5024574953732178
15,155,MKT_RF,0.28426473025910703
15,155,SMB,0.2546640419718656
15,155,HML,0.8997429542864128
15,155,WML,0.44300976119949875
15,156,MKT_RF,0.3036178961517444
15,156,SMB,-0.3345929288395903
15,156,HML,-0.061569296598046656
15,156,WML,0.6078902773099744
15,157,MKT_RF,0.5335471523393965
15,157,SMB,-0.013753091433864764
15,157,HML,0.24255024011959644
15,157,WML,-0.06430107959802063
15,158,MKT_RF,0.21793895185673043
15,158,SMB,-0.15134124466725216
15,158,HML,0.14313481985651907
15,158,WML,0.6260847587755205
15,159,MKT_RF,0.3721781369290012
15,159,SMB,-0.3660138808976591
15,159,HML,0.5679981713277876
15,159,WML,0.12295085062404673
15,160,MKT_RF,0.3611358962439148
15,160,SMB,-0.15715732076343691
15,160,HML,0.6645549171934656
15,160,WML,0.45121950296181323
15,161,MKT_RF,0.3790915293415945
15,161,SMB,0.13699221148719545
15,161,HML,0.4101560212346317
15,161,WML,0.16777202206157135
15,162,MKT_RF,0.33184714495873285
15,162,SMB,-0.30223876773972
15,162,HML,0.49268244122752536
15,162,WML,0.7553268206906782
15,163,MKT_RF,0.33018054786102746
15,163,SMB,-0.10478686145508445
15,163,HML,0.030900827341324752
15,163,WML,0.4612638620934051
15,164,MKT_RF,0.47025937922020794
15,164,SMB,-0.34251551051570983
15,164,HML,0.32599408090414667
15,164,WML,0.0013980394515506025
15,165,MKT_RF,0.3171912452523311
15,165,SMB,-0.13486604970813162
15,165,HML,0.22994008260074764
15,165,WML,0.6069840835170012
15,166,MKT_RF,0.47668682906330234
15,166,SMB,0.023642569764549676
15,166,HML,0.44920478284965387
15,166,WML,0.38290902869424426
15,167,MKT_RF,0.11581025531341936
15,167,SMB,-0.23714618034895069
15,167,HML,0.05226184562983732
15,167,WML,0.8546692587594495
15,168,MKT_RF,0.3531451534117784
15,168,SMB,0.19881343915127625
15,168,HML,0.5798583658406133
15,168,WML,0.4209063903551719
15,169,MKT_RF,0.5733409594926284
15,169,SMB,-0.7871610305381302
15,169,HML,0.22242499535775612
15,169,WML,0.3894426170386817
15,170,MKT_RF,0.017044746530616977
15,170,SMB,0.14436330287526802
15,170,HML,0.39856106830075444
15,170,WML,0.7787470772558327
15,171,MKT_RF,0.3926546606560407
15,171,SMB,0.0030181100861269784
15,171,HML,0.4341833967309681
15,171,WML,0.005304973061056022
15,172,MKT_RF,0.22252604667195544
15,172,SMB,-0.039275467628554946
15,172,HML,-0.011818888319131806
15,172,WML,0.5784819498925268
15,173,MKT_RF,0.527743285314721
15,173,SMB,-0.18192113570173418
15,173,HML,0.22861556332516492
15,173,WML,0.02417237393148432
15,174,MKT_RF,0.38140399784478984
15,174,SMB,-0.08398847949836058
15,174,HML,0.054595087111783326
15,174,WML,0.31558965376426684
15,175,MKT_RF,0.4630732712807341
15,175,SMB,-0.013145403449534677
15,175,HML,0.22890309027238137
15,175,WML,0.650095971092407
15,176,MKT_RF,0.30998615837627874
15,176,SMB,-0.06736605082088476
15,176,HML,0.06789416066633754
15,176,WML,0.1149639498334803
15,177,MKT_RF,0.5434350087164427
15,177,SMB,-0.07089428017022187
15,177,HML,0.2761358421187941
15,177,WML,0.3506962126708936
15,178,MKT_RF,0.6246212149663226
15,178,SMB,0.3178845607627078
15,178,HML,0.9671619763536058
15,178,WML,-0.4715911570836082
15,179,MKT_RF,0.574535592186759
15,179,SMB,0.24755114629144284
15,179,HML,0.3739232806750424
15,179,WML,-0.02295860147653208
15,180,MKT_RF,0.22966335488966097
15,180,SMB,0.05359616262020372
15,180,HML,0.6949784143286339
15,180,WML,0.186833715164239
15,181,MKT_RF,0.12846548583207076
15,181,SMB,-0.5170287232744705
15,181,HML,0.5461967886880851
15,181,WML,0.3463364382460829
15,182,MKT_RF,0.624164215368338
15,182,SMB,-0.1476699659956856
15,182,HML,0.3237723594137125
15,182,WML,-0.09631682765812555
15,183,MKT_RF,0.33101820447468877
15,183,SMB,-0.24281166224315584
15,183,HML,0.23479301730141117
15,183,WML,0.24969761694821038
15,184,MKT_RF,0.37175800888657606
15,184,SMB,0.2913929123724509
15,184,HML,0.4267900909070612
15,184,WML,0.4614249055801846
15,185,MKT_RF,0.49020449392562293
15,185,SMB,-0.11585099610002002
15,185,HML,0.5294951950405589
15,185,WML,0.1551094639335103
15,186,MKT_RF,0.3296598069691857
15,186,SMB,-0.6042139320124735
15,186,HML,0.17064428207474447
15,186,WML,0.48622401560134826
15,187,MKT_RF,0.36568484025854187
15,187,SMB,0.1488773269399463
15,187,HML,0.29518571000763205
15,187,WML,0.41833858770643223
15,188,MKT_RF,0.49813389754974247
15,188,SMB,-0.34638793521579875
15,188,HML,0.48854148363317756
15,188,WML,-0.16078199304266527
15,189,MKT_RF,0.20840748679941182
15,189,SMB,-0.2299182758156255
15,189,HML,0.3198301146725995
15,189,WML,0.8999573286536521
15,190,MKT_RF,0.2599153183004959
15,190,SMB,-0.5899107168025882
15,190,HML,0.4817654848680453
15,190,WML,0.14914937150112798
15,191,MKT_RF,0.45405158898015
15,191,SMB,-0.23304758499639738
15,191,HML,0.016046729526371886
15,191,WML,0.007536557840068563
15,192,MKT_RF,0.49972512374233774
15,192,SMB,-0.005496889895061152
15,192,HML,0.3571256093943263
15,192,WML,0.019688169302541265
15,193,MKT_RF,0.4890852001859348
15,193,SMB,-0.20703204844505402
15,193,HML,0.5883867474235814
15,193,WML,-0.09813794565519704
15,194,MKT_RF,0.8008414413324552
15,194,SMB,-0.3786517578892787
15,194,HML,-0.021934609154335226
15,194,WML,-0.6338897347404007
15,195,MKT_RF,0.5020433215192083
15,195,SMB,-0.38099006938857466
15,195,HML,0.19754763811237064
15,195,WML,0.18876325763557505
15,196,MKT_RF,0.629768878476709
15,196,SMB,-0.12359336207079888
15,196,HML,0.21017283047392052
15,196,WML,-0.00424820798081345
15,197,MKT_RF,0.3891431379978867
15,197,SMB,0.08077515376966758
15,197,HML,0.34263195676292774
15,197,WML,0.007623272805376953
15,198,MKT_RF,0.6426587206140163
15,198,SMB,0.17137837631912153
15,198,HML,0.1385800978739728
15,198,WML,-0.5230585456660555
15,199,MKT_RF,0.40071027559208733
15,199,SMB,-0.16284012028443412
15,199,HML,0.596572839269392
15,199,WML,-0.05479014408738649
15,200,MKT_RF,0.6895430617666319
15,200,SMB,0.2536581072102125
15,200,HML,0.4243975303027121
15,200,WML,-0.265992615629443
15,201,MKT_RF,0.29080371461012805
15,201,SMB,0.2513185985396419
15,201,HML,0.5222034570207188
15,201,WML,0.5972263660477843
15,202,MKT_RF,0.3295054003036749
15,202,SMB,0.3722336025175312
15,202,HML,0.3700514282407637
15,202,WML,0.5271684060441193
15,203,MKT_RF,0.49185673987799333
15,203,SMB,-0.0367245095843656
15,203,HML,0.33072605524696747
15,203,WML,0.23688655573338313
15,204,MKT_RF,0.48921956154990903
15,204,SMB,-0.29978640504587917
15,204,HML,0.2726309640863306
15,204,WML,-0.09179299736630887
15,205,MKT_RF,0.3000140574943857
15,205,SMB,0.11323212864176083
15,205,HML,0.3658959115943436
15,205,WML,0.5457025538659402
15,206,MKT_RF,0.718958885517785
15,206,SMB,-0.3146137552225869
15,206,HML,0.13633195779785987
15,206,WML,-0.20106602809503113
15,207,MKT_RF,0.432892825631462
15,207,SMB,0.20293919268309446
15,207,HML,0.42947736084127935
15,207,WML,0.426107447942707
15,208,MKT_RF,0.35038098812305957
15,208,SMB,-0.2215634715130309
15,208,HML,0.12634824464983732
15,208,WML,0.2510843348892121
15,209,MKT_RF,0.33730873886825125
15,209,SMB,0.14454707016851867
15,209,HML,0.45880530962110566
15,209,WML,0.3236489413333188
15,210,MKT_RF,0.1258503941701704
15,210,SMB,0.005411275723876521
15,210,HML,0.8510922842962728
15,210,WML,0.5588622766101776
15,211,MKT_RF,0.24018158568143683
15,211,SMB,-0.175674001853815
15,211,HML,0.42832760697412786
15,211,WML,0.5418811151843472
15,212,MKT_RF,0.6588623374704315
15,212,SMB,-0.07476514864585806
15,212,HML,0.2354909352752549
15,212,WML,0.060567250299568734
15,213,MKT_RF,0.2133670363013329
15,213,SMB,-0.18035547445096428
15,213,HML,0.13893515143005347
15,213,WML,0.20464038895089745
15,214,MKT_RF,0.5926239580813689
15,214,SMB,0.015432056603459749
15,214,HML,0.3608639734295555
15,214,WML,-0.08408134548298443
15,215,MKT_RF,0.2017030522815892
15,215,SMB,-0.3718692300407089
15,215,HML,0.38870072091391855
15,215,WML,0.6175502091735448
15,216,MKT_RF,0.24115732483430224
15,216,SMB,-0.26440468676840956
15,216,HML,0.09128054216846905
15,216,WML,0.6686789955321696
15,217,MKT_RF,0.6066950771944932
15,217,SMB,-0.27550423481397246
15,217,HML,0.5007189562323682
15,217,WML,0.0912520673326528
15,218,MKT_RF,0.3113101669837303
15,218,SMB,-0.33944039586173613
15,218,HML,0.2618470768166469
15,218,WML,0.30221017448910537
15,219,MKT_RF,0.37272278771850986
15,219,SMB,-0.25736732231232895
15,219,HML,0.15132403843908385
15,219,WML,0.55585140847369
15,220,MKT_RF,0.39703039740499774
15,220,SMB,-0.04595728435148437
15,220,HML,0.241216015622931
15,220,WML,0.22032393398101852
15,221,MKT_RF,0.5406244330618005
15,221,SMB,-0.0564597903320766
15,221,HML,0.4694834164666356
15,221,WML,-0.09851689590572767
15,222,MKT_RF,0.7672462374107988
15,222,SMB,-0.4107533597322453
15,222,HML,-0.15576267066248795
15,222,WML,0.07243723702267182
15,223,MKT_RF,0.3287430278562727
15,223,SMB,-0.4177534298737052
15,223,HML,0.39949371490913377
15,223,WML,0.5679203344384943
15,224,MKT_RF,0.5360723948952234
15,224,SMB,-0.3613055040976726
15,224,HML,0.08684650632231943
15,224,WML,0.10598768370715962
15,225,MKT_RF,0.23232028172230393
15,225,SMB,0.03841805912506806
15,225,HML,0.6699538450438065
15,225,WML,0.33072420983484535
15,226,MKT_RF,0.5567602431056003
15,226,SMB,-0.07290928242601417
15,226,HML,-0.04573157033421642
15,226,WML,0.2640447316272972
15,227,MKT_RF,0.6556276475174709
15,227,SMB,0.06938138393452627
15,227,HML,0.4441260571894265
15,227,WML,-0.1352317761473908
15,228,MKT_RF,0.5516065815500577
15,228,SMB,-0.0458780202868177
15,228,HML,0.05267356241789583
15,228,WML,-0.05555976862099007
15,229,MKT_RF,0.3980057410384562
15,229,SMB,0.16451723150711925
15,229,HML,0.5125624235988073
15,229,WML,0.1391085092436396
15,230,MKT_RF,0.4310941725340324
15,230,SMB,-0.06167869580156148
15,230,HML,0.3274841205023432
15,230,WML,0.2802219177785039
15,231,MKT_RF,0.5729764180659436
15,231,SMB,-0.2025457603850995
15,231,HML,0.23814480937027313
15,231,WML,0.09971896214225369
15,232,MKT_RF,0.4635165001613552
15,232,SMB,-0.3068022794433634
15,232,HML,0.0923996991751685
15,232,WML,-0.04158823591011598
15,233,MKT_RF,0.7886903902459015
15,233,SMB,-0.013428173227457738
15,233,HML,0.3217123619223119
15,233,WML,-0.23649800430449855
15,234,MKT_RF,0.5032488897840829
15,234,SMB,-0.020092342177137356
15,234,HML,0.32994272156669835
15,234,WML,-0.38185109963610503
15,235,MKT_RF,0.30929367586495676
15,235,SMB,-0.03977919397060254
15,235,HML,0.10078450286843639
15,235,WML,0.6690488472690667
15,236,MKT_RF,0.5257042645330486
15,236,SMB,-0.17903605369609607
15,236,HML,1.0042472362592019
15,236,WML,-0.1601742810283798
15,237,MKT_RF,-0.035114574883018626
15,237,SMB,-0.052894433516095206
15,237,HML,0.48199821031949497
15,237,WML,0.7317125868096668
15,238,MKT_RF,0.6448084264519225
15,238,SMB,-0.005257244351124637
15,238,HML,0.6098793903281273
15,238,WML,0.2165544373422249
15,239,MKT_RF,0.6148671835640915
15,239,SMB,-0.04901746276811105
15,239,HML,0.16202129648542268
15,239,WML,0.00897821644227953
15,240,MKT_RF,0.5504198045896135
15,240,SMB,-0.39135961704219374
15,240,HML,-0.15812299267191093
15,240,WML,0.5139708402735749
15,241,MKT_RF,-0.06667589950474982
15,241,SMB,0.28395699416030346
15,241,HML,0.20770355693953024
15,241,WML,0.8730002496540085
15,242,MKT_RF,0.26540144469702465
15,242,SMB,-0.22344602853849507
15,242,HML,0.1307984302303091
15,242,WML,0.25834857145211715
15,243,MKT_RF,0.5787894047163347
15,243,SMB,-0.2052678602996067
15,243,HML,0.25531833586213365
15,243,WML,-0.22678895479813987
15,244,MKT_RF,0.31561426266989373
15,244,SMB,-0.12379268641247107
15,244,HML,0.2270223146869486
15,244,WML,0.04209738836641031
15,245,MKT_RF,0.45381203679320986
15,245,SMB,-0.34937105335081037
15,245,HML,0.49230242099284793
15,245,WML,0.41437980336364444
15,246,MKT_RF,0.601930847126442
15,246,SMB,-0.4270522100989317
15,246,HML,0.2691008879779634
15,246,WML,0.0299714886439852
15,247,MKT_RF,0.3744845982361676
15,247,SMB,-0.10834343546797527
15,247,HML,-0.1152911929629195
15,247,WML,0.45797971003662874
15,248,MKT_RF,0.6301226851271226
15,248,SMB,-0.20381186144486735
15,248,HML,0.3843227546209002
15,248,WML,0.017514314493061893
15,249,MKT_RF,0.32823680496045093
15,249,SMB,-0.0969303933390594
15,249,HML,0.22874036026147895
15,249,WML,0.7143617458829
15,250,MKT_RF,0.3372322245638666
15,250,SMB,0.07059758557351727
15,250,HML,0.4257157130137094
15,250,WML,0.43736046915791615
15,251,MKT_RF,0.5451962324469315
15,251,SMB,0.07172964776481722
15,251,HML,0.4610257114514511
15,251,WML,0.10207362240398561
15,252,MKT_RF,0.3651978399634897
15,252,SMB,-0.5034371893328095
15,252,HML,0.30255459473631957
15,252,WML,0.5480071420623976
15,253,MKT_RF,0.47445921178835515
15,253,SMB,-0.19690332634053626
15,253,HML,0.12964276558046117
15,253,WML,0.23714331360474294
15,254,MKT_RF,0.24392661583756017
15,254,SMB,-0.20996726098707225
15,254,HML,0.5193233534148661
15,254,WML,0.5459769817596248
15,255,MKT_RF,0.12491446639899796
15,255,SMB,-0.002904437888797906
15,255,HML,0.14850223171463198
15,255,WML,0.929956348926137
15,256,MKT_RF,0.27385329435173683
15,256,SMB,-0.27409272363183285
15,256,HML,0.3798408215345052
15,256,WML,0.5315791378641193
15,257,MKT_RF,0.31183734731975343
15,257,SMB,0.13053830924247517
15,257,HML,0.027008040540535874
15,257,WML,0.32376849714526307
15,258,MKT_RF,0.21382127808716758
15,258,SMB,0.12064490553847472
15,258,HML,0.5176078848629989
15,258,WML,0.8901512954718596
15,259,MKT_RF,0.7174080030380519
15,259,SMB,-0.008749108706660087
15,259,HML,0.33749505012754
15,259,WML,-0.42532380557492855
15,260,MKT_RF,0.3731496812150372
15,260,SMB,-0.20446040494730536
15,260,HML,0.3110498747446735
15,260,WML,0.06465773437878622
15,261,MKT_RF,0.26283108713984477
15,261,SMB,0.007784267782309202
15,261,HML,0.3137351376386911
15,261,WML,0.5406709171139152
15,262,MKT_RF,0.32995511031639013
15,262,SMB,-0.16524886012148837
15,262,HML,0.5167724962410355
15,262,WML,0.4023856783107763
15,263,MKT_RF,0.26677758350339587
15,263,SMB,0.02109874978103288
15,263,HML,0.10638967819262753
15,263,WML,0.601515090479248
15,264,MKT_RF,0.41532037651991816
15,264,SMB,-0.049552770598182895
15,264,HML,0.6060051234191228
15,264,WML,0.16661399332938637
15,265,MKT_RF,0.41318629772910237
15,265,SMB,-0.28600465759121646
15,265,HML,0.03234505943317882
15,265,WML,0.054354816756763735
15,266,MKT_RF,0.6771861297076287
15,266,SMB,-0.3195068636555599
15,266,HML,0.2105838788031198
15,266,WML,-0.16330911264308798
15,267,MKT_RF,0.45323313763576306
15,267,SMB,-0.06495818459431274
15,267,HML,0.2539331097616646
15,267,WML,0.10010330525727582
15,268,MKT_RF,0.6928821788598107
15,268,SMB,0.265350811966791
15,268,HML,0.20469812684708225
15,268,WML,-0.37175962033624077
15,269,MKT_RF,0.5472662522162929
15,269,SMB,-0.02148393965922399
15,269,HML,0.05607025923794012
15,269,WML,-0.03850868850090218
15,270,MKT_RF,0.5639231695645854
15,270,SMB,-0.3005592218535978
15,270,HML,0.15933783932807288
15,270,WML,0.006757629412970635
15,271,MKT_RF,0.5283659266852722
15,271,SMB,-0.0036948222557896494
15,271,HML,0.2910486842997554
15,271,WML,-0.13491245435833543
15,272,MKT_RF,0.3626816074534776
15,272,SMB,-0.10844488025096564
15,272,HML,0.4149191923815156
15,272,WML,0.45179111234760944
15,273,MKT_RF,0.6787114263097473
15,273,SMB,-0.13119141568267204
15,273,HML,0.06118667355008517
15,273,WML,-0.05731658036121461
15,274,MKT_RF,0.38205907712174975
15,274,SMB,-0.20895090731373958
15,274,HML,0.42713309750434203
15,274,WML,0.16469055795731236
15,275,MKT_RF,0.4099592230381022
15,275,SMB,0.008317325977115183
15,275,HML,0.1312437633880394
15,275,WML,0.3730177952182824
15,276,MKT_RF,0.7002029366128413
15,276,SMB,-0.0358643375324665
15,276,HML,0.5665854266916126
15,276,WML,-0.37365435124629104
15,277,MKT_RF,0.83098616987484
15,277,SMB,0.10350950718323194
15,277,HML,0.2249685281679754
15,277,WML,-0.15024211071854213
15,278,MKT_RF,0.3409288186190668
15,278,SMB,-0.33319123448859206
15,278,HML,-0.005931036106848077
15,278,WML,-0.05345734834032279
15,279,MKT_RF,0.3015946773494861
15,279,SMB,-0.0559341202206693
15,279,HML,-0.04749922466486882
15,279,WML,0.23430808323402638
15,280,MKT_RF,0.5243250516928751
15,280,SMB,0.09407754031011752
15,280,HML,0.14956758256774
15,280,WML,0.07407564554376937
15,281,MKT_RF,0.4014499923961745
15,281,SMB,-0.13106769941739305
15,281,HML,0.27061660203819465
15,281,WML,0.38684161233135494
15,282,MKT_RF,0.4278951397593516
15,282,SMB,0.1238574506203398
15,282,HML,0.3262769361680649
15,282,WML,0.7644488306796968
15,283,MKT_RF,0.2505351420458752
15,283,SMB,-0.3145865134991891
15,283,HML,0.21135647500894872
15,283,WML,0.7699392046649419
15,284,MKT_RF,0.626864368842129
15,284,SMB,-0.13408735579172987
15,284,HML,0.19720406102537727
15,284,WML,-0.27306532457754645
15,285,MKT_RF,0.29452047279291876
15,285,SMB,-0.3247230619226925
15,285,HML,0.6329964235316387
15,285,WML,0.38979512155463736
15,286,MKT_RF,0.413178981197951
15,286,SMB,-0.19148372190098692
15,286,HML,0.16560780393119492
15,286,WML,0.0645554084703068
15,287,MKT_RF,0.1995772385263426
15,287,SMB,-0.27634216385202254
15,287,HML,0.27063064650911633
15,287,WML,0.17443463436434792
15,288,MKT_RF,0.2680947303744363
15,288,SMB,0.08216725021218657
15,288,HML,0.1725818246856576
15,288,WML,0.7857482798399749
15,289,MKT_RF,0.5455219430739312
15,289,SMB,-0.0753929150643127
15,289,HML,0.05539970601648258
15,289,WML,-0.1889105602748763
15,290,MKT_RF,0.5423458757407453
15,290,SMB,-0.23181148478745228
15,290,HML,0.5179304746767888
15,290,WML,0.21674778335982206
15,291,MKT_RF,0.27365699011716377
15,291,SMB,0.20005174558109676
15,291,HML,0.5707916896729125
15,291,WML,0.5967388231568836
15,292,MKT_RF,0.5077452448128406
15,292,SMB,0.08333724252789897
15,292,HML,0.22715495168929462
15,292,WML,0.08741481972418025
15,293,MKT_RF,0.47853345972916
15,293,SMB,0.07126438404962078
15,293,HML,0.3584850906579375
15,293,WML,-0.0458127339981992
15,294,MKT_RF,0.4499417086220779
15,294,SMB,0.2622707068639765
15,294,HML,0.5773997272459579
15,294,WML,0.5266827256208673
15,295,MKT_RF,0.5184837933751367
15,295,SMB,-0.2600493179972552
15,295,HML,0.1483280076965726
15,295,WML,0.0594585375898942
15,296,MKT_RF,0.5966344531189525
15,296,SMB,-0.06743107331392074
15,296,HML,0.7921981397288591
15,296,WML,0.0027916807590422222
15,297,MKT_RF,0.7259412431605416
15,297,SMB,-0.09740098768219477
15,297,HML,0.7063491369370346
15,297,WML,-0.26944924061888054
15,298,MKT_RF,0.43482725192776805
15,298,SMB,-0.45280246173991684
15,298,HML,0.5647017973556713
15,298,WML,0.29645157849734755
15,299,MKT_RF,0.47982355059969306
15,299,SMB,-0.11746962797862576
15,299,HML,0.08318775783922779
15,299,WML,-0.41897412916266763
15,300,MKT_RF,0.2076239532172815
15,300,SMB,0.2614245157755951
15,300,HML,0.5702038642741165
15,300,WML,0.41458612170155984
15,301,MKT_RF,0.4138601089880413
15,301,SMB,-0.1325749173656918
15,301,HML,0.42944451480615903
15,301,WML,0.49475916722291124
15,302,MKT_RF,0.40701259310382204
15,302,SMB,-0.12589486199112587
15,302,HML,0.06970580033753046
15,302,WML,0.7080409608139041
15,303,MKT_RF,0.6899911261323469
15,303,SMB,0.039333853343747775
15,303,HML,0.4274660978012465
15,303,WML,-0.2697312720166594
15,304,MKT_RF,0.5080841227590204
15,304,SMB,-0.17219995500104282
15,304,HML,0.1825018412541947
15,304,WML,0.18621526824220241
15,305,MKT_RF,0.34173979365199836
15,305,SMB,-0.08352290566650583
15,305,HML,0.22507416577596234
15,305,WML,0.4617190722530606
15,306,MKT_RF,0.5812616208605368
15,306,SMB,0.3558934438913109
15,306,HML,0.7225874897796132
15,306,WML,0.16995146205782266
15,307,MKT_RF,0.6140596484099698
15,307,SMB,-0.1134428890144731
15,307,HML,0.19128797541107165
15,307,WML,0.17856656988025718
15,308,MKT_RF,0.29317089901704646
15,308,SMB,-0.5666851539737456
15,308,HML,0.18190942029906537
15,308,WML,0.8003286494080589
15,309,MKT_RF,0.3068953891121513
15,309,SMB,-0.21752469599285626
15,309,HML,0.28072280354520096
15,309,WML,0.31715262019344803
15,310,MKT_RF,0.35824564555800714
15,310,SMB,-0.3131560222521941
15,310,HML,0.22598304101753933
15,310,WML,0.3709426050360822
15,311,MKT_RF,0.46632453825416154
15,311,SMB,-0.2725186158640053
15,311,HML,0.36171108965406173
15,311,WML,0.3141966647089319
15,312,MKT_RF,0.38988896222800873
15,312,SMB,-0.04887237549146981
15,312,HML,0.36930684827409954
15,312,WML,0.27005920154651686
15,313,MKT_RF,0.2580757456439506
15,313,SMB,-0.3207861646725616
15,313,HML,0.3476302135882772
15,313,WML,0.5403623083376456
15,314,MKT_RF,0.29533413055337027
15,314,SMB,-0.20734835118584058
15,314,HML,0.6324315584696688
15,314,WML,0.41111988461997645
15,315,MKT_RF,0.30292559746933845
15,315,SMB,0.3069104562724889
15,315,HML,0.44251795305802144
15,315,WML,0.5707277168136188
15,316,MKT_RF,0.5619802100017887
15,316,SMB,-0.12812653878551483
15,316,HML,0.31912803499795767
15,316,WML,-0.19939942301055247
15,317,MKT_RF,0.7656450547592238
15,317,SMB,-0.5814512301898512
15,317,HML,0.26929797765124197
15,317,WML,-0.04805282177320064
15,318,MKT_RF,0.558953081174206
15,318,SMB,-0.10701120110048491
15,318,HML,0.28612866920337576
15,318,WML,-0.08703708557124545
15,319,MKT_RF,0.5819039984594444
15,319,SMB,0.03467802820678044
15,319,HML,0.213503075871113
15,319,WML,0.023236006183329383
15,320,MKT_RF,0.5763122129089215
15,320,SMB,-0.22663541163105264
15,320,HML,0.436934857711739
15,320,WML,-0.12346511878915772
15,321,MKT_RF,0.8065405394113867
15,321,SMB,-0.0402932624352192
15,321,HML,-0.2947445657003237
15,321,WML,-0.11795950333688135
15,322,MKT_RF,0.4146934925609481
15,322,SMB,-0.18776308460134192
15,322,HML,0.3323852455018692
15,322,WML,0.4951157742694545
15,323,MKT_RF,0.4920278103966345
15,323,SMB,0.46637287020973295
15,323,HML,0.24374201555029
15,323,WML,0.19461146900758472
15,324,MKT_RF,0.4934812521505715
15,324,SMB,-0.2647334198928116
15,324,HML,0.37168471267912145
15,324,WML,0.07540218662320058
15,325,MKT_RF,0.502835090799821
15,325,SMB,-0.43115773773846555
15,325,HML,0.299058712617337
15,325,WML,0.18515458968102538
15,326,MKT_RF,0.5132963620737452
15,326,SMB,0.015482786130615014
15,326,HML,0.8512870414122947
15,326,WML,0.497888266110232
15,327,MKT_RF,0.10221352669209571
15,327,SMB,0.24766749589586695
15,327,HML,0.1809318826310011
15,327,WML,0.7641005380943222
15,328,MKT_RF,0.6563755794722235
15,328,SMB,0.10399760877226373
15,328,HML,0.7377386578177746
15,328,WML,-0.09959715260208174
15,329,MKT_RF,0.46995249027835284
15,329,SMB,-0.603968561797029
15,329,HML,0.2388865928365898
15,329,WML,0.3935475556556013
15,330,MKT_RF,0.18912610870950172
15,330,SMB,-0.1717239560042116
15,330,HML,0.43964625996705853
15,330,WML,0.5225748719502036
15,331,MKT_RF,0.33983904785292884
15,331,SMB,-0.2862602000389701
15,331,HML,0.15745841167382588
15,331,WML,0.6202231845007449
15,332,MKT_RF,0.18835512424757095
15,332,SMB,-0.36918843702106535
15,332,HML,0.5180424604239268
15,332,WML,0.3298766987260562
15,333,MKT_RF,0.44330776976669367
15,333,SMB,-0.459980426947423
15,333,HML,0.07080250121043148
15,333,WML,0.024476413647769923
15,334,MKT_RF,0.6698990706396243
15,334,SMB,0.19655654901597844
15,334,HML,0.32186383295869425
15,334,WML,0.015100652503219004
15,335,MKT_RF,0.47302205794877167
15,335,SMB,-0.10664723449351181
15,335,HML,0.48093672846746394
15,335,WML,0.3102736944483689
15,336,MKT_RF,0.3945073295958343
15,336,SMB,-0.332027506084708
15,336,HML,-0.011978702973691654
15,336,WML,0.00010626728113064225
15,337,MKT_RF,0.2681933544360138
15,337,SMB,-0.2187782619956236
15,337,HML,0.37940506741688057
15,337,WML,1.022686960666732
15,338,MKT_RF,0.5310868032263899
15,338,SMB,-0.08978983384101466
15,338,HML,0.45855499959494556
15,338,WML,0.3559990906986807
15,339,MKT_RF,0.34917589808220734
15,339,SMB,-0.04803909385336136
15,339,HML,0.1633285086018592
15,339,WML,0.5605092415090334
15,340,MKT_RF,0.4988846922303998
15,340,SMB,-0.27062065123895607
15,340,HML,0.20068052137942138
15,340,WML,0.269233084316287
15,341,MKT_RF,0.3535556226757883
15,341,SMB,-0.23220716965418198
15,341,HML,0.49892813449218093
15,341,WML,0.4506387524445326
15,342,MKT_RF,0.17360942687695818
15,342,SMB,-0.2798041395039641
15,342,HML,0.2713395900638314
15,342,WML,0.6815377602285634
15,343,MKT_RF,0.15346701358316386
15,343,SMB,-0.09839281343142331
15,343,HML,0.3063459040691934
15,343,WML,0.9393481858481422
15,344,MKT_RF,0.7121614653368172
15,344,SMB,-0.10496679647394104
15,344,HML,0.058558940871625574
15,344,WML,-0.4750808565188678
15,345,MKT_RF,0.256800808777251
15,345,SMB,0.10216880235552937
15,345,HML,0.43361717376037673
15,345,WML,0.38988831432925003
15,346,MKT_RF,0.34353636833562823
15,346,SMB,-0.2553278571338948
15,346,HML,0.39763925991343074
15,346,WML,0.3814469686228287
15,347,MKT_RF,0.7827186133420072
15,347,SMB,-0.0703603364559619
15,347,HML,0.21140817226236908
15,347,WML,-0.42548075393641827
15,348,MKT_RF,0.4380509718159333
15,348,SMB,-0.18468744893692624
15,348,HML,0.3889440302728712
15,348,WML,0.053030828678549816
15,349,MKT_RF,0.37085068490345485
15,349,SMB,-0.36509918077721243
15,349,HML,-0.027848952731285632
15,349,WML,0.3381885532754354
15,350,MKT_RF,0.044165245011441125
15,350,SMB,-0.32452362744583846
15,350,HML,0.2892492122578164
15,350,WML,0.5622532001048397
15,351,MKT_RF,0.6448044835671651
15,351,SMB,-0.34084242982788626
15,351,HML,0.19981145243053985
15,351,WML,-0.05981888402943215
15,352,MKT_RF,0.6660640417429213
15,352,SMB,-0.5622607120387245
15,352,HML,0.4324121168308079
15,352,WML,-0.05587260140666397
15,353,MKT_RF,0.5188221256467446
15,353,SMB,-0.24701533005515244
15,353,HML,-0.09083740633005168
15,353,WML,-0.007913421842206104
15,354,MKT_RF,0.03244954078517106
15,354,SMB,0.14219659348599456
15,354,HML,0.48644848472864194
15,354,WML,0.6125826243139179
15,355,MKT_RF,0.1930268381997766
15,355,SMB,-0.19793159678420624
15,355,HML,0.15861334940776875
15,355,WML,0.32224854839040074
15,356,MKT_RF,0.40619640714313776
15,356,SMB,-0.22233986793167346
15,356,HML,0.5442498820072916
15,356,WML,0.2886755384571994
15,357,MKT_RF,0.5200346056279113
15,357,SMB,-0.17827750832561828
15,357,HML,0.9059190295403351
15,357,WML,0.1466822314000919
15,358,MKT_RF,0.3696147259427999
15,358,SMB,-0.2635641197929617
15,358,HML,0.4283757621862536
15,358,WML,0.13202875183900536
15,359,MKT_RF,0.12509829355265986
15,359,SMB,0.046040199864597654
15,359,HML,0.4088819721317294
15,359,WML,0.802361318603248
15,360,MKT_RF,0.2874773290861474
15,360,SMB,0.28892586684725613
15,360,HML,0.07774399737756124
15,360,WML,0.384927684636308
15,361,MKT_RF,0.3319115334592471
15,361,SMB,-0.073904710542761
15,361,HML,-0.014538994417484602
15,361,WML,0.5208533696197674
15,362,MKT_RF,0.6099745847935402
15,362,SMB,0.12271360329010345
15,362,HML,0.10561093960440998
15,362,WML,0.008449781347692385
15,363,MKT_RF,0.4185461009609201
15,363,SMB,-0.0431564935497802
15,363,HML,0.4604032264398823
15,363,WML,0.35518743939510916
15,364,MKT_RF,0.45344497985148646
15,364,SMB,-0.17972868245202112
15,364,HML,-0.09649580233957802
15,364,WML,0.8163083108672272
15,365,MKT_RF,0.41377069296312236
15,365,SMB,-0.1602683447404963
15,365,HML,0.2690059681453069
15,365,WML,0.24886573148150581
15,366,MKT_RF,0.5706490497196884
15,366,SMB,-0.005942308920548261
15,366,HML,0.453347039523199
15,366,WML,0.04624523359568931
15,367,MKT_RF,0.5419249587370949
15,367,SMB,-0.3972788592065379
15,367,HML,0.4294959585128012
15,367,WML,0.0316230473867253
15,368,MKT_RF,0.5674765066370341
15,368,SMB,-0.13417952504974073
15,368,HML,-0.08498892618663023
15,368,WML,0.12513107986411776
15,369,MKT_RF,0.5268177759036228
15,369,SMB,-0.08244707417332793
15,369,HML,0.5328292175739543
15,369,WML,0.061188671783654426
15,370,MKT_RF,0.7157957561603093
15,370,SMB,-0.4057653826692362
15,370,HML,-0.08068490773636673
15,370,WML,-0.4409062339490328
15,371,MKT_RF,0.5023588001828202
15,371,SMB,0.13646849380834813
15,371,HML,0.5437595496002499
15,371,WML,-0.339633212815173
15,372,MKT_RF,0.6864324230002745
15,372,SMB,0.19603272666133723
15,372,HML,0.5608851751079029
15,372,WML,-0.28778779529825255
15,373,MKT_RF,0.6304460266529672
15,373,SMB,-0.2229992866580253
15,373,HML,0.7976943281649881
15,373,WML,0.1569658439076521
15,374,MKT_RF,0.43132007128787003
15,374,SMB,-0.13293597983266672
15,374,HML,0.059838243056827715
15,374,WML,0.155891655467057
15,375,MKT_RF,0.4151396126212342
15,375,SMB,-0.455327497421586
15,375,HML,0.4441594545654992
15,375,WML,0.5517788971586877
15,376,MKT_RF,0.49945944383865964
15,376,SMB,-0.052201043293199
15,376,HML,0.5476017722667653
15,376,WML,0.08175464946492772
15,377,MKT_RF,0.6361777442561695
15,377,SMB,-0.03855727520072458
15,377,HML,0.4527170631779578
15,377,WML,0.00022711692722103555
15,378,MKT_RF,0.6108976432644835
15,378,SMB,-0.4276646117058507
15,378,HML,0.30569056107882303
15,378,WML,0.005665678839315674
15,379,MKT_RF,0.6364342886595962
15,379,SMB,-0.20491958386310544
15,379,HML,0.034926866474371515
15,379,WML,0.23153139053242927
15,380,MKT_RF,0.5224095412273174
15,380,SMB,-0.46124860472350654
15,380,HML,0.1801099104942821
15,380,WML,0.47548215517020853
15,381,MKT_RF,0.5492878519436496
15,381,SMB,0.22469174005589887
15,381,HML,0.5499768475460186
15,381,WML,-0.34401228112428317
15,382,MKT_RF,0.6770181763568144
15,382,SMB,0.019755217086770107
15,382,HML,0.21962066143837758
15,382,WML,-0.32208561819283504
15,383,MKT_RF,0.5161881748309552
15,383,SMB,-0.10975863219590802
15,383,HML,-0.039316680484981915
15,383,WML,0.19909775759789686
15,384,MKT_RF,0.3815215467224205
15,384,SMB,-0.17064848868013244
15,384,HML,0.6374329907734307
15,384,WML,0.4324536052635868
15,385,MKT_RF,0.2539383076566463
15,385,SMB,-0.1452006610064365
15,385,HML,0.37773477782931164
15,385,WML,0.6700160620179683
15,386,MKT_RF,0.63042246067059
15,386,SMB,-0.06690319882957765
15,386,HML,0.551672246637668
15,386,WML,0.17133852346115838
15,387,MKT_RF,0.4063531315474407
15,387,SMB,-0.007646594678266626
15,387,HML,0.34064428319068984
15,387,WML,-0.06916410211288772
15,388,MKT_RF,0.29854395460538846
15,388,SMB,-0.02383894083590453
15,388,HML,0.07500033793279802
15,388,WML,0.6594597838011335
15,389,MKT_RF,0.4225740254905688
15,389,SMB,-0.21421335488304946
15,389,HML,0.2726043313831579
15,389,WML,0.08473466771037595
15,390,MKT_RF,0.4636092606367615
15,390,SMB,-0.317172290238523
15,390,HML,0.3764257072028948
15,390,WML,-0.36684883629679815
15,391,MKT_RF,0.40035908198356895
15,391,SMB,-0.11382355836765397
15,391,HML,0.26170374795912094
15,391,WML,0.006490987515190518
15,392,MKT_RF,0.550604657030899
15,392,SMB,-0.38481638161048953
15,392,HML,-0.06246867281302374
15,392,WML,-0.1814391791652314
15,393,MKT_RF,0.5478600863649988
15,393,SMB,-0.13970614522158672
15,393,HML,0.1744779679539632
15,393,WML,0.07791755267443025
15,394,MKT_RF,0.7798939530313981
15,394,SMB,-0.18822125959706304
15,394,HML,0.18013417893828515
15,394,WML,-0.21324043542404714
15,395,MKT_RF,0.4586545871722271
15,395,SMB,-0.4550645397976065
15,395,HML,0.23136686989463442
15,395,WML,0.6815312639390027
15,396,MKT_RF,0.21126477820303297
15,396,SMB,-0.2388031253170855
15,396,HML,0.47090766367340464
15,396,WML,0.617161343316249
15,397,MKT_RF,0.28973095162269497
15,397,SMB,0.12972687928566218
15,397,HML,0.3524104339092597
15,397,WML,0.62568274457084
15,398,MKT_RF,0.44392636991496653
15,398,SMB,-0.0924955431131291
15,398,HML,0.3375940840609144
15,398,WML,0.293476604744959
15,399,MKT_RF,0.4977966984662142
15,399,SMB,-0.14312381857257556
15,399,HML,0.16526352972764471
15,399,WML,-0.06283455978966909
15,400,MKT_RF,0.19381431017301268
15,400,SMB,-0.4450251052569373
15,400,HML,0.027456798370843107
15,400,WML,0.20635688353656292
15,401,MKT_RF,0.39349596095559874
15,401,SMB,-0.12255536537434698
15,401,HML,0.196363639887738
15,401,WML,0.16571417539987413
15,402,MKT_RF,0.42814758133659775
15,402,SMB,-0.03967054261472079
15,402,HML,0.47813145467049334
15,402,WML,-0.02376037596866756
15,403,MKT_RF,0.38818373711325366
15,403,SMB,-0.06495337618337216
15,403,HML,0.9258507961016064
15,403,WML,0.12799711096418384
15,404,MKT_RF,0.3868236219147571
15,404,SMB,0.1305950210779517
15,404,HML,0.32777463752628544
15,404,WML,0.061306976403363724
15,405,MKT_RF,0.6823444783151436
15,405,SMB,0.13054036225129267
15,405,HML,-0.14525817816268538
15,405,WML,-0.593330005996044
15,406,MKT_RF,0.33088393678526595
15,406,SMB,-0.029948002280127072
15,406,HML,-0.005198925186620607
15,406,WML,0.4640871332926619
15,407,MKT_RF,0.4251275600116007
15,407,SMB,-0.24782769970868831
15,407,HML,0.4418257994899962
15,407,WML,0.6887133871809789
15,408,MKT_RF,0.638431973889547
15,408,SMB,-0.16966326690449937
15,408,HML,0.36077838044653293
15,408,WML,-0.10483996244704488
15,409,MKT_RF,0.542201875810336
15,409,SMB,-0.04700509802239054
15,409,HML,0.5246981340933105
15,409,WML,0.552865496489394
15,410,MKT_RF,0.5353853261205881
15,410,SMB,0.30234883939554286
15,410,HML,0.28535340991737573
15,410,WML,0.3661078850788157
15,411,MKT_RF,0.6118979843120341
15,411,SMB,-0.15733066487297334
15,411,HML,0.3579659516953918
15,411,WML,-0.1965084394378438
15,412,MKT_RF,0.279866516747076
15,412,SMB,-0.3247818896807441
15,412,HML,0.5062115105247564
15,412,WML,0.4017490460619945
15,413,MKT_RF,0.31905280851338347
15,413,SMB,-0.12416117521094602
15,413,HML,0.682609985693759
15,413,WML,0.5053826322095943
15,414,MKT_RF,0.1786679719142482
15,414,SMB,-0.3035249164527881
15,414,HML,0.17760913165113687
15,414,WML,0.6828394680128423
15,415,MKT_RF,0.41039106979423084
15,415,SMB,-0.07602028316663793
15,415,HML,0.11072631183161524
15,415,WML,0.39762753651103916
15,416,MKT_RF,0.5496477848248883
15,416,SMB,0.2144415205267101
15,416,HML,0.5957200705394409
15,416,WML,-0.06333383679720404
15,417,MKT_RF,0.7224290268042589
15,417,SMB,0.18484622183004623
15,417,HML,0.4269457674528583
15,417,WML,0.123905668893288
15,418,MKT_RF,0.5558113893163248
15,418,SMB,-0.17644104284290432
15,418,HML,0.5503152750232959
15,418,WML,-0.15908879945284496
15,419,MKT_RF,0.3140651580224932
15,419,SMB,0.07930324321945542
15,419,HML,0.31042265693815174
15,419,WML,0.612654405421773
15,420,MKT_RF,0.30188816633012183
15,420,SMB,-0.17936621531761662
15,420,HML,0.3139172745404596
15,420,WML,0.3050711841952524
15,421,MKT_RF,0.2138614202957688
15,421,SMB,-0.25947622598926223
15,421,HML,0.5482480220295379
15,421,WML,0.7370270912071039
15,422,MKT_RF,0.3422119768880884
15,422,SMB,0.32726498517506464
15,422,HML,0.7859825032169165
15,422,WML,0.22102327702917307
15,423,MKT_RF,0.3301442546950517
15,423,SMB,-0.0772939518585395
15,423,HML,0.13440002670667586
15,423,WML,0.7755701357198136
15,424,MKT_RF,0.345559832242683
15,424,SMB,-0.2543866998380518
15,424,HML,0.3731958211403798
15,424,WML,0.7025372816341118
15,425,MKT_RF,0.44267377350065684
15,425,SMB,-0.28115645348766477
15,425,HML,0.26382964492020516
15,425,WML,0.2698411846552158
15,426,MKT_RF,0.6341038333653669
15,426,SMB,-0.004994766490707638
15,426,HML,0.26342158183501607
15,426,WML,0.028215714018752242
15,427,MKT_RF,0.48063308217271344
15,427,SMB,-0.442492217196374
15,427,HML,0.20187181273588997
15,427,WML,0.37027495081687634
15,428,MKT_RF,0.2010675560080814
15,428,SMB,0.040755096729904294
15,428,HML,0.6081333315212195
15,428,WML,0.3597309184256072
15,429,MKT_RF,0.06886179310827313
15,429,SMB,-0.11735399673018006
15,429,HML,0.5388358635213778
15,429,WML,0.7213705549243602
15,430,MKT_RF,0.45713503596195154
15,430,SMB,-0.28047346358503616
15,430,HML,0.1736832609892762
15,430,WML,0.37911051968362747
15,431,MKT_RF,0.7062479584779093
15,431,SMB,-0.3790560504202835
15,431,HML,0.45084669342107275
15,431,WML,-0.22447439810564562
15,432,MKT_RF,0.441898921568642
15,432,SMB,-0.1613396514685002
15,432,HML,0.4751210340956185
15,432,WML,0.321230182346182
15,433,MKT_RF,0.3355917394522266
15,433,SMB,-0.047741705474715714
15,433,HML,0.03046826200334556
15,433,WML,0.4977455037738169
15,434,MKT_RF,0.6794439630839839
15,434,SMB,-0.03326590744383968
15,434,HML,0.371178755529968
15,434,WML,-0.07161541980018478
15,435,MKT_RF,0.19055323421221948
15,435,SMB,-0.25812051468793806
15,435,HML,0.8430714521658812
15,435,WML,0.2085606358845874
15,436,MKT_RF,0.315449617836463
15,436,SMB,-0.22058892002371078
15,436,HML,0.02771345276734597
15,436,WML,0.5723528623201736
15,437,MKT_RF,0.19986252217481296
15,437,SMB,0.055029477247734625
15,437,HML,0.4460705482173828
15,437,WML,0.5616658601141797
15,438,MKT_RF,0.2588489104395277
15,438,SMB,-0.054420900045287955
15,438,HML,-0.06313552060625822
15,438,WML,0.7565908497109269
15,439,MKT_RF,0.20505867544341982
15,439,SMB,-0.5389405206797142
15,439,HML,0.03513825529384941
15,439,WML,0.7530239416473369
15,440,MKT_RF,0.33179456342334135
15,440,SMB,-0.3458963392055637
15,440,HML,0.3855586129665595
15,440,WML,0.36791054381603133
15,441,MKT_RF,0.5948052796363552
15,441,SMB,-0.2650571356952663
15,441,HML,-0.05424324560490651
15,441,WML,-0.04901665470650942
15,442,MKT_RF,0.26400590048743433
15,442,SMB,-0.17994849465809287
15,442,HML,0.38367370181866867
15,442,WML,0.789726739886288
15,443,MKT_RF,0.5601273279928534
15,443,SMB,-0.1302221183328635
15,443,HML,0.2688413492230966
15,443,WML,0.07740344813856986
15,444,MKT_RF,0.14077808699353667
15,444,SMB,-0.24388244929877223
15,444,HML,0.45488233242706794
15,444,WML,0.638151842336446
15,445,MKT_RF,0.2600996402991669
15,445,SMB,-0.38514129348527465
15,445,HML,0.2246804414956792
15,445,WML,1.053250003330442
15,446,MKT_RF,0.34226655321710636
15,446,SMB,-0.005067751732198875
15,446,HML,0.5277958682926804
15,446,WML,0.6481230931485049
15,447,MKT_RF,0.41950512174433974
15,447,SMB,0.4415412780411083
15,447,HML,0.2542983212579519
15,447,WML,0.07180684650194155
15,448,MKT_RF,0.6650113232188922
15,448,SMB,-0.17421132614269488
15,448,HML,-0.11249573240408048
15,448,WML,-0.42462231829026204
15,449,MKT_RF,0.5124721476238662
15,449,SMB,0.1437504002222033
15,449,HML,0.4047865854427071
15,449,WML,0.03167436848966613
15,450,MKT_RF,0.5102511221384421
15,450,SMB,-0.23267894715069212
15,450,HML,0.3043074055472388
15,450,WML,0.149693023867169
15,451,MKT_RF,0.8362821522448799
15,451,SMB,-0.09015526096344142
15,451,HML,0.30644094897257357
15,451,WML,-0.24094100597634782
15,452,MKT_RF,0.5721495140114747
15,452,SMB,-0.32785776256615284
15,452,HML,0.21291160027321163
15,452,WML,-0.05399319024927994
15,453,MKT_RF,0.3759385210848634
15,453,SMB,-0.44954618155780274
15,453,HML,0.3330943668520155
15,453,WML,0.507695015067149
15,454,MKT_RF,0.1942718941259154
15,454,SMB,-0.25366974024861916
15,454,HML,0.11163594920847844
15,454,WML,0.8185792696680821
15,455,MKT_RF,0.5601532278094649
15,455,SMB,-0.10547807321167764
15,455,HML,0.27499834208122526
15,455,WML,-0.0491851995517689
15,456,MKT_RF,0.48654540432225396
15,456,SMB,0.14429111276666604
15,456,HML,0.47826117312003436
15,456,WML,0.09734297369596215
15,457,MKT_RF,0.593690575819474
15,457,SMB,-0.3122071976802632
15,457,HML,-0.11657108922930012
15,457,WML,0.15274515131923516
15,458,MKT_RF,0.468449284559129
15,458,SMB,-0.3724031995839959
15,458,HML,0.48736889217821283
15,458,WML,0.23830371498526215
15,459,MKT_RF,0.6332236731685523
15,459,SMB,-0.47741057221217575
15,459,HML,0.13458702806942274
15,459,WML,0.05898774419402065
15,460,MKT_RF,0.6335813075577068
15,460,SMB,0.27405098179463017
15,460,HML,-0.1831629492041123
15,460,WML,-0.5027467304220382
15,461,MKT_RF,0.4158813738325542
15,461,SMB,-0.08300881925412461
15,461,HML,0.3075250690503315
15,461,WML,0.11374085131244244
15,462,MKT_RF,0.5615067430595944
15,462,SMB,-0.463838612523158
15,462,HML,0.0989472252952381
15,462,WML,0.13816191249247728
15,463,MKT_RF,0.42467928939997196
15,463,SMB,-0.10817565366645907
15,463,HML,-0.06510188968380763
15,463,WML,-0.02523304113127295
15,464,MKT_RF,0.47283376724807186
15,464,SMB,-0.1561020433480617
15,464,HML,0.4087180899891873
15,464,WML,-0.013283227036314573
15,465,MKT_RF,0.311540190384381
15,465,SMB,-0.17453144386299627
15,465,HML,0.5683012816142695
15,465,WML,0.5138408156067532
15,466,MKT_RF,0.39528143164251106
15,466,SMB,0.16141195238130837
15,466,HML,0.3089137195853578
15,466,WML,0.39334227479194056
15,467,MKT_RF,0.7043715671905783
15,467,SMB,-0.6750245200444693
15,467,HML,-0.22389732164682127
15,467,WML,-0.0037845694061168487
15,468,MKT_RF,0.3637521707102669
15,468,SMB,0.1270122477924166
15,468,HML,0.3599398300892807
15,468,WML,0.14091233345065832
15,469,MKT_RF,0.44641338064909925
15,469,SMB,-0.08289699632938252
15,469,HML,0.09439627342778809
15,469,WML,0.1596417560967125
15,470,MKT_RF,0.5249396225946015
15,470,SMB,0.18185022975894294
15,470,HML,0.49721081743445156
15,470,WML,0.08376154752270346
15,471,MKT_RF,0.5685509481496128
15,471,SMB,-0.3645075169876013
15,471,HML,0.49668121763489304
15,471,WML,-0.05757992479943111
15,472,MKT_RF,0.32977931090496015
15,472,SMB,0.049132491889523726
15,472,HML,0.43164087178960875
15,472,WML,0.35834658016267
15,473,MKT_RF,0.7054481147683676
15,473,SMB,0.08658267557873217
15,473,HML,0.33454709959681544
15,473,WML,-0.21677747164894445
15,474,MKT_RF,0.512405781280834
15,474,SMB,-0.21973523310947907
15,474,HML,0.4012629987200039
15,474,WML,0.04618144781761998
15,475,MKT_RF,0.42054497831256815
15,475,SMB,-0.3028234824094979
15,475,HML,0.18544560869071686
15,475,WML,0.4914365879111564
15,476,MKT_RF,0.2534981884957401
15,476,SMB,-0.5626462526787062
15,476,HML,0.37166205989608836
15,476,WML,0.41145256488204485
15,477,MKT_RF,0.5958115800315686
15,477,SMB,-0.2683157432959894
15,477,HML,0.623826340830302
15,477,WML,-0.02870556320943772
15,478,MKT_RF,0.5193233685863553
15,478,SMB,-0.13038614324161574
15,478,HML,0.15695547356967185
15,478,WML,0.039532190343268374
15,479,MKT_RF,0.400620168665678
15,479,SMB,-0.3528863413797249
15,479,HML,0.00771759575529114
15,479,WML,0.41475977090802674
15,480,MKT_RF,0.3757707918743998
15,480,SMB,0.057994248126625805
15,480,HML,-0.05874452275081641
15,480,WML,0.09188961622470222
15,481,MKT_RF,0.1913557044122723
15,481,SMB,-0.27138137791454553
15,481,HML,0.4418806311334219
15,481,WML,0.8838555475724778
15,482,MKT_RF,0.4611869833233417
15,482,SMB,-0.3380553167868343
15,482,HML,0.46514790557614516
15,482,WML,0.3419227445097964
15,483,MKT_RF,0.491102560014696
15,483,SMB,-0.13091967632682255
15,483,HML,-0.0906596228535734
15,483,WML,0.14363576021084545
15,484,MKT_RF,0.2291214769866596
15,484,SMB,-0.1931546734913173
15,484,HML,0.32973349062177015
15,484,WML,0.3628281182865329
15,485,MKT_RF,0.6305371713190188
15,485,SMB,-0.3831141380126448
15,485,HML,0.1020401995023241
15,485,WML,0.2845292400467211
15,486,MKT_RF,0.36231547491677946
15,486,SMB,-0.3916662422054908
15,486,HML,0.15498779840758922
15,486,WML,0.2395026284261327
15,487,MKT_RF,0.5706547855094753
15,487,SMB,-0.16127383190725272
15,487,HML,0.216782841429821
15,487,WML,-0.017418904915791893
15,488,MKT_RF,0.15264680324584615
15,488,SMB,-0.08164556012761148
15,488,HML,0.5167448802570979
15,488,WML,0.6328398162593357
15,489,MKT_RF,0.4820679070698967
15,489,SMB,-0.3106395276725055
15,489,HML,-0.03364590679369204
15,489,WML,0.23133050886629403
15,490,MKT_RF,0.24340891280856436
15,490,SMB,-0.11751936369543821
15,490,HML,0.34851500608306957
15,490,WML,0.6665978091424163
15,491,MKT_RF,0.6265178020863156
15,491,SMB,-0.03306236214098378
15,491,HML,0.3251201483843404
15,491,WML,-0.1660740454000167
15,492,MKT_RF,0.3653932227953678
15,492,SMB,0.09786313331287262
15,492,HML,0.32703432484132333
15,492,WML,0.28927507624335047
15,493,MKT_RF,0.59442593767738
15,493,SMB,0.2279781725013707
15,493,HML,0.6838100377787235
15,493,WML,-0.24140395627996622
15,494,MKT_RF,0.3246795251954893
15,494,SMB,-0.06522879854392814
15,494,HML,0.7939459095918775
15,494,WML,0.19878057585291956
15,495,MKT_RF,0.4275057090988938
15,495,SMB,0.227285410750804
15,495,HML,0.41336077086672696
15,495,WML,0.290949747004003
15,496,MKT_RF,0.4033556339951557
15,496,SMB,-0.1853137149975711
15,496,HML,0.31301694387683493
15,496,WML,0.23408329628323152
15,497,MKT_RF,0.42150244466869685
15,497,SMB,-0.15279181789388666
15,497,HML,0.4003666143947622
15,497,WML,0.23052252753223032
15,498,MKT_RF,0.4364041027694481
15,498,SMB,-0.15128767934343185
15,498,HML,0.5464386060817576
15,498,WML,0.20293352817194943
15,499,MKT_RF,0.17750202706386553
15,499,SMB,0.10891752659134762
15,499,HML,0.22232204999328484
15,499,WML,0.6170668097493555
20,0,MKT_RF,0.25487749950222527
20,0,SMB,-0.32209784994893104
20,0,HML,0.43617748691143293
20,0,WML,0.2204525985201921
20,1,MKT_RF,0.3202272515050623
20,1,SMB,0.09562934757525232
20,1,HML,0.32376655844319496
20,1,WML,0.4502738141473023
20,2,MKT_RF,0.2861218337004023
20,2,SMB,0.12059554983775035
20,2,HML,0.6563009142632967
20,2,WML,0.5447690352022765
20,3,MKT_RF,0.3797336523663051
20,3,SMB,-0.24172543425822754
20,3,HML,0.37251893389680923
20,3,WML,0.6125041275528709
20,4,MKT_RF,0.42083840939501593
20,4,SMB,-0.4982734807625246
20,4,HML,-0.1664924644990705
20,4,WML,0.16448800770370287
20,5,MKT_RF,0.5384956493200529
20,5,SMB,-0.6723500123427237
20,5,HML,0.14991636502770386
20,5,WML,0.12874277296956094
20,6,MKT_RF,0.4477927574547718
20,6,SMB,-0.2450675661205567
20,6,HML,0.33847966957232967
20,6,WML,0.5302718361424816
20,7,MKT_RF,0.219197927197084
20,7,SMB,-0.25190082137888486
20,7,HML,0.3996448791109326
20,7,WML,0.4260017900596806
20,8,MKT_RF,0.5580501548539896
20,8,SMB,-0.2530600256532908
20,8,HML,0.17719343671635163
20,8,WML,0.02085785876058658
20,9,MKT_RF,0.5850152082909857
20,9,SMB,-0.3528357605284985
20,9,HML,0.25560943601756864
20,9,WML,-0.09622002899811506
20,10,MKT_RF,0.3697092717872744
20,10,SMB,-0.04372286982909985
20,10,HML,-0.005619904305435462
20,10,WML,0.11685024822659273
20,11,MKT_RF,0.34862753869283286
20,11,SMB,-0.24933522338614736
20,11,HML,0.3870785803043019
20,11,WML,0.3317426753002983
20,12,MKT_RF,0.3308792591460425
20,12,SMB,-0.05226337347872665
20,12,HML,0.3387435190504449
20,12,WML,0.267888547768084
20,13,MKT_RF,0.4962352455682929
20,13,SMB,-0.03868210299882896
20,13,HML,0.29329255771877355
20,13,WML,0.6342323813684713
20,14,MKT_RF,0.6672545016777863
20,14,SMB,-0.13867502888359748
20,14,HML,-0.08064315657192904
20,14,WML,-0.030905638161596808
20,15,MKT_RF,0.46044832660262996
20,15,SMB,-0.2855514564680183
20,15,HML,0.4771913048342851
20,15,WML,0.1673102822455166
20,16,MKT_RF,0.42141278740484545
20,16,SMB,-0.1567308871722667
20,16,HML,0.0052251790908966825
20,16,WML,0.577194818183636
20,17,MKT_RF,0.29584920166327916
20,17,SMB,0.07949528319813853
20,17,HML,0.3828375619947312
20,17,WML,0.6967507702183052
20,18,MKT_RF,0.11555223454691824
20,18,SMB,0.1357488091086424
20,18,HML,0.12545548769199652
20,18,WML,1.031653445633683
20,19,MKT_RF,0.6581284624291254
20,19,SMB,-0.21068561092606194
20,19,HML,0.025547791925130747
20,19,WML,-0.1828792344762022
20,20,MKT_RF,0.1619879184864982
20,20,SMB,-0.11582434598141789
20,20,HML,0.4791971988855434
20,20,WML,0.9784699293889253
20,21,MKT_RF,0.46969534989136746
20,21,SMB,-0.22483238635278824
20,21,HML,0.1989110492917779
20,21,WML,0.06258033231997867
20,22,MKT_RF,0.2617275278088271
20,22,SMB,0.04975653167264006
20,22,HML,0.4729746960445298
20,22,WML,0.8047724534639226
20,23,MKT_RF,0.5853353463628264
20,23,SMB,-0.29980786826344963
20,23,HML,0.1337669703919602
20,23,WML,-0.1921444332166493
20,24,MKT_RF,0.08283274493815339
20,24,SMB,-0.02360078314255304
20,24,HML,0.7029695491030471
20,24,WML,1.124539433521877
20,25,MKT_RF,0.4179627761207947
20,25,SMB,-0.22838379798717495
20,25,HML,0.09558738221485108
20,25,WML,0.19232626348408507
20,26,MKT_RF,0.34572520588333033
20,26,SMB,-0.2871308387175741
20,26,HML,0.1001493443151658
20,26,WML,0.4782039347528106
20,27,MKT_RF,0.4943147214295675
20,27,SMB,-0.07713845539720805
20,27,HML,0.32258555124495897
20,27,WML,-0.19023480386774794
20,28,MKT_RF,0.41916174218172997
20,28,SMB,-0.2524332139011799
20,28,HML,0.11998580153419504
20,28,WML,-0.035766444735573
20,29,MKT_RF,0.6281529481665638
20,29,SMB,-0.35218026300670474
20,29,HML,-0.27986938727129224
20,29,WML,-0.2907782609051474
20,30,MKT_RF,0.5338141465083498
20,30,SMB,-0.13794848114547725
20,30,HML,-0.04037461323314772
20,30,WML,-0.06041708235337512
20,31,MKT_RF,0.5948651425326753
20,31,SMB,-0.45136335426025387
20,31,HML,0.4176822130334195
20,31,WML,0.24499033218760025
20,32,MKT_RF,0.7363363267761618
20,32,SMB,-0.38711804430451824
20,32,HML,0.38144624409868877
20,32,WML,0.14440640571675312
20,33,MKT_RF,0.3396530252821359
20,33,SMB,-0.23362139837739507
20,33,HML,0.5867590676374791
20,33,WML,0.6918929889948091
20,34,MKT_RF,0.3430561596240145
20,34,SMB,-0.3119521307593077
20,34,HML,0.35708008550120707
20,34,WML,0.47737060936173425
20,35,MKT_RF,0.37691751956614356
20,35,SMB,0.1590802255456666
20,35,HML,0.14800735054102598
20,35,WML,-0.11657286315222082
20,36,MKT_RF,0.521115956409483
20,36,SMB,0.1102102023918544
20,36,HML,0.14632327999807856
20,36,WML,-0.02567003667717009
20,37,MKT_RF,0.5246974256582412
20,37,SMB,0.010068853524447313
20,37,HML,0.10391736652863194
20,37,WML,-0.12374031053818466
20,38,MKT_RF,0.47835514842166005
20,38,SMB,-0.20053479335814567
20,38,HML,0.21398295699725584
20,38,WML,-0.02902323036304644
20,39,MKT_RF,0.2789017623700811
20,39,SMB,-0.39594321463352417
20,39,HML,0.7237968661489611
20,39,WML,0.6039343573124211
20,40,MKT_RF,0.38682031524157134
20,40,SMB,-0.0915659054032962
20,40,HML,0.6886450822703931
20,40,WML,0.2732662015848891
20,41,MKT_RF,0.7683384142137931
20,41,SMB,-0.3079746865413747
20,41,HML,0.2552402300920624
20,41,WML,0.39666894862247715
20,42,MKT_RF,-0.02099925050550421
20,42,SMB,-0.10236957490563449
20,42,HML,0.4468072144600448
20,42,WML,0.8174882684472757
20,43,MKT_RF,0.7083704119531171
20,43,SMB,-0.4266580084240366
20,43,HML,0.46070984861213454
20,43,WML,0.09613051916308009
20,44,MKT_RF,0.2976984974325979
20,44,SMB,-0.3783082224510837
20,44,HML,0.19558269221973223
20,44,WML,0.5381576990861094
20,45,MKT_RF,0.16649364155946847
20,45,SMB,-0.030271778167055684
20,45,HML,0.23925835297856493
20,45,WML,0.9193026841563884
20,46,MKT_RF,0.5017094415702589
20,46,SMB,-0.04463758779776755
20,46,HML,0.4601902399457401
20,46,WML,0.18553582596499268
20,47,MKT_RF,0.4145414767043019
20,47,SMB,-0.1027185222314571
20,47,HML,0.25730631226017836
20,47,WML,0.3329830277576269
20,48,MKT_RF,0.24319897626103293
20,48,SMB,-0.14970614208819044
20,48,HML,0.4567942084368254
20,48,WML,0.4349186089358991
20,49,MKT_RF,0.46389597382850484
20,49,SMB,0.06977960440902276
20,49,HML,0.3372676803525455
20,49,WML,-0.1495030032321505
20,50,MKT_RF,0.5818948014512524
20,50,SMB,0.13821705172509924
20,50,HML,0.43493757237613273
20,50,WML,0.0036222297833670273
20,51,MKT_RF,0.19037320583449358
20,51,SMB,0.0533021594553291
20,51,HML,0.3327076903979161
20,51,WML,0.7914534823496706
20,52,MKT_RF,0.29842725355249533
20,52,SMB,-0.3301571066196594
20,52,HML,0.18935178687753954
20,52,WML,0.30170322967239543
20,53,MKT_RF,0.3718097616133279
20,53,SMB,0.16623961988749206
20,53,HML,0.4065462181012174
20,53,WML,0.15107789701426352
20,54,MKT_RF,0.5697184949498142
20,54,SMB,-0.05931620933718453
20,54,HML,0.3349091562802954
20,54,WML,-0.2024003491810663
20,55,MKT_RF,0.4444888999364212
20,55,SMB,0.33449943900207735
20,55,HML,0.38485219490623285
20,55,WML,0.22310686960780354
20,56,MKT_RF,0.4588454901833409
20,56,SMB,-0.46800160374636174
20,56,HML,0.2412551110355385
20,56,WML,-0.03129303994306992
20,57,MKT_RF,0.4864715753232443
20,57,SMB,-0.29211583918599465
20,57,HML,0.5774730292192984
20,57,WML,0.4259659907624674
20,58,MKT_RF,0.7340879066615109
20,58,SMB,-0.21720603749349907
20,58,HML,-0.32984275729448503
20,58,WML,-0.30278787488552755
20,59,MKT_RF,0.3384051413650952
20,59,SMB,0.1683777299728905
20,59,HML,0.3803659073655764
20,59,WML,0.5791128097129421
20,60,MKT_RF,0.26971765269809655
20,60,SMB,-0.2291135764177999
20,60,HML,0.08740722721491653
20,60,WML,0.5523596504951283
20,61,MKT_RF,0.5855638701300389
20,61,SMB,-0.061091854107303514
20,61,HML,-0.08673552148560217
20,61,WML,-0.13038411766312866
20,62,MKT_RF,0.6022808322031795
20,62,SMB,-0.05852084792085576
20,62,HML,0.3142520320372959
20,62,WML,0.21024944524254544
20,63,MKT_RF,0.35632420297735246
20,63,SMB,0.05176513754917196
20,63,HML,0.567766499969536
20,63,WML,0.29473641252294747
20,64,MKT_RF,0.5544998745796618
20,64,SMB,-0.32678289182149234
20,64,HML,-0.18218565896190053
20,64,WML,0.5994750875831432
20,65,MKT_RF,0.09450962723809692
20,65,SMB,-0.21776424752215717
20,65,HML,0.4246004971957548
20,65,WML,0.9155792418488307
20,66,MKT_RF,0.6491270704708454
20,66,SMB,-0.21807143681343313
20,66,HML,0.24544020858527738
20,66,WML,-0.4018900282092963
20,67,MKT_RF,0.4572837483692616
20,67,SMB,0.016151835897388746
20,67,HML,0.3519463696232488
20,67,WML,0.08641617397024745
20,68,MKT_RF,0.6389658528004407
20,68,SMB,-0.052687836873637754
20,68,HML,0.049034210459264004
20,68,WML,0.1792927698407576
20,69,MKT_RF,0.571571960482082
20,69,SMB,-0.031095832545145245
20,69,HML,0.04598106819079671
20,69,WML,0.07652724183267506
20,70,MKT_RF,0.7588436354399107
20,70,SMB,-0.4419892610377637
20,70,HML,0.42063213144829115
20,70,WML,-0.32109207200516254
20,71,MKT_RF,0.3097065780390209
20,71,SMB,-0.11722917296775043
20,71,HML,0.26418217823645707
20,71,WML,0.27650677120285116
20,72,MKT_RF,0.5325324876445543
20,72,SMB,-0.38853383781656736
20,72,HML,0.7236860581491223
20,72,WML,-0.24477587025113376
20,73,MKT_RF,0.24003446657600847
20,73,SMB,-0.0419147489664372
20,73,HML,0.5911282415191516
20,73,WML,0.2701270045292356
20,74,MKT_RF,0.2811953997092746
20,74,SMB,-0.006107724891253674
20,74,HML,0.4365051898215952
20,74,WML,0.7284845341941012
20,75,MKT_RF,0.5796240073165833
20,75,SMB,-0.40322269499611735
20,75,HML,0.1663755081557714
20,75,WML,-0.12941054615951847
20,76,MKT_RF,0.40531351153178213
20,76,SMB,0.08508921762444992
20,76,HML,0.11593478467645538
20,76,WML,0.7270534867706216
20,77,MKT_RF,0.49909430755902573
20,77,SMB,0.09781649505252962
20,77,HML,0.4168928997096557
20,77,WML,0.2426398381671432
20,78,MKT_RF,0.5511530079670373
20,78,SMB,-0.3609280298158874
20,78,HML,0.1114368948034231
20,78,WML,-0.11872339117797732
20,79,MKT_RF,0.3225309846670833
20,79,SMB,-0.39048809882511104
20,79,HML,0.29458995162613544
20,79,WML,0.6223920577051145
20,80,MKT_RF,0.0007298981440941039
20,80,SMB,-0.016830605294994135
20,80,HML,0.7854199391621
20,80,WML,1.1083603224487537
20,81,MKT_RF,0.4998646126999551
20,81,SMB,0.13827333822030272
20,81,HML,0.766354459313971
20,81,WML,-0.1216072631961316
20,82,MKT_RF,0.48979701207557536
20,82,SMB,-0.19312986342122587
20,82,HML,0.03331084042235319
20,82,WML,0.27188800480213166
20,83,MKT_RF,0.33604752754040806
20,83,SMB,0.20659364919445292
20,83,HML,0.7440619288326189
20,83,WML,0.4694900366845108
20,84,MKT_RF,0.17911144663016892
20,84,SMB,-0.03383869685396012
20,84,HML,0.3820681259450216
20,84,WML,0.349725983991954
20,85,MKT_RF,0.5666479073776595
20,85,SMB,-0.349342886782525
20,85,HML,0.3324762226010153
20,85,WML,0.11465735508599342
20,86,MKT_RF,0.2775949009916017
20,86,SMB,0.14322292972961306
20,86,HML,0.26679335771130586
20,86,WML,0.6324800731476514
20,87,MKT_RF,0.35863738560641234
20,87,SMB,-0.642549860169465
20,87,HML,0.2269631662267411
20,87,WML,0.9931263964716536
20,88,MKT_RF,0.6946261147858044
20,88,SMB,0.06564809451031353
20,88,HML,0.07404534405867919
20,88,WML,0.14054833497140776
20,89,MKT_RF,0.2679139616675145
20,89,SMB,-0.5408494767548326
20,89,HML,0.05409983547222273
20,89,WML,0.8968149608060859
20,90,MKT_RF,0.308337277395408
20,90,SMB,0.26494064832026687
20,90,HML,-0.11461771333266957
20,90,WML,0.586910534970532
20,91,MKT_RF,0.3945238297934437
20,91,SMB,-0.46460218619368804
20,91,HML,0.3649088266130361
20,91,WML,0.2660174607581284
20,92,MKT_RF,0.5090028108664373
20,92,SMB,-0.18373842412646504
20,92,HML,0.5911797827414256
20,92,WML,0.466819237709512
20,93,MKT_RF,0.6561144788593546
20,93,SMB,-0.09472352986125282
20,93,HML,0.1809374124946538
20,93,WML,0.0017741724755648807
20,94,MKT_RF,0.558837156173436
20,94,SMB,-0.23071600590372168
20,94,HML,0.3386873467680362
20,94,WML,0.1722570123587289
20,95,MKT_RF,0.5158276669892299
20,95,SMB,-0.5150294005340341
20,95,HML,0.4697652305015577
20,95,WML,-0.27999331547987455
20,96,MKT_RF,0.6143890689561607
20,96,SMB,-0.17604726814174465
20,96,HML,0.32871844171598985
20,96,WML,0.004671945248808078
20,97,MKT_RF,0.12905823534893796
20,97,SMB,-0.005696768173040593
20,97,HML,0.16944787537505568
20,97,WML,0.6850230535057636
20,98,MKT_RF,0.5292926086056883
20,98,SMB,-0.1835912530783162
20,98,HML,0.2978288886987217
20,98,WML,-0.17533928932835324
20,99,MKT_RF,0.3589713119657383
20,99,SMB,-0.5603205124440637
20,99,HML,0.4904079366238271
20,99,WML,0.31535937155557514
20,100,MKT_RF,0.597653249568643
20,100,SMB,-0.13767845955597738
20,100,HML,0.12017963119132903
20,100,WML,-0.2610931443017973
20,101,MKT_RF,0.5375362544506664
20,101,SMB,-0.027812856889219556
20,101,HML,-0.004823075190348013
20,101,WML,0.10959117653405286
20,102,MKT_RF,0.5090187481905737
20,102,SMB,-0.13319514859309492
20,102,HML,0.3760778277933924
20,102,WML,0.2739147012837166
20,103,MKT_RF,0.5476719618783599
20,103,SMB,-0.1601633955649281
20,103,HML,0.17673771577219652
20,103,WML,0.22569189162912986
20,104,MKT_RF,0.36155198758628376
20,104,SMB,-0.45263883218838136
20,104,HML,0.19891614296238014
20,104,WML,0.22011496966010682
20,105,MKT_RF,0.46468933220930986
20,105,SMB,-0.038202164598939055
20,105,HML,0.5481247652557114
20,105,WML,0.2949060111742888
20,106,MKT_RF,0.4701471013035637
20,106,SMB,-0.11749023067435314
20,106,HML,0.12010741113073989
20,106,WML,0.24432814057406796
20,107,MKT_RF,0.5847802738589247
20,107,SMB,-0.2455214847812779
20,107,HML,0.2823733686020146
20,107,WML,-0.25142032699472766
20,108,MKT_RF,0.1149022392939443
20,108,SMB,-0.18616024175063361
20,108,HML,0.8840157144728941
20,108,WML,1.1391132660023626
20,109,MKT_RF,0.6780236475449788
20,109,SMB,0.02880713340842523
20,109,HML,0.04007776729328902
20,109,WML,0.1326962018537663
20,110,MKT_RF,0.6649668897453027
20,110,SMB,-0.04202277375448853
20,110,HML,0.5097156010596159
20,110,WML,-0.3172812593616884
20,111,MKT_RF,0.4770344625740046
20,111,SMB,-0.24136738038753305
20,111,HML,0.004412595689877001
20,111,WML,0.029627482430515207
20,112,MKT_RF,0.28699023876550456
20,112,SMB,-0.2503901266637252
20,112,HML,0.4587555594623617
20,112,WML,0.5563837559800457
20,113,MKT_RF,0.5611681203329312
20,113,SMB,-0.5562160487641832
20,113,HML,0.7987317614517482
20,113,WML,0.3990565510689504
20,114,MKT_RF,0.5459384876577869
20,114,SMB,-0.12821848918986536
20,114,HML,0.4129372602067016
20,114,WML,-0.09792444559152123
20,115,MKT_RF,0.40123523839802067
20,115,SMB,0.181928179589586
20,115,HML,0.5825904529975018
20,115,WML,-0.0627628501705607
20,116,MKT_RF,0.4785555572574974
20,116,SMB,-0.301527508361459
20,116,HML,0.29308385435738676
20,116,WML,0.24431032833608304
20,117,MKT_RF,0.36700058911820155
20,117,SMB,0.05455190444284932
20,117,HML,0.2025301250817478
20,117,WML,0.31313059282045624
20,118,MKT_RF,0.6074172255783619
20,118,SMB,-0.21536387909518614
20,118,HML,0.20731216979175643
20,118,WML,-0.009252341119371352
20,119,MKT_RF,0.6301286148614764
20,119,SMB,0.17897559361288906
20,119,HML,0.08047359725428559
20,119,WML,-0.27058746513934917
20,120,MKT_RF,0.3286568988110759
20,120,SMB,-0.27685827381468175
20,120,HML,0.3172573268171959
20,120,WML,0.18788883659371755
20,121,MKT_RF,0.3358205284803195
20,121,SMB,-0.20354351982749883
20,121,HML,0.4023188569869439
20,121,WML,-0.00778749414057313
20,122,MKT_RF,0.645486754471138
20,122,SMB,0.04890450543150246
20,122,HML,0.16130415357167985
20,122,WML,-0.33565080389351765
20,123,MKT_RF,0.22375427034057754
20,123,SMB,-0.24874279284543252
20,123,HML,0.3805549735165715
20,123,WML,0.9962277625234758
20,124,MKT_RF,0.6572574218086775
20,124,SMB,-0.15483150694408787
20,124,HML,-0.07241317073597489
20,124,WML,0.17287511946488474
20,125,MKT_RF,0.5726890893735365
20,125,SMB,-0.09381310294978434
20,125,HML,0.4048512385874808
20,125,WML,-0.0031948973777971143
20,126,MKT_RF,0.7410325334279638
20,126,SMB,-0.47482784727722477
20,126,HML,-0.027662478004959686
20,126,WML,-0.411289729424623
20,127,MKT_RF,0.33955163236268543
20,127,SMB,-0.3128685416362722
20,127,HML,0.5015573126689042
20,127,WML,0.04523442771752549
20,128,MKT_RF,0.48106267530496577
20,128,SMB,-0.00027026566863440755
20,128,HML,0.47348134061249886
20,128,WML,-0.019786235647029412
20,129,MKT_RF,0.6882118257285111
20,129,SMB,-0.2995375916776813
20,129,HML,0.5982493989326984
20,129,WML,-0.3898345947641699
20,130,MKT_RF,0.3762961036928368
20,130,SMB,-0.21817168128028325
20,130,HML,0.2645893049997728
20,130,WML,-0.0509271527370253
20,131,MKT_RF,0.557908405147694
20,131,SMB,-0.3351148146478683
20,131,HML,0.02512230926332374
20,131,WML,0.019498935398385778
20,132,MKT_RF,0.2626276907721658
20,132,SMB,-0.6385555938722923
20,132,HML,0.08186243811563688
20,132,WML,0.21146544530938655
20,133,MKT_RF,0.3410964125038755
20,133,SMB,0.19863226289816302
20,133,HML,0.35836302984312535
20,133,WML,0.3944302751493225
20,134,MKT_RF,0.23034405966259383
20,134,SMB,-0.31378682892092735
20,134,HML,-0.06104314259331866
20,134,WML,0.6462269230418998
20,135,MKT_RF,0.34002945718563476
20,135,SMB,-0.4841369834330359
20,135,HML,0.3601181606382827
20,135,WML,0.20339257835755087
20,136,MKT_RF,0.5155862418258826
20,136,SMB,-0.41927029474334504
20,136,HML,0.4378518789146931
20,136,WML,0.10600825510060506
20,137,MKT_RF,0.3076195539414284
20,137,SMB,-0.021730940168998725
20,137,HML,0.1097628112850198
20,137,WML,0.47007203347749565
20,138,MKT_RF,0.45879523235513087
20,138,SMB,-0.1312129047450226
20,138,HML,0.5477253157942473
20,138,WML,-0.0677555135630733
20,139,MKT_RF,0.4221588162798938
20,139,SMB,-0.34936700176158486
20,139,HML,0.49932110793669526
20,139,WML,0.7966165754263567
20,140,MKT_RF,0.2664495830779976
20,140,SMB,-0.2401616390246272
20,140,HML,0.4053884304298787
20,140,WML,0.41030824681581934
20,141,MKT_RF,0.7111339293032999
20,141,SMB,-0.4489506425586337
20,141,HML,0.548965418638439
20,141,WML,-0.33326939056602883
20,142,MKT_RF,0.546750944170413
20,142,SMB,-0.304340896147347
20,142,HML,0.3178633359504355
20,142,WML,0.08553559902711289
20,143,MKT_RF,0.03626477683301593
20,143,SMB,0.19541651341472213
20,143,HML,0.560048276928288
20,143,WML,1.0084160049233852
20,144,MKT_RF,0.34949940452574446
20,144,SMB,-0.0018439223647042527
20,144,HML,0.4395744812352524
20,144,WML,0.23381696736993154
20,145,MKT_RF,0.4391574949204749
20,145,SMB,-0.18008348607589697
20,145,HML,0.2788812366415429
20,145,WML,0.8816085228517947
20,146,MKT_RF,0.4477207672686827
20,146,SMB,-0.09730985889785704
20,146,HML,0.15367019667294585
20,146,WML,0.041143728832960275
20,147,MKT_RF,0.16631033027208428
20,147,SMB,0.2824588978308358
20,147,HML,0.3096619538071937
20,147,WML,0.9877304265809383
20,148,MKT_RF,0.46256893051515335
20,148,SMB,-0.16555979816567387
20,148,HML,0.4146209203428106
20,148,WML,0.06939095520024133
20,149,MKT_RF,0.4543584777154895
20,149,SMB,-0.01873087294006909
20,149,HML,0.3633098280622513
20,149,WML,0.04576886546984218
20,150,MKT_RF,0.46434775917456367
20,150,SMB,-0.3034132784834802
20,150,HML,0.10251869178070189
20,150,WML,-0.026172055536159523
20,151,MKT_RF,0.45049625796406234
20,151,SMB,-0.014678127539482343
20,151,HML,0.08592954099536579
20,151,WML,0.5447962744471626
20,152,MKT_RF,0.24241108091451308
20,152,SMB,0.21722612241577777
20,152,HML,0.3092257783938208
20,152,WML,0.6753763099562066
20,153,MKT_RF,0.3120231955875607
20,153,SMB,-0.025118812008157396
20,153,HML,0.8329197095662378
20,153,WML,0.47217384396009526
20,154,MKT_RF,0.33969353646133765
20,154,SMB,-0.18113883325861152
20,154,HML,0.008228693885230306
20,154,WML,0.09968094627126209
20,155,MKT_RF,0.36615466288235504
20,155,SMB,-0.28582705341672104
20,155,HML,0.17061803261303587
20,155,WML,0.43631252890084576
20,156,MKT_RF,0.19083464419351379
20,156,SMB,-0.5233881589042749
20,156,HML,0.5128787811912002
20,156,WML,0.8852343992924169
20,157,MKT_RF,0.09788299895291798
20,157,SMB,-0.02476573819045921
20,157,HML,0.3981927915580423
20,157,WML,0.6420451542132086
20,158,MKT_RF,0.37746313251543634
20,158,SMB,-0.14813163839836974
20,158,HML,0.10940650224935415
20,158,WML,0.7612515459271044
20,159,MKT_RF,0.40941602545031697
20,159,SMB,-0.10118464349814665
20,159,HML,0.2265814173734057
20,159,WML,0.12245717901550471
20,160,MKT_RF,0.2818405487604931
20,160,SMB,0.21085774431882057
20,160,HML,0.18377051004120726
20,160,WML,0.5461880359876308
20,161,MKT_RF,0.5156362018334317
20,161,SMB,-0.18720371847412468
20,161,HML,0.4929647400652894
20,161,WML,0.21246603540038547
20,162,MKT_RF,0.4641015948125742
20,162,SMB,-0.14294127765742784
20,162,HML,0.555896458834642
20,162,WML,-0.010210470467208127
20,163,MKT_RF,0.43318079269444854
20,163,SMB,0.07396357220299928
20,163,HML,0.1575914330125363
20,163,WML,-0.13858039392914778
20,164,MKT_RF,0.5667743894904017
20,164,SMB,-0.027139660298029243
20,164,HML,0.05075979669842299
20,164,WML,0.034791126341584946
20,165,MKT_RF,0.3193271963618973
20,165,SMB,0.1267443205201551
20,165,HML,0.2205062602791043
20,165,WML,0.5877468182716508
20,166,MKT_RF,0.4259732003920119
20,166,SMB,-0.21727983987527627
20,166,HML,0.15311555066625998
20,166,WML,0.30247401805040286
20,167,MKT_RF,0.40796422148140093
20,167,SMB,-0.18579631875743313
20,167,HML,0.39120833759454304
20,167,WML,0.25917772901499214
20,168,MKT_RF,0.5084671648906156
20,168,SMB,-0.5422008144821071
20,168,HML,0.457543398296078
20,168,WML,0.26939459602085525
20,169,MKT_RF,0.42738712656631783
20,169,SMB,-0.18998280982558668
20,169,HML,0.20546828679250811
20,169,WML,0.12772314294447487
20,170,MKT_RF,0.45166507121058963
20,170,SMB,-0.34439634751469234
20,170,HML,0.36427888749120907
20,170,WML,0.5743191208368498
20,171,MKT_RF,0.4714749038675297
20,171,SMB,-0.4714473484620403
20,171,HML,0.01409858084464763
20,171,WML,0.31699822566972163
20,172,MKT_RF,0.39976119460615367
20,172,SMB,-0.16673764174708472
20,172,HML,-0.06767323919506461
20,172,WML,0.15697918527626764
20,173,MKT_RF,0.5396543745422463
20,173,SMB,-0.30792685429133804
20,173,HML,-0.005831273159149516
20,173,WML,0.021357088612150424
20,174,MKT_RF,0.3723131817995921
20,174,SMB,-0.17985546908282338
20,174,HML,0.6366654162812868
20,174,WML,0.35950342482993786
20,175,MKT_RF,0.2923472080176213
20,175,SMB,-0.32396735082168454
20,175,HML,0.4891424459703065
20,175,WML,0.7032039833688681
20,176,MKT_RF,0.30909510133893037
20,176,SMB,-0.48619091296241906
20,176,HML,0.5910355176637397
20,176,WML,0.2653372920835737
20,177,MKT_RF,0.3780811122026878
20,177,SMB,-0.28167604218819803
20,177,HML,-0.1107594259564582
20,177,WML,0.3034023687415855
20,178,MKT_RF,0.4820486809889974
20,178,SMB,0.0016936824172218638
20,178,HML,0.05610196645593795
20,178,WML,0.5006234611785773
20,179,MKT_RF,0.28175916429264053
20,179,SMB,-0.20001096097237642
20,179,HML,0.2784654180893829
20,179,WML,0.5575993253784093
20,180,MKT_RF,0.6781507604815761
20,180,SMB,-0.24907782460947842
20,180,HML,0.13268257403312067
20,180,WML,0.08610634805723334
20,181,MKT_RF,0.28805178090540595
20,181,SMB,0.07929017942111968
20,181,HML,0.5174924622177434
20,181,WML,0.4638098835657523
20,182,MKT_RF,0.8464732786456246
20,182,SMB,-0.008466088664458287
20,182,HML,0.09680891827763163
20,182,WML,-0.4006155362864327
20,183,MKT_RF,0.48420786965974955
20,183,SMB,-0.44433368971732007
20,183,HML,-0.11484324435349429
20,183,WML,-0.1727652919662724
20,184,MKT_RF,0.4140124584370334
20,184,SMB,-0.7605708252336806
20,184,HML,0.3832575777493929
20,184,WML,0.5439813995920861
20,185,MKT_RF,0.4271271770829442
20,185,SMB,-0.4085448352810973
20,185,HML,0.5033236100579761
20,185,WML,-0.0750373169426683
20,186,MKT_RF,0.5228014010241351
20,186,SMB,-0.06916292541090036
20,186,HML,0.3207996415563171
20,186,WML,0.3061926431945623
20,187,MKT_RF,0.30006877014322797
20,187,SMB,-0.12403937667594768
20,187,HML,0.5231667795872291
20,187,WML,0.5690937734873139
20,188,MKT_RF,0.6629712188284105
20,188,SMB,-0.05752124031121832
20,188,HML,0.6634936779185515
20,188,WML,0.19862035054818167
20,189,MKT_RF,0.49256184124621355
20,189,SMB,0.018872614462028654
20,189,HML,0.16909633926419002
20,189,WML,0.23455171363649124
20,190,MKT_RF,0.48804636444805577
20,190,SMB,-0.1793235088138038
20,190,HML,-9.559786076414437e-06
20,190,WML,0.1641601039610298
20,191,MKT_RF,0.3745688497184046
20,191,SMB,-0.3461068294307754
20,191,HML,0.6460641754337944
20,191,WML,0.4167510490656716
20,192,MKT_RF,0.41070007604031605
20,192,SMB,-0.14573161044590724
20,192,HML,0.35195067499129407
20,192,WML,-0.15301307563538696
20,193,MKT_RF,0.5205921958513928
20,193,SMB,-0.05088409871271262
20,193,HML,0.44939145146787207
20,193,WML,0.011218790505393591
20,194,MKT_RF,0.3162059700123466
20,194,SMB,-0.525421840185419
20,194,HML,0.35556584741827585
20,194,WML,0.5677684135508785
20,195,MKT_RF,0.42262257452045743
20,195,SMB,-0.1742949677167524
20,195,HML,0.08785276379173018
20,195,WML,0.3781267080674611
20,196,MKT_RF,0.3185237012814643
20,196,SMB,-0.27415947391488205
20,196,HML,0.29025485742228435
20,196,WML,0.7374261075894857
20,197,MKT_RF,0.4875594080089518
20,197,SMB,-0.18865065229608588
20,197,HML,0.4133764931374888
20,197,WML,0.21474519509140302
20,198,MKT_RF,0.5740953616516022
20,198,SMB,-0.2051238781154869
20,198,HML,-0.0043395613814279695
20,198,WML,0.0942438105586834
20,199,MKT_RF,0.5265926414476957
20,199,SMB,0.05390421446510803
20,199,HML,0.2689585433912792
20,199,WML,0.1541629050361502
20,200,MKT_RF,0.1997122496981689
20,200,SMB,0.08984388576902062
20,200,HML,0.06186551721641341
20,200,WML,0.49448056497409293
20,201,MKT_RF,0.23045532778267927
20,201,SMB,-0.018010028854917974
20,201,HML,0.3904621612196581
20,201,WML,0.2353167048008259
20,202,MKT_RF,0.5738882472512431
20,202,SMB,-0.5022680451140086
20,202,HML,0.374863400599685
20,202,WML,-0.2592792340043311
20,203,MKT_RF,0.3460828724267534
20,203,SMB,-0.0780167551923022
20,203,HML,0.07345813986548522
20,203,WML,0.24973798263875882
20,204,MKT_RF,0.7220039697350633
20,204,SMB,-0.252509011018451
20,204,HML,0.09132975217606701
20,204,WML,0.22640048657945144
20,205,MKT_RF,0.18204075349936064
20,205,SMB,-0.4513069153065616
20,205,HML,0.14351608467676624
20,205,WML,0.7870663604340244
20,206,MKT_RF,0.6112445179921145
20,206,SMB,-0.3385671093820907
20,206,HML,0.3083186778046242
20,206,WML,-0.30199381645471696
20,207,MKT_RF,0.4105939056889588
20,207,SMB,0.1075779949830646
20,207,HML,0.2560448121410655
20,207,WML,0.6529088190028349
20,208,MKT_RF,0.3148482765784759
20,208,SMB,-0.17491177109260878
20,208,HML,0.3276831221707354
20,208,WML,0.5393705788660905
20,209,MKT_RF,0.3364834337191073
20,209,SMB,-0.13893834216853848
20,209,HML,0.33554307165363506
20,209,WML,0.18047522261561896
20,210,MKT_RF,0.2984665735720732
20,210,SMB,0.026300917675614207
20,210,HML,0.49858923859186155
20,210,WML,0.28002468153051396
20,211,MKT_RF,0.37360492850000426
20,211,SMB,-0.30764250199013604
20,211,HML,0.20582698533546334
20,211,WML,0.12126124989521207
20,212,MKT_RF,0.27453481564571075
20,212,SMB,0.15613078097265856
20,212,HML,0.1934749579545999
20,212,WML,0.5695864759927344
20,213,MKT_RF,0.6959120653359793
20,213,SMB,-0.15877358256116542
20,213,HML,0.06636825532226925
20,213,WML,0.013423979970751954
20,214,MKT_RF,0.3384223336039453
20,214,SMB,-0.06867292134006306
20,214,HML,-0.11365347178266928
20,214,WML,0.15024177085483412
20,215,MKT_RF,0.497840940628072
20,215,SMB,-0.3011971298284701
20,215,HML,0.6016638246020254
20,215,WML,-0.34105718356607617
20,216,MKT_RF,0.1821597993646525
20,216,SMB,-0.3352056225351949
20,216,HML,0.24037314877787033
20,216,WML,0.9330038122855051
20,217,MKT_RF,0.21662337934427922
20,217,SMB,0.05427575078418689
20,217,HML,0.00638970985724504
20,217,WML,0.6897162648233843
20,218,MKT_RF,0.5055063623702796
20,218,SMB,-0.5310590248805561
20,218,HML,0.2612856564578293
20,218,WML,0.505877093155768
20,219,MKT_RF,0.3018871459127262
20,219,SMB,-0.041846155031916216
20,219,HML,0.42699688720815265
20,219,WML,0.4646087641410322
20,220,MKT_RF,-0.025550028526258484
20,220,SMB,-0.21753488597056825
20,220,HML,0.6213545923026518
20,220,WML,1.0115103037200517
20,221,MKT_RF,0.12381675373790302
20,221,SMB,-0.4273549032762599
20,221,HML,0.40286340178531155
20,221,WML,0.25644064246025344
20,222,MKT_RF,0.4845522983964588
20,222,SMB,-0.6109301853125343
20,222,HML,0.035526296997665276
20,222,WML,0.3166708528057711
20,223,MKT_RF,0.32620226399539776
20,223,SMB,-0.15996723591414494
20,223,HML,0.24498790370757678
20,223,WML,0.8767842095205627
20,224,MKT_RF,0.6420287572109259
20,224,SMB,0.027311005153520855
20,224,HML,-0.09109458862402033
20,224,WML,-0.1555304408997159
20,225,MKT_RF,0.5631817981137386
20,225,SMB,-0.3047726963951505
20,225,HML,0.22325570068277678
20,225,WML,0.04932752185510638
20,226,MKT_RF,0.40386024789484
20,226,SMB,-0.1351343161224996
20,226,HML,0.546479610649841
20,226,WML,0.6638823261723296
20,227,MKT_RF,0.6441937995754257
20,227,SMB,-0.07318361297043678
20,227,HML,0.24690101276645776
20,227,WML,0.13774169359125293
20,228,MKT_RF,0.38158768141812455
20,228,SMB,-0.40839721722820327
20,228,HML,0.28066188867996605
20,228,WML,0.4825062360998836
20,229,MKT_RF,0.5099140561996476
20,229,SMB,-0.4048375773580736
20,229,HML,0.09245542130421751
20,229,WML,-0.3032075532152544
20,230,MKT_RF,0.05691326266071977
20,230,SMB,-0.3280366719560918
20,230,HML,0.254024325429075
20,230,WML,0.6567800904674042
20,231,MKT_RF,0.3674356914652543
20,231,SMB,-0.3870140713426652
20,231,HML,0.12477526186418093
20,231,WML,0.24610980192482204
20,232,MKT_RF,0.529228927484964
20,232,SMB,-0.058378450704501234
20,232,HML,0.3001752909842385
20,232,WML,0.1345765077901288
20,233,MKT_RF,0.29810333982648535
20,233,SMB,-0.16669399858615924
20,233,HML,0.14017492739808268
20,233,WML,0.5753891388326318
20,234,MKT_RF,0.38425520839796473
20,234,SMB,0.21481124650768676
20,234,HML,0.3317857397089323
20,234,WML,0.28256959369250634
20,235,MKT_RF,0.3183328647337639
20,235,SMB,-0.07105431091384537
20,235,HML,0.420921952668647
20,235,WML,0.864696439999554
20,236,MKT_RF,0.6954221082774502
20,236,SMB,-0.24752467381781368
20,236,HML,0.41722496576040047
20,236,WML,-0.0021259055988368187
20,237,MKT_RF,0.5307322347233003
20,237,SMB,-0.03405755991324459
20,237,HML,0.3518167917476236
20,237,WML,0.10340948737143973
20,238,MKT_RF,0.5709633463023834
20,238,SMB,-0.3318744981836407
20,238,HML,0.2557370698828505
20,238,WML,-0.11235247201866674
20,239,MKT_RF,0.4972679801321604
20,239,SMB,-0.07852387868201612
20,239,HML,0.25927061959182196
20,239,WML,0.3227359033841567
20,240,MKT_RF,0.14497089535436583
20,240,SMB,-0.06978884587041767
20,240,HML,-0.008757177849980272
20,240,WML,1.0813036535087317
20,241,MKT_RF,0.18504339943503267
20,241,SMB,-0.4200384589793459
20,241,HML,0.3332373351174774
20,241,WML,0.6933929421931633
20,242,MKT_RF,0.2036300621537726
20,242,SMB,-0.06955266917635798
20,242,HML,0.26308389902988377
20,242,WML,0.29944391685878213
20,243,MKT_RF,0.5077332384700861
20,243,SMB,-0.07884393750275534
20,243,HML,0.0939315222287269
20,243,WML,0.33311018926099806
20,244,MKT_RF,0.5212361392116416
20,244,SMB,0.17267831620392626
20,244,HML,0.3405653396980995
20,244,WML,-0.3105682954762404
20,245,MKT_RF,0.612154103642984
20,245,SMB,-0.3945357665509028
20,245,HML,0.4468500127618639
20,245,WML,-0.4770295614404804
20,246,MKT_RF,0.18880583837094678
20,246,SMB,0.11799175647341165
20,246,HML,0.9529557520253009
20,246,WML,0.5620320239913575
20,247,MKT_RF,0.4686169185332596
20,247,SMB,-0.1843263711583443
20,247,HML,0.15958188831650535
20,247,WML,0.22847049156489496
20,248,MKT_RF,0.5315182180065743
20,248,SMB,-0.2967237986227716
20,248,HML,0.37890689916571363
20,248,WML,0.2884774452542236
20,249,MKT_RF,0.626919658292799
20,249,SMB,-0.46282649192413816
20,249,HML,-0.008508161238254612
20,249,WML,-0.0032626541393929787
20,250,MKT_RF,0.6305180060306848
20,250,SMB,-0.10342692806720005
20,250,HML,0.1259100524562248
20,250,WML,-0.25362321385875686
20,251,MKT_RF,0.4903420481576626
20,251,SMB,-0.3523053181977542
20,251,HML,0.09437364080799394
20,251,WML,0.3883480262764556
20,252,MKT_RF,0.3864915433952067
20,252,SMB,-0.10154662127408372
20,252,HML,0.4883357451682068
20,252,WML,0.46368567798956106
20,253,MKT_RF,0.38699678602703436
20,253,SMB,-0.05356885797744168
20,253,HML,-0.2838807049679604
20,253,WML,0.47560371955964525
20,254,MKT_RF,0.327280798833605
20,254,SMB,-0.15856674362168569
20,254,HML,0.29995042297436664
20,254,WML,0.47103609127321944
20,255,MKT_RF,0.49802580942394103
20,255,SMB,0.039907984291730834
20,255,HML,0.05550061798452841
20,255,WML,-0.5770008515309337
20,256,MKT_RF,0.7133886271701427
20,256,SMB,-0.35452062759276837
20,256,HML,0.006077619807738382
20,256,WML,-0.5188036728801844
20,257,MKT_RF,0.3482137371583293
20,257,SMB,0.011874306122136398
20,257,HML,0.2993161945649858
20,257,WML,0.5759350429509109
20,258,MKT_RF,0.4020722544126933
20,258,SMB,-0.09697150638430078
20,258,HML,0.18749568396784036
20,258,WML,0.5485021267128813
20,259,MKT_RF,0.4646885152247603
20,259,SMB,-0.5337159103187293
20,259,HML,0.27343362586417214
20,259,WML,0.552265670795487
20,260,MKT_RF,0.6504918484565686
20,260,SMB,-0.2390902224111698
20,260,HML,-0.03421432255744101
20,260,WML,-0.519807806497894
20,261,MKT_RF,0.5826313010850181
20,261,SMB,-0.07348977329679396
20,261,HML,0.1439425240938125
20,261,WML,-0.10566053690735165
20,262,MKT_RF,0.5016269066841038
20,262,SMB,-0.20816866545385185
20,262,HML,0.29616229398998095
20,262,WML,0.06610215803279317
20,263,MKT_RF,0.6776758371808632
20,263,SMB,-0.2774278914217087
20,263,HML,0.2966853063082937
20,263,WML,-0.18055035465475794
20,264,MKT_RF,0.5659369590632574
20,264,SMB,-0.3280471567142751
20,264,HML,0.5231625058726245
20,264,WML,0.31234628232213857
20,265,MKT_RF,0.33190508557173454
20,265,SMB,-0.1184410066039673
20,265,HML,0.21253916872893558
20,265,WML,-0.03115481023879138
20,266,MKT_RF,0.10501173125736812
20,266,SMB,-0.14683827146339784
20,266,HML,0.4281144040425677
20,266,WML,0.9030907175067736
20,267,MKT_RF,0.4329741210021177
20,267,SMB,0.0015337691499450656
20,267,HML,0.037886382492175
20,267,WML,0.3000888693791593
20,268,MKT_RF,0.6409882119658419
20,268,SMB,0.17521483289527842
20,268,HML,0.3977228818129402
20,268,WML,-0.16593425788713692
20,269,MKT_RF,0.5530681782583171
20,269,SMB,-0.0755833105445713
20,269,HML,0.4343752420034568
20,269,WML,-0.29137401824360865
20,270,MKT_RF,0.5125011472544426
20,270,SMB,-0.005778294815300246
20,270,HML,0.07638219662278989
20,270,WML,0.2545190656122443
20,271,MKT_RF,0.5543859478478567
20,271,SMB,-0.19111739568588731
20,271,HML,0.5435054805559248
20,271,WML,0.04796490462698846
20,272,MKT_RF,0.27776665797035016
20,272,SMB,-0.12169854694667133
20,272,HML,0.41768490743579106
20,272,WML,0.35108035730015114
20,273,MKT_RF,0.48920055714612454
20,273,SMB,-0.15272693582368585
20,273,HML,-0.0306540959026836
20,273,WML,-0.2031245482552982
20,274,MKT_RF,0.5524846995440793
20,274,SMB,-0.31376565375932186
20,274,HML,0.016100565243780778
20,274,WML,0.26926531568627654
20,275,MKT_RF,0.23495322029696064
20,275,SMB,0.08113050091652053
20,275,HML,-0.006192400302653327
20,275,WML,0.4046012395058225
20,276,MKT_RF,0.3717259283613166
20,276,SMB,-0.5007047337317466
20,276,HML,0.11716127598610575
20,276,WML,0.415639418655967
20,277,MKT_RF,0.1083673878354601
20,277,SMB,-0.5496414674588102
20,277,HML,0.5990669579633893
20,277,WML,0.6468689810691879
20,278,MKT_RF,0.3832604070938951
20,278,SMB,-0.1467276898281914
20,278,HML,0.20566949887215064
20,278,WML,0.41560264546670983
20,279,MKT_RF,0.3791850721456906
20,279,SMB,-0.5218943090802569
20,279,HML,0.148252834199456
20,279,WML,0.8991298698151668
20,280,MKT_RF,0.38985019524339054
20,280,SMB,-0.404094108888905
20,280,HML,0.33470597824997683
20,280,WML,0.011440324288851049
20,281,MKT_RF,0.5771678597626738
20,281,SMB,-0.24297297296193554
20,281,HML,0.05778355962005153
20,281,WML,-0.35419857935428123
20,282,MKT_RF,0.6388161464870447
20,282,SMB,-0.23082197504244334
20,282,HML,0.12322546528074833
20,282,WML,0.225102819920147
20,283,MKT_RF,0.4078972574216141
20,283,SMB,-0.161675643007783
20,283,HML,-0.015007022559055195
20,283,WML,0.17066559672667814
20,284,MKT_RF,0.420271123169213
20,284,SMB,-0.20036268496809426
20,284,HML,0.8048465148854251
20,284,WML,0.6865782698680788
20,285,MKT_RF,0.30116927342157035
20,285,SMB,-0.03760071333748934
20,285,HML,0.6806773277274059
20,285,WML,0.24462313927240498
20,286,MKT_RF,0.3225291173464242
20,286,SMB,-0.36036542634649454
20,286,HML,0.16378878433000876
20,286,WML,0.44399248513670075
20,287,MKT_RF,0.4135931453026689
20,287,SMB,-0.14671868199421267
20,287,HML,0.030050135568785354
20,287,WML,0.10867601620678803
20,288,MKT_RF,0.43113257006818456
20,288,SMB,-0.09734797426062815
20,288,HML,0.5368802222247215
20,288,WML,0.6918855388178051
20,289,MKT_RF,0.21895808351393642
20,289,SMB,-0.2968360513047235
20,289,HML,0.7610558457497458
20,289,WML,0.31381027248196863
20,290,MKT_RF,0.435665261587723
20,290,SMB,-0.2250916373858621
20,290,HML,0.31174559302805555
20,290,WML,0.3050120045229167
20,291,MKT_RF,0.275282828764958
20,291,SMB,-0.019541706979127983
20,291,HML,0.1305058342668403
20,291,WML,0.43387845243719125
20,292,MKT_RF,0.22030346637750012
20,292,SMB,-0.25508036601300227
20,292,HML,0.18736109088356667
20,292,WML,0.7057662395434923
20,293,MKT_RF,0.27898550372703473
20,293,SMB,-0.18709940022830845
20,293,HML,0.5105179828904296
20,293,WML,0.6074884519864878
20,294,MKT_RF,0.5571738253988123
20,294,SMB,-0.010966208030330764
20,294,HML,0.2050041334758186
20,294,WML,0.12104563009152454
20,295,MKT_RF,0.6268357207442062
20,295,SMB,-0.6181372454474111
20,295,HML,0.31746531790844124
20,295,WML,0.21629221895445624
20,296,MKT_RF,0.26724009466719334
20,296,SMB,0.1818496179075797
20,296,HML,0.40899303381777646
20,296,WML,0.8526255714269191
20,297,MKT_RF,0.7367009019306745
20,297,SMB,-0.11163498179575305
20,297,HML,-0.012914015398589261
20,297,WML,-0.26847084460790893
20,298,MKT_RF,0.5830832860991458
20,298,SMB,-0.11834323875647784
20,298,HML,0.40228906971618644
20,298,WML,0.18002696689527065
20,299,MKT_RF,0.37204849112424715
20,299,SMB,-0.2272468817576083
20,299,HML,0.23942033386913572
20,299,WML,0.6904900412505406
20,300,MKT_RF,0.32282263200655714
20,300,SMB,-0.12024841003567197
20,300,HML,0.4248391918171667
20,300,WML,0.41507906025930474
20,301,MKT_RF,0.7657214240348227
20,301,SMB,-0.10058990492944521
20,301,HML,-0.1306173494019173
20,301,WML,-0.22079123465194783
20,302,MKT_RF,0.3702239865949248
20,302,SMB,-0.2779318097735641
20,302,HML,0.17605502802814704
20,302,WML,0.12328483159172886
20,303,MKT_RF,0.4987590639535519
20,303,SMB,-0.3415138237040271
20,303,HML,0.6487833392471181
20,303,WML,0.13424215346709406
20,304,MKT_RF,0.3132136897441024
20,304,SMB,-0.03767382242394554
20,304,HML,0.31034271556394405
20,304,WML,0.8334761358528882
20,305,MKT_RF,0.27888819507871987
20,305,SMB,0.06802773720906885
20,305,HML,0.47048634901232617
20,305,WML,0.5509280732274144
20,306,MKT_RF,0.563213016279008
20,306,SMB,-0.13551597805332333
20,306,HML,0.12497619269203267
20,306,WML,0.11802570029175695
20,307,MKT_RF,0.3017216380828201
20,307,SMB,-0.3121632209510511
20,307,HML,0.18095754457451882
20,307,WML,0.4256035215244962
20,308,MKT_RF,0.3578533816399417
20,308,SMB,0.10099254779851545
20,308,HML,0.4988176116003803
20,308,WML,0.13117207350445384
20,309,MKT_RF,0.44399331043759777
20,309,SMB,0.13647038315898963
20,309,HML,0.53952891818436
20,309,WML,0.13332769971182035
20,310,MKT_RF,0.2852270206180465
20,310,SMB,-0.21914417557643204
20,310,HML,0.6710697785238676
20,310,WML,0.6589551326971502
20,311,MKT_RF,0.5196258577143498
20,311,SMB,-0.28316637020698693
20,311,HML,0.5585937287087268
20,311,WML,0.09158814852208912
20,312,MKT_RF,0.3768100361396243
20,312,SMB,-0.314874110361638
20,312,HML,0.27473234343968517
20,312,WML,0.3268479926446129
20,313,MKT_RF,0.5374056172551493
20,313,SMB,-0.39807124432443675
20,313,HML,0.04182087395841675
20,313,WML,0.5532295253880832
20,314,MKT_RF,0.2989435408615521
20,314,SMB,0.16841345345702508
20,314,HML,0.388323288375837
20,314,WML,0.436169364010921
20,315,MKT_RF,0.445334958081491
20,315,SMB,-0.399817692274216
20,315,HML,0.3061070099673192
20,315,WML,0.1739943333641814
20,316,MKT_RF,0.3451749436542983
20,316,SMB,-0.30530256078131357
20,316,HML,0.4586891754994485
20,316,WML,0.6845004514944495
20,317,MKT_RF,0.2730583800000713
20,317,SMB,-0.020607394041641063
20,317,HML,0.6758310963715656
20,317,WML,0.37786134165104696
20,318,MKT_RF,0.5358157180292374
20,318,SMB,-0.4735655133532898
20,318,HML,0.2942345431752478
20,318,WML,0.5780922164381043
20,319,MKT_RF,0.4568860951180675
20,319,SMB,-0.1964101595026537
20,319,HML,0.38135501760506324
20,319,WML,0.4269821524082481
20,320,MKT_RF,0.5069868192578535
20,320,SMB,-0.22619163202849277
20,320,HML,0.0031834064562582553
20,320,WML,-0.09758764995591734
20,321,MKT_RF,0.3092097314554386
20,321,SMB,0.03136732949241945
20,321,HML,-0.0009390794454254628
20,321,WML,0.4542230255347263
20,322,MKT_RF,0.265456305627945
20,322,SMB,0.008413918489283167
20,322,HML,0.1981880538913333
20,322,WML,0.555129191578442
20,323,MKT_RF,0.6957407731789401
20,323,SMB,-0.3292301506360955
20,323,HML,-0.06701106580446971
20,323,WML,-0.2434262973635304
20,324,MKT_RF,0.2569747814899368
20,324,SMB,0.16969693511518713
20,324,HML,0.3289009003037836
20,324,WML,0.5245671276921634
20,325,MKT_RF,0.25058429463510995
20,325,SMB,-0.2025379834013576
20,325,HML,0.4514295407943513
20,325,WML,0.4928455147056189
20,326,MKT_RF,0.6855351410930187
20,326,SMB,-0.031027199075702144
20,326,HML,0.22078501195901765
20,326,WML,0.11740585036744655
20,327,MKT_RF,0.3589063804364006
20,327,SMB,-0.24518353367460247
20,327,HML,0.3139740523631844
20,327,WML,0.504007221875983
20,328,MKT_RF,0.33011115545971703
20,328,SMB,-0.18258552791914753
20,328,HML,0.27891033472253673
20,328,WML,0.4038036547697684
20,329,MKT_RF,0.17419977459341088
20,329,SMB,0.04712776956818566
20,329,HML,0.2518636028524114
20,329,WML,0.8502863069343248
20,330,MKT_RF,0.16403781909121104
20,330,SMB,0.24212099840408652
20,330,HML,0.21693447312391556
20,330,WML,0.6832510935155054
20,331,MKT_RF,0.5630066571138271
20,331,SMB,-0.34272357143123877
20,331,HML,-0.23617642876069264
20,331,WML,0.08328588494632486
20,332,MKT_RF,0.3892273981086947
20,332,SMB,-0.1806615148222638
20,332,HML,0.423836839485176
20,332,WML,0.29626381758969955
20,333,MKT_RF,0.49403820507993984
20,333,SMB,-0.5505503556342799
20,333,HML,0.5729527083138135
20,333,WML,0.3897231959174275
20,334,MKT_RF,0.40021963780720726
20,334,SMB,-0.2930596851214129
20,334,HML,0.3945783681249202
20,334,WML,0.4318356316578322
20,335,MKT_RF,0.49751340366509855
20,335,SMB,-0.3532748371766701
20,335,HML,0.22568853760900287
20,335,WML,0.0009665429675417094
20,336,MKT_RF,0.22409400575799232
20,336,SMB,-0.34484101646143717
20,336,HML,0.4911888381026964
20,336,WML,0.7137205320046093
20,337,MKT_RF,0.5395200452170935
20,337,SMB,-0.10147255615582487
20,337,HML,0.33077509950990835
20,337,WML,0.1313094665804333
20,338,MKT_RF,0.3342451008505958
20,338,SMB,-0.45518047721246724
20,338,HML,0.06455225945354805
20,338,WML,0.7460995412020586
20,339,MKT_RF,0.6277428189632683
20,339,SMB,-0.1561513742196484
20,339,HML,0.5029020144625398
20,339,WML,-0.028479393749897945
20,340,MKT_RF,0.36502615143103867
20,340,SMB,-0.5014541052793882
20,340,HML,0.1510064671767833
20,340,WML,0.31662844670434004
20,341,MKT_RF,0.37691507414548864
20,341,SMB,0.019198464455886216
20,341,HML,0.5379646741290786
20,341,WML,0.42469185840775875
20,342,MKT_RF,0.3087669745490059
20,342,SMB,0.3489822765705535
20,342,HML,0.5177404324917404
20,342,WML,0.9363885219011694
20,343,MKT_RF,0.37831464913135
20,343,SMB,-0.03873044184272289
20,343,HML,0.4793619156792425
20,343,WML,-0.007185026682602079
20,344,MKT_RF,0.21005435467497052
20,344,SMB,-0.3298188553210024
20,344,HML,0.2976806228393
20,344,WML,0.39179779823934846
20,345,MKT_RF,0.5121466406051428
20,345,SMB,0.12312256282197216
20,345,HML,0.1286989206283517
20,345,WML,0.09528571286623888
20,346,MKT_RF,0.42742117155293374
20,346,SMB,-0.17407709962767584
20,346,HML,0.47425981712187487
20,346,WML,-0.023714587927853966
20,347,MKT_RF,0.5230722120270638
20,347,SMB,-0.36219815716159615
20,347,HML,0.10011753058947638
20,347,WML,0.327830310464943
20,348,MKT_RF,0.702629037619824
20,348,SMB,-0.053085891062657764
20,348,HML,0.41004321798801907
20,348,WML,0.019583282956675142
20,349,MKT_RF,0.3670915539557869
20,349,SMB,-0.3864885978066408
20,349,HML,0.2466198496334874
20,349,WML,0.5387662581086576
20,350,MKT_RF,0.29468501644923856
20,350,SMB,-0.04683120009938379
20,350,HML,0.3023078089937838
20,350,WML,0.23454609322574166
20,351,MKT_RF,0.31363283625005445
20,351,SMB,-0.06317450993226172
20,351,HML,0.32591914477021655
20,351,WML,0.1407123964672465
20,352,MKT_RF,0.5121917584914213
20,352,SMB,-0.27425468171248046
20,352,HML,0.09546874320546025
20,352,WML,-0.029328931535857
20,353,MKT_RF,0.38698948658761045
20,353,SMB,0.03703657892555546
20,353,HML,0.2513789896743423
20,353,WML,0.12139783086375357
20,354,MKT_RF,0.603762891463464
20,354,SMB,-0.35000026996381245
20,354,HML,0.32727705995109235
20,354,WML,0.007915854788043207
20,355,MKT_RF,0.7980723456785648
20,355,SMB,0.13486167994221002
20,355,HML,0.38099375031731136
20,355,WML,-0.25614524837242536
20,356,MKT_RF,0.41313618584011486
20,356,SMB,-0.0076385251116571585
20,356,HML,-0.20802508688099097
20,356,WML,0.3244524895211762
20,357,MKT_RF,0.340432506798318
20,357,SMB,-0.12840527497781506
20,357,HML,-0.12443954027757578
20,357,WML,0.6671399506230064
20,358,MKT_RF,0.24631038004971226
20,358,SMB,-0.09080743560336937
20,358,HML,0.2816220365697823
20,358,WML,0.567905681311141
20,359,MKT_RF,0.5431417259924126
20,359,SMB,-0.5086122996878735
20,359,HML,0.042639375671664516
20,359,WML,0.0414463271333311
20,360,MKT_RF,0.3700858299708533
20,360,SMB,-0.3485837478644342
20,360,HML,0.09760727150096402
20,360,WML,0.6178865099329854
20,361,MKT_RF,0.47809763338405953
20,361,SMB,0.11125298853186275
20,361,HML,0.048272291270446785
20,361,WML,-0.23657258301303424
20,362,MKT_RF,0.5669594729269929
20,362,SMB,0.026619596622450566
20,362,HML,0.3145847102902783
20,362,WML,-0.32384336910708983
20,363,MKT_RF,0.30961107105961516
20,363,SMB,-0.22622738983903817
20,363,HML,0.935797384741855
20,363,WML,0.7180325467211515
20,364,MKT_RF,0.2969166768774021
20,364,SMB,-0.16204645547768026
20,364,HML,0.3201021736774501
20,364,WML,0.3649533426649802
20,365,MKT_RF,0.381775875972159
20,365,SMB,-0.1852898901775207
20,365,HML,0.2478482136166391
20,365,WML,0.3389999416395385
20,366,MKT_RF,0.152538757812304
20,366,SMB,0.1298036006932625
20,366,HML,0.3487861226570942
20,366,WML,0.2854355163828814
20,367,MKT_RF,0.547733947499902
20,367,SMB,-0.0021538706262127813
20,367,HML,0.37714161569749355
20,367,WML,0.0847882265277974
20,368,MKT_RF,0.4536579464622009
20,368,SMB,0.0627359743208156
20,368,HML,0.36816072805517364
20,368,WML,0.14636806141225892
20,369,MKT_RF,0.3282143379319871
20,369,SMB,0.012697324498702563
20,369,HML,0.3058536438677628
20,369,WML,0.327997105345912
20,370,MKT_RF,0.31287977308568915
20,370,SMB,0.03907975994856638
20,370,HML,0.3941718567335404
20,370,WML,0.6434765452008665
20,371,MKT_RF,0.5741762693243833
20,371,SMB,-0.5962629074377884
20,371,HML,0.12538918548402903
20,371,WML,-0.37278046523771113
20,372,MKT_RF,0.4285430977819746
20,372,SMB,-0.17770892766035318
20,372,HML,0.1809802843985433
20,372,WML,0.15842738032483544
20,373,MKT_RF,0.5050868136103696
20,373,SMB,-0.1996498491585636
20,373,HML,0.03969473502962845
20,373,WML,0.5146303229830936
20,374,MKT_RF,0.12166942504807896
20,374,SMB,0.06483363531778394
20,374,HML,0.24649027037167492
20,374,WML,0.6144212514540461
20,375,MKT_RF,0.33265923000919345
20,375,SMB,0.11684528735460198
20,375,HML,0.04464827586844662
20,375,WML,0.09364677256838094
20,376,MKT_RF,0.4794731733312661
20,376,SMB,-0.3442333695412173
20,376,HML,0.46434765287443414
20,376,WML,0.15225976371958586
20,377,MKT_RF,0.4592073313871626
20,377,SMB,-0.0937244699663562
20,377,HML,-0.03920392691918806
20,377,WML,0.03408462409933522
20,378,MKT_RF,0.24718502288856717
20,378,SMB,-0.30348618584626197
20,378,HML,-0.062128545779822686
20,378,WML,0.8795948190090161
20,379,MKT_RF,0.6966829871138414
20,379,SMB,-0.40174702848604904
20,379,HML,0.17444984690480184
20,379,WML,-0.3305300222911269
20,380,MKT_RF,0.5003985535232551
20,380,SMB,-0.144422837315722
20,380,HML,0.07275140647017697
20,380,WML,-0.059961981162963356
20,381,MKT_RF,0.20785256528645202
20,381,SMB,0.05945086143771628
20,381,HML,0.23636897057148204
20,381,WML,0.8538521076763139
20,382,MKT_RF,0.7963030082980658
20,382,SMB,-0.6870256898997708
20,382,HML,0.1751656776290186
20,382,WML,-0.3153310729917301
20,383,MKT_RF,0.2647847716962848
20,383,SMB,0.1513205520784787
20,383,HML,0.4694763439603777
20,383,WML,0.5109088462041355
20,384,MKT_RF,0.3236127072013765
20,384,SMB,0.10689476697418615
20,384,HML,-0.0687534336641905
20,384,WML,0.754107828687385
20,385,MKT_RF,0.4315684871968153
20,385,SMB,-0.009769372944800825
20,385,HML,0.22839801854060976
20,385,WML,0.33474748800859233
20,386,MKT_RF,0.610055222584156
20,386,SMB,-0.1033204737516956
20,386,HML,0.1738938354532478
20,386,WML,-0.4616406640031849
20,387,MKT_RF,-0.013240499668051027
20,387,SMB,-0.06866702577438226
20,387,HML,0.18510043798430004
20,387,WML,1.248541664962694
20,388,MKT_RF,0.21420685201794676
20,388,SMB,-0.13513219341981392
20,388,HML,0.0959234913602211
20,388,WML,0.3720284327429877
20,389,MKT_RF,0.4533390628606167
20,389,SMB,-0.2006113113339892
20,389,HML,0.527517638308501
20,389,WML,0.09867734504681415
20,390,MKT_RF,0.2823320500945503
20,390,SMB,-0.12002186834293382
20,390,HML,0.4493691477549862
20,390,WML,0.359054833617843
20,391,MKT_RF,0.5215352448895619
20,391,SMB,-0.3032402455105583
20,391,HML,0.04787887483350308
20,391,WML,0.3973186699196288
20,392,MKT_RF,0.6867632689781671
20,392,SMB,-0.35405847936901524
20,392,HML,-0.2568185617732938
20,392,WML,-0.3731673284650512
20,393,MKT_RF,0.35207464850311215
20,393,SMB,-0.08304287445841262
20,393,HML,0.4274448512249977
20,393,WML,0.68090036477885
20,394,MKT_RF,0.6701328265510089
20,394,SMB,-0.27613230469899325
20,394,HML,-0.16665577287196853
20,394,WML,-0.22534317209045765
20,395,MKT_RF,0.4377175865214406
20,395,SMB,-0.3870390764233499
20,395,HML,0.2604317866376838
20,395,WML,0.14592264750537817
20,396,MKT_RF,0.5334294736141811
20,396,SMB,-0.28946520660673214
20,396,HML,0.19579073846867556
20,396,WML,0.07564572517628429
20,397,MKT_RF,0.5097783572886537
20,397,SMB,-0.06517756343262111
20,397,HML,0.02035778418773819
20,397,WML,0.3184463911560114
20,398,MKT_RF,0.48239529758562066
20,398,SMB,-0.03664335548286124
20,398,HML,0.3078438835452284
20,398,WML,0.18734653562215217
20,399,MKT_RF,0.5040955526410955
20,399,SMB,-0.32561840534112635
20,399,HML,0.35275591063510414
20,399,WML,0.23497130601911995
20,400,MKT_RF,0.4634482977023829
20,400,SMB,-0.3025545109892063
20,400,HML,0.35065652936064584
20,400,WML,0.2110635969968298
20,401,MKT_RF,0.13861990721902742
20,401,SMB,-0.04025786321537809
20,401,HML,0.17572118047925084
20,401,WML,0.3171890674240292
20,402,MKT_RF,0.5576279052057976
20,402,SMB,-0.0929788825030476
20,402,HML,0.38682557874336626
20,402,WML,0.052085753609118844
20,403,MKT_RF,0.5418394486408238
20,403,SMB,-0.02718002155497266
20,403,HML,-0.052405178853736765
20,403,WML,0.296579834525518
20,404,MKT_RF,0.3409894312697878
20,404,SMB,-0.487819265190446
20,404,HML,-0.07202791068130261
20,404,WML,0.24670120296954062
20,405,MKT_RF,0.48561241823889445
20,405,SMB,-0.36969942097564396
20,405,HML,0.3154381945917687
20,405,WML,-0.057045168853951875
20,406,MKT_RF,0.37150866980795044
20,406,SMB,-0.7319533324316984
20,406,HML,0.3108935918771743
20,406,WML,0.1810936420455014
20,407,MKT_RF,0.5021359750892618
20,407,SMB,-0.03244497018482678
20,407,HML,0.34153018222147774
20,407,WML,0.07168126656072928
20,408,MKT_RF,0.6396239864372033
20,408,SMB,-0.2742405897068743
20,408,HML,0.609381388123433
20,408,WML,-0.2005276776318101
20,409,MKT_RF,0.4979290643871814
20,409,SMB,0.10255567883349409
20,409,HML,0.2925586362709451
20,409,WML,-0.09117654306340076
20,410,MKT_RF,0.40785183182680446
20,410,SMB,-0.5054137737034995
20,410,HML,0.1465067143110066
20,410,WML,0.4696156100025334
20,411,MKT_RF,0.358614121860343
20,411,SMB,-0.30593861696407226
20,411,HML,0.6860300273168363
20,411,WML,0.634140648308418
20,412,MKT_RF,0.19752270617063292
20,412,SMB,0.09055528513696988
20,412,HML,0.08138510134059466
20,412,WML,0.7689531015016775
20,413,MKT_RF,0.43907355864325104
20,413,SMB,-0.18109535685541542
20,413,HML,0.41623456109726986
20,413,WML,0.32730643342094007
20,414,MKT_RF,0.42510324857918796
20,414,SMB,-0.440615919641727
20,414,HML,0.11976568166166417
20,414,WML,0.3209529400458701
20,415,MKT_RF,0.6091170979117801
20,415,SMB,0.1553248453899091
20,415,HML,0.38403833139021687
20,415,WML,-0.1323510838118884
20,416,MKT_RF,0.22993203638364623
20,416,SMB,-0.43021337537997983
20,416,HML,0.34603129827491586
20,416,WML,1.144412688401614
20,417,MKT_RF,0.3630114622448823
20,417,SMB,-0.34355209575029605
20,417,HML,0.42771163578200294
20,417,WML,0.3902249634033359
20,418,MKT_RF,0.4981784536796718
20,418,SMB,-0.3336048144381066
20,418,HML,-0.03421400141618068
20,418,WML,0.5033697186278947
20,419,MKT_RF,0.7407739606802562
20,419,SMB,-0.03912266642408382
20,419,HML,0.11401471569226056
20,419,WML,0.11348747001055723
20,420,MKT_RF,0.45134423796056433
20,420,SMB,-0.39021931091244655
20,420,HML,0.22617492288661165
20,420,WML,0.44767539666549966
20,421,MKT_RF,0.500590834668045
20,421,SMB,-0.39058732263412177
20,421,HML,0.014654955648747634
20,421,WML,0.0918653030444563
20,422,MKT_RF,0.5853315291723089
20,422,SMB,-0.14254568834829812
20,422,HML,0.5053273413818857
20,422,WML,-0.10652604780061344
20,423,MKT_RF,0.5281961342482915
20,423,SMB,-0.0440743286066209
20,423,HML,0.2104501669183236
20,423,WML,0.45021374386082785
20,424,MKT_RF,0.5618765015882676
20,424,SMB,-0.2611358433815989
20,424,HML,-0.2885160165208793
20,424,WML,-0.23903051285661525
20,425,MKT_RF,0.22283984686538807
20,425,SMB,-0.006801870353935416
20,425,HML,0.4076789272054715
20,425,WML,0.702974518502333
20,426,MKT_RF,0.2705512764212062
20,426,SMB,-0.2582289117191022
20,426,HML,0.26050418158928307
20,426,WML,0.718518828464045
20,427,MKT_RF,0.6960001949032685
20,427,SMB,-0.21965557581215786
20,427,HML,0.27026937367665704
20,427,WML,-0.0981938470473491
20,428,MKT_RF,0.2057163894498044
20,428,SMB,-0.195482944456345
20,428,HML,0.29746708836940766
20,428,WML,0.6035779399651623
20,429,MKT_RF,0.54409366426973
20,429,SMB,-0.2195482649348842
20,429,HML,0.0732890731727483
20,429,WML,-0.0815817894974587
20,430,MKT_RF,0.4397071025864113
20,430,SMB,-0.23859890941217024
20,430,HML,0.1553066328479727
20,430,WML,0.48104431703147515
20,431,MKT_RF,0.5937332271301708
20,431,SMB,-0.04046583671397486
20,431,HML,0.2833489433403838
20,431,WML,0.1017572965937474
20,432,MKT_RF,0.552009383467889
20,432,SMB,-0.2956215124793066
20,432,HML,0.39804947190042794
20,432,WML,-0.08662827271464553
20,433,MKT_RF,0.5770751083823541
20,433,SMB,-0.24026484472086454
20,433,HML,0.15613094763500518
20,433,WML,0.050657486367141576
20,434,MKT_RF,0.3235197379383242
20,434,SMB,-0.36029703336890223
20,434,HML,0.4005851000249444
20,434,WML,0.7748031005290583
20,435,MKT_RF,0.3097073441116297
20,435,SMB,-0.22023644055271674
20,435,HML,0.1815056533276838
20,435,WML,0.4657739719018277
20,436,MKT_RF,0.449483399790982
20,436,SMB,-0.2906018567071858
20,436,HML,0.2936059072848425
20,436,WML,0.49443639490793384
20,437,MKT_RF,0.27575230665282335
20,437,SMB,-0.1472487854338448
20,437,HML,0.1281659270674201
20,437,WML,0.5289786104075692
20,438,MKT_RF,0.23946020849720337
20,438,SMB,-0.08559428779538598
20,438,HML,-0.15335790790809775
20,438,WML,0.5407565996132233
20,439,MKT_RF,0.525811501421661
20,439,SMB,0.018660850398420612
20,439,HML,0.331898834924734
20,439,WML,0.16357888879461094
20,440,MKT_RF,0.4499391324280954
20,440,SMB,-0.14800685484510723
20,440,HML,0.28651093328865535
20,440,WML,0.44633428929011376
20,441,MKT_RF,0.5633479748793081
20,441,SMB,0.07416815148171998
20,441,HML,0.24193688295047622
20,441,WML,0.08726396910333561
20,442,MKT_RF,0.24957075457655817
20,442,SMB,-0.15625854851678714
20,442,HML,0.878484666135061
20,442,WML,0.6632306455483168
20,443,MKT_RF,0.4371283546720088
20,443,SMB,-0.1559323899041419
20,443,HML,0.49664682272460553
20,443,WML,0.026267957434532058
20,444,MKT_RF,0.43912150601607935
20,444,SMB,-0.008354587992137306
20,444,HML,0.6184878353306057
20,444,WML,0.28264574060043995
20,445,MKT_RF,0.32332784503222123
20,445,SMB,-0.45634924410529315
20,445,HML,0.2223117931656551
20,445,WML,0.39743656855707715
20,446,MKT_RF,0.42580783710527137
20,446,SMB,-0.310580166549244
20,446,HML,0.4602051120849439
20,446,WML,-0.02582855761920895
20,447,MKT_RF,0.3833003995918324
20,447,SMB,-0.08659229819065993
20,447,HML,0.09518094253591834
20,447,WML,0.5564396709717356
20,448,MKT_RF,0.4316192432364308
20,448,SMB,-0.44718958397042485
20,448,HML,-0.14146891534520145
20,448,WML,0.4407547023816463
20,449,MKT_RF,0.25497520204361024
20,449,SMB,-0.09224562137550887
20,449,HML,0.24898853702991983
20,449,WML,0.34212595611405605
20,450,MKT_RF,0.058304614411198497
20,450,SMB,0.0166104904446198
20,450,HML,-0.014094968629992724
20,450,WML,0.7175732849242578
20,451,MKT_RF,0.6532688486084266
20,451,SMB,-0.5141263386915544
20,451,HML,0.40823975947538405
20,451,WML,0.04820975160985541
20,452,MKT_RF,0.321922453377923
20,452,SMB,-0.24302676667336673
20,452,HML,0.4841576004586053
20,452,WML,0.4208673368233783
20,453,MKT_RF,0.23987779888662802
20,453,SMB,0.05849935028565737
20,453,HML,0.1487921404971652
20,453,WML,0.6601424829053943
20,454,MKT_RF,0.7040988109245937
20,454,SMB,-0.21636103489683464
20,454,HML,0.10248028102491806
20,454,WML,-0.148991740666497
20,455,MKT_RF,0.20055556562504487
20,455,SMB,-0.11925750315594945
20,455,HML,0.3639100565848415
20,455,WML,0.8501216643392052
20,456,MKT_RF,0.24267537486618493
20,456,SMB,-0.1951451641116224
20,456,HML,0.5237387354011855
20,456,WML,0.6512681082678617
20,457,MKT_RF,0.0441322135979906
20,457,SMB,0.1689962734609583
20,457,HML,0.7212995493097807
20,457,WML,0.7624473874577704
20,458,MKT_RF,0.41956148716765373
20,458,SMB,-0.09606099396101181
20,458,HML,0.4234131124675583
20,458,WML,0.4180406849746839
20,459,MKT_RF,0.43742383493683984
20,459,SMB,-0.16083726021691877
20,459,HML,0.2718670379578809
20,459,WML,0.22572194998973297
20,460,MKT_RF,0.3026114477833877
20,460,SMB,0.005185888539424164
20,460,HML,0.5306437604537644
20,460,WML,0.46067167497675804
20,461,MKT_RF,0.3427018782799776
20,461,SMB,-0.14241690172157115
20,461,HML,0.38674297382619066
20,461,WML,0.6430068813156683
20,462,MKT_RF,0.2813802478797206
20,462,SMB,-0.17352545231660765
20,462,HML,0.5207003462400093
20,462,WML,0.5184486878096204
20,463,MKT_RF,0.35862499213624843
20,463,SMB,-0.1647186145356419
20,463,HML,0.6489154842827616
20,463,WML,-0.004990415418789548
20,464,MKT_RF,0.26175484080703504
20,464,SMB,-0.4176784243892925
20,464,HML,0.16292213101180933
20,464,WML,0.08817011696802089
20,465,MKT_RF,0.37675095752965004
20,465,SMB,-0.13791205593213268
20,465,HML,0.6034176987015716
20,465,WML,0.42927323689164293
20,466,MKT_RF,0.7397020805028293
20,466,SMB,-0.16020861536933065
20,466,HML,0.43811045524044684
20,466,WML,0.15475447458462263
20,467,MKT_RF,0.48531799563643635
20,467,SMB,0.0019845626922911355
20,467,HML,0.0462611039271849
20,467,WML,0.28602318757718087
20,468,MKT_RF,0.461639906978739
20,468,SMB,-0.11335388346912817
20,468,HML,0.20429796126641991
20,468,WML,0.22028359246011678
20,469,MKT_RF,0.371049777981406
20,469,SMB,0.17405931741812042
20,469,HML,0.5970426971022263
20,469,WML,0.559205513185083
20,470,MKT_RF,0.6131630878330471
20,470,SMB,-0.0488914203409752
20,470,HML,0.29652143385010615
20,470,WML,0.24229697048579021
20,471,MKT_RF,0.24044127421890096
20,471,SMB,0.06147896344173074
20,471,HML,0.23265636368651926
20,471,WML,0.7629903316455181
20,472,MKT_RF,0.5152410807845419
20,472,SMB,0.043591845125364376
20,472,HML,-0.14212076672103774
20,472,WML,0.3457077124950259
20,473,MKT_RF,0.6122039893869313
20,473,SMB,-0.18091818044651
20,473,HML,-0.010991711863085622
20,473,WML,-0.05896593233799721
20,474,MKT_RF,0.38877788414858827
20,474,SMB,-0.2565296521862036
20,474,HML,0.073752361708255
20,474,WML,0.27188600789420747
20,475,MKT_RF,0.36568023020017615
20,475,SMB,0.04099391965200706
20,475,HML,0.5738696883730525
20,475,WML,0.3963338278906347
20,476,MKT_RF,0.545466296580386
20,476,SMB,-0.22821140434804676
20,476,HML,0.34908422663201233
20,476,WML,0.2391503009785888
20,477,MKT_RF,0.6253693687024652
20,477,SMB,-0.14516163824686795
20,477,HML,0.6636545786504936
20,477,WML,-0.11427077261958696
20,478,MKT_RF,0.38334583271590983
20,478,SMB,-0.12493349705348274
20,478,HML,0.3493818138839775
20,478,WML,0.1698944415543688
20,479,MKT_RF,0.5271956182316332
20,479,SMB,0.09057483843096947
20,479,HML,0.686170395561885
20,479,WML,0.045660554970868295
20,480,MKT_RF,0.354081505921219
20,480,SMB,-0.24171325470601007
20,480,HML,0.2773027425412243
20,480,WML,0.3264792906112616
20,481,MKT_RF,0.45295740392460887
20,481,SMB,0.21337897203736308
20,481,HML,0.795139674824131
20,481,WML,0.32725938972478835
20,482,MKT_RF,0.626649329525712
20,482,SMB,0.11068072834412271
20,482,HML,0.005648444072721318
20,482,WML,-0.4196033019388277
20,483,MKT_RF,0.2777564223575167
20,483,SMB,-0.11996793373660149
20,483,HML,-0.06703979950716898
20,483,WML,0.5485572002567934
20,484,MKT_RF,0.48212518295794815
20,484,SMB,-0.5216679508348288
20,484,HML,-0.028782944063416895
20,484,WML,0.32343295043827996
20,485,MKT_RF,0.23031868107821146
20,485,SMB,-0.24372201669730997
20,485,HML,0.10536305898173148
20,485,WML,0.6986336757741125
20,486,MKT_RF,0.48751755578908895
20,486,SMB,0.08040750748355781
20,486,HML,0.5014349650809455
20,486,WML,0.06015705945633587
20,487,MKT_RF,0.2510761651197952
20,487,SMB,-0.2526812976790827
20,487,HML,0.444276288623567
20,487,WML,0.5443603660655907
20,488,MKT_RF,0.3986729329243935
20,488,SMB,-0.162086227549754
20,488,HML,0.5274386706469396
20,488,WML,-7.032151687549577e-05
20,489,MKT_RF,0.4404233872466961
20,489,SMB,0.1223899413970887
20,489,HML,0.3344629117936101
20,489,WML,0.10899614962730021
20,490,MKT_RF,0.09102598330436801
20,490,SMB,0.2832220742366459
20,490,HML,0.25710170133493065
20,490,WML,0.9800444997196444
20,491,MKT_RF,0.48212421942959144
20,491,SMB,0.16321468513667392
20,491,HML,-0.014085493366392176
20,491,WML,0.3422554470873537
20,492,MKT_RF,0.23036332195883957
20,492,SMB,-0.11409834626673075
20,492,HML,0.4734955865743753
20,492,WML,0.4322707657666226
20,493,MKT_RF,0.47243734099548196
20,493,SMB,-0.7419179324917462
20,493,HML,0.17001965847788725
20,493,WML,0.18951221104108312
20,494,MKT_RF,0.44550862839945915
20,494,SMB,-0.12573657888037387
20,494,HML,0.4053601134742315
20,494,WML,0.269934852542927
20,495,MKT_RF,0.38270269444158445
20,495,SMB,-0.1979149878353826
20,495,HML,0.2574705339663672
20,495,WML,0.1436815628013444
20,496,MKT_RF,0.3799821393048355
20,496,SMB,-0.19767643303170745
20,496,HML,0.34633486806891867
20,496,WML,0.1472445927492968
20,497,MKT_RF,0.692461503369365
20,497,SMB,-0.24917439685791398
20,497,HML,-0.37706324710130895
20,497,WML,-0.24626046228034548
20,498,MKT_RF,0.6920879670062899
20,498,SMB,0.20419788046501094
20,498,HML,-0.12236068845323517
20,498,WML,0.07656193125475219
20,499,MKT_RF,0.2020778806654445
20,499,SMB,-0.02064547286917745
20,499,HML,0.1604625837715592
20,499,WML,0.535047676851018
25,0,MKT_RF,0.08456071245778997
25,0,SMB,-0.05552865562044289
25,0,HML,0.9100168462822469
25,0,WML,0.7781203052730826
25,1,MKT_RF,0.3780727118085566
25,1,SMB,-0.16858908116731441
25,1,HML,-0.049667946815515854
25,1,WML,0.4792843432852359
25,2,MKT_RF,0.2741780283509546
25,2,SMB,-0.36118462640260507
25,2,HML,0.19380122299362393
25,2,WML,-0.37906991269195484
25,3,MKT_RF,0.38818880147687196
25,3,SMB,-0.32653821976006314
25,3,HML,0.15481637990159297
25,3,WML,-0.024591895224800788
25,4,MKT_RF,0.5899514880262166
25,4,SMB,-0.250846835839756
25,4,HML,-0.13579607638738725
25,4,WML,-0.2234127335967228
25,5,MKT_RF,0.4521666821220727
25,5,SMB,-0.1383312068432889
25,5,HML,0.23399306894439115
25,5,WML,0.16811225412984176
25,6,MKT_RF,0.5655990971103672
25,6,SMB,-0.22339823171909595
25,6,HML,0.31268613136335915
25,6,WML,0.14066501775234025
25,7,MKT_RF,0.6930401902319817
25,7,SMB,-0.18469319981317792
25,7,HML,0.09889848325819309
25,7,WML,0.13225658067804907
25,8,MKT_RF,0.42626555719033415
25,8,SMB,-0.14541795975531469
25,8,HML,0.38195113378874174
25,8,WML,0.6184513125307163
25,9,MKT_RF,0.4984407784851148
25,9,SMB,-0.17719303966476233
25,9,HML,0.284550304016745
25,9,WML,0.3715853959708466
25,10,MKT_RF,0.4090706649661414
25,10,SMB,-0.15481280943661685
25,10,HML,0.11843595601892294
25,10,WML,0.4174623369836596
25,11,MKT_RF,0.37859768629654633
25,11,SMB,0.07436899323646819
25,11,HML,0.262540561824758
25,11,WML,0.3243898258170171
25,12,MKT_RF,0.5044482897349871
25,12,SMB,-0.34718649468968293
25,12,HML,0.20134913206993751
25,12,WML,0.20110761034369806
25,13,MKT_RF,0.5986609304993377
25,13,SMB,-0.21730943108021222
25,13,HML,0.14970082303740875
25,13,WML,-0.16691237437794246
25,14,MKT_RF,0.476240604506202
25,14,SMB,-0.04430486219272688
25,14,HML,0.3450630803163872
25,14,WML,0.07206262717233437
25,15,MKT_RF,-0.017775680461383534
25,15,SMB,-0.06596782556762087
25,15,HML,0.28195075578753287
25,15,WML,0.8339195915710781
25,16,MKT_RF,0.2646373395043093
25,16,SMB,-0.11168009690693809
25,16,HML,0.6714852792084448
25,16,WML,0.6537352470481194
25,17,MKT_RF,0.584549707076424
25,17,SMB,-0.14668788672528718
25,17,HML,0.30912566553497
25,17,WML,-0.07138243866671272
25,18,MKT_RF,0.3353687115245559
25,18,SMB,-0.19192883610290146
25,18,HML,0.5316299251113265
25,18,WML,0.5057912402327842
25,19,MKT_RF,0.3102453085187062
25,19,SMB,-0.19829678716860266
25,19,HML,0.5819509749538008
25,19,WML,0.5420649228460342
25,20,MKT_RF,0.5931890230250826
25,20,SMB,-0.274561661826194
25,20,HML,0.1866027909568821
25,20,WML,0.07032087387445721
25,21,MKT_RF,0.19352314891402805
25,21,SMB,0.14290718304214664
25,21,HML,1.1693096968668155
25,21,WML,1.1298438898400625
25,22,MKT_RF,0.44012936528394647
25,22,SMB,0.02585411926627836
25,22,HML,0.20512155419565353
25,22,WML,0.29584082903150044
25,23,MKT_RF,0.3040895015354857
25,23,SMB,-0.1854986531467752
25,23,HML,-0.3305287150711409
25,23,WML,0.12755614151905417
25,24,MKT_RF,0.39719336994081644
25,24,SMB,-0.15453517856085272
25,24,HML,0.25477926544757856
25,24,WML,0.23559768838419506
25,25,MKT_RF,0.41518061516437416
25,25,SMB,0.0010837029287551587
25,25,HML,0.04045025057870237
25,25,WML,0.031621103316942255
25,26,MKT_RF,0.5902277300656771
25,26,SMB,-0.12852384935087527
25,26,HML,0.4333287223207748
25,26,WML,0.09206022185426156
25,27,MKT_RF,0.45708451329061356
25,27,SMB,-0.3058448962705662
25,27,HML,0.19655140843951904
25,27,WML,0.04090719411577752
25,28,MKT_RF,0.602245440835966
25,28,SMB,-0.19018002478201557
25,28,HML,0.2374114653730307
25,28,WML,-0.4974945832972899
25,29,MKT_RF,0.5600393271604147
25,29,SMB,-0.03128261604900484
25,29,HML,0.007181571925876489
25,29,WML,-0.5047041118320099
25,30,MKT_RF,0.2819785262480938
25,30,SMB,0.09796002108605405
25,30,HML,0.1811534875389739
25,30,WML,0.4700488402184254
25,31,MKT_RF,0.07262326743199182
25,31,SMB,0.211624492745972
25,31,HML,0.14796065862572905
25,31,WML,0.7114771710045756
25,32,MKT_RF,0.5589211536493547
25,32,SMB,0.04019653365000691
25,32,HML,0.49999132068997754
25,32,WML,-0.33932666513038656
25,33,MKT_RF,0.49645497232221936
25,33,SMB,-0.3131766537870008
25,33,HML,0.2460372079859379
25,33,WML,-0.0927553715624893
25,34,MKT_RF,0.6412816875025303
25,34,SMB,-0.39639238446060077
25,34,HML,0.3332690274822371
25,34,WML,-0.37667702781260937
25,35,MKT_RF,0.4137350198605997
25,35,SMB,-0.19500897621961338
25,35,HML,0.3915491180348848
25,35,WML,0.43460646112634577
25,36,MKT_RF,0.3850683409849371
25,36,SMB,-0.02508599425157588
25,36,HML,0.23101256367624126
25,36,WML,0.2570060793076678
25,37,MKT_RF,0.43562993666411154
25,37,SMB,-0.30998823728529357
25,37,HML,-0.012394349527879546
25,37,WML,0.682244932493833
25,38,MKT_RF,0.5033038761255921
25,38,SMB,0.05352558408187869
25,38,HML,0.17219748190445885
25,38,WML,-0.39086734364648035
25,39,MKT_RF,0.3393489914824083
25,39,SMB,0.0387831787047902
25,39,HML,-0.04429722338503599
25,39,WML,-0.10455114668780399
25,40,MKT_RF,0.6786332542351925
25,40,SMB,-0.3055652860894347
25,40,HML,0.42697594451735826
25,40,WML,0.24369620235318082
25,41,MKT_RF,0.30662791719786553
25,41,SMB,0.050952276980440206
25,41,HML,0.32917379499669436
25,41,WML,0.298317351543113
25,42,MKT_RF,0.1162755075461251
25,42,SMB,-0.2715386110164544
25,42,HML,0.5491593112389818
25,42,WML,0.6585089275239623
25,43,MKT_RF,0.2579387961044142
25,43,SMB,-0.26808353396439955
25,43,HML,0.5682469662786594
25,43,WML,0.6033130210068628
25,44,MKT_RF,0.3035244993965067
25,44,SMB,-0.025293488832499288
25,44,HML,-0.04468466413169077
25,44,WML,-0.07010297865487096
25,45,MKT_RF,0.31475816273257046
25,45,SMB,-0.2294094272538503
25,45,HML,0.31462903643644813
25,45,WML,0.8971974263749669
25,46,MKT_RF,0.4831402723568617
25,46,SMB,0.013672650375531288
25,46,HML,0.19006154029741806
25,46,WML,0.20515021377798567
25,47,MKT_RF,0.22389991734246445
25,47,SMB,0.10115378530723662
25,47,HML,0.5114448572292111
25,47,WML,0.06418438021443545
25,48,MKT_RF,0.7423832239803033
25,48,SMB,-0.4161221667269929
25,48,HML,0.46748514693867965
25,48,WML,0.005279591559888112
25,49,MKT_RF,0.3954637949370998
25,49,SMB,-0.16890168570660866
25,49,HML,0.06952399212385064
25,49,WML,0.36508023594411554
25,50,MKT_RF,0.39107277835207
25,50,SMB,-0.07396402200265796
25,50,HML,0.11856587158221019
25,50,WML,0.5314707890908035
25,51,MKT_RF,0.5683952921218222
25,51,SMB,-0.24613542164188618
25,51,HML,-0.15006293965758083
25,51,WML,0.15417750127291308
25,52,MKT_RF,0.510025398150502
25,52,SMB,0.07872251246100535
25,52,HML,0.6019051319807684
25,52,WML,0.3526974311330623
25,53,MKT_RF,0.2801692511739987
25,53,SMB,-0.31582788097333325
25,53,HML,0.322601821699504
25,53,WML,0.1744465706746797
25,54,MKT_RF,0.6385898174423814
25,54,SMB,-0.11599962074949259
25,54,HML,0.06783646021635605
25,54,WML,0.09634846637514446
25,55,MKT_RF,0.46503673224537195
25,55,SMB,-0.2854928986655031
25,55,HML,0.398473703150597
25,55,WML,0.21434612666689176
25,56,MKT_RF,0.6452929484030275
25,56,SMB,-0.0847264501470968
25,56,HML,-0.1809378544735802
25,56,WML,0.03941334162835823
25,57,MKT_RF,0.29160039630077506
25,57,SMB,-0.20843660321622848
25,57,HML,0.2818429840993348
25,57,WML,0.4551806663919316
25,58,MKT_RF,0.09451778113266486
25,58,SMB,-0.4377678116548841
25,58,HML,-0.06246742639717577
25,58,WML,1.1946534197457293
25,59,MKT_RF,0.44164723424550995
25,59,SMB,-0.13711702520592117
25,59,HML,0.3483051165555208
25,59,WML,0.03679052907125431
25,60,MKT_RF,0.26601925123591164
25,60,SMB,-0.35651875000875083
25,60,HML,0.5786274201811953
25,60,WML,0.8023077203901133
25,61,MKT_RF,0.38924734304656866
25,61,SMB,0.06754852452840167
25,61,HML,0.26891980410525096
25,61,WML,0.36702694280055514
25,62,MKT_RF,0.2652999859204137
25,62,SMB,-0.36820742739982126
25,62,HML,0.32839928796232903
25,62,WML,0.5786755631196727
25,63,MKT_RF,0.2610108727001502
25,63,SMB,-0.12459592636329515
25,63,HML,0.16607009370626594
25,63,WML,0.5877452452834683
25,64,MKT_RF,0.05208767263508087
25,64,SMB,-0.003466324369176109
25,64,HML,0.355386664364628
25,64,WML,0.9001053955378779
25,65,MKT_RF,0.3388263532625761
25,65,SMB,0.025462034285370947
25,65,HML,0.46531154535352814
25,65,WML,0.370123048325853
25,66,MKT_RF,0.6204439854745825
25,66,SMB,-0.18894878633728387
25,66,HML,-0.03284094443175833
25,66,WML,-0.17301764531645458
25,67,MKT_RF,0.5559517401459538
25,67,SMB,-0.06161859734615618
25,67,HML,0.15089830701777668
25,67,WML,0.062152273830437976
25,68,MKT_RF,0.4819863653607931
25,68,SMB,-0.22931772567586053
25,68,HML,0.055677483166918416
25,68,WML,-0.17286559776125207
25,69,MKT_RF,0.5250721683126485
25,69,SMB,-0.27005683120478197
25,69,HML,-0.11131937945704835
25,69,WML,0.11188522567137066
25,70,MKT_RF,0.38526018273073265
25,70,SMB,0.1902723753249413
25,70,HML,-0.2914656723674568
25,70,WML,-0.05930383711387433
25,71,MKT_RF,0.4280335269371169
25,71,SMB,-0.10491604770708596
25,71,HML,0.3115370506667476
25,71,WML,-0.27047698616718024
25,72,MKT_RF,0.37882710799009944
25,72,SMB,-0.17713765391429326
25,72,HML,0.263450806129069
25,72,WML,0.5592266210232694
25,73,MKT_RF,0.4463625995137659
25,73,SMB,0.13640018602075094
25,73,HML,0.024005876953771318
25,73,WML,0.48093595588162746
25,74,MKT_RF,0.2253927815346378
25,74,SMB,0.010216563199676156
25,74,HML,0.18843620913506604
25,74,WML,0.5648841180309466
25,75,MKT_RF,0.6116048424389361
25,75,SMB,-0.1858182121112502
25,75,HML,0.6367996282620481
25,75,WML,-0.04518051361142579
25,76,MKT_RF,0.4231199229189789
25,76,SMB,0.21363641349228935
25,76,HML,0.02506672166047593
25,76,WML,0.5450342690040538
25,77,MKT_RF,0.2885732873959194
25,77,SMB,-0.4398428243786836
25,77,HML,0.29365711298116026
25,77,WML,0.2341599927042618
25,78,MKT_RF,0.39602006274553053
25,78,SMB,-0.38797655881825527
25,78,HML,-0.030652345151943757
25,78,WML,0.26737513746686603
25,79,MKT_RF,0.09211466720470106
25,79,SMB,-0.06155804674052424
25,79,HML,0.4222612331800715
25,79,WML,0.5070709779426311
25,80,MKT_RF,0.6267435452574174
25,80,SMB,-0.23024735257219892
25,80,HML,0.34416845883784175
25,80,WML,-0.15278122652471057
25,81,MKT_RF,0.6059217788280438
25,81,SMB,-0.5212896471511326
25,81,HML,0.11586449752224288
25,81,WML,-0.10512124613506764
25,82,MKT_RF,0.629955744134181
25,82,SMB,-0.15299764645555755
25,82,HML,0.2123079891304975
25,82,WML,0.08352678478986986
25,83,MKT_RF,0.2798471959584017
25,83,SMB,-0.2742380095643047
25,83,HML,0.5879204587931768
25,83,WML,0.3023307466667538
25,84,MKT_RF,0.5242702600524912
25,84,SMB,-0.2456041222190445
25,84,HML,-0.18678255397974614
25,84,WML,0.21849309469201458
25,85,MKT_RF,0.42785835738500655
25,85,SMB,-0.36713618613370846
25,85,HML,0.0020325660930726876
25,85,WML,0.6870442625376222
25,86,MKT_RF,0.45239244862665434
25,86,SMB,-0.04463724472200152
25,86,HML,-0.053085319711016446
25,86,WML,0.3651451248421822
25,87,MKT_RF,0.28671933796400917
25,87,SMB,-0.16590053870785496
25,87,HML,0.7359780546977236
25,87,WML,0.3633030150416224
25,88,MKT_RF,0.5024331703420715
25,88,SMB,-0.13924835409077255
25,88,HML,0.32019478121412376
25,88,WML,-0.11286065121146985
25,89,MKT_RF,0.40959090732762
25,89,SMB,-0.4787705740286352
25,89,HML,-0.008022416726927113
25,89,WML,0.3097468672685255
25,90,MKT_RF,0.31994323148555476
25,90,SMB,-0.08389097742912292
25,90,HML,0.08777216693869319
25,90,WML,0.4909653939660824
25,91,MKT_RF,0.40233594226861963
25,91,SMB,-0.10200282273650163
25,91,HML,-0.01575405228354184
25,91,WML,0.0041791001175998784
25,92,MKT_RF,0.2678696425099232
25,92,SMB,-0.2625971293302844
25,92,HML,0.26663453264306286
25,92,WML,0.4089140211301315
25,93,MKT_RF,0.33896852195439653
25,93,SMB,-0.347137298792967
25,93,HML,0.4782730306538943
25,93,WML,0.16733085256592845
25,94,MKT_RF,0.33260025876424765
25,94,SMB,-0.055667503265200625
25,94,HML,-0.02465272512866841
25,94,WML,0.4161420387712565
25,95,MKT_RF,0.37429487738620876
25,95,SMB,-0.22472012608472444
25,95,HML,0.5342797180517284
25,95,WML,1.0910463777736688
25,96,MKT_RF,0.41137887910159343
25,96,SMB,0.06631003414540292
25,96,HML,0.44213708267852947
25,96,WML,1.1033894899929402
25,97,MKT_RF,0.396512344443762
25,97,SMB,-0.15279103085991447
25,97,HML,0.27145866275012054
25,97,WML,0.4709002320620556
25,98,MKT_RF,0.3996154773051521
25,98,SMB,0.057250506682333106
25,98,HML,0.49673721542933946
25,98,WML,0.38280332451302956
25,99,MKT_RF,-0.05422492613585949
25,99,SMB,0.3824585480309239
25,99,HML,0.45699866356863234
25,99,WML,1.16593850575151
25,100,MKT_RF,0.3428251525662652
25,100,SMB,-0.1747018617001616
25,100,HML,0.11338455180962415
25,100,WML,0.5149258590142812
25,101,MKT_RF,0.7287391410146453
25,101,SMB,-0.2170381695246808
25,101,HML,0.06732440310547731
25,101,WML,-0.10863622829288583
25,102,MKT_RF,0.6256541948820299
25,102,SMB,-0.1557110260794186
25,102,HML,0.5531324790004079
25,102,WML,0.1146266949780874
25,103,MKT_RF,0.30158009572384553
25,103,SMB,-0.2352551447031761
25,103,HML,0.49655897150968953
25,103,WML,0.32519634379387585
25,104,MKT_RF,0.5609230170329075
25,104,SMB,-0.42580828620805056
25,104,HML,0.4093781047161207
25,104,WML,-0.36184540264016635
25,105,MKT_RF,0.4064118118378797
25,105,SMB,-0.33200304095766914
25,105,HML,0.648995090912668
25,105,WML,0.3548743058525268
25,106,MKT_RF,0.409809973654341
25,106,SMB,0.12614853778189886
25,106,HML,0.34359591849886856
25,106,WML,-0.10620772316647728
25,107,MKT_RF,0.44940098857315625
25,107,SMB,-0.5631037606856294
25,107,HML,0.3688169850409324
25,107,WML,0.3380991012341498
25,108,MKT_RF,0.05832246067212402
25,108,SMB,-0.2024696907249894
25,108,HML,0.8243757874335699
25,108,WML,1.547479504569078
25,109,MKT_RF,0.5131003683028672
25,109,SMB,-0.31911655332420175
25,109,HML,0.44057184763760665
25,109,WML,-0.4233392696889023
25,110,MKT_RF,0.12733579799830927
25,110,SMB,-0.16292123095012476
25,110,HML,0.26794188204705244
25,110,WML,0.7866699320546865
25,111,MKT_RF,0.39098047142686454
25,111,SMB,0.24763123381334518
25,111,HML,0.29109342621054973
25,111,WML,0.3345674799138
25,112,MKT_RF,0.21272128307695776
25,112,SMB,-0.2587843565243869
25,112,HML,0.24737942544932462
25,112,WML,0.4585367551997249
25,113,MKT_RF,0.4735869951088423
25,113,SMB,-0.14834264218101317
25,113,HML,0.2778616994998787
25,113,WML,-0.41802034185942677
25,114,MKT_RF,0.6298463439293679
25,114,SMB,-0.31667919957343793
25,114,HML,0.3556914748504214
25,114,WML,-0.1314027985539947
25,115,MKT_RF,0.10353970632708857
25,115,SMB,-0.2420896877790977
25,115,HML,-0.007343965286838495
25,115,WML,0.8257083709187802
25,116,MKT_RF,0.19973737507188796
25,116,SMB,0.12832838611135813
25,116,HML,0.5141595153120525
25,116,WML,0.5888876780606691
25,117,MKT_RF,0.3089551079314291
25,117,SMB,-0.13334360260514871
25,117,HML,0.44760290523091173
25,117,WML,0.3531244598418913
25,118,MKT_RF,0.581564314548657
25,118,SMB,-0.31285436154258833
25,118,HML,0.36333949325042003
25,118,WML,-0.16449585033116915
25,119,MKT_RF,0.4581118564160765
25,119,SMB,-0.3886086042577988
25,119,HML,0.0701595721139827
25,119,WML,-0.3299331971767011
25,120,MKT_RF,0.26434268102270775
25,120,SMB,-0.3437376057274028
25,120,HML,0.3267982889366455
25,120,WML,0.4469750631173221
25,121,MKT_RF,0.534285327337359
25,121,SMB,-0.23586345966903352
25,121,HML,0.6491953525537897
25,121,WML,0.15514404922013114
25,122,MKT_RF,0.41891319879971545
25,122,SMB,-0.1503572932416572
25,122,HML,0.32975112432099457
25,122,WML,-0.13527683125042636
25,123,MKT_RF,0.7121729833469418
25,123,SMB,-0.007801856190753303
25,123,HML,0.22664786102587042
25,123,WML,-0.09114822081242951
25,124,MKT_RF,0.04587558089818371
25,124,SMB,-0.3496982308474397
25,124,HML,0.17914448791190385
25,124,WML,0.9634708098523403
25,125,MKT_RF,0.42298184320542026
25,125,SMB,-0.3055185711879208
25,125,HML,0.5188796381820507
25,125,WML,0.4247668928253128
25,126,MKT_RF,0.26175243439813767
25,126,SMB,-0.03638261944123595
25,126,HML,0.1300718650054066
25,126,WML,0.6395313378424765
25,127,MKT_RF,0.23458706461835457
25,127,SMB,-0.21337798179770004
25,127,HML,0.43026331822353237
25,127,WML,0.596404861028473
25,128,MKT_RF,0.38003692453288124
25,128,SMB,0.037953003184326886
25,128,HML,0.004421085996610322
25,128,WML,0.19643642379225457
25,129,MKT_RF,0.6071147429912724
25,129,SMB,-0.2932490686820449
25,129,HML,0.26794882097311046
25,129,WML,-0.12975603228153457
25,130,MKT_RF,0.6602461522094627
25,130,SMB,-0.22618285064178376
25,130,HML,0.432966653115887
25,130,WML,-0.11937472798457409
25,131,MKT_RF,0.5718372950853957
25,131,SMB,-0.12422417605482339
25,131,HML,0.011291499624644171
25,131,WML,0.21046836814389203
25,132,MKT_RF,0.510317499891855
25,132,SMB,-0.3587151802527632
25,132,HML,0.19869939132739492
25,132,WML,-0.03248176782535916
25,133,MKT_RF,0.31108345548999816
25,133,SMB,-0.0697955755503675
25,133,HML,0.3784851577071571
25,133,WML,0.21606431960262024
25,134,MKT_RF,0.35553063262444595
25,134,SMB,0.0255413433489919
25,134,HML,0.2821575051505624
25,134,WML,0.5850458107524437
25,135,MKT_RF,0.4900653327228644
25,135,SMB,-0.29518429389666256
25,135,HML,-0.018162094655700355
25,135,WML,0.41808830609222614
25,136,MKT_RF,0.3436002194899964
25,136,SMB,-0.3538700598956666
25,136,HML,0.2938338222120419
25,136,WML,0.1998681193048006
25,137,MKT_RF,0.5896964158364679
25,137,SMB,-0.283421258519738
25,137,HML,0.5915754567759134
25,137,WML,-0.010699792727149875
25,138,MKT_RF,0.3919466264687143
25,138,SMB,-0.14112494957951177
25,138,HML,0.1698108111290343
25,138,WML,0.1501042433768713
25,139,MKT_RF,0.3177006449978824
25,139,SMB,-0.3504627147735975
25,139,HML,0.5580254047940757
25,139,WML,0.9151433302817543
25,140,MKT_RF,0.4193609115748646
25,140,SMB,0.008807612554566436
25,140,HML,0.32455940681948214
25,140,WML,-0.12377944963359533
25,141,MKT_RF,0.4441361033162723
25,141,SMB,-0.07162345476508597
25,141,HML,0.2445163253405158
25,141,WML,0.1792068406726334
25,142,MKT_RF,0.6174572382834026
25,142,SMB,-0.18459321655622765
25,142,HML,0.18250054088538903
25,142,WML,-0.24981269760739963
25,143,MKT_RF,0.6162370778149008
25,143,SMB,-0.1272493203838986
25,143,HML,0.4640848735516437
25,143,WML,0.10969404462513237
25,144,MKT_RF,0.23943522168601425
25,144,SMB,-0.24734821747222555
25,144,HML,0.5055395711749762
25,144,WML,0.28881590120880146
25,145,MKT_RF,0.2212867203295149
25,145,SMB,-0.1009317224852764
25,145,HML,0.2246765809026492
25,145,WML,0.926592094741307
25,146,MKT_RF,0.6583946083236016
25,146,SMB,-0.16515947498648284
25,146,HML,0.05821824325974653
25,146,WML,0.24959671149316492
25,147,MKT_RF,0.21351836799365922
25,147,SMB,0.012278544740305508
25,147,HML,0.16499244646830566
25,147,WML,0.6668750580191679
25,148,MKT_RF,0.6202137811078893
25,148,SMB,-0.32374603706368976
25,148,HML,0.1955750331614163
25,148,WML,-0.03713336579678988
25,149,MKT_RF,0.4852140588057484
25,149,SMB,-0.182468101601844
25,149,HML,0.31473075807573087
25,149,WML,0.47076026863290477
25,150,MKT_RF,0.5816947286833196
25,150,SMB,-0.3810646962698816
25,150,HML,0.012158531834958495
25,150,WML,-0.19369212879234793
25,151,MKT_RF,-0.041828035993731603
25,151,SMB,0.01003733677169801
25,151,HML,-0.19947695915677066
25,151,WML,1.008474576461982
25,152,MKT_RF,0.45794601412578256
25,152,SMB,-0.07984535302349431
25,152,HML,0.2257158085914368
25,152,WML,0.2366050746910923
25,153,MKT_RF,0.09931647037534119
25,153,SMB,0.1915763079926455
25,153,HML,0.5566513564058577
25,153,WML,0.9158421123815665
25,154,MKT_RF,0.4933760537719399
25,154,SMB,-0.3160712662215904
25,154,HML,0.16985792290444734
25,154,WML,0.0036979759956697078
25,155,MKT_RF,0.5665152044819146
25,155,SMB,-0.1658173272705566
25,155,HML,0.043063124453007376
25,155,WML,0.10771982472827266
25,156,MKT_RF,0.40400080784834014
25,156,SMB,-0.11016747485799999
25,156,HML,0.010024176356979561
25,156,WML,0.18289332235973238
25,157,MKT_RF,0.4719449617581263
25,157,SMB,-0.6667509894683354
25,157,HML,0.41157761495154127
25,157,WML,0.025824717498616305
25,158,MKT_RF,0.2784197188011333
25,158,SMB,-0.1498303384577478
25,158,HML,0.5027672741565274
25,158,WML,0.48191773473705835
25,159,MKT_RF,0.39221306132238287
25,159,SMB,-0.20251073863857388
25,159,HML,0.28441394459527763
25,159,WML,0.41878055528990765
25,160,MKT_RF,0.3329063491772749
25,160,SMB,-0.02298835230489663
25,160,HML,0.3331811325890129
25,160,WML,0.151545165817777
25,161,MKT_RF,0.33314389380707865
25,161,SMB,-0.05298372188039882
25,161,HML,0.30157937888844305
25,161,WML,0.2789559995028358
25,162,MKT_RF,0.7194151189074485
25,162,SMB,-0.25060713883467695
25,162,HML,-0.22551733948280625
25,162,WML,-0.5720194112313409
25,163,MKT_RF,0.24545961784017978
25,163,SMB,-0.2829727052712452
25,163,HML,-0.10010352075104953
25,163,WML,0.8584449139020913
25,164,MKT_RF,0.5831976586111319
25,164,SMB,-0.49830907202259983
25,164,HML,0.0827444128809242
25,164,WML,-0.009072175468661807
25,165,MKT_RF,0.48905322293924
25,165,SMB,-0.09592479542130392
25,165,HML,0.2579522669085309
25,165,WML,0.10315279845861454
25,166,MKT_RF,0.8076706189398408
25,166,SMB,-0.09570588059301718
25,166,HML,-0.21775880152796678
25,166,WML,-0.308404290322436
25,167,MKT_RF,0.6415398299037819
25,167,SMB,-0.014537157370469012
25,167,HML,0.12004427877007336
25,167,WML,-0.24962196001875295
25,168,MKT_RF,0.33234087980038474
25,168,SMB,-0.049826888494179454
25,168,HML,0.18710803306726553
25,168,WML,0.08505299211476722
25,169,MKT_RF,0.25252947784662244
25,169,SMB,-0.2239421090377258
25,169,HML,-0.023930788716027517
25,169,WML,0.6809280504253619
25,170,MKT_RF,0.39034008303920487
25,170,SMB,-0.3953222333769536
25,170,HML,0.5696711998969421
25,170,WML,0.22656587590226315
25,171,MKT_RF,0.4338431931172524
25,171,SMB,-0.4965174005749973
25,171,HML,0.26543557693476255
25,171,WML,0.04935300651976814
25,172,MKT_RF,0.5926249123045871
25,172,SMB,-0.06536036966815201
25,172,HML,0.5913117494083281
25,172,WML,0.331775180195887
25,173,MKT_RF,0.3702613417214527
25,173,SMB,0.11117715959936195
25,173,HML,-0.1721829798081259
25,173,WML,0.20561501643505406
25,174,MKT_RF,0.2820315342969442
25,174,SMB,-0.18429003597253324
25,174,HML,0.571479738403816
25,174,WML,0.494338862906996
25,175,MKT_RF,0.10953465482706473
25,175,SMB,0.11778109104904537
25,175,HML,0.2814736596170078
25,175,WML,1.064028753076158
25,176,MKT_RF,0.5166432739195018
25,176,SMB,0.10216791514644086
25,176,HML,0.2756068276257399
25,176,WML,-0.020667142186810802
25,177,MKT_RF,0.26992341884386284
25,177,SMB,-0.38650644225157677
25,177,HML,0.38122805933580484
25,177,WML,0.03777794588562282
25,178,MKT_RF,0.43584663525201117
25,178,SMB,0.17540514497529908
25,178,HML,0.5489147001596879
25,178,WML,0.4943637370006762
25,179,MKT_RF,0.4115580352987286
25,179,SMB,0.03473709691238336
25,179,HML,0.2615216582452613
25,179,WML,0.2279467090312521
25,180,MKT_RF,0.301857070463731
25,180,SMB,-0.36055293259977267
25,180,HML,0.8701022128003613
25,180,WML,0.45095871117699965
25,181,MKT_RF,0.048760726267665526
25,181,SMB,0.050135273975796445
25,181,HML,0.3753422121601451
25,181,WML,0.5896751181067962
25,182,MKT_RF,0.31973794876778733
25,182,SMB,-0.07573405640187204
25,182,HML,-0.23598214798375838
25,182,WML,0.6695046562286854
25,183,MKT_RF,0.37750862729421253
25,183,SMB,-0.1510639483058479
25,183,HML,0.3064815142507993
25,183,WML,0.23607032263994107
25,184,MKT_RF,0.5113893785032813
25,184,SMB,0.07315317048240876
25,184,HML,0.11404231873419438
25,184,WML,-0.004676167921179915
25,185,MKT_RF,0.5272177583896083
25,185,SMB,-0.2692029528365609
25,185,HML,0.4461574957301074
25,185,WML,-0.4594405932336338
25,186,MKT_RF,0.5893965137791328
25,186,SMB,0.03118821578979661
25,186,HML,0.15137725318900658
25,186,WML,-0.03723931226485686
25,187,MKT_RF,0.22371843872166425
25,187,SMB,-0.07308399074163574
25,187,HML,0.21932477618044513
25,187,WML,0.68619694537824
25,188,MKT_RF,0.2761180368851774
25,188,SMB,-0.28027510233771813
25,188,HML,0.4757287581336997
25,188,WML,0.23472744695186898
25,189,MKT_RF,0.34310894109408735
25,189,SMB,-0.16198331433931235
25,189,HML,0.09718559647927473
25,189,WML,0.1547394233790797
25,190,MKT_RF,0.11313372891078097
25,190,SMB,0.1218842230257597
25,190,HML,0.3766293132669947
25,190,WML,0.9540560430205434
25,191,MKT_RF,0.17777927960570739
25,191,SMB,-0.019523411590517206
25,191,HML,0.1727546440136764
25,191,WML,1.070916082493997
25,192,MKT_RF,0.4479652328526554
25,192,SMB,-0.30021435700912996
25,192,HML,0.4066505415222936
25,192,WML,0.3494235577772947
25,193,MKT_RF,0.8277269641812627
25,193,SMB,-0.317778699765257
25,193,HML,-0.2545431274539559
25,193,WML,-0.6377958625914198
25,194,MKT_RF,0.342267347305822
25,194,SMB,0.12184472062586853
25,194,HML,0.02243883215512217
25,194,WML,0.6576539156064304
25,195,MKT_RF,0.3684167429402459
25,195,SMB,-0.013496763119519075
25,195,HML,0.5249208663195883
25,195,WML,0.39747812964106155
25,196,MKT_RF,0.6698957032411172
25,196,SMB,-0.5742387013028752
25,196,HML,0.1758622497303842
25,196,WML,-0.37425886135556463
25,197,MKT_RF,0.35189209204109945
25,197,SMB,-0.08620861043410372
25,197,HML,0.2824328780810731
25,197,WML,0.4997871619675961
25,198,MKT_RF,0.3590193562576479
25,198,SMB,0.08576892559430939
25,198,HML,0.3657324868036905
25,198,WML,0.5042916999697451
25,199,MKT_RF,0.2877359285477239
25,199,SMB,-0.2960490290912924
25,199,HML,-0.29617346089139207
25,199,WML,0.6634565607574656
25,200,MKT_RF,0.28737715929304886
25,200,SMB,-0.4916919803879308
25,200,HML,0.3628616772781645
25,200,WML,0.6541282562022992
25,201,MKT_RF,0.6631275039947536
25,201,SMB,-0.217258392421502
25,201,HML,0.5169271364398088
25,201,WML,0.019712799095340697
25,202,MKT_RF,0.2690676876642725
25,202,SMB,0.0215289402634518
25,202,HML,0.14994573697816266
25,202,WML,0.25698847214016696
25,203,MKT_RF,0.12629359475097418
25,203,SMB,-0.1583606211472463
25,203,HML,0.6025118623588531
25,203,WML,0.8054164217982485
25,204,MKT_RF,0.3080283288275778
25,204,SMB,-0.2448423493747415
25,204,HML,0.32010628527013135
25,204,WML,0.5899516115337953
25,205,MKT_RF,0.3352483802716958
25,205,SMB,-0.07104995575116058
25,205,HML,0.023209762949447658
25,205,WML,0.41627132795586924
25,206,MKT_RF,0.31126895489283574
25,206,SMB,-0.2580582845677754
25,206,HML,0.6961857110510459
25,206,WML,0.35499680877876066
25,207,MKT_RF,0.33302581336392983
25,207,SMB,0.14099003292776843
25,207,HML,0.6069841065638248
25,207,WML,0.18095177515600996
25,208,MKT_RF,0.21341426891386275
25,208,SMB,-0.1281110630610136
25,208,HML,0.9377088107068157
25,208,WML,0.5400719744432312
25,209,MKT_RF,0.517004103088888
25,209,SMB,-0.12273883630054429
25,209,HML,0.499321148620073
25,209,WML,-0.30368883454550494
25,210,MKT_RF,0.28637476046322885
25,210,SMB,-0.4938732939420232
25,210,HML,0.5730539957581572
25,210,WML,0.277119533653076
25,211,MKT_RF,0.33620878298946255
25,211,SMB,-0.13572742572125665
25,211,HML,-0.013920945174361968
25,211,WML,0.509102892641403
25,212,MKT_RF,0.27229742866216755
25,212,SMB,-0.2132786553049866
25,212,HML,0.1070333344416321
25,212,WML,0.5557991743702556
25,213,MKT_RF,0.4448414901700775
25,213,SMB,-0.29206352833071825
25,213,HML,0.11848368917160626
25,213,WML,0.30717455436168806
25,214,MKT_RF,0.423903545872535
25,214,SMB,-0.3489303461214851
25,214,HML,0.4500848870518581
25,214,WML,0.20672348392081996
25,215,MKT_RF,0.34643589754023113
25,215,SMB,0.08086006539162235
25,215,HML,0.01117119676870939
25,215,WML,0.36789281694655224
25,216,MKT_RF,0.5523166404663346
25,216,SMB,-0.3189701711858625
25,216,HML,0.3995077370093715
25,216,WML,-0.432337017297318
25,217,MKT_RF,0.48538172012524344
25,217,SMB,-0.056469607160102755
25,217,HML,0.05754719043920061
25,217,WML,0.42062960536295485
25,218,MKT_RF,0.4057200435548294
25,218,SMB,-0.21100800601430672
25,218,HML,-0.12373108532516808
25,218,WML,0.6950860896214471
25,219,MKT_RF,0.6742581474291348
25,219,SMB,-0.011135822715329013
25,219,HML,0.28308092548108954
25,219,WML,-0.18196056516917117
25,220,MKT_RF,0.6933647076241367
25,220,SMB,0.011223307984731392
25,220,HML,0.20265253065995564
25,220,WML,-0.2550344279715827
25,221,MKT_RF,0.5634479073040195
25,221,SMB,-0.14809774719514063
25,221,HML,0.06396708605474065
25,221,WML,-0.013401677641530755
25,222,MKT_RF,0.21126279293165304
25,222,SMB,-0.0658648485070436
25,222,HML,0.4827958491973564
25,222,WML,0.4054779275120322
25,223,MKT_RF,0.3454618801533855
25,223,SMB,0.12246996093385505
25,223,HML,0.1704885223058667
25,223,WML,0.090307518613752
25,224,MKT_RF,0.2829416694968889
25,224,SMB,0.03563848848913831
25,224,HML,-0.09022152143582975
25,224,WML,0.018555554545822528
25,225,MKT_RF,0.6408687767467017
25,225,SMB,-0.3910841401585497
25,225,HML,0.8390990319512892
25,225,WML,-0.19521536456096789
25,226,MKT_RF,0.46089528761016263
25,226,SMB,-0.5082456542852036
25,226,HML,0.3829063845200114
25,226,WML,0.23160473376271726
25,227,MKT_RF,0.7405459617797591
25,227,SMB,-0.16895735739053028
25,227,HML,0.13928664384931924
25,227,WML,-0.02628133062299713
25,228,MKT_RF,0.42793318603917213
25,228,SMB,0.17786638165079038
25,228,HML,0.1565386806487174
25,228,WML,0.28837451509297596
25,229,MKT_RF,0.19055938602273972
25,229,SMB,-0.25943005515003037
25,229,HML,0.27217727929633057
25,229,WML,0.468679112779139
25,230,MKT_RF,0.25198799190797355
25,230,SMB,-0.16807462245696225
25,230,HML,0.34154086878663925
25,230,WML,0.7589960426078686
25,231,MKT_RF,0.38764532408013735
25,231,SMB,-0.3011347203788032
25,231,HML,0.3244949426538756
25,231,WML,0.4967565136291912
25,232,MKT_RF,0.39537464378020526
25,232,SMB,-0.15538820251086596
25,232,HML,0.5764509144786281
25,232,WML,0.43194911627154525
25,233,MKT_RF,0.5039273193063111
25,233,SMB,-0.14633952238621303
25,233,HML,0.3560985880917457
25,233,WML,0.13559034616117385
25,234,MKT_RF,0.4644230809568422
25,234,SMB,-0.04712008923737487
25,234,HML,0.2185572419776197
25,234,WML,0.6193878329045109
25,235,MKT_RF,0.4698706236508412
25,235,SMB,-0.002313396889516205
25,235,HML,0.15813407196540583
25,235,WML,-0.12900490497411676
25,236,MKT_RF,0.6348889356082043
25,236,SMB,-0.3022789067460347
25,236,HML,-0.07655015001195285
25,236,WML,0.24046636765175172
25,237,MKT_RF,0.3298078339466146
25,237,SMB,0.10895616646897946
25,237,HML,0.22765994881168697
25,237,WML,0.09146564427518386
25,238,MKT_RF,0.3387653726496884
25,238,SMB,-0.48039944765291387
25,238,HML,0.27162893684562595
25,238,WML,0.6422925237870655
25,239,MKT_RF,0.5015285873985889
25,239,SMB,-0.2761735774825121
25,239,HML,0.348922908768015
25,239,WML,0.09871069115879176
25,240,MKT_RF,0.4177464400846843
25,240,SMB,0.25215185479753766
25,240,HML,0.09665488233860939
25,240,WML,0.45436647837741
25,241,MKT_RF,0.5099839367881323
25,241,SMB,-0.1556359501941933
25,241,HML,0.5392745846054527
25,241,WML,0.18365348717013924
25,242,MKT_RF,0.27457353070160007
25,242,SMB,-0.29607993317065256
25,242,HML,0.1721080073331866
25,242,WML,0.4112442987916803
25,243,MKT_RF,0.4028125622635773
25,243,SMB,-0.6263093613244376
25,243,HML,0.19979697047339892
25,243,WML,0.44357879104808995
25,244,MKT_RF,0.385093222768158
25,244,SMB,-0.26451509826352443
25,244,HML,0.17550941337323284
25,244,WML,0.12794603103249727
25,245,MKT_RF,0.4572997797147198
25,245,SMB,-0.23705267950558356
25,245,HML,0.3096538665282497
25,245,WML,-0.10618425154660481
25,246,MKT_RF,0.5669235529147377
25,246,SMB,0.10692951139860356
25,246,HML,0.1466909402982391
25,246,WML,0.4069740864752285
25,247,MKT_RF,0.34011008248219554
25,247,SMB,-0.3983941008488736
25,247,HML,0.4102565899094963
25,247,WML,0.28449057363582775
25,248,MKT_RF,0.36498306063847386
25,248,SMB,-0.1778601149133141
25,248,HML,0.5560618991723997
25,248,WML,0.499967541111901
25,249,MKT_RF,0.4002321381525585
25,249,SMB,-0.3782552068296402
25,249,HML,0.18241335546628923
25,249,WML,0.036850114616791496
25,250,MKT_RF,0.43404451106171
25,250,SMB,-0.19478959807981905
25,250,HML,0.05984211387743706
25,250,WML,0.37154433661123476
25,251,MKT_RF,0.38548753041519
25,251,SMB,0.09777231717250442
25,251,HML,0.02003335691923756
25,251,WML,0.6368725889351469
25,252,MKT_RF,0.4003091148552745
25,252,SMB,-0.10629692732706095
25,252,HML,0.5519055617114802
25,252,WML,0.27815375132339387
25,253,MKT_RF,0.4574061768706487
25,253,SMB,-0.21554285806696138
25,253,HML,0.44813500676415385
25,253,WML,0.08886025532125484
25,254,MKT_RF,0.5630274788883672
25,254,SMB,-0.4942633211736702
25,254,HML,0.0906364841756482
25,254,WML,-0.08478603182535663
25,255,MKT_RF,0.6230298962620181
25,255,SMB,0.055676756882321855
25,255,HML,0.31207994031874664
25,255,WML,-0.19990263500627786
25,256,MKT_RF,0.4622044595041577
25,256,SMB,-0.5480917703058518
25,256,HML,0.2783353306282554
25,256,WML,-0.08659486847487807
25,257,MKT_RF,0.34503438684248355
25,257,SMB,-0.4668414360112036
25,257,HML,0.16846720306228427
25,257,WML,0.12471768213591893
25,258,MKT_RF,0.4582727182557639
25,258,SMB,-0.13267661332021904
25,258,HML,-0.015179248061336624
25,258,WML,0.3459344753738783
25,259,MKT_RF,0.3413269020481796
25,259,SMB,-0.16641686974731196
25,259,HML,0.18582558351671014
25,259,WML,0.04418578930597431
25,260,MKT_RF,0.408922336435995
25,260,SMB,-0.2727291998614447
25,260,HML,0.07801015028721815
25,260,WML,0.3144328135768768
25,261,MKT_RF,0.33628680571464736
25,261,SMB,-0.09632906492266734
25,261,HML,0.41891077193152443
25,261,WML,0.1518976412267742
25,262,MKT_RF,0.3705455270913802
25,262,SMB,0.06511834080381466
25,262,HML,0.3613422121560341
25,262,WML,0.3885365142811258
25,263,MKT_RF,0.5739128709157799
25,263,SMB,-0.047151780107019974
25,263,HML,0.2702333739925152
25,263,WML,-0.029997902124285145
25,264,MKT_RF,0.18650239699564936
25,264,SMB,-0.3003488989286838
25,264,HML,0.11292383699781046
25,264,WML,0.6091703861998489
25,265,MKT_RF,0.6383005246966467
25,265,SMB,-0.17144000472437004
25,265,HML,0.19507965014859238
25,265,WML,-0.206620236923757
25,266,MKT_RF,0.19774254558090987
25,266,SMB,0.2757714129937212
25,266,HML,0.48183297914455325
25,266,WML,0.42028770130426296
25,267,MKT_RF,0.21833484404790146
25,267,SMB,0.3159016361954253
25,267,HML,0.4211457310397261
25,267,WML,0.5867968683328533
25,268,MKT_RF,0.5154208646047418
25,268,SMB,-0.10894869427785048
25,268,HML,0.13963427613599405
25,268,WML,0.5656114769921508
25,269,MKT_RF,0.7736709748513882
25,269,SMB,-0.10910509815941674
25,269,HML,-0.03389708929298342
25,269,WML,-0.12772205019900965
25,270,MKT_RF,0.4114305417359932
25,270,SMB,-0.16644344523582214
25,270,HML,0.43666300104170874
25,270,WML,0.16388470242286446
25,271,MKT_RF,0.536080719138824
25,271,SMB,0.1344034595235044
25,271,HML,0.1499699665264186
25,271,WML,0.22839135218248868
25,272,MKT_RF,0.2231370578929421
25,272,SMB,-0.38155720059907594
25,272,HML,0.8291121763190717
25,272,WML,0.6192578138650118
25,273,MKT_RF,0.44046790227708404
25,273,SMB,-0.3220705556580558
25,273,HML,0.2054319611952609
25,273,WML,0.07994164165017091
25,274,MKT_RF,0.3980089263905641
25,274,SMB,-0.43342539871833186
25,274,HML,0.3938720304345501
25,274,WML,0.317727666996856
25,275,MKT_RF,0.30654535099799723
25,275,SMB,-0.08153926983951619
25,275,HML,0.2533242030679747
25,275,WML,0.8273574766498927
25,276,MKT_RF,0.6461840642619608
25,276,SMB,0.0735438633331515
25,276,HML,-0.04476002001468089
25,276,WML,0.13194386293928018
25,277,MKT_RF,0.5360743934405868
25,277,SMB,-0.24708672578262364
25,277,HML,0.2347150701726474
25,277,WML,0.33636284963842017
25,278,MKT_RF,0.32284185075850913
25,278,SMB,-0.2991383727367428
25,278,HML,0.1816785295199718
25,278,WML,0.8197009806396129
25,279,MKT_RF,0.20819043329612882
25,279,SMB,-0.2069737055428273
25,279,HML,0.05145370744940685
25,279,WML,0.6652741235072787
25,280,MKT_RF,0.5281168554810074
25,280,SMB,0.009787208488753427
25,280,HML,0.3959398579537077
25,280,WML,-0.3553050214022006
25,281,MKT_RF,0.6790716352272843
25,281,SMB,-0.36885883270600095
25,281,HML,0.4237766594855617
25,281,WML,-0.6884703044840608
25,282,MKT_RF,0.09178209949660258
25,282,SMB,0.07075507823306877
25,282,HML,0.1631282511592227
25,282,WML,0.7700021053530922
25,283,MKT_RF,0.389591057064749
25,283,SMB,-0.15364768059101125
25,283,HML,-0.16442902299847306
25,283,WML,-0.05421118343079261
25,284,MKT_RF,0.4717419632341475
25,284,SMB,-0.0023497802923310804
25,284,HML,0.06965894720527535
25,284,WML,0.284263814583119
25,285,MKT_RF,0.30542354931253907
25,285,SMB,-0.06696772464846497
25,285,HML,0.5955786739575533
25,285,WML,0.3443000884973857
25,286,MKT_RF,0.3364295891123213
25,286,SMB,-0.3375343421529681
25,286,HML,0.31375298328402496
25,286,WML,0.4708358879668567
25,287,MKT_RF,0.7062140753330747
25,287,SMB,0.017740061448224955
25,287,HML,-0.06242762960772606
25,287,WML,-0.39829719504160666
25,288,MKT_RF,0.36563312536539283
25,288,SMB,-0.35665604175443594
25,288,HML,0.3503881170972368
25,288,WML,0.009062613155255653
25,289,MKT_RF,0.1997876688385119
25,289,SMB,-0.2018250326068238
25,289,HML,0.15308506371078506
25,289,WML,0.9557715146657635
25,290,MKT_RF,0.5116487052506207
25,290,SMB,0.1127054742660739
25,290,HML,-0.06140571984467934
25,290,WML,0.29054901811357425
25,291,MKT_RF,0.1629739563287905
25,291,SMB,-0.37714124045260744
25,291,HML,0.22899962124423037
25,291,WML,1.1939796257181374
25,292,MKT_RF,0.6084877751856808
25,292,SMB,0.007870064160105342
25,292,HML,0.050646770634497414
25,292,WML,0.09890840135673386
25,293,MKT_RF,0.057385378014535575
25,293,SMB,-0.11237426562057563
25,293,HML,0.3071454144347247
25,293,WML,0.7648431745161035
25,294,MKT_RF,0.5443107920470145
25,294,SMB,-0.07546672693671011
25,294,HML,0.05161113964415882
25,294,WML,0.14807517911572415
25,295,MKT_RF,0.6436517511446677
25,295,SMB,-0.3435697303491469
25,295,HML,-0.06838456164183283
25,295,WML,-0.06062079874488593
25,296,MKT_RF,0.2854971014714687
25,296,SMB,0.11293438526203803
25,296,HML,0.22988732754575592
25,296,WML,0.8106262116798368
25,297,MKT_RF,0.5808240567464317
25,297,SMB,-0.14090473265856907
25,297,HML,0.3118821907790907
25,297,WML,0.0967772753535897
25,298,MKT_RF,0.5653264208733172
25,298,SMB,-0.06527003681098628
25,298,HML,0.42043978226049633
25,298,WML,0.35040293394862354
25,299,MKT_RF,0.5562124492358166
25,299,SMB,-0.33013605384425876
25,299,HML,0.2042830432498598
25,299,WML,-0.18969807847849282
25,300,MKT_RF,0.3902341310785493
25,300,SMB,-0.1000028348680816
25,300,HML,0.2191280842726429
25,300,WML,0.3778730864747603
25,301,MKT_RF,0.2767211285801514
25,301,SMB,-0.09157865221399339
25,301,HML,0.4873072818760189
25,301,WML,0.6309006120920819
25,302,MKT_RF,0.20539001236497892
25,302,SMB,-0.16725899359233254
25,302,HML,0.45874126156043854
25,302,WML,0.6447661966117909
25,303,MKT_RF,0.40211138254956147
25,303,SMB,-0.24868924044193316
25,303,HML,-0.026944691313155925
25,303,WML,0.139619382512154
25,304,MKT_RF,0.22681890687976214
25,304,SMB,-0.06272776979399984
25,304,HML,0.29077483453376973
25,304,WML,0.9633032371520797
25,305,MKT_RF,0.5398913464444435
25,305,SMB,-0.0476754111129821
25,305,HML,0.5098845693603176
25,305,WML,-0.28818564739253105
25,306,MKT_RF,0.48700380766739393
25,306,SMB,-0.15196440320955507
25,306,HML,-0.10580934759580898
25,306,WML,0.1362969574977433
25,307,MKT_RF,0.4740566452691801
25,307,SMB,-0.12698567062265262
25,307,HML,0.21769288395984632
25,307,WML,0.4118657116209006
25,308,MKT_RF,0.33569044321800684
25,308,SMB,-0.35790073482653945
25,308,HML,0.13454850193028
25,308,WML,0.3549421334523361
25,309,MKT_RF,0.5397163455747669
25,309,SMB,-0.1711381911199562
25,309,HML,-0.13921043820604093
25,309,WML,-0.034801740209879396
25,310,MKT_RF,0.2595357278619733
25,310,SMB,-0.25174268087941376
25,310,HML,0.7148583902503228
25,310,WML,0.6088964809018677
25,311,MKT_RF,0.17806101522564344
25,311,SMB,-0.29808656317168825
25,311,HML,0.19062931605171204
25,311,WML,1.1473192752624481
25,312,MKT_RF,0.15472846686971523
25,312,SMB,-0.12414246365074948
25,312,HML,0.3970736421501297
25,312,WML,0.9817025557565209
25,313,MKT_RF,0.41840841296295195
25,313,SMB,-0.4091418695354433
25,313,HML,0.7161076831045724
25,313,WML,0.13232274346517803
25,314,MKT_RF,0.7800799896036559
25,314,SMB,-0.06437209353806121
25,314,HML,0.11979338762108499
25,314,WML,-0.1981192268502834
25,315,MKT_RF,0.3369961127018866
25,315,SMB,-0.15464900944159965
25,315,HML,0.4295112397885257
25,315,WML,-0.015256592629921776
25,316,MKT_RF,0.4459312985472034
25,316,SMB,-0.00980257264940406
25,316,HML,0.5138996365873362
25,316,WML,0.510894885017248
25,317,MKT_RF,0.7008038507776281
25,317,SMB,-0.12416233165572518
25,317,HML,0.1647116596925016
25,317,WML,-0.3050917092793972
25,318,MKT_RF,0.3159926180812898
25,318,SMB,0.29059582143752527
25,318,HML,0.167538917751918
25,318,WML,0.6677017889432937
25,319,MKT_RF,0.3003892993334924
25,319,SMB,-0.14992653416302526
25,319,HML,0.22997648390208603
25,319,WML,0.46642297594486276
25,320,MKT_RF,0.6137412888610457
25,320,SMB,-0.08796384051402088
25,320,HML,0.11785805757900723
25,320,WML,-0.11719802146099954
25,321,MKT_RF,0.7399530838942906
25,321,SMB,-0.16761223632998112
25,321,HML,0.29605184062149675
25,321,WML,-0.24249941292930952
25,322,MKT_RF,0.4966337378348708
25,322,SMB,-0.3337632381525964
25,322,HML,0.14350758716043752
25,322,WML,-0.021610444499544787
25,323,MKT_RF,0.2531914778996243
25,323,SMB,-0.10644849495356902
25,323,HML,0.24749918196538204
25,323,WML,0.30804200077506977
25,324,MKT_RF,0.13143143265627444
25,324,SMB,0.15428522466645964
25,324,HML,0.038846381949684934
25,324,WML,0.8843897926867702
25,325,MKT_RF,0.5870811262285921
25,325,SMB,-0.2969645256182609
25,325,HML,0.08391230508666586
25,325,WML,0.10203743561890273
25,326,MKT_RF,0.3071093564999649
25,326,SMB,-0.36134783237969137
25,326,HML,0.40352089516211015
25,326,WML,0.7392579599647469
25,327,MKT_RF,0.18230809335477668
25,327,SMB,-0.11611094350170503
25,327,HML,0.3907871844640252
25,327,WML,0.5393628065890229
25,328,MKT_RF,0.7354604736166707
25,328,SMB,-0.2232762982764464
25,328,HML,-0.1887691996271012
25,328,WML,0.06259403663934159
25,329,MKT_RF,0.37205002536064447
25,329,SMB,-0.04710981466636386
25,329,HML,0.24165630931960513
25,329,WML,0.5205203163817015
25,330,MKT_RF,0.15482490704885657
25,330,SMB,-0.13989891533274945
25,330,HML,0.21956850173877618
25,330,WML,0.8954526154524063
25,331,MKT_RF,0.4904996108317829
25,331,SMB,0.16393952482076973
25,331,HML,0.8058097970681244
25,331,WML,0.31669614478327696
25,332,MKT_RF,0.360882060721544
25,332,SMB,-0.2510886430452933
25,332,HML,0.061961013486891516
25,332,WML,0.012151315451777582
25,333,MKT_RF,0.37312085065414563
25,333,SMB,-0.03571886800257148
25,333,HML,0.1188600339933411
25,333,WML,0.11388222505368373
25,334,MKT_RF,0.32415331855714624
25,334,SMB,-0.056845170898415884
25,334,HML,0.341890214770835
25,334,WML,-0.038381233808551615
25,335,MKT_RF,0.5844786783821722
25,335,SMB,-0.39135058855725247
25,335,HML,0.16357500710270367
25,335,WML,-0.20058636343004435
25,336,MKT_RF,0.5315313682812051
25,336,SMB,-0.2745644524100362
25,336,HML,0.0862579505813782
25,336,WML,-0.13003285065138764
25,337,MKT_RF,0.4034242496610657
25,337,SMB,-0.08197571256812539
25,337,HML,0.3826137886195941
25,337,WML,0.30198577297297713
25,338,MKT_RF,0.5826985995303944
25,338,SMB,-0.23708873655814075
25,338,HML,0.21221908171949258
25,338,WML,0.4117677989958762
25,339,MKT_RF,0.40168802856661834
25,339,SMB,-0.42745869306415
25,339,HML,0.5707850958241222
25,339,WML,-0.09628840593297261
25,340,MKT_RF,0.48922426912963435
25,340,SMB,-0.12600589257943678
25,340,HML,0.756961502967472
25,340,WML,-0.023932821053020418
25,341,MKT_RF,0.9278575152414268
25,341,SMB,0.03747250274409329
25,341,HML,0.20291256222550624
25,341,WML,-0.20588902655352523
25,342,MKT_RF,0.359257062759502
25,342,SMB,-0.06459542293966414
25,342,HML,0.18953591250905383
25,342,WML,0.19026682652170362
25,343,MKT_RF,0.5746827803718537
25,343,SMB,-0.5206442560085145
25,343,HML,0.03340544023337328
25,343,WML,0.14856693112065367
25,344,MKT_RF,0.44964713985947197
25,344,SMB,-0.42811448449124184
25,344,HML,-0.09761055221459686
25,344,WML,0.16056630739401115
25,345,MKT_RF,0.29096525944843066
25,345,SMB,-0.06939727244474982
25,345,HML,0.6980805816709709
25,345,WML,0.3419715992104758
25,346,MKT_RF,0.3923244590312261
25,346,SMB,-0.08321105660847626
25,346,HML,0.6342617408698487
25,346,WML,0.24529643505030024
25,347,MKT_RF,0.5726437313629467
25,347,SMB,0.12257974707073731
25,347,HML,0.21412400840030316
25,347,WML,-0.08483884433759716
25,348,MKT_RF,0.5372345847320262
25,348,SMB,-0.21121026906817456
25,348,HML,0.0745210840375554
25,348,WML,0.47438281725961456
25,349,MKT_RF,0.4798012779316645
25,349,SMB,-0.157279324974971
25,349,HML,0.3868515491159396
25,349,WML,-0.2002960307116727
25,350,MKT_RF,0.38804416269161873
25,350,SMB,-0.21109499528493403
25,350,HML,0.2163824245830547
25,350,WML,0.13337922200610586
25,351,MKT_RF,0.4629427284208752
25,351,SMB,-0.1738408309423864
25,351,HML,0.11460172776623764
25,351,WML,0.055956619278835044
25,352,MKT_RF,0.7500326443799996
25,352,SMB,-0.289389002816878
25,352,HML,0.019816340080566087
25,352,WML,-0.4249546023342853
25,353,MKT_RF,0.21800520036921944
25,353,SMB,-0.07224437218053802
25,353,HML,0.28379157897034074
25,353,WML,0.776719688523998
25,354,MKT_RF,0.4942283605432882
25,354,SMB,-0.09255507676123975
25,354,HML,0.39508002230160744
25,354,WML,0.048203990900896374
25,355,MKT_RF,0.5691621162389706
25,355,SMB,-0.3598839970819303
25,355,HML,0.11823377700602944
25,355,WML,-0.042128812865383135
25,356,MKT_RF,0.3475749194789697
25,356,SMB,-0.04838125025547311
25,356,HML,-0.10569738568419357
25,356,WML,0.6178636806583918
25,357,MKT_RF,0.1734239195170564
25,357,SMB,-0.2488359889608915
25,357,HML,0.5715024652605394
25,357,WML,0.5117453951723006
25,358,MKT_RF,0.10398920088381465
25,358,SMB,-0.12275329546447084
25,358,HML,0.2454539151103892
25,358,WML,0.8576823312228604
25,359,MKT_RF,0.7053210569971047
25,359,SMB,-0.2813974504881851
25,359,HML,-0.042610355572699446
25,359,WML,0.0762555763731038
25,360,MKT_RF,0.47316238207144884
25,360,SMB,-0.5778506665800487
25,360,HML,0.29524751609579003
25,360,WML,-0.22328586689943725
25,361,MKT_RF,0.4994450501633933
25,361,SMB,-0.5094527456541502
25,361,HML,0.434452654852711
25,361,WML,0.20690963168588328
25,362,MKT_RF,0.6217955666518427
25,362,SMB,-0.20600679599863972
25,362,HML,0.13813310430665798
25,362,WML,0.1267708438862129
25,363,MKT_RF,0.6587975372144517
25,363,SMB,-0.3983792064501262
25,363,HML,0.2326439377308827
25,363,WML,0.09465964963195282
25,364,MKT_RF,0.28336431301508574
25,364,SMB,-0.33979640260427846
25,364,HML,0.26972746421985644
25,364,WML,0.7381869543969323
25,365,MKT_RF,0.3143679961535874
25,365,SMB,-0.15370008664440832
25,365,HML,0.14898858189556005
25,365,WML,0.5204396051310388
25,366,MKT_RF,0.28324155073139384
25,366,SMB,-0.19179075159143047
25,366,HML,0.30310740169403055
25,366,WML,0.7428407689051683
25,367,MKT_RF,0.27267534886112316
25,367,SMB,-0.1121320593937094
25,367,HML,0.20108517215546146
25,367,WML,0.7635891286296907
25,368,MKT_RF,0.48281521486225487
25,368,SMB,-0.1337306882687246
25,368,HML,0.141988180451036
25,368,WML,0.13919755745753012
25,369,MKT_RF,0.2768646721942708
25,369,SMB,-0.12101873401538679
25,369,HML,0.21533369733691507
25,369,WML,0.7736518775560268
25,370,MKT_RF,0.21060432912829027
25,370,SMB,-0.4167915537787924
25,370,HML,0.48619690594296744
25,370,WML,0.6190889612084266
25,371,MKT_RF,0.6189502012201473
25,371,SMB,-0.6009745678481851
25,371,HML,0.29454313523486364
25,371,WML,0.19013865561985624
25,372,MKT_RF,0.27582810208831127
25,372,SMB,-0.12284883620434571
25,372,HML,0.3054793863217744
25,372,WML,0.23388535019122553
25,373,MKT_RF,0.34822516534507086
25,373,SMB,-0.19521669311880746
25,373,HML,0.5901942429651231
25,373,WML,-0.03440300282318145
25,374,MKT_RF,0.5973930214168244
25,374,SMB,0.0901580567145376
25,374,HML,0.2732110440160911
25,374,WML,-0.036675943902383885
25,375,MKT_RF,0.46086075813543376
25,375,SMB,-0.029242552063371948
25,375,HML,0.10814595510224083
25,375,WML,0.0743657701347913
25,376,MKT_RF,0.7358966663067124
25,376,SMB,-0.19149207468870583
25,376,HML,-0.07131044717423313
25,376,WML,-0.4984098823163038
25,377,MKT_RF,0.20124933627951144
25,377,SMB,0.20687283625648686
25,377,HML,0.03641053370465214
25,377,WML,0.7681001370334607
25,378,MKT_RF,0.2720634583679619
25,378,SMB,-0.2928390468055015
25,378,HML,0.4238445695431493
25,378,WML,0.6121883759283571
25,379,MKT_RF,0.4362210047897273
25,379,SMB,0.3097841088439304
25,379,HML,0.1294043900601075
25,379,WML,-0.0924250279717174
25,380,MKT_RF,0.3827512340194523
25,380,SMB,-0.2188061303267254
25,380,HML,0.07806942175392714
25,380,WML,-0.08658414328489927
25,381,MKT_RF,0.3229414466059822
25,381,SMB,-0.4640477817525273
25,381,HML,0.4508149789349623
25,381,WML,0.4211243840376006
25,382,MKT_RF,0.42479060858449125
25,382,SMB,-0.37019717341625186
25,382,HML,0.6380943097082258
25,382,WML,0.09850642958444582
25,383,MKT_RF,0.3361404620675617
25,383,SMB,-0.013602728179021393
25,383,HML,0.24326442387574088
25,383,WML,0.15138001436128626
25,384,MKT_RF,0.39683915900348227
25,384,SMB,-0.1947042793298158
25,384,HML,0.21696081479956422
25,384,WML,0.66572332303846
25,385,MKT_RF,0.4050890442158415
25,385,SMB,-0.01663360527656476
25,385,HML,0.4185494423209694
25,385,WML,0.48630264837144244
25,386,MKT_RF,0.393021329689078
25,386,SMB,-0.2570401635559418
25,386,HML,0.3272412352393389
25,386,WML,0.1506478369782532
25,387,MKT_RF,0.3292289529940121
25,387,SMB,-0.2981003507996254
25,387,HML,0.009002659845744346
25,387,WML,0.23884277157810674
25,388,MKT_RF,0.44883437709146784
25,388,SMB,-0.3293245646238321
25,388,HML,0.16622989966218224
25,388,WML,0.156501029172517
25,389,MKT_RF,0.4454035974929892
25,389,SMB,0.07867192476793403
25,389,HML,0.01962512356980547
25,389,WML,0.33216414819474344
25,390,MKT_RF,0.2359108298753332
25,390,SMB,-0.15100414622143965
25,390,HML,0.4271399059453121
25,390,WML,0.5253664534762829
25,391,MKT_RF,0.5057268658457199
25,391,SMB,0.15755667944201993
25,391,HML,0.19558019969614177
25,391,WML,0.09385943318998391
25,392,MKT_RF,0.33908322995716417
25,392,SMB,-0.33905935616105315
25,392,HML,0.20316326381491281
25,392,WML,0.5372464734366798
25,393,MKT_RF,0.6329453809139066
25,393,SMB,-0.15636981369341948
25,393,HML,0.09848352125944952
25,393,WML,0.05855348471572124
25,394,MKT_RF,0.3282153079732427
25,394,SMB,-0.16903303725663107
25,394,HML,0.2139380399892911
25,394,WML,0.2741099372972308
25,395,MKT_RF,0.434358662641788
25,395,SMB,0.08164967273411579
25,395,HML,0.09388740374764455
25,395,WML,0.8414645179151545
25,396,MKT_RF,0.7134579448752638
25,396,SMB,-0.22869592720881096
25,396,HML,0.22918847249676505
25,396,WML,-0.671330873916088
25,397,MKT_RF,0.2796548330180587
25,397,SMB,-0.017770700502455525
25,397,HML,0.36424099330542853
25,397,WML,0.8538747450889081
25,398,MKT_RF,0.4787010858250699
25,398,SMB,-0.25007080392161407
25,398,HML,-0.12204809248067064
25,398,WML,0.384035442912156
25,399,MKT_RF,0.2790518695768694
25,399,SMB,-0.3638061032021166
25,399,HML,0.20919614210051563
25,399,WML,0.5345030423503074
25,400,MKT_RF,0.372550212334416
25,400,SMB,-0.21513818896431186
25,400,HML,0.13548932559820034
25,400,WML,0.5378662770851599
25,401,MKT_RF,0.5625395687939994
25,401,SMB,-0.06623853424087149
25,401,HML,0.19255265993414053
25,401,WML,0.10317744308747955
25,402,MKT_RF,0.11929558587328132
25,402,SMB,-0.18452654340456345
25,402,HML,0.6329153768235983
25,402,WML,0.4402250523710475
25,403,MKT_RF,0.3754603302445205
25,403,SMB,-0.3349265032429746
25,403,HML,-0.46902309564118166
25,403,WML,0.2683065345048764
25,404,MKT_RF,0.5384612332916203
25,404,SMB,-0.4430362167806063
25,404,HML,0.0797586310074663
25,404,WML,-0.19997449889802713
25,405,MKT_RF,0.38680187921039644
25,405,SMB,-0.2160998471881083
25,405,HML,0.3649998141577195
25,405,WML,0.34482902801456855
25,406,MKT_RF,0.633536377805264
25,406,SMB,-0.3185402261615404
25,406,HML,0.20457081532659652
25,406,WML,-0.03098954732628691
25,407,MKT_RF,0.4063905261492542
25,407,SMB,-0.307584263432887
25,407,HML,0.43578314414141095
25,407,WML,0.265047388277604
25,408,MKT_RF,0.20059449408770919
25,408,SMB,0.1494909603345656
25,408,HML,0.6058446169272561
25,408,WML,0.5618993423783414
25,409,MKT_RF,0.35567894661562743
25,409,SMB,-0.2111585605520211
25,409,HML,0.30305149677465826
25,409,WML,0.4614709956029323
25,410,MKT_RF,0.6441999849135105
25,410,SMB,0.07825230689249482
25,410,HML,0.23613067886861808
25,410,WML,0.1891864150992323
25,411,MKT_RF,0.22734369157362708
25,411,SMB,-0.1426998984465408
25,411,HML,0.4824228788217429
25,411,WML,0.7865401547661782
25,412,MKT_RF,0.7542961017213725
25,412,SMB,-0.3700584217718431
25,412,HML,0.21055997376981875
25,412,WML,-0.7067173221500712
25,413,MKT_RF,0.3155048628795452
25,413,SMB,0.2400372021375936
25,413,HML,-0.043574323091811036
25,413,WML,0.5772312819509112
25,414,MKT_RF,0.1983511020640448
25,414,SMB,-0.10842615767215737
25,414,HML,-0.009030744695837959
25,414,WML,0.4860644546003896
25,415,MKT_RF,0.376823230750602
25,415,SMB,0.06868883206046968
25,415,HML,0.09817562478087241
25,415,WML,0.037349781236001904
25,416,MKT_RF,0.347932387964096
25,416,SMB,-0.030351652007923287
25,416,HML,0.4747196732271511
25,416,WML,0.6528711891951692
25,417,MKT_RF,0.5786178704101
25,417,SMB,-0.46210668920534387
25,417,HML,0.1680557581221735
25,417,WML,0.1628442078457211
25,418,MKT_RF,0.5684310107210648
25,418,SMB,-0.17618685628022565
25,418,HML,0.1616036508123711
25,418,WML,0.004412961219640245
25,419,MKT_RF,0.2151648598574218
25,419,SMB,-0.23846765657799032
25,419,HML,0.5386011407733027
25,419,WML,0.7670369515649197
25,420,MKT_RF,0.5421453023858707
25,420,SMB,-0.3141917766491134
25,420,HML,0.15672917335499895
25,420,WML,0.4390106370489637
25,421,MKT_RF,0.42241855784244525
25,421,SMB,-0.04518597740199076
25,421,HML,0.37344320596422154
25,421,WML,0.6164051789773859
25,422,MKT_RF,0.28916118570032306
25,422,SMB,-0.24567947830229891
25,422,HML,0.7206972157811319
25,422,WML,0.5450448404891939
25,423,MKT_RF,0.1439985600122639
25,423,SMB,-0.3080096780989669
25,423,HML,0.5003055817410048
25,423,WML,0.47799182768836307
25,424,MKT_RF,0.435070788742803
25,424,SMB,-0.18097547117171311
25,424,HML,0.427622541047896
25,424,WML,0.15175711550264054
25,425,MKT_RF,0.5516378398183319
25,425,SMB,-0.09941292625991878
25,425,HML,0.10437022238689242
25,425,WML,0.0436125433310357
25,426,MKT_RF,0.3227838100411922
25,426,SMB,-0.18608073718352605
25,426,HML,0.40424653435232516
25,426,WML,0.4081000566500994
25,427,MKT_RF,0.33206495362016075
25,427,SMB,-0.23729733476732023
25,427,HML,0.32508257750865543
25,427,WML,0.9702747037796511
25,428,MKT_RF,0.6532009560572526
25,428,SMB,-0.3042378312473229
25,428,HML,0.008191045400923651
25,428,WML,-0.20457258647577936
25,429,MKT_RF,0.3795301064754456
25,429,SMB,-0.02489181528944206
25,429,HML,0.09103033186963495
25,429,WML,0.32526898786065045
25,430,MKT_RF,0.6310405967534795
25,430,SMB,-0.1265396370014598
25,430,HML,0.3591043957523704
25,430,WML,-0.30754377662831095
25,431,MKT_RF,0.612366324497762
25,431,SMB,-0.4347677050391048
25,431,HML,-0.14804545974520403
25,431,WML,0.3094961763697357
25,432,MKT_RF,0.20274350852209186
25,432,SMB,-0.2316926611738886
25,432,HML,0.38183922000412274
25,432,WML,0.6865516444770391
25,433,MKT_RF,0.5252851914581095
25,433,SMB,0.09166623731672838
25,433,HML,0.45512294974277456
25,433,WML,0.39661977667084763
25,434,MKT_RF,0.3591857705934293
25,434,SMB,-0.11914781408756242
25,434,HML,0.12623961331203645
25,434,WML,0.3503846709378119
25,435,MKT_RF,0.4932980513199397
25,435,SMB,-0.025214436655149188
25,435,HML,-0.30633190423219325
25,435,WML,-0.2499772622558208
25,436,MKT_RF,0.5679692815970135
25,436,SMB,0.20002697752461682
25,436,HML,0.3852210986122364
25,436,WML,0.09845304008842577
25,437,MKT_RF,0.27753458278914384
25,437,SMB,-0.13911714622581392
25,437,HML,0.1237016027043742
25,437,WML,0.7628333740108151
25,438,MKT_RF,0.4348546998847115
25,438,SMB,-0.5047951257153322
25,438,HML,0.8605426001277701
25,438,WML,0.5643790808475967
25,439,MKT_RF,0.10635685214503279
25,439,SMB,-0.04720262636699955
25,439,HML,0.16770947645417383
25,439,WML,0.8585303420091407
25,440,MKT_RF,0.3451804707177241
25,440,SMB,-0.017303884953545606
25,440,HML,0.503532201890149
25,440,WML,0.20682286072841613
25,441,MKT_RF,0.4553849713465883
25,441,SMB,-0.2551600205947991
25,441,HML,-0.21140990373060228
25,441,WML,0.1735358010872758
25,442,MKT_RF,0.618233079468195
25,442,SMB,-0.0819535322259939
25,442,HML,0.2041956150531267
25,442,WML,-0.16548917391919163
25,443,MKT_RF,0.2620328245760676
25,443,SMB,-0.06777043205580852
25,443,HML,0.1219104081849064
25,443,WML,0.5602043667686012
25,444,MKT_RF,0.5275341183349579
25,444,SMB,-0.45952499042145095
25,444,HML,0.5232213858996025
25,444,WML,-0.04636476307200225
25,445,MKT_RF,0.560678452869126
25,445,SMB,-0.04232168487102452
25,445,HML,0.34819857514057984
25,445,WML,0.04874854057219869
25,446,MKT_RF,0.47291570558611085
25,446,SMB,0.05040340646157252
25,446,HML,0.2837450032156744
25,446,WML,-0.02408116440803869
25,447,MKT_RF,0.684150762334228
25,447,SMB,-0.8459725436264024
25,447,HML,0.08744714846987849
25,447,WML,-0.2057913053966829
25,448,MKT_RF,0.13903936838033903
25,448,SMB,-0.5340845019467005
25,448,HML,0.4101629996542342
25,448,WML,0.7681892785518191
25,449,MKT_RF,0.4045987690524411
25,449,SMB,-0.21175571676615013
25,449,HML,0.07077072777509567
25,449,WML,0.5701572671256908
25,450,MKT_RF,0.4590859882213933
25,450,SMB,-0.3270665809264745
25,450,HML,0.12409533095455651
25,450,WML,0.573382448479186
25,451,MKT_RF,0.37418906530828316
25,451,SMB,-0.08664798281027987
25,451,HML,0.298369397158109
25,451,WML,0.13394098506051832
25,452,MKT_RF,0.12247900738121227
25,452,SMB,0.4668320035062255
25,452,HML,0.5011068747764528
25,452,WML,0.4751297581670841
25,453,MKT_RF,0.1761264156157669
25,453,SMB,0.1668852460324589
25,453,HML,0.40695352171103716
25,453,WML,0.774881715168667
25,454,MKT_RF,0.5465378111805114
25,454,SMB,-0.3683416359637622
25,454,HML,-0.023390466813210196
25,454,WML,0.43263805100471703
25,455,MKT_RF,0.6969453721305944
25,455,SMB,-0.43039977752936703
25,455,HML,0.0056115946402631265
25,455,WML,-0.18916025290023333
25,456,MKT_RF,0.4026149440149767
25,456,SMB,-0.8986727100138738
25,456,HML,-0.13718897847056838
25,456,WML,0.24582161335932584
25,457,MKT_RF,0.30737554755880225
25,457,SMB,-0.6821364110478717
25,457,HML,0.19243295133615557
25,457,WML,0.5787386695163926
25,458,MKT_RF,0.4913568300260327
25,458,SMB,-0.28556953410140357
25,458,HML,-0.01870351030912968
25,458,WML,0.34637327828018655
25,459,MKT_RF,0.3452521044446792
25,459,SMB,-0.31910636235057005
25,459,HML,0.7872939559199573
25,459,WML,0.46237165981594364
25,460,MKT_RF,0.2487364146338368
25,460,SMB,0.1213554330913227
25,460,HML,0.19333448746948814
25,460,WML,0.3221675791446411
25,461,MKT_RF,0.26820210195397204
25,461,SMB,-0.3413604667088995
25,461,HML,0.4157597801554721
25,461,WML,0.33737004091951817
25,462,MKT_RF,0.36219672856288204
25,462,SMB,-0.2716474723265234
25,462,HML,-0.16811323597787697
25,462,WML,0.7611979451628169
25,463,MKT_RF,0.3302784923973333
25,463,SMB,-0.1947601299484439
25,463,HML,0.45964221897258134
25,463,WML,0.7121655374666856
25,464,MKT_RF,0.5089843978423176
25,464,SMB,-0.07368318757392595
25,464,HML,0.01490458839359169
25,464,WML,-0.07886248158792764
25,465,MKT_RF,0.6428681562351668
25,465,SMB,-0.07661656877604388
25,465,HML,0.31603822050386227
25,465,WML,-0.07839752068203405
25,466,MKT_RF,0.32731446471698955
25,466,SMB,-0.039423422397808425
25,466,HML,-0.00032563290503544455
25,466,WML,0.8041485905438169
25,467,MKT_RF,0.4621362353622624
25,467,SMB,-0.151566513280857
25,467,HML,0.6715495476634542
25,467,WML,-0.20054161150752697
25,468,MKT_RF,0.39749862612176684
25,468,SMB,-0.3510902408069356
25,468,HML,0.40962436551958853
25,468,WML,-0.06220863781332464
25,469,MKT_RF,0.2382428839554376
25,469,SMB,-0.05569697019582032
25,469,HML,0.6901329867723044
25,469,WML,0.32774406799850714
25,470,MKT_RF,0.5299681552752166
25,470,SMB,-0.6989098657198681
25,470,HML,0.42773973933267917
25,470,WML,0.3232507699140596
25,471,MKT_RF,0.40804932336025423
25,471,SMB,-0.25684924656581853
25,471,HML,0.22122510701911385
25,471,WML,0.20170003196813083
25,472,MKT_RF,0.5300135682967142
25,472,SMB,-0.024286186431774652
25,472,HML,0.5641968824421739
25,472,WML,0.2961322609173423
25,473,MKT_RF,0.1323600632976649
25,473,SMB,0.14995329729664156
25,473,HML,0.46548715689928305
25,473,WML,1.125855416233682
25,474,MKT_RF,0.43157652810368685
25,474,SMB,0.13232070580702154
25,474,HML,0.38256152873376176
25,474,WML,-0.014236297282787368
25,475,MKT_RF,0.478609759705681
25,475,SMB,-0.5363571320031645
25,475,HML,0.2169655631891858
25,475,WML,0.21752959078249967
25,476,MKT_RF,0.1733746147676491
25,476,SMB,-0.21219054000829873
25,476,HML,0.2863037032527959
25,476,WML,1.0564432508494679
25,477,MKT_RF,0.3602786862200432
25,477,SMB,-0.17363499351585063
25,477,HML,0.007646469193088493
25,477,WML,0.07348260359242559
25,478,MKT_RF,0.45535476260953933
25,478,SMB,-0.2789493104204948
25,478,HML,0.5672531487317157
25,478,WML,0.02043746770919094
25,479,MKT_RF,0.38979801599852243
25,479,SMB,-0.06191703382581495
25,479,HML,0.1778936142413169
25,479,WML,-0.04634202364888589
25,480,MKT_RF,0.26730811626075435
25,480,SMB,0.4336723989055095
25,480,HML,0.1927576390248608
25,480,WML,1.1694009849639273
25,481,MKT_RF,0.42185254709811426
25,481,SMB,-0.31669153108271064
25,481,HML,-0.13483160794976484
25,481,WML,0.5954459876676534
25,482,MKT_RF,0.40466245339486523
25,482,SMB,-0.09490193945626708
25,482,HML,0.39598009519878186
25,482,WML,0.4567282985402697
25,483,MKT_RF,0.5295942674344899
25,483,SMB,0.2455640850075817
25,483,HML,-0.10807637637966823
25,483,WML,-0.03607710503098436
25,484,MKT_RF,0.42258597704017875
25,484,SMB,-0.1010756863518317
25,484,HML,0.16602790058434336
25,484,WML,0.28682904499681977
25,485,MKT_RF,0.40876961366044096
25,485,SMB,-0.2413333006069662
25,485,HML,0.11325954793057996
25,485,WML,0.21068465615597545
25,486,MKT_RF,0.3024528967709817
25,486,SMB,-0.049863989158365284
25,486,HML,0.6180930426408144
25,486,WML,0.9073351963572154
25,487,MKT_RF,0.21388476501335363
25,487,SMB,-0.2645949538664426
25,487,HML,0.47418547091258867
25,487,WML,0.6333439909791256
25,488,MKT_RF,0.5320632808734581
25,488,SMB,-0.27000659180581166
25,488,HML,0.30198959712204343
25,488,WML,0.14050060256143987
25,489,MKT_RF,0.22856321367725868
25,489,SMB,-0.11967740222619659
25,489,HML,0.213656233152159
25,489,WML,0.3477270793573412
25,490,MKT_RF,0.3730762374818987
25,490,SMB,-0.3348796321295205
25,490,HML,0.24534838404772985
25,490,WML,0.5392733637872222
25,491,MKT_RF,0.23376068914264306
25,491,SMB,0.06548334937421853
25,491,HML,-0.22244782909476038
25,491,WML,0.4516045970730702
25,492,MKT_RF,0.4583565741417916
25,492,SMB,-0.21524981776742957
25,492,HML,0.5447512950145439
25,492,WML,0.008643098320657213
25,493,MKT_RF,0.35104044045833693
25,493,SMB,-0.10872416111708899
25,493,HML,-0.13099841023055944
25,493,WML,0.549293011154233
25,494,MKT_RF,0.5493074615708852
25,494,SMB,0.09259281681905525
25,494,HML,0.6029938422798088
25,494,WML,-0.28189320688385605
25,495,MKT_RF,0.3524703717176893
25,495,SMB,0.04201246438541408
25,495,HML,0.4106870831842551
25,495,WML,0.5242622302537472
25,496,MKT_RF,0.35653694821289755
25,496,SMB,-0.030151759372876882
25,496,HML,0.8316779300050989
25,496,WML,0.33567917558955523
25,497,MKT_RF,0.2971671963140757
25,497,SMB,-0.21597297356732867
25,497,HML,0.27495165620612366
25,497,WML,0.5955114877404928
25,498,MKT_RF,0.17503238062071305
25,498,SMB,-0.03152575086288456
25,498,HML,0.3391493672696247
25,498,WML,0.4193483038485646
25,499,MKT_RF,0.04250115371567101
25,499,SMB,-0.18748539192677097
25,499,HML,0.2968280292492584
25,499,WML,0.8009459609960097
30,0,MKT_RF,0.5170205446882534
30,0,SMB,-0.5565778888019743
30,0,HML,0.13198988335443212
30,0,WML,0.004711819311850633
30,1,MKT_RF,0.3248763872354948
30,1,SMB,0.045948312081919546
30,1,HML,-0.03593083074067896
30,1,WML,0.07503167805668451
30,2,MKT_RF,0.6150886158628321
30,2,SMB,-0.4243337656298934
30,2,HML,0.22288918145441
30,2,WML,0.030440510073729294
30,3,MKT_RF,0.22583866010802345
30,3,SMB,-0.4855315316581715
30,3,HML,0.3540784574290353
30,3,WML,0.16417261769252228
30,4,MKT_RF,0.18752053181192202
30,4,SMB,0.4161918672410238
30,4,HML,0.3643986561260845
30,4,WML,0.3475129118569278
30,5,MKT_RF,0.6016013809686193
30,5,SMB,-0.19406668206056527
30,5,HML,-0.07828203229459484
30,5,WML,-0.02079333211719816
30,6,MKT_RF,0.23798814743479582
30,6,SMB,-0.23760446761614598
30,6,HML,0.2626685605571556
30,6,WML,0.23922808166329043
30,7,MKT_RF,0.3538207004405745
30,7,SMB,-0.1238474183742935
30,7,HML,0.5756828737014846
30,7,WML,0.35857620818405017
30,8,MKT_RF,0.45035559746447035
30,8,SMB,-0.6753653800006537
30,8,HML,0.2167649569260607
30,8,WML,0.10874628974806574
30,9,MKT_RF,0.20012766817269564
30,9,SMB,-0.08579861095305041
30,9,HML,0.13373669789427323
30,9,WML,0.39177922855084213
30,10,MKT_RF,0.7074243056710028
30,10,SMB,-0.017885612228220264
30,10,HML,-0.09759410120359725
30,10,WML,-0.2097785780289423
30,11,MKT_RF,0.6184112787048643
30,11,SMB,0.08563811154445673
30,11,HML,-0.006722853691272694
30,11,WML,-0.25514009668718046
30,12,MKT_RF,0.6020743154035659
30,12,SMB,0.16016694238412224
30,12,HML,-0.06596309041397444
30,12,WML,-0.11309800697449635
30,13,MKT_RF,0.3901562727957453
30,13,SMB,-0.19738536964825262
30,13,HML,0.20779046513173663
30,13,WML,0.7507289378532748
30,14,MKT_RF,0.2764412409560074
30,14,SMB,0.15172004498403188
30,14,HML,0.42707400132505613
30,14,WML,0.5912832197642567
30,15,MKT_RF,0.274662156264519
30,15,SMB,0.2339328360040096
30,15,HML,0.5092398065111546
30,15,WML,0.21634003132372942
30,16,MKT_RF,-0.01285177867454388
30,16,SMB,0.20405783934962873
30,16,HML,0.012927529836037514
30,16,WML,0.661046693719188
30,17,MKT_RF,0.31143452885584977
30,17,SMB,0.015738980362953906
30,17,HML,0.0162767409569062
30,17,WML,0.393843446198606
30,18,MKT_RF,0.30572511010600495
30,18,SMB,0.04391140052093173
30,18,HML,-0.02186735968545018
30,18,WML,0.2819909149011208
30,19,MKT_RF,0.3410612328788814
30,19,SMB,-0.7609561617294637
30,19,HML,0.4045922053303388
30,19,WML,0.5894811817016417
30,20,MKT_RF,0.34457831021688573
30,20,SMB,-0.4465531268134476
30,20,HML,0.5610411146720937
30,20,WML,0.022117172621024275
30,21,MKT_RF,0.2586232860141524
30,21,SMB,-0.07187668756401874
30,21,HML,0.5262480006883431
30,21,WML,0.29518803504176205
30,22,MKT_RF,0.0774844693635746
30,22,SMB,-0.07608216764037307
30,22,HML,0.40244900034645326
30,22,WML,0.07913476169160748
30,23,MKT_RF,0.5438625190302239
30,23,SMB,-0.1862812017192102
30,23,HML,0.8237047016529808
30,23,WML,-0.08452467163592901
30,24,MKT_RF,0.34519965264491964
30,24,SMB,0.008691957570712299
30,24,HML,0.35408015059496095
30,24,WML,0.1990560044168124
30,25,MKT_RF,0.3682638789660333
30,25,SMB,-0.11786028122981781
30,25,HML,0.5985277640475895
30,25,WML,-0.4444905970195509
30,26,MKT_RF,0.3048509731151832
30,26,SMB,-0.022653073019228358
30,26,HML,0.05798201953519645
30,26,WML,0.3546296845059241
30,27,MKT_RF,0.6170181111287986
30,27,SMB,-0.006580114103271437
30,27,HML,0.3408950440967189
30,27,WML,-0.3359414664849113
30,28,MKT_RF,0.5990493893882208
30,28,SMB,-0.21829263265972035
30,28,HML,0.05177298191453289
30,28,WML,-0.1529331649887281
30,29,MKT_RF,0.3285957515798978
30,29,SMB,-0.17308517522969377
30,29,HML,0.8098223859078374
30,29,WML,0.22476603157459246
30,30,MKT_RF,0.2916887809095169
30,30,SMB,-0.1397020273026872
30,30,HML,0.08199637776309515
30,30,WML,0.42735651541955566
30,31,MKT_RF,0.29807182809907995
30,31,SMB,-0.1819542245607741
30,31,HML,0.3031713287637058
30,31,WML,0.6396803701909646
30,32,MKT_RF,0.11430002737955523
30,32,SMB,0.24312387299376756
30,32,HML,0.24328899713679814
30,32,WML,0.45900831961316074
30,33,MKT_RF,0.5802948677104832
30,33,SMB,-0.06769000696234302
30,33,HML,0.07839520205111497
30,33,WML,0.1783956358408655
30,34,MKT_RF,0.3369836242367422
30,34,SMB,0.01586188324963791
30,34,HML,0.4085740826732003
30,34,WML,0.2939528007890041
30,35,MKT_RF,0.33667165239443686
30,35,SMB,-0.10980396569471085
30,35,HML,0.2890366393947242
30,35,WML,-0.06615617397636042
30,36,MKT_RF,0.33010456538221544
30,36,SMB,0.014400803368389543
30,36,HML,0.8563923050810531
30,36,WML,0.058956027391201836
30,37,MKT_RF,0.4179622687312734
30,37,SMB,0.08533538979412031
30,37,HML,-0.12467459820152078
30,37,WML,0.17145420712881135
30,38,MKT_RF,0.38351564055271525
30,38,SMB,-0.5178306086949617
30,38,HML,0.49539090416879605
30,38,WML,0.27402659685931047
30,39,MKT_RF,0.32807007679479105
30,39,SMB,-0.5668515633930872
30,39,HML,0.5413723316895764
30,39,WML,0.34809180533247147
30,40,MKT_RF,0.4324267122303915
30,40,SMB,-0.39261646932219724
30,40,HML,0.5580512102280358
30,40,WML,0.018156559227488506
30,41,MKT_RF,0.2812462860539184
30,41,SMB,-0.4527642679775153
30,41,HML,0.5360295881109411
30,41,WML,0.5319984344018337
30,42,MKT_RF,0.4081960897560429
30,42,SMB,-0.1507269117779853
30,42,HML,-0.038769539435033695
30,42,WML,-0.150735252986762
30,43,MKT_RF,0.3308353111389344
30,43,SMB,0.35248475712688054
30,43,HML,0.047094652114141496
30,43,WML,0.42821758962998346
30,44,MKT_RF,0.28967628995431743
30,44,SMB,0.2573428820175422
30,44,HML,-0.05031566874725729
30,44,WML,0.7285061927974031
30,45,MKT_RF,0.4946986086671249
30,45,SMB,0.11309073892428098
30,45,HML,0.6781691387236929
30,45,WML,0.4008889696074049
30,46,MKT_RF,0.6646035166696396
30,46,SMB,-0.01693740173027697
30,46,HML,0.60580457549141
30,46,WML,-0.2956334164102324
30,47,MKT_RF,-0.003230883365101674
30,47,SMB,-0.4723399191232818
30,47,HML,0.5800221989728008
30,47,WML,0.9177801723588884
30,48,MKT_RF,0.037372108571713365
30,48,SMB,-0.49973946763599053
30,48,HML,0.1123853091470222
30,48,WML,0.7138403638060075
30,49,MKT_RF,0.22026463881944044
30,49,SMB,-0.36655120208704955
30,49,HML,0.4924283833239803
30,49,WML,0.24191742235822036
30,50,MKT_RF,-0.09010067158512146
30,50,SMB,-0.032772332848279205
30,50,HML,0.27429066576348177
30,50,WML,1.359450173574727
30,51,MKT_RF,0.04533976600814791
30,51,SMB,-0.39678972780566274
30,51,HML,0.33551979204935184
30,51,WML,0.3763547866148908
30,52,MKT_RF,0.12443329887868296
30,52,SMB,0.13659822513263245
30,52,HML,0.10734185198109705
30,52,WML,0.4666993774989793
30,53,MKT_RF,0.44475491675782475
30,53,SMB,-0.20929063414025287
30,53,HML,0.30605422128247617
30,53,WML,0.37259459115307797
30,54,MKT_RF,0.4243354988687326
30,54,SMB,0.08914343657813696
30,54,HML,0.06799734881629203
30,54,WML,0.02187006272010744
30,55,MKT_RF,0.3769778505881787
30,55,SMB,-0.30532914401411304
30,55,HML,0.4440292498277833
30,55,WML,-0.21586070829721882
30,56,MKT_RF,0.13707971889363024
30,56,SMB,-0.35799293341742966
30,56,HML,0.5763369236745651
30,56,WML,0.2912488510120818
30,57,MKT_RF,0.3781013806884546
30,57,SMB,-0.4580015043955727
30,57,HML,0.06279315065681214
30,57,WML,-0.13081891475276863
30,58,MKT_RF,0.3913157971250301
30,58,SMB,-0.24920758513192828
30,58,HML,0.5989265987266483
30,58,WML,0.4145013807596629
30,59,MKT_RF,0.6340472293386705
30,59,SMB,0.2137537757283813
30,59,HML,0.5990766494099351
30,59,WML,-0.24094221883471847
30,60,MKT_RF,0.3441801941476409
30,60,SMB,0.21684161296505788
30,60,HML,0.02705567292788384
30,60,WML,0.17147556610414297
30,61,MKT_RF,0.26205222517955806
30,61,SMB,-0.5387900636770081
30,61,HML,0.5968104389164329
30,61,WML,0.7839398547182901
30,62,MKT_RF,0.6615892997740558
30,62,SMB,-0.2663433076817667
30,62,HML,0.27635826914020556
30,62,WML,-0.24246708083694352
30,63,MKT_RF,0.31839351591491993
30,63,SMB,-0.3775846605599176
30,63,HML,-0.06628126252996111
30,63,WML,0.20485575307688236
30,64,MKT_RF,0.37141496513924344
30,64,SMB,-0.11050218619168714
30,64,HML,0.473363045811967
30,64,WML,0.22347966900100838
30,65,MKT_RF,0.5096280922085967
30,65,SMB,-0.23992869086709573
30,65,HML,-0.17822240057308236
30,65,WML,0.2942546438200703
30,66,MKT_RF,0.13576186716450717
30,66,SMB,0.15424363380941533
30,66,HML,0.4442497819982871
30,66,WML,0.1166348174391961
30,67,MKT_RF,0.5032734774322515
30,67,SMB,0.1298903558937447
30,67,HML,0.07370716852581558
30,67,WML,0.27926318908953796
30,68,MKT_RF,0.8754367907940291
30,68,SMB,0.2668482593702417
30,68,HML,-0.009743606977466124
30,68,WML,-0.3503060851712893
30,69,MKT_RF,0.4595601551209273
30,69,SMB,-0.18852904482751448
30,69,HML,-0.10266177756352303
30,69,WML,0.1270436313506949
30,70,MKT_RF,0.4084835278985242
30,70,SMB,-0.32167750748782753
30,70,HML,0.2727895708166615
30,70,WML,0.018404092857516305
30,71,MKT_RF,0.5253288812858132
30,71,SMB,0.017546520334387816
30,71,HML,0.6033504083444151
30,71,WML,-0.2831476563557341
30,72,MKT_RF,0.12951829637854947
30,72,SMB,0.22583601649855956
30,72,HML,0.23039335818734324
30,72,WML,0.38927015646628055
30,73,MKT_RF,0.6327612027392613
30,73,SMB,0.08607290423457525
30,73,HML,0.04980710130955583
30,73,WML,0.3222995309301589
30,74,MKT_RF,0.5117209188388774
30,74,SMB,-0.3952221362766615
30,74,HML,0.3548450104663481
30,74,WML,0.05927587715902328
30,75,MKT_RF,0.47227377154607086
30,75,SMB,-0.17401740878640887
30,75,HML,0.30456914123524365
30,75,WML,-0.12220929658063716
30,76,MKT_RF,0.5309225850965371
30,76,SMB,-0.28182221706462446
30,76,HML,-0.11886550813035753
30,76,WML,0.05900974691429479
30,77,MKT_RF,0.5621085491929195
30,77,SMB,-0.5153282231383167
30,77,HML,-0.1674527748517412
30,77,WML,0.16335902393874652
30,78,MKT_RF,0.47071658979015996
30,78,SMB,-0.11001633721190629
30,78,HML,0.39158994981947853
30,78,WML,-0.00704910573860592
30,79,MKT_RF,0.5799057852852215
30,79,SMB,-0.021183260233725777
30,79,HML,-0.2909014693544809
30,79,WML,-0.41032779212067155
30,80,MKT_RF,0.5435645803732058
30,80,SMB,-0.17529941360992235
30,80,HML,0.1221887102954056
30,80,WML,-0.163232668396325
30,81,MKT_RF,0.8811951192657442
30,81,SMB,-0.5080051840085459
30,81,HML,-0.1816754901103449
30,81,WML,-0.39710935644018114
30,82,MKT_RF,0.48676406087918744
30,82,SMB,-0.23858805867432606
30,82,HML,0.7233697620514054
30,82,WML,0.12757283377005485
30,83,MKT_RF,0.39263009061913434
30,83,SMB,0.10225683648768315
30,83,HML,0.1609277864359427
30,83,WML,0.4484589798991674
30,84,MKT_RF,0.47423414361554705
30,84,SMB,-0.2743222350443018
30,84,HML,-0.049308953805993976
30,84,WML,-0.04255075285275048
30,85,MKT_RF,0.39937635332750765
30,85,SMB,0.19476728415974529
30,85,HML,0.5933599256588344
30,85,WML,0.2927797641550522
30,86,MKT_RF,0.5180343878840604
30,86,SMB,-0.6832453372440959
30,86,HML,0.3529581427460851
30,86,WML,0.01166015919020823
30,87,MKT_RF,0.4358571638133325
30,87,SMB,-0.2076053501763966
30,87,HML,0.29016961774894046
30,87,WML,0.09118417786051056
30,88,MKT_RF,0.6347197686444793
30,88,SMB,-0.5619703930806315
30,88,HML,0.45781828230695526
30,88,WML,-0.5603060084689258
30,89,MKT_RF,0.22459608639042916
30,89,SMB,0.12835847465713265
30,89,HML,0.23760228345918077
30,89,WML,0.7533133586855165
30,90,MKT_RF,0.24493733682089622
30,90,SMB,0.045404657589221756
30,90,HML,-0.12198402196230311
30,90,WML,0.6171697361667607
30,91,MKT_RF,0.20950118050709715
30,91,SMB,-0.20098473165873262
30,91,HML,0.34050089913810044
30,91,WML,0.8538827386442401
30,92,MKT_RF,0.2998742696660042
30,92,SMB,-0.24524038379314003
30,92,HML,0.3489316377482493
30,92,WML,0.6549333532739683
30,93,MKT_RF,0.3096595538691816
30,93,SMB,-0.2803577315345381
30,93,HML,0.19400047236843163
30,93,WML,0.4310552550625107
30,94,MKT_RF,0.9625154738102046
30,94,SMB,-0.39770658191696723
30,94,HML,0.0032900632382325693
30,94,WML,-0.6472964344137078
30,95,MKT_RF,0.11392849183546812
30,95,SMB,-0.24180672089153527
30,95,HML,0.8142491493964236
30,95,WML,0.7309874656192838
30,96,MKT_RF,0.4147500760345212
30,96,SMB,-0.37001776751426263
30,96,HML,0.12620898099397315
30,96,WML,-0.26600444527966943
30,97,MKT_RF,0.44711265351924967
30,97,SMB,-0.08803997177346767
30,97,HML,0.2280385280707974
30,97,WML,-0.2923044008895592
30,98,MKT_RF,0.3204729433609908
30,98,SMB,-0.2880042755070318
30,98,HML,0.15337539644184695
30,98,WML,0.07736064799142871
30,99,MKT_RF,0.3722624447394055
30,99,SMB,-0.29219096046227644
30,99,HML,0.19099329601314766
30,99,WML,0.3238460114505432
30,100,MKT_RF,0.5399967526809751
30,100,SMB,-0.0512587242819747
30,100,HML,0.5254345021975917
30,100,WML,-0.12300360881760201
30,101,MKT_RF,0.5221059577841248
30,101,SMB,-0.5654806187755271
30,101,HML,0.19103141570475424
30,101,WML,-0.3702430936523582
30,102,MKT_RF,0.71027396993412
30,102,SMB,0.1098438169228034
30,102,HML,-0.194288527243658
30,102,WML,0.01642963891878926
30,103,MKT_RF,0.14740763304657806
30,103,SMB,0.20251141557346278
30,103,HML,0.40113680669235224
30,103,WML,1.0360043692070082
30,104,MKT_RF,0.5201835208699981
30,104,SMB,-0.06784270456777114
30,104,HML,0.44942662425545626
30,104,WML,-0.05347194340626992
30,105,MKT_RF,0.5535547837113051
30,105,SMB,-0.20048826905918485
30,105,HML,0.34961275654158425
30,105,WML,0.12098225109916773
30,106,MKT_RF,0.2603641097652089
30,106,SMB,-0.06928711479423182
30,106,HML,0.4367287880375585
30,106,WML,0.3124166322692309
30,107,MKT_RF,0.7298315591114638
30,107,SMB,-0.36509746278192756
30,107,HML,0.22465858272245467
30,107,WML,-0.043202217496770424
30,108,MKT_RF,0.439700282092138
30,108,SMB,-0.24429802232468362
30,108,HML,-0.22226308855302654
30,108,WML,0.7499835396007256
30,109,MKT_RF,0.6327229892961576
30,109,SMB,-0.4115696888095353
30,109,HML,0.3493848118300984
30,109,WML,-0.2855673968606989
30,110,MKT_RF,0.2721855173237348
30,110,SMB,0.031046247909904904
30,110,HML,0.2761293087812715
30,110,WML,0.18288709723597998
30,111,MKT_RF,0.6078312015008174
30,111,SMB,-0.23868211652028667
30,111,HML,-0.11667831282431035
30,111,WML,0.3644070574898106
30,112,MKT_RF,0.43218242352943853
30,112,SMB,-0.023222161941050982
30,112,HML,0.3623350984016953
30,112,WML,-0.24628637976324613
30,113,MKT_RF,0.3178332142527549
30,113,SMB,-0.026703418126729946
30,113,HML,0.04606695103025884
30,113,WML,0.26944832236149424
30,114,MKT_RF,0.6845499992940488
30,114,SMB,-0.41077855830675614
30,114,HML,-0.3483109207897152
30,114,WML,0.05974223943029896
30,115,MKT_RF,-0.02237919443049328
30,115,SMB,-0.04882904342418087
30,115,HML,0.10083991009450771
30,115,WML,0.5968913232142364
30,116,MKT_RF,0.5520306573157261
30,116,SMB,0.05792642092558517
30,116,HML,0.4949868275776206
30,116,WML,0.16722029394026633
30,117,MKT_RF,0.20691552131672236
30,117,SMB,-0.14698315814508703
30,117,HML,0.6767726636631516
30,117,WML,0.8727374704983922
30,118,MKT_RF,0.12061553165208234
30,118,SMB,-0.26232464721230914
30,118,HML,0.3955708343742499
30,118,WML,0.6677054182554883
30,119,MKT_RF,0.5088175614040273
30,119,SMB,-0.13812355331689713
30,119,HML,0.1251732773579047
30,119,WML,-0.033392356451994516
30,120,MKT_RF,0.6689679077011489
30,120,SMB,0.17851680556766547
30,120,HML,0.19380447583268653
30,120,WML,-0.5931469299317934
30,121,MKT_RF,0.2603008751403327
30,121,SMB,0.3728997487353465
30,121,HML,-0.2001148129668642
30,121,WML,0.3224708464472947
30,122,MKT_RF,0.479997893323674
30,122,SMB,-0.4724836802775722
30,122,HML,0.2435227892759043
30,122,WML,0.39908091633174436
30,123,MKT_RF,0.4791504636215091
30,123,SMB,-0.17337165172002614
30,123,HML,0.09508234332361763
30,123,WML,0.10556523594484941
30,124,MKT_RF,0.30977907423734735
30,124,SMB,-0.19710542333581532
30,124,HML,0.12257136872756462
30,124,WML,0.45643371577053077
30,125,MKT_RF,0.7191953398069525
30,125,SMB,-0.9283101724519561
30,125,HML,-0.2644767482576341
30,125,WML,-0.28487654021623793
30,126,MKT_RF,0.44017926127592755
30,126,SMB,-0.37541927577891404
30,126,HML,0.3653911605036805
30,126,WML,-0.042732889707508534
30,127,MKT_RF,0.2570450697962438
30,127,SMB,-0.6694997178494824
30,127,HML,0.6873173473843194
30,127,WML,0.8272850457143059
30,128,MKT_RF,0.2590137412279858
30,128,SMB,-0.5763614324598318
30,128,HML,0.39899613386818567
30,128,WML,0.3686731914349851
30,129,MKT_RF,0.5158286029565761
30,129,SMB,-0.022104462898909695
30,129,HML,0.37680529718773353
30,129,WML,-0.0013400509642515564
30,130,MKT_RF,0.4072366848929677
30,130,SMB,-0.2653881219191695
30,130,HML,0.17779245569701407
30,130,WML,-0.03823381983884187
30,131,MKT_RF,0.2524985303453101
30,131,SMB,-0.29537230164168105
30,131,HML,0.11905407057342413
30,131,WML,0.36991993705371623
30,132,MKT_RF,0.22001154673447892
30,132,SMB,-0.0929710748418038
30,132,HML,0.8155502561602166
30,132,WML,0.010921969431276188
30,133,MKT_RF,0.6712793849388633
30,133,SMB,-0.07420710513834015
30,133,HML,-0.05272595068143522
30,133,WML,-0.079115440145454
30,134,MKT_RF,0.36632223049704793
30,134,SMB,-0.028734697890795594
30,134,HML,0.5453529172467693
30,134,WML,0.30251514880590313
30,135,MKT_RF,0.657723811901607
30,135,SMB,0.2658471852170412
30,135,HML,0.28773731342789005
30,135,WML,-0.26541462952404055
30,136,MKT_RF,0.6119817926162384
30,136,SMB,-0.5022215416802526
30,136,HML,0.36753042250961876
30,136,WML,-0.22889899387374432
30,137,MKT_RF,0.40351881489950164
30,137,SMB,-0.23956023687637734
30,137,HML,0.16142260638815453
30,137,WML,0.04288734394453596
30,138,MKT_RF,0.5426920190927114
30,138,SMB,0.3504682325361704
30,138,HML,0.2082264822910761
30,138,WML,0.1197677234768839
30,139,MKT_RF,0.24100641060322545
30,139,SMB,-0.26324303442108543
30,139,HML,0.7256775902805671
30,139,WML,0.294652190914934
30,140,MKT_RF,0.46287923683712867
30,140,SMB,-0.3924274704133587
30,140,HML,0.5487193472964013
30,140,WML,0.053679635721744764
30,141,MKT_RF,0.4138899952536703
30,141,SMB,-0.6121395186271995
30,141,HML,0.1920734155396756
30,141,WML,-0.17672072572134787
30,142,MKT_RF,0.5963746809564111
30,142,SMB,-0.1393785178521217
30,142,HML,0.14343381518934326
30,142,WML,-0.17830848907939237
30,143,MKT_RF,0.4392303491502104
30,143,SMB,-0.4324633852192374
30,143,HML,0.28684911130894447
30,143,WML,0.053910032412492016
30,144,MKT_RF,0.31863491591188403
30,144,SMB,0.37138060438947246
30,144,HML,0.71813391947343
30,144,WML,0.030227985940228335
30,145,MKT_RF,0.2316391559161443
30,145,SMB,-0.29264828719466657
30,145,HML,0.20827130112872103
30,145,WML,0.483035465628781
30,146,MKT_RF,0.29892688499247605
30,146,SMB,-0.3736160240705383
30,146,HML,0.14349426475274424
30,146,WML,0.44333278156006123
30,147,MKT_RF,0.5488758803012839
30,147,SMB,-0.21974329714695115
30,147,HML,0.0453185293413443
30,147,WML,0.5214310457225179
30,148,MKT_RF,0.5106211029042688
30,148,SMB,-0.5577562290006043
30,148,HML,0.6387888504585324
30,148,WML,-0.13396765685435252
30,149,MKT_RF,0.5137202965950484
30,149,SMB,-0.12302582378924752
30,149,HML,0.3870553974944006
30,149,WML,0.3303565886518206
30,150,MKT_RF,0.4646799468236969
30,150,SMB,-0.5708678914280922
30,150,HML,0.4462296274893057
30,150,WML,-0.1359550490571545
30,151,MKT_RF,0.523811486853611
30,151,SMB,-0.04355164710205271
30,151,HML,-0.024362861731999277
30,151,WML,-0.39156758694960053
30,152,MKT_RF,0.2962797248584618
30,152,SMB,0.31337169275445703
30,152,HML,0.3957821572334819
30,152,WML,0.18972253419388185
30,153,MKT_RF,0.4159022181190811
30,153,SMB,-0.0716017841934524
30,153,HML,-0.3911606675426729
30,153,WML,0.31420037397155315
30,154,MKT_RF,0.32195458385969505
30,154,SMB,-0.15835749738424879
30,154,HML,0.2864835056424884
30,154,WML,-0.03227825279084565
30,155,MKT_RF,0.4980104703247875
30,155,SMB,-0.3594481115971201
30,155,HML,0.5668640195517178
30,155,WML,0.31296019651965246
30,156,MKT_RF,0.8270105182964111
30,156,SMB,-0.12400769446501556
30,156,HML,0.3575296529825589
30,156,WML,-0.7655013592011676
30,157,MKT_RF,0.2797496753093437
30,157,SMB,-0.28745335188462273
30,157,HML,0.3136787811353632
30,157,WML,0.7724734397925803
30,158,MKT_RF,0.3806328230988581
30,158,SMB,0.18772947465967774
30,158,HML,-0.43664085967959176
30,158,WML,-0.19473634135751205
30,159,MKT_RF,0.5406521711114871
30,159,SMB,-0.41629223653415764
30,159,HML,-0.16862149023546186
30,159,WML,0.09306424409333436
30,160,MKT_RF,0.2778560172833737
30,160,SMB,-0.47471280827772017
30,160,HML,0.2075850807953866
30,160,WML,0.5887351736717725
30,161,MKT_RF,0.5203229287673384
30,161,SMB,0.06894186616672199
30,161,HML,0.042578921049428585
30,161,WML,0.24220776495798535
30,162,MKT_RF,0.5963686715107127
30,162,SMB,-0.43817481671539865
30,162,HML,0.4654915240298526
30,162,WML,-0.21501880148261238
30,163,MKT_RF,0.014857414422991303
30,163,SMB,0.13214649712722587
30,163,HML,0.40382458171681673
30,163,WML,1.1727776274897115
30,164,MKT_RF,0.4191854041671275
30,164,SMB,0.05303185660583978
30,164,HML,0.563816505543166
30,164,WML,0.03342118456647878
30,165,MKT_RF,0.45116679448076186
30,165,SMB,0.40159738597998
30,165,HML,0.6339811711589817
30,165,WML,0.0640704293698357
30,166,MKT_RF,0.3385322022494422
30,166,SMB,-0.05137527576785865
30,166,HML,0.2616932698267406
30,166,WML,-0.033288264856174934
30,167,MKT_RF,0.532897389815365
30,167,SMB,-0.25832636322938557
30,167,HML,0.1567491337989799
30,167,WML,0.6740835298247344
30,168,MKT_RF,0.3811864387854981
30,168,SMB,0.1548734949350207
30,168,HML,0.44647680895109904
30,168,WML,0.6485648004857827
30,169,MKT_RF,0.40473940524779767
30,169,SMB,-0.05794149686309803
30,169,HML,-0.08365327398987786
30,169,WML,0.5607614155368531
30,170,MKT_RF,0.5121817585676961
30,170,SMB,-0.23521588251457204
30,170,HML,0.03114300115693948
30,170,WML,0.06707676913661627
30,171,MKT_RF,0.06265600714495287
30,171,SMB,-0.24199202465949007
30,171,HML,0.23846804931914228
30,171,WML,0.6546557369632453
30,172,MKT_RF,0.2086446400197258
30,172,SMB,0.056091403409292175
30,172,HML,0.4784981907740616
30,172,WML,0.27105111949171606
30,173,MKT_RF,0.5627432419142915
30,173,SMB,0.0089723351721992
30,173,HML,-0.05105502074222257
30,173,WML,-0.31919125686582267
30,174,MKT_RF,0.21097443884934433
30,174,SMB,0.08840311112062217
30,174,HML,0.31735182925040556
30,174,WML,0.6258762251643127
30,175,MKT_RF,0.364610811212721
30,175,SMB,-0.1631102875205693
30,175,HML,0.27339734648715575
30,175,WML,0.45304031682171636
30,176,MKT_RF,0.2830336699576196
30,176,SMB,0.06691658129515789
30,176,HML,0.11452438058595851
30,176,WML,0.09668754011013704
30,177,MKT_RF,0.2097094546020379
30,177,SMB,-0.2410609326114744
30,177,HML,0.48654769659972624
30,177,WML,0.5525911232280393
30,178,MKT_RF,0.3802156877311657
30,178,SMB,-0.23094329450201373
30,178,HML,0.23413668937240803
30,178,WML,0.27133184120719384
30,179,MKT_RF,0.30829119723186316
30,179,SMB,-0.22877155375462382
30,179,HML,0.7795068470570706
30,179,WML,0.1257342280391554
30,180,MKT_RF,0.23020217967454143
30,180,SMB,0.07620574422637584
30,180,HML,0.09910619865220152
30,180,WML,0.25659753771889815
30,181,MKT_RF,0.12871687059471262
30,181,SMB,-0.04228699744361464
30,181,HML,0.34393452717523504
30,181,WML,0.14396138723784757
30,182,MKT_RF,0.43076165473075306
30,182,SMB,0.04202914009654641
30,182,HML,0.5982736624878182
30,182,WML,0.38433940747096085
30,183,MKT_RF,0.5229518132005645
30,183,SMB,-0.4975170290548338
30,183,HML,-0.08060556596935711
30,183,WML,-0.26933454315573946
30,184,MKT_RF,0.19481944654942449
30,184,SMB,0.10485997665551662
30,184,HML,0.6139484903791466
30,184,WML,0.5803934067425206
30,185,MKT_RF,0.2639534433760803
30,185,SMB,0.1355477735283003
30,185,HML,0.24942385053022625
30,185,WML,0.4237149871067736
30,186,MKT_RF,0.11946698384578637
30,186,SMB,-0.14525541947767528
30,186,HML,0.35153159122382577
30,186,WML,0.5266125270266658
30,187,MKT_RF,0.34978369136282955
30,187,SMB,-0.2128100178869266
30,187,HML,0.4541559075085205
30,187,WML,0.47018857824693217
30,188,MKT_RF,0.5778918037632303
30,188,SMB,-0.13597829565150982
30,188,HML,0.1454962011626483
30,188,WML,-0.32782214475908555
30,189,MKT_RF,0.5421506059230736
30,189,SMB,-0.04744235503789205
30,189,HML,-0.0469069783184641
30,189,WML,-0.40005027064209353
30,190,MKT_RF,0.349045806417412
30,190,SMB,-0.39163960565689493
30,190,HML,0.22426283665816632
30,190,WML,0.03204760771412021
30,191,MKT_RF,0.5714118257683046
30,191,SMB,-0.3002951254708132
30,191,HML,0.40469981851787845
30,191,WML,0.2604516845226957
30,192,MKT_RF,0.48343625983119265
30,192,SMB,-0.4014265647572575
30,192,HML,-0.21881492737740288
30,192,WML,-0.19642942021070986
30,193,MKT_RF,0.40923606254638717
30,193,SMB,-0.08272575626217311
30,193,HML,0.3658485779251078
30,193,WML,0.6215322949121623
30,194,MKT_RF,0.8235912544024101
30,194,SMB,-0.19227399577102178
30,194,HML,0.13385189782310256
30,194,WML,-0.09378911764788156
30,195,MKT_RF,0.5052078170813614
30,195,SMB,-0.6537469437836751
30,195,HML,0.4025855944278631
30,195,WML,0.08660787873101405
30,196,MKT_RF,0.27203352987812984
30,196,SMB,0.37515589236905583
30,196,HML,0.4275155079397129
30,196,WML,0.07553945208257878
30,197,MKT_RF,0.4352162577930281
30,197,SMB,0.032952141916716624
30,197,HML,0.3304669987471391
30,197,WML,-0.2323850397245057
30,198,MKT_RF,0.6915386471098174
30,198,SMB,-0.2587259413115667
30,198,HML,0.4611228570893852
30,198,WML,-0.31639053544775975
30,199,MKT_RF,0.22670803632497016
30,199,SMB,0.015794484246718588
30,199,HML,0.2551211193614573
30,199,WML,0.6045670248174071
30,200,MKT_RF,0.7421990473274447
30,200,SMB,-0.10649636334719828
30,200,HML,0.2380675248583351
30,200,WML,-0.29678389424243473
30,201,MKT_RF,0.574057169397632
30,201,SMB,-0.17884717974070066
30,201,HML,0.2581432407444757
30,201,WML,-0.12601199661076334
30,202,MKT_RF,0.3646378017433321
30,202,SMB,-0.009365894255513336
30,202,HML,0.22515592936517567
30,202,WML,0.2483052508433206
30,203,MKT_RF,0.42659730831659876
30,203,SMB,-0.3135933493119518
30,203,HML,0.4754468686485888
30,203,WML,0.04432528795543677
30,204,MKT_RF,0.6293121312660732
30,204,SMB,-0.7066893502363376
30,204,HML,0.1732089122128763
30,204,WML,0.11709013839437825
30,205,MKT_RF,0.48153992218351543
30,205,SMB,0.1651212188113912
30,205,HML,0.509530428491099
30,205,WML,-0.017288290431061733
30,206,MKT_RF,0.38495607325320436
30,206,SMB,-0.7015662473595827
30,206,HML,0.25939022718496085
30,206,WML,0.018606562437951554
30,207,MKT_RF,0.46340796573231335
30,207,SMB,0.16368972299699272
30,207,HML,0.5224225963757061
30,207,WML,-0.16825033303594364
30,208,MKT_RF,0.3418878567962019
30,208,SMB,0.15904301343015168
30,208,HML,0.27603649328051194
30,208,WML,0.2667605247366189
30,209,MKT_RF,0.6578445572354195
30,209,SMB,0.21119037914224786
30,209,HML,-0.16636507339963905
30,209,WML,-0.3652435472540606
30,210,MKT_RF,0.48015048229104074
30,210,SMB,0.21351199953463
30,210,HML,0.0965129378721125
30,210,WML,0.5282859166823803
30,211,MKT_RF,0.4311868618923541
30,211,SMB,-0.14437144953599956
30,211,HML,0.323920346670913
30,211,WML,-0.11831057421593089
30,212,MKT_RF,0.7210669474312436
30,212,SMB,-0.37640793678133583
30,212,HML,0.24921175945999174
30,212,WML,-0.11388513567116686
30,213,MKT_RF,0.36199812124171554
30,213,SMB,-0.09696856530954562
30,213,HML,0.19309710170996724
30,213,WML,0.036808168004030466
30,214,MKT_RF,0.1877605783541293
30,214,SMB,0.003237843300915067
30,214,HML,0.5041464489377739
30,214,WML,0.23832720687406808
30,215,MKT_RF,0.47470650557093197
30,215,SMB,0.07143507711441804
30,215,HML,0.31676210699749585
30,215,WML,0.22953976406540397
30,216,MKT_RF,0.7865181461494534
30,216,SMB,-0.12149229671641752
30,216,HML,0.35571772997135137
30,216,WML,-0.3787985905746947
30,217,MKT_RF,0.5272308693792042
30,217,SMB,-0.36958918684006664
30,217,HML,0.15566508195568732
30,217,WML,0.3862045908505712
30,218,MKT_RF,0.6346961723346679
30,218,SMB,-0.2520013990367447
30,218,HML,0.03234690505448805
30,218,WML,-0.1259349546779843
30,219,MKT_RF,0.3029730299391412
30,219,SMB,0.03742277254190732
30,219,HML,0.5684627892239369
30,219,WML,0.04208208269022731
30,220,MKT_RF,0.43286959680635084
30,220,SMB,-0.40427806264678273
30,220,HML,0.5881021044511648
30,220,WML,0.2383983399896446
30,221,MKT_RF,0.16663691746882162
30,221,SMB,-0.247409828009497
30,221,HML,0.6137026688167369
30,221,WML,0.33296398497502555
30,222,MKT_RF,0.04656270869007153
30,222,SMB,0.10901898499029779
30,222,HML,0.4349469030502401
30,222,WML,0.4696645119617148
30,223,MKT_RF,0.6329355123417291
30,223,SMB,-0.04188203986541542
30,223,HML,-0.07174818508931748
30,223,WML,-0.19531584731585447
30,224,MKT_RF,0.00906733321708588
30,224,SMB,-0.46700206618902074
30,224,HML,1.0109343329429525
30,224,WML,1.167496014118823
30,225,MKT_RF,0.16273116927426717
30,225,SMB,-0.2352601628468413
30,225,HML,0.05222218658804274
30,225,WML,0.5388864681129946
30,226,MKT_RF,0.44630686120305213
30,226,SMB,-0.08244590859653604
30,226,HML,-0.28485505628340513
30,226,WML,-0.24605872110691204
30,227,MKT_RF,0.4224244710816021
30,227,SMB,-0.4959362442203548
30,227,HML,0.07336819113646798
30,227,WML,0.026284405805531996
30,228,MKT_RF,0.35204746359069844
30,228,SMB,-0.3857706717975992
30,228,HML,0.49224009208632746
30,228,WML,0.46123307677466985
30,229,MKT_RF,0.6775389160396547
30,229,SMB,-0.37325337921394025
30,229,HML,-0.1309355633914175
30,229,WML,-0.1805643843647019
30,230,MKT_RF,0.45719078966537174
30,230,SMB,-0.27953864626903696
30,230,HML,0.46440917223482525
30,230,WML,0.13371465888042486
30,231,MKT_RF,0.35608212213486584
30,231,SMB,-0.06648577269747782
30,231,HML,0.1389780442262749
30,231,WML,0.11136263940310744
30,232,MKT_RF,0.8438260907720363
30,232,SMB,-0.3161967348769043
30,232,HML,0.5125622672912667
30,232,WML,-0.5393652317502315
30,233,MKT_RF,0.5208813774959637
30,233,SMB,0.2315323550245199
30,233,HML,0.2474392069185041
30,233,WML,0.14580715129363508
30,234,MKT_RF,0.45396923458934846
30,234,SMB,-0.3394968495263925
30,234,HML,0.2572453633392654
30,234,WML,0.8271354064016903
30,235,MKT_RF,0.11127411434829933
30,235,SMB,-0.15984693233267425
30,235,HML,0.44027139502282575
30,235,WML,0.3169629418203766
30,236,MKT_RF,0.8752975679812872
30,236,SMB,-0.6355276185891515
30,236,HML,-0.24757067903689525
30,236,WML,-0.581448247387738
30,237,MKT_RF,0.1488489568595685
30,237,SMB,0.38337814369710727
30,237,HML,0.36319642352809023
30,237,WML,0.46031863874357537
30,238,MKT_RF,0.03578814231117973
30,238,SMB,-0.02286762298860417
30,238,HML,0.06667573600948758
30,238,WML,0.5957015792108803
30,239,MKT_RF,0.3188073760894513
30,239,SMB,-0.1370506421068486
30,239,HML,0.2730066055670445
30,239,WML,0.13651900131809017
30,240,MKT_RF,0.3656490656559179
30,240,SMB,-0.0819932067784455
30,240,HML,0.5311976337847567
30,240,WML,0.31476633215764194
30,241,MKT_RF,0.6538249416991571
30,241,SMB,0.47672592507182315
30,241,HML,0.40480128610850263
30,241,WML,-0.047088914423784746
30,242,MKT_RF,0.3552913062906731
30,242,SMB,-0.04424620406306429
30,242,HML,0.5735542175630163
30,242,WML,0.011336426325330511
30,243,MKT_RF,0.16075693140691216
30,243,SMB,-0.09165713150764504
30,243,HML,-0.09025523160818084
30,243,WML,0.6298649244379088
30,244,MKT_RF,0.060035952077950344
30,244,SMB,0.20144886541427132
30,244,HML,0.6153434978462355
30,244,WML,0.22647542460778952
30,245,MKT_RF,0.5095458324985027
30,245,SMB,-0.09447361229656244
30,245,HML,0.21437152011344704
30,245,WML,0.6030768054245486
30,246,MKT_RF,0.4271046683840777
30,246,SMB,-0.6310554204190951
30,246,HML,0.564570040349958
30,246,WML,0.32004867557062977
30,247,MKT_RF,0.583971021344383
30,247,SMB,-0.20751836605644491
30,247,HML,0.06579885904856018
30,247,WML,-0.23898328811115674
30,248,MKT_RF,0.4474300409951513
30,248,SMB,-0.4316047357007989
30,248,HML,0.3238387996749978
30,248,WML,0.18024101405883983
30,249,MKT_RF,0.4858401398276055
30,249,SMB,-0.4817152710697201
30,249,HML,-0.08089313484307412
30,249,WML,-0.09204340482448732
30,250,MKT_RF,0.5216535693801487
30,250,SMB,-0.38827351801791726
30,250,HML,0.5057401320457947
30,250,WML,-0.36046735212654113
30,251,MKT_RF,-0.0025578554097498633
30,251,SMB,0.14687946071838087
30,251,HML,0.49967821964855513
30,251,WML,0.6987946671030714
30,252,MKT_RF,0.5804773732747075
30,252,SMB,-0.22713222702493674
30,252,HML,0.02331342338781212
30,252,WML,-0.2103698953686066
30,253,MKT_RF,0.6186329926941146
30,253,SMB,-0.5661738184938052
30,253,HML,0.060563342035626355
30,253,WML,-0.3429824689779896
30,254,MKT_RF,0.3440098044140717
30,254,SMB,-0.2852862888302399
30,254,HML,0.2168832853722916
30,254,WML,0.3218399081578151
30,255,MKT_RF,0.18426047097922083
30,255,SMB,0.03427177558734363
30,255,HML,0.183420489318501
30,255,WML,0.6591377532677452
30,256,MKT_RF,0.4024253364058143
30,256,SMB,0.047810637531811986
30,256,HML,0.6828578402864498
30,256,WML,0.10011835926837971
30,257,MKT_RF,0.498211912419558
30,257,SMB,-0.4712868208575889
30,257,HML,0.016711524851111673
30,257,WML,-0.46409320918626573
30,258,MKT_RF,0.23420375577403754
30,258,SMB,-0.02303167938438452
30,258,HML,0.465289353662308
30,258,WML,0.4127496719919559
30,259,MKT_RF,0.48732220707779333
30,259,SMB,-0.0948667806199362
30,259,HML,0.22401150900343805
30,259,WML,0.17894939993410475
30,260,MKT_RF,0.4044396184179754
30,260,SMB,-0.468539935672964
30,260,HML,0.05043646524269345
30,260,WML,0.43515102634911196
30,261,MKT_RF,0.4939592445208103
30,261,SMB,-0.02486161464494115
30,261,HML,0.391234054871406
30,261,WML,-0.09293588789487127
30,262,MKT_RF,0.3162536618256759
30,262,SMB,-0.22751286027753914
30,262,HML,0.4362685701386604
30,262,WML,0.7020838696838262
30,263,MKT_RF,0.32005591533273847
30,263,SMB,-0.09855666964945708
30,263,HML,-0.14992482338747928
30,263,WML,0.25188303994157574
30,264,MKT_RF,0.35058801285438185
30,264,SMB,0.1487778561571254
30,264,HML,0.4644834155157873
30,264,WML,-0.2951211383918545
30,265,MKT_RF,0.03515022014218389
30,265,SMB,-0.45530222666501446
30,265,HML,0.33816918255197526
30,265,WML,0.737019259599819
30,266,MKT_RF,0.46313191167202494
30,266,SMB,-0.3804755397868129
30,266,HML,0.32886673789212223
30,266,WML,0.09798922271122597
30,267,MKT_RF,0.2158089959589385
30,267,SMB,-0.1290044880401128
30,267,HML,0.6161766279673789
30,267,WML,0.6371799100942277
30,268,MKT_RF,0.46705883896390504
30,268,SMB,-0.47073886866045994
30,268,HML,0.08940234448712008
30,268,WML,-0.40301979841943736
30,269,MKT_RF,0.3558620372228789
30,269,SMB,0.17161869307447472
30,269,HML,0.013790758800315151
30,269,WML,-0.157856457497418
30,270,MKT_RF,0.549523149756488
30,270,SMB,-0.5002715764827211
30,270,HML,0.16426876866501752
30,270,WML,0.34322707900947835
30,271,MKT_RF,0.5018361547186144
30,271,SMB,-0.047931727918579047
30,271,HML,-0.00215428724820913
30,271,WML,-0.20181382059113664
30,272,MKT_RF,0.5262529676467803
30,272,SMB,-0.28760154288160045
30,272,HML,0.2664984149943491
30,272,WML,0.08553880239967289
30,273,MKT_RF,0.297575829688131
30,273,SMB,-0.182198361246087
30,273,HML,-0.3378122409682945
30,273,WML,0.342196124480941
30,274,MKT_RF,0.6258743710688157
30,274,SMB,-0.5244593682585571
30,274,HML,0.08435526681416075
30,274,WML,-0.33203206228568044
30,275,MKT_RF,0.16041791218919396
30,275,SMB,-0.2000559813805528
30,275,HML,0.15080299723509602
30,275,WML,0.5677553046780051
30,276,MKT_RF,-0.04465023432975797
30,276,SMB,0.18191037637278848
30,276,HML,0.42181740614092705
30,276,WML,0.5008207752196461
30,277,MKT_RF,0.34735357315044046
30,277,SMB,0.18986236611335286
30,277,HML,0.2350188061189295
30,277,WML,0.2937937627537595
30,278,MKT_RF,0.4283827416227301
30,278,SMB,-0.14032178875683704
30,278,HML,0.30219490228649615
30,278,WML,0.446260318210394
30,279,MKT_RF,0.4463134322394352
30,279,SMB,-0.08766381425623745
30,279,HML,0.1716138601670829
30,279,WML,-0.3236052527068476
30,280,MKT_RF,0.6142088692375207
30,280,SMB,-0.2710897515041819
30,280,HML,0.16137348711291136
30,280,WML,0.04355649886442705
30,281,MKT_RF,0.41596429781587735
30,281,SMB,-0.13662205046519305
30,281,HML,0.4194198684510452
30,281,WML,0.5931711443116823
30,282,MKT_RF,0.3117225364897479
30,282,SMB,0.028875310268461813
30,282,HML,0.13673638043979125
30,282,WML,0.5131475173182612
30,283,MKT_RF,0.7089180924150305
30,283,SMB,-0.12909604497219915
30,283,HML,0.09134776123889668
30,283,WML,-0.3935665992546278
30,284,MKT_RF,0.39818700715618993
30,284,SMB,0.13654711861210872
30,284,HML,0.3217660855708815
30,284,WML,0.2077917083748724
30,285,MKT_RF,0.23990116832926944
30,285,SMB,-0.005886207888066367
30,285,HML,0.12957153958103498
30,285,WML,0.5349219196251468
30,286,MKT_RF,0.46600526629190936
30,286,SMB,-0.1468485241958849
30,286,HML,0.24298491305406592
30,286,WML,0.1620439549618322
30,287,MKT_RF,0.5375689925964726
30,287,SMB,-0.36843417035241394
30,287,HML,0.24498661885539322
30,287,WML,-0.02749609634655043
30,288,MKT_RF,0.4816046582227456
30,288,SMB,-0.19417602774543136
30,288,HML,0.7094515401446394
30,288,WML,-0.3264443704880343
30,289,MKT_RF,0.41117095936878734
30,289,SMB,0.06240788868448705
30,289,HML,-0.03144107161622357
30,289,WML,0.32319475640392403
30,290,MKT_RF,0.548107985142674
30,290,SMB,0.10456697049531977
30,290,HML,0.35287432504625177
30,290,WML,-0.033903960534758276
30,291,MKT_RF,0.40542824459955795
30,291,SMB,-0.036911125357423115
30,291,HML,0.20747731424981564
30,291,WML,0.14468035092425457
30,292,MKT_RF,0.17816557008191658
30,292,SMB,-0.002475593369143544
30,292,HML,0.4592357525085879
30,292,WML,0.2522776330143325
30,293,MKT_RF,0.2723655662232768
30,293,SMB,0.14649903547127835
30,293,HML,0.5749880771352605
30,293,WML,0.23772765664083684
30,294,MKT_RF,0.6133313625852466
30,294,SMB,-0.4905271599630336
30,294,HML,0.6094534440799636
30,294,WML,0.028170541906757357
30,295,MKT_RF,0.43449090517545974
30,295,SMB,-0.30408129681375823
30,295,HML,0.5234212095093788
30,295,WML,0.0461140198226461
30,296,MKT_RF,0.4059716226133982
30,296,SMB,-0.2852905257321979
30,296,HML,0.3696416180683168
30,296,WML,0.3291700091580498
30,297,MKT_RF,0.6733523517095011
30,297,SMB,-0.5366000806447502
30,297,HML,0.12098655087574661
30,297,WML,-0.5562146936882996
30,298,MKT_RF,0.45879731016740005
30,298,SMB,-0.5173500593086591
30,298,HML,0.5665770970585271
30,298,WML,-0.17908920923151397
30,299,MKT_RF,0.261931102831491
30,299,SMB,-0.20511333982033
30,299,HML,-0.0007058040922779638
30,299,WML,0.5082950779262753
30,300,MKT_RF,0.4934568115234982
30,300,SMB,-0.34551257454639045
30,300,HML,0.36668686702809666
30,300,WML,0.013920710406255176
30,301,MKT_RF,0.36556044334615434
30,301,SMB,-0.22007245468210723
30,301,HML,0.42020695393297075
30,301,WML,0.9443721453848978
30,302,MKT_RF,0.5636533721855692
30,302,SMB,-0.188486720499155
30,302,HML,-0.1345102263716294
30,302,WML,-0.5981702118424592
30,303,MKT_RF,0.3902944123930868
30,303,SMB,-0.2726831912021645
30,303,HML,0.14584328601418123
30,303,WML,0.08283355499610254
30,304,MKT_RF,0.016659469295653474
30,304,SMB,-0.13776612035327715
30,304,HML,0.3137703279143405
30,304,WML,0.6233909856077724
30,305,MKT_RF,0.08862981942925224
30,305,SMB,0.06286768795277843
30,305,HML,0.23723793306164795
30,305,WML,0.5924890037262194
30,306,MKT_RF,0.19334414094336833
30,306,SMB,-0.35674980347469215
30,306,HML,0.3613613405098554
30,306,WML,0.7050958343769173
30,307,MKT_RF,0.5336346036733812
30,307,SMB,-0.06912808918753799
30,307,HML,0.4406371837556787
30,307,WML,-0.5735087279925198
30,308,MKT_RF,0.25567424048281745
30,308,SMB,-0.3346547031023432
30,308,HML,0.4827952365890197
30,308,WML,0.5991829453202656
30,309,MKT_RF,0.604215186221445
30,309,SMB,-0.4270588441435648
30,309,HML,0.39995224379648264
30,309,WML,-0.3335268174534635
30,310,MKT_RF,0.22499611736836697
30,310,SMB,0.11191081711779177
30,310,HML,0.3162310919320116
30,310,WML,0.09367786662808311
30,311,MKT_RF,0.35808698515545395
30,311,SMB,-0.39573389053938635
30,311,HML,0.0873285452428576
30,311,WML,0.8419042277932122
30,312,MKT_RF,0.11088722722938096
30,312,SMB,-0.4932653713879472
30,312,HML,0.4724005563924292
30,312,WML,0.5122871683870178
30,313,MKT_RF,0.5293363380694885
30,313,SMB,-0.17129316007928605
30,313,HML,0.3645733879202924
30,313,WML,-0.21354709658435828
30,314,MKT_RF,0.2251034506645017
30,314,SMB,-0.1205152409700588
30,314,HML,0.3190581002689774
30,314,WML,0.1902686000854413
30,315,MKT_RF,0.20046542403942608
30,315,SMB,-0.16522005226999986
30,315,HML,0.23790700433749803
30,315,WML,0.219642560306796
30,316,MKT_RF,0.3902910554844872
30,316,SMB,-0.06830919787453014
30,316,HML,-0.02892146602404501
30,316,WML,-0.1300385677488925
30,317,MKT_RF,0.4634773923939555
30,317,SMB,-0.13069411543467183
30,317,HML,0.2680324067195851
30,317,WML,0.32761102049200963
30,318,MKT_RF,0.44649563300766537
30,318,SMB,-0.004569975548983545
30,318,HML,0.07961656837390038
30,318,WML,0.37740396279545835
30,319,MKT_RF,0.1163223040354025
30,319,SMB,0.09050929501307316
30,319,HML,0.2375844762012052
30,319,WML,0.5458403819194437
30,320,MKT_RF,0.2871044279719371
30,320,SMB,0.023545631829164887
30,320,HML,0.11367044556693331
30,320,WML,0.5190814101536544
30,321,MKT_RF,0.7307972023077056
30,321,SMB,-0.6574963663788683
30,321,HML,-0.19184611268070967
30,321,WML,-0.16547953390431502
30,322,MKT_RF,0.4990306422706023
30,322,SMB,-0.2755761225824698
30,322,HML,0.38126956283620905
30,322,WML,0.24808254465864063
30,323,MKT_RF,0.28567272091569557
30,323,SMB,-0.14115464513425688
30,323,HML,0.21524497626505396
30,323,WML,0.4995341731871963
30,324,MKT_RF,0.403395588567541
30,324,SMB,-0.040221470637802265
30,324,HML,-0.02646559385809662
30,324,WML,0.3369765083959336
30,325,MKT_RF,-0.03009802592149881
30,325,SMB,-0.19144849603275257
30,325,HML,0.6130577094087862
30,325,WML,0.5870078817251335
30,326,MKT_RF,0.5549601429854777
30,326,SMB,-0.5267994566734412
30,326,HML,0.22840663758997393
30,326,WML,-0.2846056322833982
30,327,MKT_RF,0.41972306668804366
30,327,SMB,-0.22723174199862348
30,327,HML,0.9104046034031641
30,327,WML,-0.4373866983845349
30,328,MKT_RF,0.18786577695144038
30,328,SMB,0.055056942424330756
30,328,HML,0.19964920780344791
30,328,WML,0.6854234489380777
30,329,MKT_RF,0.2971369464666787
30,329,SMB,-0.46846486574447405
30,329,HML,0.4075140901892754
30,329,WML,0.5640101570040872
30,330,MKT_RF,0.08635191907485211
30,330,SMB,-0.3027428949593868
30,330,HML,0.7816946743061244
30,330,WML,0.7650255904030687
30,331,MKT_RF,0.3611087261008011
30,331,SMB,-0.3796473595853751
30,331,HML,-0.06576769750861541
30,331,WML,0.4426401365929224
30,332,MKT_RF,0.19979039679997718
30,332,SMB,-0.22277722992230475
30,332,HML,-0.1393538851082701
30,332,WML,0.5179839217481491
30,333,MKT_RF,0.16458141702876372
30,333,SMB,0.036488399683790154
30,333,HML,0.03255402603663042
30,333,WML,0.9499640956497654
30,334,MKT_RF,0.3132149804304502
30,334,SMB,-0.5641919188701789
30,334,HML,0.004931228104024261
30,334,WML,0.40161187708399726
30,335,MKT_RF,0.3194842747038251
30,335,SMB,-0.23119991929876157
30,335,HML,0.46274338294365136
30,335,WML,0.020593576867914572
30,336,MKT_RF,-0.09806093006276177
30,336,SMB,0.01776576059785363
30,336,HML,0.38914947613029
30,336,WML,0.6939672474152516
30,337,MKT_RF,0.04656647884652656
30,337,SMB,-0.1189057283856745
30,337,HML,0.01797122741694531
30,337,WML,0.9556299573631457
30,338,MKT_RF,0.27425214240711565
30,338,SMB,-0.5353704178885537
30,338,HML,-0.20149113181248535
30,338,WML,0.19273285686034905
30,339,MKT_RF,0.1669353712649789
30,339,SMB,-0.5183979088866751
30,339,HML,0.8425289310925629
30,339,WML,0.6008272140998632
30,340,MKT_RF,0.6160099337635325
30,340,SMB,0.02068969009744401
30,340,HML,-0.09875497783854476
30,340,WML,-0.2853721664830867
30,341,MKT_RF,0.25263169131739155
30,341,SMB,-0.2716566543726215
30,341,HML,0.3619655924345122
30,341,WML,-0.002224062315959798
30,342,MKT_RF,0.6468231891194027
30,342,SMB,-0.8025966162240648
30,342,HML,0.5611954650000623
30,342,WML,-0.619324653621978
30,343,MKT_RF,0.4595260801316498
30,343,SMB,0.09075718351645558
30,343,HML,-0.026677459618959964
30,343,WML,-0.0009270193703847666
30,344,MKT_RF,0.4641252901391688
30,344,SMB,0.41271924744770566
30,344,HML,0.09562083392561072
30,344,WML,0.08138273615571354
30,345,MKT_RF,0.13432096535605423
30,345,SMB,-0.4077314094451476
30,345,HML,0.178236346890512
30,345,WML,0.8485109897616925
30,346,MKT_RF,0.1717885331050113
30,346,SMB,0.4783281648074134
30,346,HML,0.3662383207053038
30,346,WML,0.30800792850390113
30,347,MKT_RF,0.21326647858583728
30,347,SMB,-0.27777152603033334
30,347,HML,0.42614348631100096
30,347,WML,0.41130303134960544
30,348,MKT_RF,0.5872648659801483
30,348,SMB,-0.4783074908637941
30,348,HML,-0.16298559953627512
30,348,WML,0.03671322426460698
30,349,MKT_RF,0.4846963318590685
30,349,SMB,-0.2800345266165659
30,349,HML,-0.03489766665091534
30,349,WML,0.1524531785239343
30,350,MKT_RF,0.0247727625275053
30,350,SMB,0.0059461778786815125
30,350,HML,0.2198910126267547
30,350,WML,0.6931642278475922
30,351,MKT_RF,0.5591636002669637
30,351,SMB,-0.42862527981010234
30,351,HML,0.3410334870142465
30,351,WML,-0.3512767765280105
30,352,MKT_RF,-0.09272706474651406
30,352,SMB,-0.019584436382331167
30,352,HML,-0.11679065634946847
30,352,WML,0.5405206039965632
30,353,MKT_RF,0.4167474572441151
30,353,SMB,-0.2673081233417738
30,353,HML,0.24201664985519838
30,353,WML,0.3914877825692183
30,354,MKT_RF,0.32675119869527597
30,354,SMB,-0.32859961901059737
30,354,HML,0.1019878597966942
30,354,WML,0.0851767112740789
30,355,MKT_RF,0.5127676113756293
30,355,SMB,-0.2144585317964295
30,355,HML,0.12567390070214868
30,355,WML,0.21258258579471612
30,356,MKT_RF,0.5540045252301409
30,356,SMB,-0.5707956635609457
30,356,HML,0.372553945082873
30,356,WML,0.3014913647132534
30,357,MKT_RF,0.1663133662931568
30,357,SMB,-0.1762746620769621
30,357,HML,0.5705839024054797
30,357,WML,0.31825702330066447
30,358,MKT_RF,0.2021370300307102
30,358,SMB,-0.1929223585229656
30,358,HML,0.33354341566034135
30,358,WML,0.41262771250747143
30,359,MKT_RF,-0.06239460835770487
30,359,SMB,-0.257101244502726
30,359,HML,0.16074913328036322
30,359,WML,1.0784613891137103
30,360,MKT_RF,0.243965919746868
30,360,SMB,-0.5156701080185145
30,360,HML,0.7811978414614019
30,360,WML,0.2692518185739278
30,361,MKT_RF,0.39838026053013836
30,361,SMB,-0.19679746372570783
30,361,HML,0.29756415528249125
30,361,WML,0.357269317960416
30,362,MKT_RF,0.39123963725221106
30,362,SMB,0.15885292468033152
30,362,HML,-0.06319525688825231
30,362,WML,0.33536445726813746
30,363,MKT_RF,0.30484619650872424
30,363,SMB,-0.2509600527057525
30,363,HML,0.24981186209730236
30,363,WML,0.5293385128981427
30,364,MKT_RF,0.5410302029616282
30,364,SMB,-0.35980391821796587
30,364,HML,0.3740154112027062
30,364,WML,0.006630351182199129
30,365,MKT_RF,0.500795492011024
30,365,SMB,-0.4725263935542362
30,365,HML,0.14962852754515008
30,365,WML,-0.1760790233544844
30,366,MKT_RF,0.45527334776732625
30,366,SMB,0.06983827522932758
30,366,HML,0.3235541955727363
30,366,WML,-0.046839524523029114
30,367,MKT_RF,0.3970356055796159
30,367,SMB,-0.25883311321350394
30,367,HML,0.5875920826438926
30,367,WML,0.1620846744768328
30,368,MKT_RF,0.35498105334543495
30,368,SMB,-0.21938291037508392
30,368,HML,0.266516810320965
30,368,WML,-0.23446348904265354
30,369,MKT_RF,0.8169844953586851
30,369,SMB,-0.10598729703009095
30,369,HML,0.27223423233381877
30,369,WML,-0.6712431647654266
30,370,MKT_RF,0.5119777087913057
30,370,SMB,-0.1177654605884816
30,370,HML,0.45471205902098477
30,370,WML,0.0022644016290614822
30,371,MKT_RF,0.6839564070223343
30,371,SMB,-0.1332329062276249
30,371,HML,0.6043527446916646
30,371,WML,0.12046880788354622
30,372,MKT_RF,0.2935740702881671
30,372,SMB,0.05009701463633889
30,372,HML,-0.13513598020712658
30,372,WML,0.5666914921559812
30,373,MKT_RF,0.48737447862897776
30,373,SMB,0.38219182550300096
30,373,HML,0.30000243319442355
30,373,WML,-0.335309428905021
30,374,MKT_RF,0.1519155602426164
30,374,SMB,0.3742071278104728
30,374,HML,0.8849966877012234
30,374,WML,0.47143948905361316
30,375,MKT_RF,0.11303687491248882
30,375,SMB,0.33559126211685514
30,375,HML,0.45212049497205703
30,375,WML,0.8557514237127024
30,376,MKT_RF,0.310743979336455
30,376,SMB,-0.28528747544694166
30,376,HML,0.2933987440099974
30,376,WML,0.28075404770800433
30,377,MKT_RF,0.31449457182415824
30,377,SMB,-0.36660764157121994
30,377,HML,0.5957015719020788
30,377,WML,0.6323949735943827
30,378,MKT_RF,0.765101377333508
30,378,SMB,-0.1753619334335565
30,378,HML,0.24245100590161656
30,378,WML,-0.14726338176347775
30,379,MKT_RF,0.14654033853499704
30,379,SMB,-0.1242082238353742
30,379,HML,0.8838766833526761
30,379,WML,0.3952689172866211
30,380,MKT_RF,0.5318164112784195
30,380,SMB,-0.37769237347769874
30,380,HML,-0.3985173684195549
30,380,WML,-0.016686508377803912
30,381,MKT_RF,0.08025981097222898
30,381,SMB,-0.09205064170900203
30,381,HML,0.11634589021461801
30,381,WML,0.5018118538690786
30,382,MKT_RF,0.22445971713885213
30,382,SMB,-0.2080146670202923
30,382,HML,0.26287063954909035
30,382,WML,0.9026770177192731
30,383,MKT_RF,0.05883379520247641
30,383,SMB,0.05004538589841867
30,383,HML,0.23059978500651304
30,383,WML,0.36959385873317574
30,384,MKT_RF,0.24489889723889952
30,384,SMB,-0.07704912955879659
30,384,HML,0.36371619107393693
30,384,WML,0.7465655862662921
30,385,MKT_RF,0.14393956042952846
30,385,SMB,-0.26819005255395073
30,385,HML,0.18574936749351043
30,385,WML,0.8661398668139579
30,386,MKT_RF,0.7978166625542522
30,386,SMB,0.07477329652748096
30,386,HML,0.32367598613334897
30,386,WML,0.0655609458438558
30,387,MKT_RF,0.5568353718404276
30,387,SMB,-0.16009996510948918
30,387,HML,0.09616067521134501
30,387,WML,0.219261915432322
30,388,MKT_RF,0.42878207577546984
30,388,SMB,-0.1933671319615135
30,388,HML,0.5363064346327571
30,388,WML,0.35198113930790814
30,389,MKT_RF,1.0150358560886978
30,389,SMB,-0.020406679513995156
30,389,HML,0.15652375767879748
30,389,WML,-0.7206639591633258
30,390,MKT_RF,0.6469375628800852
30,390,SMB,0.02929652972442016
30,390,HML,0.07674964044595076
30,390,WML,0.07203308365836614
30,391,MKT_RF,0.45642816091839317
30,391,SMB,-0.11066861935443754
30,391,HML,-0.1552059405177957
30,391,WML,-0.0851231759210642
30,392,MKT_RF,0.43388718466345305
30,392,SMB,0.09743147430825459
30,392,HML,0.0010372938662943135
30,392,WML,-0.11878165141709923
30,393,MKT_RF,0.09200491757239691
30,393,SMB,-0.2367853043950392
30,393,HML,0.2655679822973539
30,393,WML,0.5917746943697799
30,394,MKT_RF,0.38438368735780515
30,394,SMB,-0.43706871554997617
30,394,HML,0.3163338593489839
30,394,WML,0.18134520205701407
30,395,MKT_RF,0.6309536832135941
30,395,SMB,-0.28295232170357115
30,395,HML,0.1371420929237059
30,395,WML,0.1814932774146322
30,396,MKT_RF,0.5123040163655543
30,396,SMB,-0.24381272524700592
30,396,HML,0.06324098662569869
30,396,WML,-0.040303633843287306
30,397,MKT_RF,0.5492483711907595
30,397,SMB,0.02513099685552939
30,397,HML,0.1576066548467237
30,397,WML,0.07093121844839083
30,398,MKT_RF,0.312550197783044
30,398,SMB,-0.3211968023710619
30,398,HML,0.005814831931835634
30,398,WML,0.44535662556391437
30,399,MKT_RF,0.3034071030728591
30,399,SMB,-0.39220986481085773
30,399,HML,0.5539188391138246
30,399,WML,0.5891610132663613
30,400,MKT_RF,0.5734089438671996
30,400,SMB,-0.10804597959012908
30,400,HML,0.7267756598130768
30,400,WML,-0.04562340802775427
30,401,MKT_RF,0.11264119161417546
30,401,SMB,0.2543600968727687
30,401,HML,0.09714503951707339
30,401,WML,0.7872821374870604
30,402,MKT_RF,0.3085768792256293
30,402,SMB,-0.24681553010532398
30,402,HML,0.3834351221307746
30,402,WML,-0.021182222473999344
30,403,MKT_RF,0.6656556888459388
30,403,SMB,-0.4885445617188096
30,403,HML,0.47493893949075017
30,403,WML,-0.1606978736657318
30,404,MKT_RF,0.7081388627846793
30,404,SMB,-0.47568694476509643
30,404,HML,0.3664898662433649
30,404,WML,0.19243582882510019
30,405,MKT_RF,0.5269148765120489
30,405,SMB,-0.018895923926948336
30,405,HML,0.30461187948474683
30,405,WML,-0.0017762447763596688
30,406,MKT_RF,0.39257089419434743
30,406,SMB,-0.1230824113216021
30,406,HML,0.6132318697524525
30,406,WML,0.463666781880092
30,407,MKT_RF,0.5513046279086866
30,407,SMB,-0.16694966608601758
30,407,HML,0.03503202978978652
30,407,WML,-0.2342658626944996
30,408,MKT_RF,0.3751543368351322
30,408,SMB,-0.4775643629351532
30,408,HML,0.5051200373605845
30,408,WML,0.15092929610674247
30,409,MKT_RF,0.3103094599354284
30,409,SMB,-0.24768242417914557
30,409,HML,0.7576481015235178
30,409,WML,0.0704567043510326
30,410,MKT_RF,0.7264918094365157
30,410,SMB,-0.22771729333222304
30,410,HML,0.1706767356099465
30,410,WML,-0.10434058199444791
30,411,MKT_RF,0.6094019633994936
30,411,SMB,-0.06747761039286437
30,411,HML,0.1465213821382083
30,411,WML,-0.12728029593752097
30,412,MKT_RF,0.26846128330718205
30,412,SMB,0.20104107433764615
30,412,HML,-0.09083317624902
30,412,WML,0.17883238751981884
30,413,MKT_RF,0.5698249491239346
30,413,SMB,0.20101178406419204
30,413,HML,0.15437932502518037
30,413,WML,-0.12382432749904808
30,414,MKT_RF,0.5497596408693102
30,414,SMB,-0.3755754159339961
30,414,HML,0.15277040412475618
30,414,WML,-0.32594990550971015
30,415,MKT_RF,0.3018153742871432
30,415,SMB,-0.10373732072596836
30,415,HML,0.5468613547521767
30,415,WML,0.45630144071737533
30,416,MKT_RF,0.5824383679775281
30,416,SMB,0.07035244605579999
30,416,HML,-0.2982556803755023
30,416,WML,0.024627471483323716
30,417,MKT_RF,0.3946292420592975
30,417,SMB,-0.2953506080547579
30,417,HML,0.06661836000057327
30,417,WML,0.30131359840350824
30,418,MKT_RF,0.22392184082537403
30,418,SMB,-0.302022924875519
30,418,HML,0.3534191887845294
30,418,WML,0.23189646510904421
30,419,MKT_RF,0.5584090371471548
30,419,SMB,-0.16195144530916836
30,419,HML,-0.12927008013543706
30,419,WML,0.5697237595170952
30,420,MKT_RF,0.29520824663195316
30,420,SMB,-0.5028269430107193
30,420,HML,0.15300384070187484
30,420,WML,0.520899400818587
30,421,MKT_RF,0.4375284421927983
30,421,SMB,0.10445254209728705
30,421,HML,0.21682471718311366
30,421,WML,0.257655830437522
30,422,MKT_RF,0.17619283518303697
30,422,SMB,-0.15371256294241342
30,422,HML,0.3904033231827773
30,422,WML,0.37235470323612774
30,423,MKT_RF,0.24454632556162786
30,423,SMB,-0.39692802909559066
30,423,HML,0.7531548887106168
30,423,WML,0.6730198537209502
30,424,MKT_RF,0.6424893435990879
30,424,SMB,-0.6150945286182248
30,424,HML,0.12041288335498125
30,424,WML,-0.12533253240992132
30,425,MKT_RF,0.2598416896129493
30,425,SMB,-0.09536096179321572
30,425,HML,0.27721284026775433
30,425,WML,0.33056156189036484
30,426,MKT_RF,0.5612049020762859
30,426,SMB,-0.18746530562278393
30,426,HML,-0.049838754366015384
30,426,WML,-0.3725882109599188
30,427,MKT_RF,0.1669760459341437
30,427,SMB,-0.4654152180658387
30,427,HML,0.20415095150875903
30,427,WML,0.34378970164148265
30,428,MKT_RF,0.11746936045498788
30,428,SMB,0.31924421614527615
30,428,HML,0.43353682279517314
30,428,WML,0.5815844061857645
30,429,MKT_RF,0.09836135442114123
30,429,SMB,-0.25218080760896844
30,429,HML,0.4958530769159532
30,429,WML,0.6039654867576867
30,430,MKT_RF,0.3648211701484215
30,430,SMB,0.0344571789326791
30,430,HML,0.4143654001828766
30,430,WML,0.014433670126873523
30,431,MKT_RF,0.6144294012390563
30,431,SMB,0.24682525302280625
30,431,HML,-0.1541211554354794
30,431,WML,-0.43548145288981954
30,432,MKT_RF,0.4682720796439254
30,432,SMB,0.04294999267400536
30,432,HML,0.5135943772883685
30,432,WML,-0.02755114309681898
30,433,MKT_RF,0.04660088442472618
30,433,SMB,0.1429349037039616
30,433,HML,0.20497229942097026
30,433,WML,1.1714369264138802
30,434,MKT_RF,0.33297307450774744
30,434,SMB,-0.2118340356914711
30,434,HML,0.11640635543668307
30,434,WML,0.6157540453516553
30,435,MKT_RF,0.20684702677302358
30,435,SMB,-0.42906189482846824
30,435,HML,0.648306237831399
30,435,WML,0.6280604551292512
30,436,MKT_RF,0.5433731245366524
30,436,SMB,-0.20052653762203793
30,436,HML,0.46071825862523436
30,436,WML,0.16548070840383364
30,437,MKT_RF,0.6667131542045616
30,437,SMB,-0.08479569185179248
30,437,HML,0.0969718705466814
30,437,WML,0.42835862491929017
30,438,MKT_RF,0.6470380163586277
30,438,SMB,0.012597110668399594
30,438,HML,0.4988684318743397
30,438,WML,-0.4856029918493057
30,439,MKT_RF,0.8037477136848018
30,439,SMB,-0.4140885339429804
30,439,HML,-0.00378743707713352
30,439,WML,-0.22384616485533493
30,440,MKT_RF,0.5268385906695816
30,440,SMB,0.061948389608292874
30,440,HML,-0.05926066305125952
30,440,WML,-0.03015218966771881
30,441,MKT_RF,0.38774253166759526
30,441,SMB,-0.18023660139119013
30,441,HML,-0.1535580730782533
30,441,WML,0.024516342090198682
30,442,MKT_RF,0.4826992452569058
30,442,SMB,-0.17089046290407434
30,442,HML,-0.22041460539463906
30,442,WML,-0.21834186330663385
30,443,MKT_RF,0.22056901335550833
30,443,SMB,-0.02362479086733967
30,443,HML,0.19902921511318072
30,443,WML,0.446883999698199
30,444,MKT_RF,0.46602443189914994
30,444,SMB,0.2502514798066242
30,444,HML,0.3572646546450944
30,444,WML,0.19085897519042377
30,445,MKT_RF,0.2839510818611982
30,445,SMB,-0.46367966634812285
30,445,HML,-0.33073452798113234
30,445,WML,-0.02443709509106063
30,446,MKT_RF,0.4593486468715746
30,446,SMB,0.05728973482773731
30,446,HML,0.17312621397729197
30,446,WML,0.501163965864617
30,447,MKT_RF,0.008441281480609323
30,447,SMB,-0.03028977270646546
30,447,HML,0.5114903288874494
30,447,WML,0.5872883411379438
30,448,MKT_RF,0.6246871437960922
30,448,SMB,-0.05933008573523116
30,448,HML,-0.06034273091820813
30,448,WML,-0.13779362337796577
30,449,MKT_RF,0.2789840864973497
30,449,SMB,-0.0771295333455353
30,449,HML,0.3497126703647124
30,449,WML,0.7880073293374679
30,450,MKT_RF,0.6043409103992962
30,450,SMB,0.04353507368923468
30,450,HML,0.22429965978327937
30,450,WML,-0.1109072939484511
30,451,MKT_RF,0.34068023649715046
30,451,SMB,0.05780446751040152
30,451,HML,0.5022701534100132
30,451,WML,0.32054022182638187
30,452,MKT_RF,0.5707617071499042
30,452,SMB,-0.20984103961136752
30,452,HML,0.4943031244600473
30,452,WML,-0.18376909541783387
30,453,MKT_RF,0.33406476720523803
30,453,SMB,-0.25136514531831045
30,453,HML,0.4716165663839183
30,453,WML,0.21782890725562712
30,454,MKT_RF,0.20602886520981625
30,454,SMB,-0.40413686228646806
30,454,HML,0.339422355969562
30,454,WML,0.3673793847457798
30,455,MKT_RF,0.280641630544573
30,455,SMB,-0.38662803089252124
30,455,HML,-0.2775060790453539
30,455,WML,0.22113601600175609
30,456,MKT_RF,0.5399018504159626
30,456,SMB,-0.4273659714427339
30,456,HML,0.13580479964152542
30,456,WML,-0.44393022104122565
30,457,MKT_RF,0.10521038385931002
30,457,SMB,-0.3676191923105795
30,457,HML,0.07850114809550834
30,457,WML,0.3999323514333349
30,458,MKT_RF,0.4667372383816753
30,458,SMB,-0.47755014883072944
30,458,HML,0.36842263325554825
30,458,WML,0.04667933169369305
30,459,MKT_RF,0.28427343538385436
30,459,SMB,-0.45112370159400506
30,459,HML,0.08227370836761443
30,459,WML,0.23296965666276556
30,460,MKT_RF,0.40920834134424755
30,460,SMB,-0.485631885059106
30,460,HML,0.05421732038323319
30,460,WML,-0.08113095342933706
30,461,MKT_RF,0.24007382837296043
30,461,SMB,-0.4568358224598891
30,461,HML,0.42526216304280007
30,461,WML,1.0687049730532912
30,462,MKT_RF,0.5387792713043481
30,462,SMB,-0.13218034245605173
30,462,HML,0.3657264805823176
30,462,WML,0.39628606762703417
30,463,MKT_RF,0.42063154951441983
30,463,SMB,-0.019314313900884734
30,463,HML,0.11482228060300426
30,463,WML,0.17831356518054758
30,464,MKT_RF,0.3881809127353974
30,464,SMB,-0.08251755220416981
30,464,HML,0.2792057920075594
30,464,WML,0.5136178607290662
30,465,MKT_RF,0.544737775132483
30,465,SMB,-0.27985694168914976
30,465,HML,0.3908139843367726
30,465,WML,0.06937876537567841
30,466,MKT_RF,-0.018703325594371035
30,466,SMB,-0.22782559777482256
30,466,HML,0.4057780265470965
30,466,WML,1.0492800419471089
30,467,MKT_RF,0.32325320854590567
30,467,SMB,-0.5855987674762144
30,467,HML,0.3638741845874857
30,467,WML,0.17580073698811718
30,468,MKT_RF,0.3167576710661672
30,468,SMB,-0.6408444710202283
30,468,HML,0.13836216370584078
30,468,WML,0.43700373171362883
30,469,MKT_RF,0.5290227483830484
30,469,SMB,0.0711128661231301
30,469,HML,0.5125918341048836
30,469,WML,-0.3523337315503789
30,470,MKT_RF,0.2889516130292265
30,470,SMB,0.011001832595892335
30,470,HML,0.5938810860954643
30,470,WML,0.6129065744120501
30,471,MKT_RF,0.6451962978526902
30,471,SMB,-0.1025603513466219
30,471,HML,0.08826393474492744
30,471,WML,0.169830539410221
30,472,MKT_RF,0.10431897122587536
30,472,SMB,-0.19873265430413073
30,472,HML,0.43672826812040205
30,472,WML,0.373069223164933
30,473,MKT_RF,0.4990974811019236
30,473,SMB,-0.17616412568989367
30,473,HML,0.3357631447576756
30,473,WML,0.3901684170032693
30,474,MKT_RF,0.3445839117288796
30,474,SMB,-0.36455589936492705
30,474,HML,0.09587651852380746
30,474,WML,0.392245956828515
30,475,MKT_RF,0.6286817106554182
30,475,SMB,-0.46360612111120214
30,475,HML,0.3926002910825823
30,475,WML,-0.03872193114841376
30,476,MKT_RF,0.36854152218812786
30,476,SMB,0.008085060131480588
30,476,HML,0.4809558911315583
30,476,WML,0.8545993779705906
30,477,MKT_RF,0.42664721738564837
30,477,SMB,-0.012208839824432122
30,477,HML,0.1279603003636643
30,477,WML,-0.029446712477215073
30,478,MKT_RF,0.8437606217358262
30,478,SMB,-0.7866908572192136
30,478,HML,0.2953994052981603
30,478,WML,-0.6201304737974749
30,479,MKT_RF,0.6512347002722751
30,479,SMB,-0.6942792849629954
30,479,HML,-0.31548935341713824
30,479,WML,-0.4220529437269901
30,480,MKT_RF,0.17776804958095205
30,480,SMB,0.023641155386421735
30,480,HML,0.24029178989992403
30,480,WML,0.6883289003441944
30,481,MKT_RF,0.4011785883181602
30,481,SMB,-0.17383678719498655
30,481,HML,0.565534946593346
30,481,WML,-0.3412115060453828
30,482,MKT_RF,0.20071684515204669
30,482,SMB,0.030884532170215237
30,482,HML,0.2911491402374462
30,482,WML,0.2178885056876832
30,483,MKT_RF,0.7446718123249456
30,483,SMB,-0.6084145726956356
30,483,HML,0.028131697030608204
30,483,WML,-0.22500618137698533
30,484,MKT_RF,0.23388582219832404
30,484,SMB,-0.08448322134137966
30,484,HML,0.6778965320451814
30,484,WML,0.42493710276106
30,485,MKT_RF,0.22939687803339243
30,485,SMB,-0.15962642379706293
30,485,HML,0.17857996928673273
30,485,WML,0.6554416504516936
30,486,MKT_RF,0.5452860391198211
30,486,SMB,0.05928213712319872
30,486,HML,0.2542983862011381
30,486,WML,0.3643396268040844
30,487,MKT_RF,0.4367672763077881
30,487,SMB,-0.1909087403975476
30,487,HML,-0.0664082973759629
30,487,WML,0.16056704594970267
30,488,MKT_RF,1.010828519712521
30,488,SMB,-0.4280778134818962
30,488,HML,0.08889092826978966
30,488,WML,-0.32938687256493676
30,489,MKT_RF,0.34962701535232243
30,489,SMB,-0.25919152009756424
30,489,HML,0.5005018438628313
30,489,WML,0.39679663547748645
30,490,MKT_RF,0.3947735971417823
30,490,SMB,0.031285189360662324
30,490,HML,0.4702766860579256
30,490,WML,0.5550843937992701
30,491,MKT_RF,0.4244289094706289
30,491,SMB,0.166680447753632
30,491,HML,0.16373321784213904
30,491,WML,0.5275070355595967
30,492,MKT_RF,0.1997325580184884
30,492,SMB,0.008697649272352509
30,492,HML,0.4973667370021441
30,492,WML,0.3750522221337381
30,493,MKT_RF,0.14318936059047052
30,493,SMB,-0.14786918854199493
30,493,HML,0.5373314134426657
30,493,WML,0.3424393820433813
30,494,MKT_RF,0.23409752893326125
30,494,SMB,0.3631263475227497
30,494,HML,0.7679178815863162
30,494,WML,0.534951656259789
30,495,MKT_RF,0.8242772075852651
30,495,SMB,-0.8277124246443397
30,495,HML,0.3770315980985016
30,495,WML,-0.6416389349545705
30,496,MKT_RF,0.6035746807396132
30,496,SMB,-0.26105352035997686
30,496,HML,0.35807801921809757
30,496,WML,-0.14130003024476237
30,497,MKT_RF,0.30742232430703925
30,497,SMB,0.19958153464395004
30,497,HML,0.34097661147738767
30,497,WML,0.47347824886333867
30,498,MKT_RF,0.6018836803091897
30,498,SMB,-0.41762948330522404
30,498,HML,0.4117612843213849
30,498,WML,0.17475516065927177
30,499,MKT_RF,0.18604222975802379
30,499,SMB,-0.3878471275720373
30,499,HML,0.3915407669652438
30,499,WML,0.49493315605866534
35,0,MKT_RF,0.43969219585231534
35,0,SMB,-0.5202579606507621
35,0,HML,0.2766110309977352
35,0,WML,0.5125603326345549
35,1,MKT_RF,0.2305083444048973
35,1,SMB,-0.1193898467724565
35,1,HML,0.15248218884578926
35,1,WML,0.4801756268233332
35,2,MKT_RF,0.4653549487972211
35,2,SMB,-0.45202093587224573
35,2,HML,0.4699235105812352
35,2,WML,-0.45275355957245955
35,3,MKT_RF,0.3098576432982382
35,3,SMB,-0.38690025865928174
35,3,HML,0.6613084396895731
35,3,WML,0.6280218426599002
35,4,MKT_RF,0.41405742524114325
35,4,SMB,-0.116607958940214
35,4,HML,0.14021578739488558
35,4,WML,0.6584515892107629
35,5,MKT_RF,0.3112534740213152
35,5,SMB,-0.1120105368326253
35,5,HML,0.7397777256212784
35,5,WML,0.41737586701501406
35,6,MKT_RF,0.5511719191560559
35,6,SMB,-0.10723465561610145
35,6,HML,-0.3173624653769094
35,6,WML,0.02705662371006515
35,7,MKT_RF,0.5579175236382958
35,7,SMB,-0.04496034519563593
35,7,HML,-0.1968958514794775
35,7,WML,0.26042627710834854
35,8,MKT_RF,0.47500998459140226
35,8,SMB,-0.25358004761340525
35,8,HML,0.2544321024367205
35,8,WML,0.49251876651583426
35,9,MKT_RF,0.3560296791981991
35,9,SMB,0.22430936537609603
35,9,HML,0.1304456755394011
35,9,WML,0.1414281767268234
35,10,MKT_RF,0.532189875409496
35,10,SMB,-0.29364667946909456
35,10,HML,0.39708401182295683
35,10,WML,-0.14642628547219547
35,11,MKT_RF,0.22897349749747453
35,11,SMB,-0.5649577114851058
35,11,HML,0.5505592716756134
35,11,WML,0.056269046760567466
35,12,MKT_RF,0.43597243323460444
35,12,SMB,0.014906126005476939
35,12,HML,0.18483515682706514
35,12,WML,0.37359690375022175
35,13,MKT_RF,0.3704361193020625
35,13,SMB,-0.18748026952420546
35,13,HML,0.05634861227778156
35,13,WML,0.13208077069992297
35,14,MKT_RF,0.3954506924963649
35,14,SMB,-0.6101424255127276
35,14,HML,0.5536585965828065
35,14,WML,0.34371037658860304
35,15,MKT_RF,0.6025128863487581
35,15,SMB,-0.2182625909310517
35,15,HML,0.3252950814482852
35,15,WML,-0.088929788768525
35,16,MKT_RF,0.49036945633373097
35,16,SMB,-0.29276604677057044
35,16,HML,0.275998842467673
35,16,WML,0.08428537742598717
35,17,MKT_RF,0.4471787578396398
35,17,SMB,0.17314827343726708
35,17,HML,0.10583853587844239
35,17,WML,0.5371748616994069
35,18,MKT_RF,0.22371564417422446
35,18,SMB,-0.42488647186518014
35,18,HML,0.39865638591470837
35,18,WML,0.16145185657142955
35,19,MKT_RF,0.099557798720487
35,19,SMB,0.10796961425994918
35,19,HML,0.024273101749295457
35,19,WML,0.7948801726770146
35,20,MKT_RF,0.45334543427284424
35,20,SMB,-0.0035050883390232625
35,20,HML,0.4064949576904326
35,20,WML,0.09638751151422179
35,21,MKT_RF,0.3253002972133724
35,21,SMB,0.06341846336952998
35,21,HML,0.03914838908174025
35,21,WML,0.29503534751535626
35,22,MKT_RF,0.2735016310155021
35,22,SMB,-0.28851029856091875
35,22,HML,0.3210975332991079
35,22,WML,0.46119948753905843
35,23,MKT_RF,0.477021264881122
35,23,SMB,-0.07446243522859217
35,23,HML,0.18885598161621636
35,23,WML,0.11526756627283553
35,24,MKT_RF,0.5313384032982421
35,24,SMB,0.04898357330807619
35,24,HML,0.4050967778024435
35,24,WML,0.838079591840631
35,25,MKT_RF,-0.06021548747181023
35,25,SMB,-0.6052880008930269
35,25,HML,0.3501063115491921
35,25,WML,0.723311906703479
35,26,MKT_RF,0.6640967617744385
35,26,SMB,-0.11638372003109271
35,26,HML,0.490185485487329
35,26,WML,-0.11677950874402623
35,27,MKT_RF,0.3798778364579164
35,27,SMB,-0.34284237327547834
35,27,HML,0.4280398919122108
35,27,WML,0.13472970391638517
35,28,MKT_RF,0.6116213086737231
35,28,SMB,-0.08656974307303372
35,28,HML,0.178523111239826
35,28,WML,-0.3325516336064024
35,29,MKT_RF,0.44070764199616264
35,29,SMB,-0.13925368045855083
35,29,HML,0.38736441409139394
35,29,WML,0.44769237755035346
35,30,MKT_RF,0.47647180616071627
35,30,SMB,0.001426630961925213
35,30,HML,-0.20688739480707155
35,30,WML,0.2741199757676662
35,31,MKT_RF,0.3919646238001537
35,31,SMB,0.1294196465549143
35,31,HML,0.3972553741405091
35,31,WML,0.16968427716296455
35,32,MKT_RF,0.33796253817242905
35,32,SMB,0.09713269003188799
35,32,HML,0.04481240116830394
35,32,WML,0.31406326983995747
35,33,MKT_RF,0.5116965060364148
35,33,SMB,-0.23647561206200535
35,33,HML,0.4850388514595738
35,33,WML,0.23814043485227623
35,34,MKT_RF,0.24873983770273386
35,34,SMB,-0.18972690674108705
35,34,HML,0.2344963691215936
35,34,WML,0.47086658321590763
35,35,MKT_RF,0.5277478622143371
35,35,SMB,0.23460242607980902
35,35,HML,0.24238713885633464
35,35,WML,0.03649398227959589
35,36,MKT_RF,0.22615555584257363
35,36,SMB,-0.3202155652782411
35,36,HML,0.5409908084024126
35,36,WML,0.46648850023815547
35,37,MKT_RF,0.37265946667867106
35,37,SMB,-0.3188303646456117
35,37,HML,0.2711372133829627
35,37,WML,0.7938904573070368
35,38,MKT_RF,0.5028652613893545
35,38,SMB,-0.073422315886942
35,38,HML,-0.003890479993273618
35,38,WML,0.24902328533738355
35,39,MKT_RF,0.36519922908601427
35,39,SMB,-0.22749248226795443
35,39,HML,0.2791644112756314
35,39,WML,0.5030832075882814
35,40,MKT_RF,0.508316964635913
35,40,SMB,-0.23861029594083194
35,40,HML,0.3698524585082793
35,40,WML,0.3795383962328384
35,41,MKT_RF,0.34487722068238413
35,41,SMB,0.02518964504722351
35,41,HML,0.18890859482910893
35,41,WML,0.28174370132339943
35,42,MKT_RF,0.05719762484511242
35,42,SMB,0.02188892626801357
35,42,HML,-0.028963513236222982
35,42,WML,0.9525273667208717
35,43,MKT_RF,0.22332473769174696
35,43,SMB,-0.3465708925796923
35,43,HML,0.3288249686675432
35,43,WML,0.3382570433370919
35,44,MKT_RF,0.5183578582866641
35,44,SMB,-0.3599291779546728
35,44,HML,-0.15733561074508964
35,44,WML,0.12195505887454561
35,45,MKT_RF,0.27315613965662183
35,45,SMB,0.004386244239696707
35,45,HML,0.031539505604163534
35,45,WML,0.7443955390750093
35,46,MKT_RF,0.0967827954111602
35,46,SMB,-0.4122088559819614
35,46,HML,0.13947282796017277
35,46,WML,0.8634889311575336
35,47,MKT_RF,0.14642540209008187
35,47,SMB,-0.15817905854027609
35,47,HML,-0.002056989716565187
35,47,WML,1.0327895872564739
35,48,MKT_RF,0.34517969227179357
35,48,SMB,-0.19471223080650335
35,48,HML,-0.14118134519427075
35,48,WML,0.49879953432828134
35,49,MKT_RF,0.6018770753676902
35,49,SMB,-0.25059518541520465
35,49,HML,-0.10824717334609277
35,49,WML,-0.11881394506548298
35,50,MKT_RF,0.3914151894015658
35,50,SMB,0.002165114615778821
35,50,HML,0.35886765409913135
35,50,WML,0.2759863078963294
35,51,MKT_RF,0.3858644538263435
35,51,SMB,-0.21207875245746038
35,51,HML,-0.0618201395297707
35,51,WML,0.35215068638364555
35,52,MKT_RF,0.29082768718965313
35,52,SMB,-0.5247905443516744
35,52,HML,0.38186435380592393
35,52,WML,0.3173995287327766
35,53,MKT_RF,0.4722814161832318
35,53,SMB,-0.3284433639128936
35,53,HML,0.21181019890423325
35,53,WML,0.3175809665668886
35,54,MKT_RF,0.0826292441010366
35,54,SMB,-0.1685554730158427
35,54,HML,0.135243842064228
35,54,WML,0.7862246982056132
35,55,MKT_RF,0.16929062059401037
35,55,SMB,-0.326284808619753
35,55,HML,0.11937795959142433
35,55,WML,0.6777025111765222
35,56,MKT_RF,0.338872229444083
35,56,SMB,-0.005689210927914744
35,56,HML,-0.06852008482990632
35,56,WML,0.275764051908099
35,57,MKT_RF,0.4023480673668945
35,57,SMB,-0.29636308993119126
35,57,HML,0.3579238414896106
35,57,WML,0.642872676726459
35,58,MKT_RF,0.4699821828459893
35,58,SMB,-0.23193527583373233
35,58,HML,-0.022381488085376034
35,58,WML,0.04377575922723641
35,59,MKT_RF,0.3353507646757964
35,59,SMB,-0.0747069813776908
35,59,HML,0.32977843066514373
35,59,WML,0.33705074850873457
35,60,MKT_RF,0.5412096378098749
35,60,SMB,-0.3454034791617258
35,60,HML,0.4279252298486546
35,60,WML,-0.17441258458214234
35,61,MKT_RF,0.3782989818626774
35,61,SMB,-0.039204885798249274
35,61,HML,0.36175257873520894
35,61,WML,0.03952539998956065
35,62,MKT_RF,0.3642845486762943
35,62,SMB,0.09426034885342573
35,62,HML,0.3307695051760922
35,62,WML,0.4591565451052457
35,63,MKT_RF,0.6165571980934068
35,63,SMB,-0.2601531632363902
35,63,HML,0.08707740238112345
35,63,WML,0.10360096368860343
35,64,MKT_RF,0.5431345932988828
35,64,SMB,-0.20963294733276885
35,64,HML,0.27462539723282026
35,64,WML,-0.30513101235364903
35,65,MKT_RF,0.6404879480109148
35,65,SMB,-0.430348727845598
35,65,HML,0.38909151989301627
35,65,WML,-0.5339459191436094
35,66,MKT_RF,0.3635080860507506
35,66,SMB,-0.3031431763510557
35,66,HML,0.3143438386569137
35,66,WML,0.5959884036061339
35,67,MKT_RF,0.34919100632707184
35,67,SMB,-0.016748760346635912
35,67,HML,0.0419652056956478
35,67,WML,0.2520793430595525
35,68,MKT_RF,0.2397685819869966
35,68,SMB,0.07994378146163127
35,68,HML,0.3678597937265293
35,68,WML,0.6674661616806116
35,69,MKT_RF,0.4575075869225556
35,69,SMB,-0.18732386611761717
35,69,HML,0.49816138016908845
35,69,WML,0.40247182187730707
35,70,MKT_RF,0.2599889349950785
35,70,SMB,0.12956034454348286
35,70,HML,0.5349628611758138
35,70,WML,0.24303964923457605
35,71,MKT_RF,0.3110202679236815
35,71,SMB,-0.507792942294174
35,71,HML,0.06906989274066287
35,71,WML,0.49131947486780536
35,72,MKT_RF,0.2830015514170672
35,72,SMB,0.09185548203143742
35,72,HML,0.33438604815291
35,72,WML,0.307281948492634
35,73,MKT_RF,0.6487894726754944
35,73,SMB,-0.08676179107880096
35,73,HML,-0.19163529314967973
35,73,WML,-0.21699764271284103
35,74,MKT_RF,0.27936578468668105
35,74,SMB,0.08826986695804719
35,74,HML,0.9806907929472513
35,74,WML,0.357267567559972
35,75,MKT_RF,0.5992401263596074
35,75,SMB,-0.06689268183811653
35,75,HML,0.4022906513861174
35,75,WML,-0.4253046813102182
35,76,MKT_RF,0.36296507419929946
35,76,SMB,-0.3635205396579033
35,76,HML,0.6217140136883718
35,76,WML,0.16487387251622962
35,77,MKT_RF,0.5436631578659257
35,77,SMB,-0.28866607649611353
35,77,HML,0.07006548882563748
35,77,WML,0.17810706409879964
35,78,MKT_RF,0.6598185627816948
35,78,SMB,-0.04038611874048709
35,78,HML,0.008097639246044293
35,78,WML,-0.07291029346163999
35,79,MKT_RF,0.5372107863327189
35,79,SMB,-0.15546365591002065
35,79,HML,0.3583107614849374
35,79,WML,0.22508233741623698
35,80,MKT_RF,0.16527155688083425
35,80,SMB,-0.6587766276344358
35,80,HML,0.5699430627084032
35,80,WML,0.4194492119535048
35,81,MKT_RF,0.24495047439365514
35,81,SMB,-0.3288746458545538
35,81,HML,0.45315609322224876
35,81,WML,0.8161929548740332
35,82,MKT_RF,0.25678475534507883
35,82,SMB,-0.1284809698116658
35,82,HML,-0.0928239970446469
35,82,WML,0.3038506766160038
35,83,MKT_RF,0.4247825438448961
35,83,SMB,0.061208339400395065
35,83,HML,0.0982033658160865
35,83,WML,0.6433450698877453
35,84,MKT_RF,0.6380777549660409
35,84,SMB,-0.13474757600301657
35,84,HML,0.20922706486336437
35,84,WML,-0.24893460835062187
35,85,MKT_RF,0.2026303154941477
35,85,SMB,-0.11666395685035351
35,85,HML,0.4455675042224065
35,85,WML,0.6092270791402634
35,86,MKT_RF,0.12298881965378784
35,86,SMB,0.011014406926197165
35,86,HML,0.04246273471555936
35,86,WML,0.6249510999788473
35,87,MKT_RF,0.4167772205715805
35,87,SMB,-0.17859403267876964
35,87,HML,0.2644247350735726
35,87,WML,0.39284682807969995
35,88,MKT_RF,0.4978246709315078
35,88,SMB,-0.2368259528456766
35,88,HML,0.2558755548183734
35,88,WML,0.11998150090584692
35,89,MKT_RF,0.37344151322333535
35,89,SMB,-0.12268818033004954
35,89,HML,0.4419399589602396
35,89,WML,0.3503515106030197
35,90,MKT_RF,0.48308251223213805
35,90,SMB,-0.3882900902498797
35,90,HML,0.1284844573088073
35,90,WML,-0.02750882294927676
35,91,MKT_RF,0.43426405436625837
35,91,SMB,-0.4662148796321592
35,91,HML,0.00889101607629065
35,91,WML,0.5453390923556893
35,92,MKT_RF,0.4779250618475588
35,92,SMB,-0.11924350974159183
35,92,HML,-0.12941932313173513
35,92,WML,0.49173488464259585
35,93,MKT_RF,0.49110603419345605
35,93,SMB,-0.33225900643981154
35,93,HML,0.40454309487493917
35,93,WML,0.31794006153881105
35,94,MKT_RF,0.43497954612641165
35,94,SMB,-0.30990097607196015
35,94,HML,0.45261109272496003
35,94,WML,0.06025359864741414
35,95,MKT_RF,0.5881159015448687
35,95,SMB,-0.27002198792098364
35,95,HML,0.1457290937047702
35,95,WML,0.054523427105129973
35,96,MKT_RF,0.42476766448564085
35,96,SMB,-0.2839813647144559
35,96,HML,0.21796347288804696
35,96,WML,0.40098723080628657
35,97,MKT_RF,0.41701028370356363
35,97,SMB,0.32224473617786925
35,97,HML,-0.06688396203988588
35,97,WML,0.37084585608522896
35,98,MKT_RF,0.2776062360009333
35,98,SMB,-0.2844668719919177
35,98,HML,0.2681929727469228
35,98,WML,0.34795150387915635
35,99,MKT_RF,0.5855045151703793
35,99,SMB,-0.1633391481723713
35,99,HML,0.18281570709683553
35,99,WML,0.09356804693478912
35,100,MKT_RF,0.5996905392828079
35,100,SMB,-0.32466510298979157
35,100,HML,0.48516206840720255
35,100,WML,-0.49113254017556307
35,101,MKT_RF,0.4109305452570324
35,101,SMB,-0.31736807996862326
35,101,HML,0.6592394437768642
35,101,WML,0.31667285348022073
35,102,MKT_RF,0.531556634918427
35,102,SMB,0.0084765121020024
35,102,HML,0.36338828242363985
35,102,WML,0.29358356135748803
35,103,MKT_RF,0.12467838933731067
35,103,SMB,0.015351104302940097
35,103,HML,0.5265344817789598
35,103,WML,0.7637022339493433
35,104,MKT_RF,0.16967174737840582
35,104,SMB,-0.3864920472950547
35,104,HML,0.27649191389423117
35,104,WML,0.5934444795943367
35,105,MKT_RF,0.2536205316663991
35,105,SMB,-0.16630678532524643
35,105,HML,0.44289330075441097
35,105,WML,0.6686497197072144
35,106,MKT_RF,0.38946007134967087
35,106,SMB,-0.45230579551655953
35,106,HML,0.6811153181571358
35,106,WML,0.619316791398493
35,107,MKT_RF,0.4877766692900745
35,107,SMB,-0.027834516712684824
35,107,HML,0.04623981928013373
35,107,WML,0.3639520833881549
35,108,MKT_RF,0.3162746655871333
35,108,SMB,-0.2808815242062007
35,108,HML,0.4608975795377609
35,108,WML,0.4507522963549354
35,109,MKT_RF,-0.0301955828476243
35,109,SMB,0.31267495395373474
35,109,HML,0.31429708043563137
35,109,WML,0.8070586563808058
35,110,MKT_RF,0.7831497061347639
35,110,SMB,-0.29938188243575964
35,110,HML,0.23403818613489502
35,110,WML,-0.47293827565640933
35,111,MKT_RF,0.5259323130990411
35,111,SMB,-0.37226083491501855
35,111,HML,0.35281351586332166
35,111,WML,0.3199809279639405
35,112,MKT_RF,0.29642388967556554
35,112,SMB,-0.16119409338677568
35,112,HML,0.3440754927894322
35,112,WML,0.5737377244901974
35,113,MKT_RF,0.6118675141882532
35,113,SMB,-0.27312471276096517
35,113,HML,0.040166999281629215
35,113,WML,0.0518979207343015
35,114,MKT_RF,0.5230182807666831
35,114,SMB,-0.09761395759975777
35,114,HML,0.25265033821233673
35,114,WML,-0.17505518948413318
35,115,MKT_RF,0.7984682220810193
35,115,SMB,-0.5937173970708217
35,115,HML,-0.252834376208833
35,115,WML,-0.24749543882459327
35,116,MKT_RF,0.41624881419185195
35,116,SMB,0.07836343975900782
35,116,HML,0.2102788063695289
35,116,WML,0.18066117238118123
35,117,MKT_RF,0.5969028951466783
35,117,SMB,-0.09785129157998645
35,117,HML,0.6492526858629518
35,117,WML,0.1642049789311836
35,118,MKT_RF,0.29460532752693386
35,118,SMB,0.1897578141158564
35,118,HML,0.28216088092170144
35,118,WML,0.4471869431460564
35,119,MKT_RF,0.30114896082882175
35,119,SMB,-0.25831489988181633
35,119,HML,0.3389002971475606
35,119,WML,0.3084559135749945
35,120,MKT_RF,0.736784982839096
35,120,SMB,0.1978768999110496
35,120,HML,0.3627272228152673
35,120,WML,-0.3114767342435506
35,121,MKT_RF,0.1531727411625079
35,121,SMB,-0.08335438541638061
35,121,HML,0.3353193047336407
35,121,WML,0.3390621394136015
35,122,MKT_RF,0.3359402329845096
35,122,SMB,-0.33951798832796504
35,122,HML,0.18170171133001864
35,122,WML,0.5398111568773061
35,123,MKT_RF,0.44758714187173243
35,123,SMB,0.05948310170263137
35,123,HML,0.020809103078837682
35,123,WML,0.006922784050162492
35,124,MKT_RF,0.3643191696302841
35,124,SMB,-0.35439421943788924
35,124,HML,0.09691490306617301
35,124,WML,0.9443793771763572
35,125,MKT_RF,0.3782250701691847
35,125,SMB,0.2535615693562689
35,125,HML,0.2674930190227585
35,125,WML,0.48063965378034706
35,126,MKT_RF,0.221945732987396
35,126,SMB,-0.3182900915436756
35,126,HML,0.29653050845528106
35,126,WML,0.0052228319238872825
35,127,MKT_RF,0.589792251466083
35,127,SMB,-0.2573032479117441
35,127,HML,0.5936712213777153
35,127,WML,0.025786848834338103
35,128,MKT_RF,0.4434496562998968
35,128,SMB,-0.4381714686893776
35,128,HML,-0.10899269458999365
35,128,WML,-0.11409919234814074
35,129,MKT_RF,0.29493822627576594
35,129,SMB,0.12439504745809764
35,129,HML,-0.04488854602959093
35,129,WML,0.7870283202257561
35,130,MKT_RF,0.5773988366355863
35,130,SMB,-0.27638446945697215
35,130,HML,0.2432548832393581
35,130,WML,-0.2251417674997293
35,131,MKT_RF,0.5680400736194595
35,131,SMB,-0.19569525871149226
35,131,HML,0.0853985258866597
35,131,WML,0.10445550742898613
35,132,MKT_RF,0.15365335594407042
35,132,SMB,-0.05458195016665255
35,132,HML,0.26184398825607663
35,132,WML,0.5402946606584406
35,133,MKT_RF,0.2676698326072367
35,133,SMB,-0.3828055536346243
35,133,HML,0.32926978612521385
35,133,WML,0.054981881639891095
35,134,MKT_RF,0.716009912192053
35,134,SMB,-0.18719384116665164
35,134,HML,0.33381981746965833
35,134,WML,-0.24332190778195642
35,135,MKT_RF,0.40652222714087033
35,135,SMB,-0.17855278290237528
35,135,HML,0.04393703039917488
35,135,WML,-0.17967569509871847
35,136,MKT_RF,0.2656615081942732
35,136,SMB,-0.20847976365646853
35,136,HML,0.2511066313685347
35,136,WML,0.2305024246101765
35,137,MKT_RF,0.45585392509247735
35,137,SMB,-0.13655367245964195
35,137,HML,0.25857640022509576
35,137,WML,0.23051621556330734
35,138,MKT_RF,0.8718149201210037
35,138,SMB,-0.4571045884024708
35,138,HML,0.47364168289431047
35,138,WML,-0.5707575680852938
35,139,MKT_RF,0.17194355271177608
35,139,SMB,-0.22007144135694198
35,139,HML,0.3069632156743192
35,139,WML,0.9229600589697062
35,140,MKT_RF,0.16684107482143348
35,140,SMB,-0.030411936760952656
35,140,HML,0.015905946995186465
35,140,WML,0.6573802208308606
35,141,MKT_RF,0.3201628717574954
35,141,SMB,0.0633216278988093
35,141,HML,0.02589136542387021
35,141,WML,0.01569325104144954
35,142,MKT_RF,0.23323038856351372
35,142,SMB,-0.24746505665329327
35,142,HML,0.2675475347644656
35,142,WML,0.7808532220095273
35,143,MKT_RF,0.533226478228052
35,143,SMB,-0.051505856473904925
35,143,HML,0.26081408365823383
35,143,WML,0.23311475043936755
35,144,MKT_RF,0.5864405643613062
35,144,SMB,-0.2497673558689395
35,144,HML,0.1264771056031432
35,144,WML,0.1709387723149907
35,145,MKT_RF,0.2602559672886688
35,145,SMB,0.16205847269213883
35,145,HML,0.40304820035042627
35,145,WML,0.4292726775867532
35,146,MKT_RF,0.60185739633183
35,146,SMB,-0.26507290507870795
35,146,HML,0.897316322052682
35,146,WML,0.13384085367629905
35,147,MKT_RF,0.6455650376773229
35,147,SMB,0.2451816010891704
35,147,HML,-0.05579793729180301
35,147,WML,-0.3968469774511067
35,148,MKT_RF,0.17006560234802318
35,148,SMB,0.3643874148187947
35,148,HML,0.38466482132573526
35,148,WML,0.5774266145748004
35,149,MKT_RF,0.33914820964261483
35,149,SMB,-0.1681666270744191
35,149,HML,0.253859994312956
35,149,WML,0.05309491111257598
35,150,MKT_RF,0.5436649226111331
35,150,SMB,-0.6900452831565901
35,150,HML,0.014099792433268287
35,150,WML,-0.02859557288321264
35,151,MKT_RF,0.3281461949351799
35,151,SMB,-0.058155290095282176
35,151,HML,0.132174372232842
35,151,WML,0.36352706822780634
35,152,MKT_RF,0.5272170256534859
35,152,SMB,-0.08546101259139265
35,152,HML,0.2672366144669198
35,152,WML,0.20624753221291645
35,153,MKT_RF,0.08468165883165486
35,153,SMB,-0.03745058908286637
35,153,HML,0.4014893620855719
35,153,WML,1.168899458196432
35,154,MKT_RF,0.48660899867341095
35,154,SMB,-0.05974807154325171
35,154,HML,0.24359377795368742
35,154,WML,0.01183649247542346
35,155,MKT_RF,0.3565671068503663
35,155,SMB,-0.4512082481436241
35,155,HML,0.36215934064070576
35,155,WML,0.319998232355715
35,156,MKT_RF,0.22538223029810148
35,156,SMB,-0.34913581091490886
35,156,HML,0.2775989519778063
35,156,WML,0.6874400229452153
35,157,MKT_RF,0.45428221172976746
35,157,SMB,-0.14295265700553317
35,157,HML,0.2845780102252323
35,157,WML,0.08539680948601305
35,158,MKT_RF,0.8606353525270682
35,158,SMB,-0.5117771353822942
35,158,HML,-0.16500966475130985
35,158,WML,-0.6942543838900778
35,159,MKT_RF,0.46810818502303747
35,159,SMB,0.12501710923462692
35,159,HML,0.14855110704932734
35,159,WML,0.3611341885401059
35,160,MKT_RF,0.00644786831210319
35,160,SMB,-0.26091805477948893
35,160,HML,0.621998774696435
35,160,WML,0.41060391808525576
35,161,MKT_RF,0.36656217697463456
35,161,SMB,-0.34332882311774826
35,161,HML,0.38398734748774854
35,161,WML,0.3252420010407158
35,162,MKT_RF,0.4989146376948344
35,162,SMB,-0.26774494584642755
35,162,HML,-0.1127810319667924
35,162,WML,0.18558255493140674
35,163,MKT_RF,0.5256231550347662
35,163,SMB,-0.07846168229919369
35,163,HML,0.2735732777523732
35,163,WML,0.0678543025290979
35,164,MKT_RF,0.41113680666420643
35,164,SMB,0.17860535367256944
35,164,HML,0.2804824166699628
35,164,WML,0.36451499035388607
35,165,MKT_RF,0.31460165585001926
35,165,SMB,-0.12259287091280831
35,165,HML,0.3778655450180989
35,165,WML,0.14893414385568945
35,166,MKT_RF,0.6358633212842109
35,166,SMB,-0.14645925745223895
35,166,HML,-0.05426492344459417
35,166,WML,0.03490366134517966
35,167,MKT_RF,0.4249700287712248
35,167,SMB,-0.4314261770124061
35,167,HML,0.3313549707728185
35,167,WML,0.022622118567431293
35,168,MKT_RF,0.3880815073112275
35,168,SMB,-0.32769868683288883
35,168,HML,0.20381117958026035
35,168,WML,0.12631644376674464
35,169,MKT_RF,0.7968927468983658
35,169,SMB,-0.14785344949811247
35,169,HML,-0.1641070700409183
35,169,WML,0.0971268895301873
35,170,MKT_RF,0.3760238672414152
35,170,SMB,-0.21263348733615747
35,170,HML,0.09593971621485181
35,170,WML,0.4085326093170257
35,171,MKT_RF,0.33064645567825685
35,171,SMB,-0.24169735317897856
35,171,HML,0.28962822671591665
35,171,WML,0.4098233027090405
35,172,MKT_RF,0.3861624984275771
35,172,SMB,-0.44121803778034274
35,172,HML,0.06389461822853512
35,172,WML,0.6743397401723155
35,173,MKT_RF,0.11641118124709877
35,173,SMB,0.41142533427509687
35,173,HML,0.025776833498478993
35,173,WML,0.29684069543224206
35,174,MKT_RF,0.36502767137794107
35,174,SMB,-0.007995057140265544
35,174,HML,0.5026985552374572
35,174,WML,0.12818657656571367
35,175,MKT_RF,0.636718748071115
35,175,SMB,-0.3602043743047741
35,175,HML,0.183320619619675
35,175,WML,-0.20127420214089375
35,176,MKT_RF,0.21999345799471823
35,176,SMB,-0.22328067512374042
35,176,HML,0.04721394960979509
35,176,WML,0.6798119657895146
35,177,MKT_RF,0.6135048540117307
35,177,SMB,0.023816459350683123
35,177,HML,0.6634360495129906
35,177,WML,-0.20138790732819853
35,178,MKT_RF,0.5714975858376683
35,178,SMB,-0.21246079202292095
35,178,HML,0.22431946912445758
35,178,WML,0.16126067526332286
35,179,MKT_RF,0.6137515585755489
35,179,SMB,0.22617293533911276
35,179,HML,0.2063615535127765
35,179,WML,0.03347180730695803
35,180,MKT_RF,0.27013609506135144
35,180,SMB,-0.2149797643790069
35,180,HML,0.19242351103556182
35,180,WML,0.4052376961527129
35,181,MKT_RF,0.26288076117638365
35,181,SMB,0.09433836436096855
35,181,HML,-0.03183502509804859
35,181,WML,0.6191511070692016
35,182,MKT_RF,0.47344425031617066
35,182,SMB,-0.39032087318346953
35,182,HML,0.39059267394347685
35,182,WML,0.062271376106852815
35,183,MKT_RF,0.3421126152565982
35,183,SMB,0.14582169687613503
35,183,HML,0.30912070527509034
35,183,WML,0.21134052061779718
35,184,MKT_RF,0.2625367076137085
35,184,SMB,-0.09264710932532202
35,184,HML,-0.02137557208116086
35,184,WML,0.5002660435146001
35,185,MKT_RF,0.4026494215347969
35,185,SMB,-0.549780091415577
35,185,HML,-0.04469161501404579
35,185,WML,0.1702725437560634
35,186,MKT_RF,0.3657653577527207
35,186,SMB,-0.3496222008480722
35,186,HML,0.44861078994712045
35,186,WML,0.19014029334306778
35,187,MKT_RF,-0.03454161851431174
35,187,SMB,-0.22267989469072436
35,187,HML,0.5043116392226505
35,187,WML,0.8571631824935794
35,188,MKT_RF,0.32366659508599044
35,188,SMB,-0.46967754388009364
35,188,HML,0.3038277730841777
35,188,WML,0.5481099985136215
35,189,MKT_RF,0.3643817655495247
35,189,SMB,0.26628540019777613
35,189,HML,0.3078085532433167
35,189,WML,0.10319354443220777
35,190,MKT_RF,0.3081272897112381
35,190,SMB,-0.05332626349931926
35,190,HML,-0.040778617626173866
35,190,WML,0.19202181746913985
35,191,MKT_RF,0.5884362542396675
35,191,SMB,-0.21097028426403666
35,191,HML,0.4282884296226526
35,191,WML,-0.1740387058646161
35,192,MKT_RF,0.2989924423911755
35,192,SMB,-0.1957056865989568
35,192,HML,0.2171802445672776
35,192,WML,0.37934506778807137
35,193,MKT_RF,0.37150098469802395
35,193,SMB,-0.013598446129314904
35,193,HML,0.08950160695686729
35,193,WML,0.7308103850528693
35,194,MKT_RF,0.5286021416084459
35,194,SMB,-0.0026456435090869523
35,194,HML,0.3026578289192328
35,194,WML,0.12754332762071657
35,195,MKT_RF,0.22502039277347058
35,195,SMB,0.062080956719987805
35,195,HML,0.42772312859120626
35,195,WML,0.06956280835543197
35,196,MKT_RF,0.49037132202285283
35,196,SMB,-0.19956600257518015
35,196,HML,-0.2267191261990185
35,196,WML,0.3459095393951099
35,197,MKT_RF,0.21938920955577254
35,197,SMB,-0.20739193356051472
35,197,HML,0.6342068578078337
35,197,WML,0.19268782093857076
35,198,MKT_RF,0.5449320236845413
35,198,SMB,-0.1899898093532754
35,198,HML,0.5515312831133288
35,198,WML,0.027169845254218995
35,199,MKT_RF,0.13537986393006748
35,199,SMB,0.0238394323189936
35,199,HML,0.6166293268203223
35,199,WML,0.9138243600785829
35,200,MKT_RF,0.3894337429995435
35,200,SMB,-0.3264450335572217
35,200,HML,0.4001414780823595
35,200,WML,0.04852282133255201
35,201,MKT_RF,0.5140159227744675
35,201,SMB,-0.21035011441248988
35,201,HML,0.18530236632343486
35,201,WML,-0.02273379392024769
35,202,MKT_RF,0.3441402321713332
35,202,SMB,-0.06658542974093012
35,202,HML,0.1524831968181423
35,202,WML,-0.14806767287737976
35,203,MKT_RF,0.4652099640047426
35,203,SMB,-0.1436308516328329
35,203,HML,0.4071208161546269
35,203,WML,0.3877729796746348
35,204,MKT_RF,0.2756747026166507
35,204,SMB,0.36108940216400265
35,204,HML,0.101778295638643
35,204,WML,0.6905648651006542
35,205,MKT_RF,0.5625300252825747
35,205,SMB,-0.4885292798097704
35,205,HML,0.11369345517004842
35,205,WML,0.09533008470357647
35,206,MKT_RF,0.4656158585819162
35,206,SMB,0.0789824356679375
35,206,HML,0.2289110983989671
35,206,WML,-0.009248006333012792
35,207,MKT_RF,0.5893888563019937
35,207,SMB,-0.5626640467303766
35,207,HML,0.04336162407328142
35,207,WML,0.24690696947634433
35,208,MKT_RF,0.49695805302623197
35,208,SMB,-0.34824212252914527
35,208,HML,0.498500916233589
35,208,WML,-0.14700516324468768
35,209,MKT_RF,0.43289729645187347
35,209,SMB,-0.205839099715642
35,209,HML,-0.07021615986721885
35,209,WML,-0.16060457169934952
35,210,MKT_RF,0.23252917120215974
35,210,SMB,0.0842371552960359
35,210,HML,0.4438296480909218
35,210,WML,0.7508703081708583
35,211,MKT_RF,0.6501389696417867
35,211,SMB,0.010430586182764847
35,211,HML,-0.018448679911605717
35,211,WML,-0.3096219793649398
35,212,MKT_RF,0.5912757822219855
35,212,SMB,-0.25462708212178675
35,212,HML,0.07888077587265888
35,212,WML,-0.049556389129697946
35,213,MKT_RF,0.3722434566404649
35,213,SMB,-0.45966309729841615
35,213,HML,0.42947897608448704
35,213,WML,-0.003976987124272586
35,214,MKT_RF,0.5248627007619532
35,214,SMB,-0.5158101638230471
35,214,HML,0.6519414497855361
35,214,WML,0.1260476785831419
35,215,MKT_RF,0.5225137442085769
35,215,SMB,-0.18976485656669073
35,215,HML,0.25147297562521237
35,215,WML,-0.31073119767132734
35,216,MKT_RF,0.510351593755633
35,216,SMB,-0.7826834899444116
35,216,HML,0.33801326962078704
35,216,WML,0.10799828559724965
35,217,MKT_RF,0.66901852587257
35,217,SMB,-0.31360540697963085
35,217,HML,0.2984862463041022
35,217,WML,-0.32415481168696164
35,218,MKT_RF,0.3814109111007795
35,218,SMB,-0.12623087952305703
35,218,HML,0.23886240207968878
35,218,WML,0.3496616174713048
35,219,MKT_RF,0.722682692287088
35,219,SMB,-0.09865769375752496
35,219,HML,0.40745570239835927
35,219,WML,-0.21281868257697478
35,220,MKT_RF,0.5259366154358964
35,220,SMB,0.03109105946236697
35,220,HML,0.28584491639749937
35,220,WML,0.13968924158434104
35,221,MKT_RF,0.5848376848372899
35,221,SMB,0.10441183555379767
35,221,HML,0.18450958011257176
35,221,WML,-0.30596145904118704
35,222,MKT_RF,0.5257686775091526
35,222,SMB,-0.3224250604483622
35,222,HML,0.13563078027877382
35,222,WML,0.10190025910906347
35,223,MKT_RF,0.38440037646710695
35,223,SMB,0.040850292960058134
35,223,HML,0.3939454085070397
35,223,WML,-0.0008707484482161411
35,224,MKT_RF,0.3098542647883651
35,224,SMB,-0.2688439168293678
35,224,HML,0.5119494255683655
35,224,WML,0.3210947196864413
35,225,MKT_RF,0.3952261569757738
35,225,SMB,-0.055219647901873496
35,225,HML,0.4878388281983386
35,225,WML,0.652810951098793
35,226,MKT_RF,0.2686855535501917
35,226,SMB,-0.06044477749471892
35,226,HML,0.31990498242448895
35,226,WML,0.5299695048135303
35,227,MKT_RF,0.4908645415570089
35,227,SMB,-0.1276012142064459
35,227,HML,0.11408223615165454
35,227,WML,-0.3426939714852161
35,228,MKT_RF,0.5209933397746063
35,228,SMB,-0.562623610959853
35,228,HML,-0.12618511498111604
35,228,WML,0.6167798031789431
35,229,MKT_RF,0.176788530191876
35,229,SMB,-0.39453050765561776
35,229,HML,0.5303855371279937
35,229,WML,0.526453770316996
35,230,MKT_RF,0.25230629105779717
35,230,SMB,-0.46846346635368186
35,230,HML,0.5336124418495849
35,230,WML,0.8613970495857908
35,231,MKT_RF,0.18724230768029954
35,231,SMB,0.08333969906312749
35,231,HML,-0.16261036519956049
35,231,WML,0.27117626814051327
35,232,MKT_RF,0.5314849133487617
35,232,SMB,-0.3853017380229454
35,232,HML,0.06254714544590972
35,232,WML,-0.024034597360052885
35,233,MKT_RF,0.25983141593652886
35,233,SMB,-0.09887300313613545
35,233,HML,0.6755249264942275
35,233,WML,0.23374737574707488
35,234,MKT_RF,0.2179428879078191
35,234,SMB,-0.284355381268576
35,234,HML,0.05177032444897353
35,234,WML,0.3113510844909025
35,235,MKT_RF,0.4643442208638538
35,235,SMB,0.11942932937657075
35,235,HML,0.44546364971412683
35,235,WML,0.14242196359458686
35,236,MKT_RF,0.7296775455465144
35,236,SMB,-0.02881179462424797
35,236,HML,0.25660555839438076
35,236,WML,-0.2992136577828009
35,237,MKT_RF,0.12765079683801522
35,237,SMB,0.058714751099830285
35,237,HML,0.4343882726760404
35,237,WML,0.6241285812837057
35,238,MKT_RF,0.08728163001901723
35,238,SMB,-0.29412408319974204
35,238,HML,0.14291603389743526
35,238,WML,1.2201126859309528
35,239,MKT_RF,0.6956398112024744
35,239,SMB,-0.3369327607502286
35,239,HML,0.1265919731219096
35,239,WML,-0.06524361441500369
35,240,MKT_RF,0.4713279583945825
35,240,SMB,0.000615798167144197
35,240,HML,0.04376086524859567
35,240,WML,-0.185810876073497
35,241,MKT_RF,0.4887854573056214
35,241,SMB,0.01141324693416229
35,241,HML,0.309457491243865
35,241,WML,-0.3878178246873087
35,242,MKT_RF,0.441140930022556
35,242,SMB,-0.42951618638028677
35,242,HML,0.4446711341227558
35,242,WML,0.09406630666390411
35,243,MKT_RF,-0.03837680556915508
35,243,SMB,-0.09966933309715391
35,243,HML,0.40939096083820237
35,243,WML,1.20562585568949
35,244,MKT_RF,0.24317264015694257
35,244,SMB,-0.31074389383822465
35,244,HML,0.005870608201017681
35,244,WML,0.4695534089176934
35,245,MKT_RF,0.2946437920376613
35,245,SMB,-0.1378810430156606
35,245,HML,0.32789101981552227
35,245,WML,0.6047255462891283
35,246,MKT_RF,0.19532183195043576
35,246,SMB,-0.36513449121133557
35,246,HML,0.17285876688529506
35,246,WML,0.8204377727152391
35,247,MKT_RF,-0.0030721630493243607
35,247,SMB,0.141098881126058
35,247,HML,0.7272018026317272
35,247,WML,0.7762480147625074
35,248,MKT_RF,0.43919964682809337
35,248,SMB,3.882834504010397e-05
35,248,HML,0.208279631858695
35,248,WML,0.07263185597732767
35,249,MKT_RF,0.4892508615974634
35,249,SMB,-0.32682713544422437
35,249,HML,-0.04610003148412864
35,249,WML,0.2604518627927206
35,250,MKT_RF,0.471971126938248
35,250,SMB,-0.2835841618515311
35,250,HML,-0.10588037865608028
35,250,WML,-0.3061893230614727
35,251,MKT_RF,0.6384102517263077
35,251,SMB,0.31870418221046026
35,251,HML,0.2076039301274282
35,251,WML,-0.0681367657780999
35,252,MKT_RF,0.5645088509621338
35,252,SMB,-0.2075473981921892
35,252,HML,0.4164627036987246
35,252,WML,0.20092270324591335
35,253,MKT_RF,0.35356708882990423
35,253,SMB,-0.2551716297637291
35,253,HML,0.3562762260876997
35,253,WML,0.31122202814438693
35,254,MKT_RF,0.5060447386883552
35,254,SMB,-0.21834674097650544
35,254,HML,0.2658559004344529
35,254,WML,-0.4045829965098532
35,255,MKT_RF,0.43559278138668067
35,255,SMB,-0.12097251319778966
35,255,HML,0.20590000979148418
35,255,WML,-0.008722573426119162
35,256,MKT_RF,0.27753392464588655
35,256,SMB,-0.05157712575338033
35,256,HML,0.2824703164112193
35,256,WML,0.7769871002464306
35,257,MKT_RF,0.6223444615507648
35,257,SMB,0.20032798935107166
35,257,HML,0.10836457436909362
35,257,WML,-0.39258749472887133
35,258,MKT_RF,0.3014729898915708
35,258,SMB,-0.12346333355106619
35,258,HML,0.1697767164599157
35,258,WML,0.7670461893915543
35,259,MKT_RF,-0.10434388852545336
35,259,SMB,-0.04584552151191614
35,259,HML,0.7389808151871603
35,259,WML,0.5911200950014259
35,260,MKT_RF,0.2179792959025794
35,260,SMB,-0.2733703641983832
35,260,HML,0.21424359104332394
35,260,WML,0.33763605755507053
35,261,MKT_RF,0.37255543504356636
35,261,SMB,-0.3531592444080612
35,261,HML,-0.10022911459710028
35,261,WML,0.10943090283432877
35,262,MKT_RF,0.7333518870330494
35,262,SMB,-0.39403213812439614
35,262,HML,-0.14414737104252695
35,262,WML,-0.17241576336526537
35,263,MKT_RF,0.6046193794279591
35,263,SMB,-0.08299983044381994
35,263,HML,0.5027282994170295
35,263,WML,0.33651970589799524
35,264,MKT_RF,0.2329289052577797
35,264,SMB,0.18680816688713392
35,264,HML,0.22178329747224634
35,264,WML,0.1241956061164206
35,265,MKT_RF,0.5591003343422632
35,265,SMB,-0.6233736988138563
35,265,HML,0.5726446650191035
35,265,WML,0.04088738595737667
35,266,MKT_RF,0.46681450701020594
35,266,SMB,-0.08640526910735065
35,266,HML,0.35148575325853193
35,266,WML,0.3012891729371183
35,267,MKT_RF,0.7962765593807773
35,267,SMB,-0.26891894168609226
35,267,HML,-0.32520541191754604
35,267,WML,-0.06162068302417338
35,268,MKT_RF,0.5901121383799642
35,268,SMB,-0.09108146649885247
35,268,HML,0.5186867400817542
35,268,WML,-0.6506394021186589
35,269,MKT_RF,0.39482447327629344
35,269,SMB,-0.22580773988218253
35,269,HML,0.30473287643364333
35,269,WML,0.3067100320953263
35,270,MKT_RF,0.41435660367215815
35,270,SMB,-0.18645260012261922
35,270,HML,0.015462707214329402
35,270,WML,0.31215788652800064
35,271,MKT_RF,0.36577267009755826
35,271,SMB,-0.41200218137898176
35,271,HML,0.5685268510889079
35,271,WML,0.18067075299935834
35,272,MKT_RF,0.3361396887738185
35,272,SMB,-0.1495534184061997
35,272,HML,0.25648663220339807
35,272,WML,0.15215308210984116
35,273,MKT_RF,0.04799106855879363
35,273,SMB,0.3795885522570221
35,273,HML,0.7887513091815168
35,273,WML,0.4238185128003953
35,274,MKT_RF,0.5402147588360182
35,274,SMB,-0.10582714134863838
35,274,HML,-0.04957477299036257
35,274,WML,-0.2601435417627591
35,275,MKT_RF,0.4270267603276458
35,275,SMB,-0.16657183594468453
35,275,HML,0.3850549364651143
35,275,WML,-0.3638983733153933
35,276,MKT_RF,0.31509739418545335
35,276,SMB,-0.36772147334102606
35,276,HML,0.19737562772982245
35,276,WML,0.1765818130606484
35,277,MKT_RF,0.5242337877787253
35,277,SMB,-0.44917112452288716
35,277,HML,-0.002967154328070233
35,277,WML,0.16475053708920007
35,278,MKT_RF,0.6558990112416414
35,278,SMB,-0.565522377457453
35,278,HML,0.3560749609724023
35,278,WML,-0.07234580840947642
35,279,MKT_RF,0.25453530290056936
35,279,SMB,-0.02652792770297697
35,279,HML,0.007405717309986073
35,279,WML,0.6733680486749718
35,280,MKT_RF,0.5542436830976095
35,280,SMB,-0.3870206874116536
35,280,HML,0.06756013392732153
35,280,WML,0.14950214493856778
35,281,MKT_RF,0.549725908454816
35,281,SMB,-0.08203607526510463
35,281,HML,0.038224703448032776
35,281,WML,0.20876768557284395
35,282,MKT_RF,0.4659771038779994
35,282,SMB,-0.12546836493853594
35,282,HML,0.13137189818201203
35,282,WML,0.11361179521304175
35,283,MKT_RF,-0.07078432597549242
35,283,SMB,-0.14813805999685245
35,283,HML,0.22156535646177783
35,283,WML,1.0521738952501527
35,284,MKT_RF,0.4361765242188877
35,284,SMB,0.17269637411286565
35,284,HML,0.1755862095897667
35,284,WML,0.5258586380728028
35,285,MKT_RF,0.3113359387865208
35,285,SMB,0.02622783762136159
35,285,HML,-0.10701201050009662
35,285,WML,0.44420405188283074
35,286,MKT_RF,0.5688509763924083
35,286,SMB,-0.07821028482231482
35,286,HML,0.38392017184621396
35,286,WML,0.15668648681340475
35,287,MKT_RF,0.41958252935376766
35,287,SMB,-0.02608751749935881
35,287,HML,-0.008443363422906214
35,287,WML,0.08525918013161764
35,288,MKT_RF,0.47748796057303344
35,288,SMB,-0.16618545954399389
35,288,HML,-0.28841488598316967
35,288,WML,0.15893014231750865
35,289,MKT_RF,0.5343264062168203
35,289,SMB,-0.4770128263164018
35,289,HML,0.3961347061796217
35,289,WML,-0.18982335427040853
35,290,MKT_RF,0.3357075022124846
35,290,SMB,0.039277122569873715
35,290,HML,0.45781051076734874
35,290,WML,0.40809330923167636
35,291,MKT_RF,0.46956860905486625
35,291,SMB,-0.21570140922388242
35,291,HML,0.2672194659382357
35,291,WML,-0.12865230579130932
35,292,MKT_RF,0.3953463550946806
35,292,SMB,-0.04577938467077597
35,292,HML,0.47999624620993697
35,292,WML,-0.05217773805447773
35,293,MKT_RF,0.5583831966624857
35,293,SMB,-0.13097620429319035
35,293,HML,-0.26711016221916756
35,293,WML,0.20555829318973076
35,294,MKT_RF,0.20134808462799045
35,294,SMB,0.24768777781991153
35,294,HML,0.677341562772775
35,294,WML,0.37682289941231106
35,295,MKT_RF,0.5540297058217735
35,295,SMB,-0.3074165258506002
35,295,HML,0.28263721390630103
35,295,WML,-0.11846312703640677
35,296,MKT_RF,0.29569025615051703
35,296,SMB,0.09072349384363486
35,296,HML,0.6485031841786771
35,296,WML,0.3755021189876224
35,297,MKT_RF,0.18299876268381238
35,297,SMB,-0.15230374133507818
35,297,HML,0.34667102841462333
35,297,WML,0.36834737850468063
35,298,MKT_RF,0.48272291553845836
35,298,SMB,-0.3374008442098171
35,298,HML,0.27262550609737574
35,298,WML,0.45288523600955166
35,299,MKT_RF,0.5487233252052497
35,299,SMB,-0.48556939450488
35,299,HML,0.3744069396852911
35,299,WML,0.10286621359703557
35,300,MKT_RF,0.6075559463853164
35,300,SMB,-0.27270122378629913
35,300,HML,0.28575609083232173
35,300,WML,-0.12641068469875952
35,301,MKT_RF,0.31922221975590076
35,301,SMB,0.1344526567689922
35,301,HML,0.2575697298902494
35,301,WML,0.19121225113786158
35,302,MKT_RF,0.0339782884035591
35,302,SMB,0.376393067448462
35,302,HML,0.6582274394776088
35,302,WML,0.5877142851700925
35,303,MKT_RF,0.2501992813969616
35,303,SMB,-0.21716814954299582
35,303,HML,0.4904167653292567
35,303,WML,0.0871150003793423
35,304,MKT_RF,0.10341214396269321
35,304,SMB,-0.03218664745206602
35,304,HML,0.5699011282217951
35,304,WML,0.2912206745570104
35,305,MKT_RF,0.32036046445023936
35,305,SMB,-0.6344354928103952
35,305,HML,0.09857786447373353
35,305,WML,-0.02320829929528601
35,306,MKT_RF,0.19349398529158313
35,306,SMB,0.06925459821554032
35,306,HML,0.8723069659376914
35,306,WML,0.47788201341686154
35,307,MKT_RF,0.3023986876274549
35,307,SMB,-0.3719563347331686
35,307,HML,0.23824698081165516
35,307,WML,0.4000059199339088
35,308,MKT_RF,0.1507810171076907
35,308,SMB,-0.3362395405890083
35,308,HML,0.2949284567213426
35,308,WML,0.8369256826254019
35,309,MKT_RF,0.5339320902502702
35,309,SMB,-0.5643906420256254
35,309,HML,0.3819460181030086
35,309,WML,-0.3490002100849476
35,310,MKT_RF,0.08930206540836189
35,310,SMB,-0.2185925748611925
35,310,HML,0.3893324966942161
35,310,WML,0.6845952931148747
35,311,MKT_RF,0.21522408090744558
35,311,SMB,-0.22325881188943109
35,311,HML,0.1047502636676753
35,311,WML,0.8671993686019253
35,312,MKT_RF,0.3761136817343017
35,312,SMB,0.016851275928282523
35,312,HML,0.40536432656632787
35,312,WML,0.37664427350814267
35,313,MKT_RF,0.4080309792435198
35,313,SMB,0.03876286613437635
35,313,HML,0.464814669184579
35,313,WML,0.45230577063579097
35,314,MKT_RF,0.5699987871944933
35,314,SMB,-0.30766736513127124
35,314,HML,-0.19555405228532965
35,314,WML,0.4519765127090914
35,315,MKT_RF,0.6331053675856544
35,315,SMB,-0.6273367689806912
35,315,HML,0.20839756063048848
35,315,WML,0.28959263178711675
35,316,MKT_RF,0.35735843683472807
35,316,SMB,-0.3208987512754635
35,316,HML,0.16501652534544944
35,316,WML,0.1763884409498345
35,317,MKT_RF,0.33457905961653833
35,317,SMB,-0.1417022230499484
35,317,HML,-0.033490797891210955
35,317,WML,0.7345220474584491
35,318,MKT_RF,0.3709862614338463
35,318,SMB,-0.15446432449847528
35,318,HML,0.2887203888021837
35,318,WML,0.3139221384247796
35,319,MKT_RF,0.2888032066863811
35,319,SMB,-0.6797465323104341
35,319,HML,-0.3685035146125113
35,319,WML,0.3277330313362808
35,320,MKT_RF,0.2562308683584332
35,320,SMB,0.14823640964038107
35,320,HML,0.11757894266615547
35,320,WML,0.3475694002142131
35,321,MKT_RF,0.7744148160172726
35,321,SMB,-0.12543606300197288
35,321,HML,-0.10105187313290065
35,321,WML,-0.1729618907179785
35,322,MKT_RF,0.5126671891576521
35,322,SMB,-0.04472293866441392
35,322,HML,0.4491436550625797
35,322,WML,0.23901207655950762
35,323,MKT_RF,0.3482965816737797
35,323,SMB,-0.1718586598280822
35,323,HML,0.4417788320393316
35,323,WML,0.7501058943123718
35,324,MKT_RF,0.49368133308184303
35,324,SMB,-0.1308265794156994
35,324,HML,0.2975881845932871
35,324,WML,-0.18759099301960075
35,325,MKT_RF,0.5224823683464085
35,325,SMB,-0.2803478099790314
35,325,HML,-0.20995531825773603
35,325,WML,0.2346083523722225
35,326,MKT_RF,0.4022920774252424
35,326,SMB,0.09746725735614331
35,326,HML,-0.14812980204288265
35,326,WML,0.02798052299574339
35,327,MKT_RF,0.19853034415945175
35,327,SMB,0.23310119589076334
35,327,HML,0.48511960668969006
35,327,WML,0.3673880344076909
35,328,MKT_RF,0.40075426588146035
35,328,SMB,-0.4466468694279175
35,328,HML,0.386638154357571
35,328,WML,0.006358859254458881
35,329,MKT_RF,0.5328390179204966
35,329,SMB,-0.19355037808978515
35,329,HML,0.17906973359956158
35,329,WML,0.13353594535446975
35,330,MKT_RF,0.3188799777005789
35,330,SMB,-0.2770612928091717
35,330,HML,-0.14517227964017962
35,330,WML,0.09356561466150466
35,331,MKT_RF,0.33638413535832906
35,331,SMB,0.0417260272486067
35,331,HML,0.3021897886240551
35,331,WML,0.16434470851923239
35,332,MKT_RF,0.49541952324487626
35,332,SMB,-0.3106634097945546
35,332,HML,0.4434155681271059
35,332,WML,0.17113981468829473
35,333,MKT_RF,0.34744580321228963
35,333,SMB,-0.3803304908756166
35,333,HML,0.47362276108164975
35,333,WML,0.6357337336920519
35,334,MKT_RF,0.5704118861689322
35,334,SMB,-0.44803072439604086
35,334,HML,0.12205226598220474
35,334,WML,0.24669246367762673
35,335,MKT_RF,0.38561773664355525
35,335,SMB,-0.041986868823905225
35,335,HML,0.4131171984464155
35,335,WML,0.21808674730143063
35,336,MKT_RF,0.382216930066382
35,336,SMB,0.2887773968946483
35,336,HML,0.1400884046365346
35,336,WML,0.4588856015244833
35,337,MKT_RF,0.3703596974796904
35,337,SMB,-0.2959663351364013
35,337,HML,0.4043175022483266
35,337,WML,0.3489380082313878
35,338,MKT_RF,0.5179801944223301
35,338,SMB,-0.2007903068172989
35,338,HML,0.3369613141123628
35,338,WML,-0.12840392369198167
35,339,MKT_RF,0.06430857789271614
35,339,SMB,-0.11418111875825626
35,339,HML,0.23377038540311687
35,339,WML,0.8806872205594695
35,340,MKT_RF,0.16559947136729927
35,340,SMB,-0.16879963116139696
35,340,HML,0.516899648166305
35,340,WML,0.6907417074512149
35,341,MKT_RF,0.22794417292971506
35,341,SMB,-0.09429514559240657
35,341,HML,0.36927928562183393
35,341,WML,0.24842555426168134
35,342,MKT_RF,0.5158642120375581
35,342,SMB,-0.24388996208717134
35,342,HML,-0.1564341224464327
35,342,WML,0.11575717850511748
35,343,MKT_RF,0.05284496361039305
35,343,SMB,0.015550774722876571
35,343,HML,0.2900212953406723
35,343,WML,0.8226028390735033
35,344,MKT_RF,0.3460194836240068
35,344,SMB,0.3282955840106187
35,344,HML,0.22737729022151482
35,344,WML,-0.08210064345394255
35,345,MKT_RF,0.33298161093936623
35,345,SMB,-0.33957611495592704
35,345,HML,0.29226291932601145
35,345,WML,0.4446393168348385
35,346,MKT_RF,0.6912466918360888
35,346,SMB,-0.23889950781248018
35,346,HML,-0.03950476934553404
35,346,WML,-0.05703494895164128
35,347,MKT_RF,0.5985242351464097
35,347,SMB,-0.05280345595977136
35,347,HML,-0.09035949074402556
35,347,WML,-0.04076800596523744
35,348,MKT_RF,0.30579014034065033
35,348,SMB,-0.04875098937457837
35,348,HML,-0.030715377856094257
35,348,WML,0.5535236260981374
35,349,MKT_RF,0.6771629187744794
35,349,SMB,-0.5377356285185497
35,349,HML,0.2020025414235161
35,349,WML,0.08228074065452251
35,350,MKT_RF,0.34712879829179244
35,350,SMB,-0.0353125562711649
35,350,HML,0.18898022161147426
35,350,WML,0.022464690202361217
35,351,MKT_RF,0.27986818443979605
35,351,SMB,0.19689974506708333
35,351,HML,0.48693898095828475
35,351,WML,0.89192481555072
35,352,MKT_RF,0.07864326777254464
35,352,SMB,-0.33054376789147993
35,352,HML,0.2994312561972961
35,352,WML,0.7068768893371183
35,353,MKT_RF,0.44418801233937044
35,353,SMB,-0.2011366886718395
35,353,HML,0.2503587451471861
35,353,WML,-0.0430593111256578
35,354,MKT_RF,0.4697192222081157
35,354,SMB,-0.03942323691083611
35,354,HML,0.4796623273488582
35,354,WML,-0.06330894509921595
35,355,MKT_RF,0.3458870518325054
35,355,SMB,0.15715951421756766
35,355,HML,-0.01106903795218397
35,355,WML,0.29311542222049053
35,356,MKT_RF,0.2509111780792696
35,356,SMB,-0.15377774224857904
35,356,HML,0.19182646324218489
35,356,WML,0.4626079191277189
35,357,MKT_RF,0.3643585735375779
35,357,SMB,-0.09281318140945964
35,357,HML,0.2768402778099786
35,357,WML,0.2409144266854732
35,358,MKT_RF,0.45667725794197384
35,358,SMB,0.11501320417088237
35,358,HML,0.7174424591106525
35,358,WML,0.0658111454730053
35,359,MKT_RF,0.5245525630364196
35,359,SMB,0.1673058724638067
35,359,HML,0.22037838478692576
35,359,WML,-0.21833136257802
35,360,MKT_RF,0.4180829144062305
35,360,SMB,-0.19648071724902522
35,360,HML,0.38277518209814193
35,360,WML,0.4932760083457322
35,361,MKT_RF,0.6757362696568826
35,361,SMB,-0.16405742607415097
35,361,HML,0.05680957771749116
35,361,WML,0.20626871646190517
35,362,MKT_RF,0.4232093704750628
35,362,SMB,-0.1014371620647346
35,362,HML,0.16769147928056993
35,362,WML,-0.033017920484907246
35,363,MKT_RF,0.34893861614342225
35,363,SMB,0.03494856194126506
35,363,HML,-0.03065194044892566
35,363,WML,0.23097478531868332
35,364,MKT_RF,0.14247932002727284
35,364,SMB,-0.022496825615750688
35,364,HML,0.2428406159902979
35,364,WML,0.8012901570363654
35,365,MKT_RF,0.4004797092643407
35,365,SMB,0.01962080496953568
35,365,HML,0.523095862258857
35,365,WML,-0.03275512451802202
35,366,MKT_RF,0.18200669744992404
35,366,SMB,-0.4673998159676003
35,366,HML,0.14587900484660832
35,366,WML,0.5740945149981458
35,367,MKT_RF,0.15557503812724824
35,367,SMB,0.14046180493623844
35,367,HML,-0.1570112461145585
35,367,WML,0.6762851286673437
35,368,MKT_RF,0.45047710626857085
35,368,SMB,-0.5802837500875968
35,368,HML,0.09081152540765886
35,368,WML,0.1625629373786543
35,369,MKT_RF,0.37791161602239426
35,369,SMB,-0.07213940578432408
35,369,HML,0.3290537302381497
35,369,WML,0.4821744037222565
35,370,MKT_RF,0.434997364294539
35,370,SMB,-0.2037579709324887
35,370,HML,-0.05553918947609351
35,370,WML,0.309016831952367
35,371,MKT_RF,0.4518305102331374
35,371,SMB,-0.2590125729041257
35,371,HML,0.6951478776837225
35,371,WML,0.23368458005948226
35,372,MKT_RF,0.2207010494472306
35,372,SMB,-0.3959660189151253
35,372,HML,0.41688512905618763
35,372,WML,0.31013420355722754
35,373,MKT_RF,0.5094209101051209
35,373,SMB,-0.5460283681365707
35,373,HML,-0.033463890515093214
35,373,WML,0.39332750858614424
35,374,MKT_RF,0.49193133916984944
35,374,SMB,-0.3708903522168132
35,374,HML,0.2288214164145759
35,374,WML,-0.011650950376684552
35,375,MKT_RF,0.08546057575945377
35,375,SMB,-0.1885827520401989
35,375,HML,0.5159036741956072
35,375,WML,0.9150327895179265
35,376,MKT_RF,0.08651531378502784
35,376,SMB,0.08581553272200569
35,376,HML,0.020017807292600793
35,376,WML,0.7515665594219718
35,377,MKT_RF,0.3537712277616012
35,377,SMB,-0.13006960537236997
35,377,HML,0.45305955340297627
35,377,WML,0.4758055209789335
35,378,MKT_RF,0.5952190354129558
35,378,SMB,-0.5520662589094202
35,378,HML,-0.07619733991155749
35,378,WML,0.04241262422712257
35,379,MKT_RF,0.43664495580444534
35,379,SMB,0.014074159892756044
35,379,HML,0.5102628043589373
35,379,WML,0.021429474786407825
35,380,MKT_RF,0.31704040324513216
35,380,SMB,-0.11501637999454614
35,380,HML,0.24013613570731943
35,380,WML,0.832174754611651
35,381,MKT_RF,0.12826956778506884
35,381,SMB,0.0678954394023423
35,381,HML,0.5619041868183433
35,381,WML,0.6918163468378185
35,382,MKT_RF,0.2844734854753186
35,382,SMB,-0.14997391831615914
35,382,HML,0.13825634266661546
35,382,WML,0.42754773443199723
35,383,MKT_RF,0.7144289585786122
35,383,SMB,-0.08505870955975865
35,383,HML,-0.30843006045643717
35,383,WML,0.027187209501319934
35,384,MKT_RF,0.46246025444150385
35,384,SMB,-0.18412788694291257
35,384,HML,0.41213229637659843
35,384,WML,-0.2451608377493153
35,385,MKT_RF,0.4982368546860937
35,385,SMB,-0.6036438728986545
35,385,HML,0.4358457185067643
35,385,WML,-0.037024272062632625
35,386,MKT_RF,0.8913522296403225
35,386,SMB,-0.3287692883748468
35,386,HML,0.2985831061447966
35,386,WML,-0.4978565002442525
35,387,MKT_RF,-0.008930702443218032
35,387,SMB,0.1700171605319946
35,387,HML,0.5605781473243925
35,387,WML,1.035420625329818
35,388,MKT_RF,0.36691516723554524
35,388,SMB,0.10896242556246892
35,388,HML,0.3569679066371949
35,388,WML,0.23181098520460403
35,389,MKT_RF,0.3354376507223187
35,389,SMB,-0.23745059640294608
35,389,HML,0.4852606366812129
35,389,WML,0.5495133129729705
35,390,MKT_RF,0.5435785055985831
35,390,SMB,-0.2375685958165455
35,390,HML,0.061149424885949225
35,390,WML,-0.059879743589584276
35,391,MKT_RF,0.5528863677841392
35,391,SMB,0.03751884886900871
35,391,HML,0.36666958902011804
35,391,WML,0.3167598875598156
35,392,MKT_RF,0.5203447977405338
35,392,SMB,-0.1353388928554573
35,392,HML,0.4965339276787075
35,392,WML,0.5371470193337676
35,393,MKT_RF,0.411357725325099
35,393,SMB,-0.2858249828516547
35,393,HML,0.03231776095825506
35,393,WML,0.22406706909869745
35,394,MKT_RF,0.43910380118979203
35,394,SMB,-0.0415312736389172
35,394,HML,0.1443523915226419
35,394,WML,-0.15144281862553932
35,395,MKT_RF,0.8287438045331754
35,395,SMB,-0.4189871496753917
35,395,HML,0.13665295175713096
35,395,WML,-0.2304100305596354
35,396,MKT_RF,0.03668054642137302
35,396,SMB,0.1014403293431031
35,396,HML,-0.07762567360611078
35,396,WML,1.0308001095402595
35,397,MKT_RF,0.5429280780823491
35,397,SMB,-0.28390589258808646
35,397,HML,0.33512858134796253
35,397,WML,0.37611905861616113
35,398,MKT_RF,0.44970896008415273
35,398,SMB,-0.3736648647913174
35,398,HML,-0.17134921379704354
35,398,WML,0.20120077394362312
35,399,MKT_RF,0.46931348264341805
35,399,SMB,-0.3818233200805417
35,399,HML,0.29614854704469573
35,399,WML,0.017574978910036867
35,400,MKT_RF,0.39752148447093955
35,400,SMB,-0.14454442617718513
35,400,HML,0.1526511370405797
35,400,WML,0.268885364951744
35,401,MKT_RF,0.3729406063806849
35,401,SMB,-0.2379619008806481
35,401,HML,0.38823267665448896
35,401,WML,0.4370303027099988
35,402,MKT_RF,0.2751635223107069
35,402,SMB,-0.0808039600542437
35,402,HML,0.37262445483805706
35,402,WML,0.5603882993825562
35,403,MKT_RF,0.6209247041425507
35,403,SMB,-0.4356763838450357
35,403,HML,-0.5965889179095997
35,403,WML,0.019172891347362536
35,404,MKT_RF,0.5647845035530074
35,404,SMB,-0.3591247954069915
35,404,HML,-0.028705278115351122
35,404,WML,-0.20674498543408762
35,405,MKT_RF,0.5979593632684778
35,405,SMB,-0.15053048554372614
35,405,HML,-0.07175104227876491
35,405,WML,-0.09214266126886189
35,406,MKT_RF,0.6793874858394356
35,406,SMB,-0.04771922345610233
35,406,HML,0.0020714365032699633
35,406,WML,-0.022133714946409186
35,407,MKT_RF,0.2178450810860068
35,407,SMB,-0.3579634632409818
35,407,HML,-0.02345210672942013
35,407,WML,0.23164243503730297
35,408,MKT_RF,0.2309934759431366
35,408,SMB,-0.40861938361129446
35,408,HML,0.6528806161148865
35,408,WML,0.3527819277208888
35,409,MKT_RF,0.2365051620247795
35,409,SMB,-0.24445226984529284
35,409,HML,0.278789304425604
35,409,WML,0.8043375731367244
35,410,MKT_RF,0.3904260092983593
35,410,SMB,-0.666642406708005
35,410,HML,0.5080730364895053
35,410,WML,0.31676303386532506
35,411,MKT_RF,0.14132374248429833
35,411,SMB,-0.39961484483337495
35,411,HML,0.25925873739041544
35,411,WML,0.8313863887436884
35,412,MKT_RF,0.20582172826807366
35,412,SMB,-0.08344895256625139
35,412,HML,0.2675012571567934
35,412,WML,0.916704319579463
35,413,MKT_RF,0.3620105635145775
35,413,SMB,-0.19798282589432376
35,413,HML,0.09853893046236398
35,413,WML,0.13742931331102443
35,414,MKT_RF,0.1944543929609797
35,414,SMB,-0.24786800196246378
35,414,HML,-0.1778282944506751
35,414,WML,0.343366138238634
35,415,MKT_RF,0.4366731594290581
35,415,SMB,-0.16116492167160132
35,415,HML,0.5088173763416484
35,415,WML,0.22076984244385953
35,416,MKT_RF,0.7669732163563365
35,416,SMB,-0.38881173269397556
35,416,HML,0.14508099143856076
35,416,WML,0.1460763466982171
35,417,MKT_RF,0.227443955541913
35,417,SMB,-0.07534473370433355
35,417,HML,0.3098226377664452
35,417,WML,0.33023622070626946
35,418,MKT_RF,0.38413180073347697
35,418,SMB,-0.4698721856881352
35,418,HML,0.05092784604590056
35,418,WML,0.7695974318602644
35,419,MKT_RF,0.13238735914725624
35,419,SMB,-0.2728963480059933
35,419,HML,0.39953672640600085
35,419,WML,0.608831131472842
35,420,MKT_RF,0.5110715014771378
35,420,SMB,-0.18911692252050655
35,420,HML,0.3113370680707084
35,420,WML,0.12342660739699325
35,421,MKT_RF,0.25670977793130584
35,421,SMB,-0.08854348637893882
35,421,HML,0.15123999647837594
35,421,WML,0.5373618343002052
35,422,MKT_RF,0.5570676914346853
35,422,SMB,-0.04207994006847234
35,422,HML,-0.1431148694876117
35,422,WML,0.4275014467987106
35,423,MKT_RF,0.28572374078187257
35,423,SMB,-0.19201257825611492
35,423,HML,0.22638575599017968
35,423,WML,0.46051684376722896
35,424,MKT_RF,0.36494343713922456
35,424,SMB,-0.2325444863273109
35,424,HML,-0.04975132047538783
35,424,WML,0.30270138465828766
35,425,MKT_RF,0.6979207162578156
35,425,SMB,-0.29288446336732793
35,425,HML,0.41078179488832917
35,425,WML,-0.19990578369987894
35,426,MKT_RF,0.21933087201463078
35,426,SMB,-0.003253743120027832
35,426,HML,0.010215987485032422
35,426,WML,0.3879989481038914
35,427,MKT_RF,0.6764191754905399
35,427,SMB,-0.2446964300523124
35,427,HML,0.20267169443356783
35,427,WML,-0.09193222476481083
35,428,MKT_RF,0.42061604417149656
35,428,SMB,-0.12337473539116309
35,428,HML,0.18586806482127066
35,428,WML,0.43215854551800714
35,429,MKT_RF,0.430476183849738
35,429,SMB,-0.14367989252943472
35,429,HML,0.5611872328811511
35,429,WML,0.14724783831850752
35,430,MKT_RF,0.4575044692074154
35,430,SMB,-0.20324353288641558
35,430,HML,0.384594630362631
35,430,WML,-0.24319720427979163
35,431,MKT_RF,0.44399291184790596
35,431,SMB,-0.33048677673453203
35,431,HML,0.8423952303753217
35,431,WML,0.6885198376724352
35,432,MKT_RF,0.5105665440187154
35,432,SMB,-0.016240389594012066
35,432,HML,0.1656461453303601
35,432,WML,0.08817109585857123
35,433,MKT_RF,0.30088353711788157
35,433,SMB,0.5691020337592548
35,433,HML,0.46379113294755747
35,433,WML,0.4558766278552573
35,434,MKT_RF,0.6544544524627938
35,434,SMB,0.0849966128944973
35,434,HML,0.1640870916697953
35,434,WML,-0.4891938924585897
35,435,MKT_RF,0.4039164421138363
35,435,SMB,-0.7014378490795559
35,435,HML,0.06943349382226835
35,435,WML,0.19476927859459833
35,436,MKT_RF,0.4165197135273514
35,436,SMB,-0.1840733397278492
35,436,HML,0.06976037762017034
35,436,WML,0.1657609812940333
35,437,MKT_RF,0.41145875545396127
35,437,SMB,-0.24804361264064692
35,437,HML,0.14661798581419777
35,437,WML,0.5184316028962263
35,438,MKT_RF,0.30820377539005084
35,438,SMB,-0.1348193215449719
35,438,HML,0.39960798792064023
35,438,WML,0.5535656087377864
35,439,MKT_RF,0.1911711354071125
35,439,SMB,0.1625489632637704
35,439,HML,0.03271099088834651
35,439,WML,0.47153359333012057
35,440,MKT_RF,0.2717135870040257
35,440,SMB,-0.2129861193982793
35,440,HML,-0.05695601833425391
35,440,WML,0.03726049255024351
35,441,MKT_RF,0.44529265448363153
35,441,SMB,0.03894510548838658
35,441,HML,0.19522447000928347
35,441,WML,0.21840048708656165
35,442,MKT_RF,0.41260843981918127
35,442,SMB,-0.016158348879272668
35,442,HML,-0.08878697965085175
35,442,WML,0.2858953951754371
35,443,MKT_RF,0.5734092666163376
35,443,SMB,-0.16277143825785928
35,443,HML,-0.005118806805098929
35,443,WML,-0.20563608391238036
35,444,MKT_RF,0.32166479230757156
35,444,SMB,0.06446148578119178
35,444,HML,0.03423758321674502
35,444,WML,0.16007409904549635
35,445,MKT_RF,0.3964084751054991
35,445,SMB,0.029496806939550133
35,445,HML,0.3392819033328652
35,445,WML,0.4738824233766325
35,446,MKT_RF,0.3127023414435454
35,446,SMB,-0.14467423080525085
35,446,HML,0.08941584390124035
35,446,WML,-0.05024749508284039
35,447,MKT_RF,0.2573727417281179
35,447,SMB,-0.33925178902228054
35,447,HML,0.6521762831688057
35,447,WML,0.5540735074970105
35,448,MKT_RF,0.4516517031497958
35,448,SMB,-0.13100971805603032
35,448,HML,0.012083115471643759
35,448,WML,0.26159723817355723
35,449,MKT_RF,0.18039537580712278
35,449,SMB,-0.06500234693759449
35,449,HML,0.045640265881200806
35,449,WML,0.8682799366690048
35,450,MKT_RF,0.30206957607323615
35,450,SMB,-0.2597761833941249
35,450,HML,0.010270963194180709
35,450,WML,0.4159046435035951
35,451,MKT_RF,0.12224314566255005
35,451,SMB,-0.09049164323871095
35,451,HML,0.5465314159317305
35,451,WML,0.7709886071514432
35,452,MKT_RF,0.2302022249616206
35,452,SMB,-0.09858104625035556
35,452,HML,0.2825568604266038
35,452,WML,0.32016925231779975
35,453,MKT_RF,0.299714179698115
35,453,SMB,-0.3482075232911804
35,453,HML,0.4595109745463979
35,453,WML,0.2569247328961899
35,454,MKT_RF,0.7650581839318948
35,454,SMB,-0.17814617949206707
35,454,HML,-0.07863760010301327
35,454,WML,-0.30718711377855734
35,455,MKT_RF,0.5332452633934452
35,455,SMB,-0.5235170554660065
35,455,HML,0.26119982487645194
35,455,WML,0.21617446551726802
35,456,MKT_RF,0.3955850815995996
35,456,SMB,-0.25633615059607656
35,456,HML,0.2160678934412279
35,456,WML,0.9028222333696587
35,457,MKT_RF,0.44399687244342506
35,457,SMB,-0.2604666070844281
35,457,HML,0.39812498643421057
35,457,WML,0.37037855943697195
35,458,MKT_RF,0.21210009768651236
35,458,SMB,-0.16073173063112436
35,458,HML,0.0026243994051891755
35,458,WML,0.7698396045393624
35,459,MKT_RF,0.5040365315613068
35,459,SMB,-0.4428162800721766
35,459,HML,0.3296684246062419
35,459,WML,0.43061338683467737
35,460,MKT_RF,0.311014497456527
35,460,SMB,-0.21779521674794086
35,460,HML,0.44241264326345864
35,460,WML,0.0963323202564384
35,461,MKT_RF,0.1695649583702002
35,461,SMB,0.1477880268507508
35,461,HML,0.26046055833026516
35,461,WML,0.4837196941509344
35,462,MKT_RF,0.5230962351476
35,462,SMB,-0.2675024451406619
35,462,HML,0.389858672992632
35,462,WML,0.0937239714788583
35,463,MKT_RF,0.2497322407388143
35,463,SMB,0.038704026838664245
35,463,HML,0.38106691477981397
35,463,WML,0.24466565906512402
35,464,MKT_RF,0.39232569033897974
35,464,SMB,-0.4483212460043687
35,464,HML,0.18344309867821612
35,464,WML,0.31971362502159956
35,465,MKT_RF,0.6100639080745072
35,465,SMB,-0.06801320790970872
35,465,HML,0.34160214114573606
35,465,WML,0.21079432298571163
35,466,MKT_RF,0.5439557267954053
35,466,SMB,-0.3597294515494025
35,466,HML,0.5465423087519167
35,466,WML,-0.007453540733812855
35,467,MKT_RF,0.18504922468485224
35,467,SMB,0.08929322324333372
35,467,HML,0.656820640727745
35,467,WML,0.48892854140345204
35,468,MKT_RF,0.38105247193505837
35,468,SMB,-0.08881836520966677
35,468,HML,0.15637885511624516
35,468,WML,0.11951456498721137
35,469,MKT_RF,0.16323632353996445
35,469,SMB,-0.2122044743525329
35,469,HML,0.27670904898084714
35,469,WML,0.7771289676691806
35,470,MKT_RF,0.3918120870238745
35,470,SMB,-0.43798005688616726
35,470,HML,0.5663151587016879
35,470,WML,0.24708216938303781
35,471,MKT_RF,0.42154661321527936
35,471,SMB,-0.23772598490511132
35,471,HML,-0.01600739629527054
35,471,WML,0.33213459313743954
35,472,MKT_RF,0.41319819380136347
35,472,SMB,-0.31489175760735916
35,472,HML,0.06223361832046112
35,472,WML,0.18209166665930027
35,473,MKT_RF,0.6483473532080932
35,473,SMB,-0.2557137108051059
35,473,HML,0.09297379523087042
35,473,WML,0.03119422725235753
35,474,MKT_RF,0.3349325436441649
35,474,SMB,-0.4978229786209226
35,474,HML,0.09295325205082718
35,474,WML,0.37124627456281023
35,475,MKT_RF,0.09268126949748655
35,475,SMB,-0.20215046489107
35,475,HML,0.5060528797684345
35,475,WML,0.8407275747280114
35,476,MKT_RF,0.1899473765986949
35,476,SMB,-0.30241008164060856
35,476,HML,0.22493529973840515
35,476,WML,-0.11467212732250322
35,477,MKT_RF,0.4084800952862897
35,477,SMB,-0.3189995071581252
35,477,HML,0.5620333717056486
35,477,WML,0.4494812632773376
35,478,MKT_RF,0.39392411045395986
35,478,SMB,-0.17279950252295426
35,478,HML,0.06280182023312661
35,478,WML,-0.18773289957457034
35,479,MKT_RF,0.3273267646522593
35,479,SMB,-0.22261059614791573
35,479,HML,0.31345556992609913
35,479,WML,0.6724789951449839
35,480,MKT_RF,0.11165766666048267
35,480,SMB,0.22177279769445615
35,480,HML,0.2772508676687689
35,480,WML,1.2232711886975398
35,481,MKT_RF,0.4345789352092623
35,481,SMB,-0.29460626653483163
35,481,HML,0.059516857746043574
35,481,WML,0.2611630708672826
35,482,MKT_RF,0.36335351459350085
35,482,SMB,-0.3916541752082349
35,482,HML,0.49597341948553975
35,482,WML,0.6575444198523697
35,483,MKT_RF,0.4688091486103002
35,483,SMB,-0.34142439585987217
35,483,HML,0.301085641322743
35,483,WML,0.070536985776552
35,484,MKT_RF,0.39875319050115055
35,484,SMB,-0.483960461664435
35,484,HML,0.3238935632231858
35,484,WML,0.5129861995143162
35,485,MKT_RF,0.23655291433976963
35,485,SMB,0.17945284012946489
35,485,HML,0.5598351125372167
35,485,WML,0.5287297183993106
35,486,MKT_RF,0.46454889464845966
35,486,SMB,-0.12442680000260435
35,486,HML,0.6797208520350764
35,486,WML,0.4424190133255957
35,487,MKT_RF,0.539921984270816
35,487,SMB,-0.7034044262140592
35,487,HML,0.3024818331003412
35,487,WML,0.1403607561914425
35,488,MKT_RF,0.28047787520301903
35,488,SMB,-0.12352166780651447
35,488,HML,-0.02166096926978419
35,488,WML,0.3296876442329914
35,489,MKT_RF,0.07206883614059972
35,489,SMB,-0.42898316030376515
35,489,HML,0.29337710924690197
35,489,WML,0.5789669117732579
35,490,MKT_RF,0.4602941168756661
35,490,SMB,-0.027581933616852124
35,490,HML,0.26182210085766205
35,490,WML,0.22599876674854782
35,491,MKT_RF,0.5452398613374473
35,491,SMB,-0.12518268054189155
35,491,HML,0.20081597170820997
35,491,WML,0.3234685723553981
35,492,MKT_RF,0.14347381324509847
35,492,SMB,-0.07952991026138793
35,492,HML,0.19477694185974928
35,492,WML,0.5594002096185369
35,493,MKT_RF,0.449085817117997
35,493,SMB,-0.05761149720699141
35,493,HML,0.1818984533809818
35,493,WML,-0.0244272234070517
35,494,MKT_RF,0.22350084680675003
35,494,SMB,0.5583749832043604
35,494,HML,0.006391981007859494
35,494,WML,0.7007022780305804
35,495,MKT_RF,0.19490046467105318
35,495,SMB,0.010493992845883112
35,495,HML,0.05471273974673375
35,495,WML,1.0017762274968498
35,496,MKT_RF,0.24686428224458762
35,496,SMB,-0.04584095130338837
35,496,HML,0.41219322845903594
35,496,WML,0.49592437203814643
35,497,MKT_RF,0.4297109338833198
35,497,SMB,-0.36305387101334735
35,497,HML,0.5102336408137772
35,497,WML,0.013055505507829235
35,498,MKT_RF,0.1445782917939754
35,498,SMB,-0.40782297139358387
35,498,HML,0.5216837457157141
35,498,WML,0.6232518089836678
35,499,MKT_RF,0.4140685691724254
35,499,SMB,0.12367367760608024
35,499,HML,0.49905136345298046
35,499,WML,0.5551224242290886
40,0,MKT_RF,0.24655706988877765
40,0,SMB,-0.1822940499238162
40,0,HML,0.4705442868927585
40,0,WML,0.5601762625300563
40,1,MKT_RF,0.6193827619272453
40,1,SMB,-0.031199159542562454
40,1,HML,0.33912223120151747
40,1,WML,-0.16977375695164448
40,2,MKT_RF,0.09215363946217381
40,2,SMB,-0.5018346133541114
40,2,HML,0.2777263531447261
40,2,WML,1.0473351607876555
40,3,MKT_RF,0.381221976437977
40,3,SMB,-0.014668273461565087
40,3,HML,0.5636395105345214
40,3,WML,0.2662691038416808
40,4,MKT_RF,0.20673131751649979
40,4,SMB,-0.031226923975508195
40,4,HML,0.6627339135941216
40,4,WML,0.2639508724598
40,5,MKT_RF,0.404610496164267
40,5,SMB,0.05825940268672206
40,5,HML,0.19662561951312266
40,5,WML,0.5855528927078374
40,6,MKT_RF,0.6582761246584612
40,6,SMB,-0.21090010633338627
40,6,HML,0.17433257181263082
40,6,WML,-0.47188500239523357
40,7,MKT_RF,0.5333671166285149
40,7,SMB,-0.28793286565743687
40,7,HML,0.38649533413345094
40,7,WML,0.08841677511147013
40,8,MKT_RF,0.33807105987766384
40,8,SMB,-0.3985951023129072
40,8,HML,0.20477117999344926
40,8,WML,0.15072493281374258
40,9,MKT_RF,0.1459538811826038
40,9,SMB,-0.10594097849135901
40,9,HML,0.547046404799248
40,9,WML,0.6686076615115061
40,10,MKT_RF,0.252913842174564
40,10,SMB,-0.43138921507959105
40,10,HML,0.1785399462839961
40,10,WML,0.6777862242535839
40,11,MKT_RF,0.42105373415973635
40,11,SMB,-0.35104707372800614
40,11,HML,0.2030332901747104
40,11,WML,0.5235597006041754
40,12,MKT_RF,0.5121840233518706
40,12,SMB,-0.4189952561484908
40,12,HML,0.3489384566215169
40,12,WML,0.28007935161280384
40,13,MKT_RF,0.3272947069770648
40,13,SMB,-0.4762177016112675
40,13,HML,0.5201519284347788
40,13,WML,0.5384927221391745
40,14,MKT_RF,0.4753130077327299
40,14,SMB,-0.013811234454956288
40,14,HML,0.5011520201831919
40,14,WML,0.2595742849805178
40,15,MKT_RF,0.23198489699193436
40,15,SMB,-0.24902615576995654
40,15,HML,0.39556110400641864
40,15,WML,0.33429116482658344
40,16,MKT_RF,0.5641881537469375
40,16,SMB,0.04126430227702331
40,16,HML,-0.007408914857842213
40,16,WML,0.10992932347571514
40,17,MKT_RF,0.3400544835822742
40,17,SMB,-0.08378927520289622
40,17,HML,0.1199086830087085
40,17,WML,0.4608771178510582
40,18,MKT_RF,0.41980173338500454
40,18,SMB,-0.37323182526255916
40,18,HML,0.5492952981447903
40,18,WML,0.49450261362290726
40,19,MKT_RF,0.19332335362417066
40,19,SMB,-0.24538617539641466
40,19,HML,0.48227685064746767
40,19,WML,0.7983614947401051
40,20,MKT_RF,0.3922947613208247
40,20,SMB,-0.2377216234167456
40,20,HML,0.4986314841033268
40,20,WML,0.2508640175579319
40,21,MKT_RF,0.29681340629505093
40,21,SMB,-0.14151887632987847
40,21,HML,0.2899423967796738
40,21,WML,0.31234915819226766
40,22,MKT_RF,0.41256879529040735
40,22,SMB,0.07361300476279177
40,22,HML,0.21530403070850107
40,22,WML,0.5109893271395703
40,23,MKT_RF,0.2849235368681514
40,23,SMB,-0.058297611089674475
40,23,HML,0.28831606660292214
40,23,WML,0.32746642238121426
40,24,MKT_RF,0.6700453981234745
40,24,SMB,-0.3850612525117168
40,24,HML,0.20482333503352326
40,24,WML,-0.1889707625251868
40,25,MKT_RF,0.3558653760821899
40,25,SMB,0.11008149425522436
40,25,HML,0.1638646038320484
40,25,WML,0.3820985156514658
40,26,MKT_RF,0.41157555311061084
40,26,SMB,-0.06956480864824982
40,26,HML,0.515486760391763
40,26,WML,0.27085602607122666
40,27,MKT_RF,0.29792848800644484
40,27,SMB,-0.052362697097870184
40,27,HML,0.042163923441476396
40,27,WML,0.12838110677459072
40,28,MKT_RF,0.1852065568798657
40,28,SMB,-0.41933854797361314
40,28,HML,0.29868825237507785
40,28,WML,0.766681507446149
40,29,MKT_RF,0.35081329092020197
40,29,SMB,-0.4691523254491329
40,29,HML,0.3320600490248428
40,29,WML,0.4878603271056854
40,30,MKT_RF,0.3305803946773502
40,30,SMB,-0.360606861858503
40,30,HML,0.05492283945126463
40,30,WML,0.3999568848441343
40,31,MKT_RF,0.18647970447857368
40,31,SMB,-0.20964626509557138
40,31,HML,0.38459253594804443
40,31,WML,0.7070642405955145
40,32,MKT_RF,0.4063941882951787
40,32,SMB,-0.030680026432699042
40,32,HML,-0.12348984767246826
40,32,WML,0.177461799465895
40,33,MKT_RF,0.620799395228951
40,33,SMB,-0.27987825203878275
40,33,HML,0.12538823346397046
40,33,WML,-0.03208885018879807
40,34,MKT_RF,0.4365650981273696
40,34,SMB,-0.16710021084757518
40,34,HML,0.43689918865102584
40,34,WML,0.2254105471190453
40,35,MKT_RF,0.19829238085706227
40,35,SMB,-0.13261811269712362
40,35,HML,0.3136343070999042
40,35,WML,0.6555519470734664
40,36,MKT_RF,0.4905236767033901
40,36,SMB,-0.4770464962142892
40,36,HML,0.5031309378589314
40,36,WML,0.0465386922310641
40,37,MKT_RF,0.11786128978032959
40,37,SMB,-0.08529858550867718
40,37,HML,0.3720590789489601
40,37,WML,0.6894052124610285
40,38,MKT_RF,0.2696945113670723
40,38,SMB,-0.34699490375910846
40,38,HML,0.3009419429137072
40,38,WML,0.8209724906766999
40,39,MKT_RF,-0.004114594833520388
40,39,SMB,0.0654888033164828
40,39,HML,0.3636787040085653
40,39,WML,1.1774622397349714
40,40,MKT_RF,0.38921321045163754
40,40,SMB,-0.13916014432096238
40,40,HML,0.15288028511006801
40,40,WML,0.4335592119932902
40,41,MKT_RF,0.3467947527856189
40,41,SMB,-0.1821059006162484
40,41,HML,0.09510916905534705
40,41,WML,0.3646971014587957
40,42,MKT_RF,0.32050224542846745
40,42,SMB,-0.035865245134469766
40,42,HML,0.20030346451495779
40,42,WML,0.040587027451317925
40,43,MKT_RF,0.05375556755615905
40,43,SMB,0.2591640412782386
40,43,HML,0.4271419008988048
40,43,WML,0.07872691791690774
40,44,MKT_RF,0.2595902239047511
40,44,SMB,-0.22245222252558872
40,44,HML,0.3236018676818109
40,44,WML,0.49729405601757987
40,45,MKT_RF,0.39447371969933176
40,45,SMB,0.17565946849056358
40,45,HML,0.008261119180126985
40,45,WML,0.498515274283446
40,46,MKT_RF,0.23524911993258138
40,46,SMB,0.05308924991077495
40,46,HML,0.4336493206186792
40,46,WML,0.7802965654905117
40,47,MKT_RF,0.43462910524478243
40,47,SMB,-0.010698019856059936
40,47,HML,0.14210769058736566
40,47,WML,0.14144322860089573
40,48,MKT_RF,0.32761948383506445
40,48,SMB,-0.39631734940897606
40,48,HML,0.3367533446923944
40,48,WML,0.6102645204893289
40,49,MKT_RF,0.3415173400647249
40,49,SMB,-0.043894347232882734
40,49,HML,0.6485016636735601
40,49,WML,0.6513476098646032
40,50,MKT_RF,0.5160016950872615
40,50,SMB,-0.262071129368446
40,50,HML,0.04768880084617472
40,50,WML,0.4912270528992619
40,51,MKT_RF,0.5086540004557817
40,51,SMB,-0.21280374555623327
40,51,HML,0.13825145233031164
40,51,WML,0.1233633876480852
40,52,MKT_RF,0.65140520269506
40,52,SMB,-0.404348623538831
40,52,HML,0.18874224041972196
40,52,WML,0.36096556422843695
40,53,MKT_RF,0.4893219382425069
40,53,SMB,-0.3187437365437762
40,53,HML,0.06294571659528446
40,53,WML,0.6024720413864322
40,54,MKT_RF,0.44895905450301105
40,54,SMB,-0.03626105341203218
40,54,HML,0.19439503714459716
40,54,WML,0.07583011519555896
40,55,MKT_RF,0.42401855647104914
40,55,SMB,-0.42510397429578006
40,55,HML,0.11597614688154427
40,55,WML,0.21258096515441186
40,56,MKT_RF,0.15453809157507561
40,56,SMB,-0.18851542788948591
40,56,HML,0.12110701360266392
40,56,WML,0.8071804056421855
40,57,MKT_RF,0.20663779449315525
40,57,SMB,0.10377285489103846
40,57,HML,0.15321360374255824
40,57,WML,1.099201926938143
40,58,MKT_RF,0.4762861807670456
40,58,SMB,-0.29589979736768457
40,58,HML,0.32732755218969267
40,58,WML,-0.05723751793341681
40,59,MKT_RF,0.28871932177629633
40,59,SMB,-0.314658936077141
40,59,HML,0.23406954284801315
40,59,WML,0.3951738068756
40,60,MKT_RF,0.5627772033277281
40,60,SMB,0.0234562481300695
40,60,HML,0.1882150964881705
40,60,WML,0.189358639020423
40,61,MKT_RF,0.31904587240414584
40,61,SMB,0.059712356869537124
40,61,HML,0.1093167888143181
40,61,WML,0.5453113800398904
40,62,MKT_RF,0.19076486333373563
40,62,SMB,-0.09586125430140296
40,62,HML,0.6003576578711572
40,62,WML,0.907338601127923
40,63,MKT_RF,0.31744623648348586
40,63,SMB,-0.24271949775878246
40,63,HML,0.27105610969690547
40,63,WML,0.8479086384469723
40,64,MKT_RF,0.18954808516541047
40,64,SMB,0.15204727782410712
40,64,HML,0.3491261581393983
40,64,WML,0.4186577980682981
40,65,MKT_RF,0.22879066397867515
40,65,SMB,-0.1017554117625396
40,65,HML,0.7092189168109991
40,65,WML,0.8534651016155448
40,66,MKT_RF,-0.06497541115118256
40,66,SMB,-0.19369296320042434
40,66,HML,0.19211969881617944
40,66,WML,0.8521378854866524
40,67,MKT_RF,0.25026177152563706
40,67,SMB,0.019987362419184244
40,67,HML,0.31419945483586204
40,67,WML,0.7538799151565212
40,68,MKT_RF,0.48237390086326226
40,68,SMB,0.07047167379241841
40,68,HML,0.22051221603300822
40,68,WML,0.01926169455348311
40,69,MKT_RF,0.5397369430901197
40,69,SMB,-0.2057144565633066
40,69,HML,0.6912391092325009
40,69,WML,-0.18661147592918972
40,70,MKT_RF,0.5302413675328546
40,70,SMB,-0.4862595739274356
40,70,HML,0.2993392952256057
40,70,WML,0.1973131078784514
40,71,MKT_RF,0.36091454316542954
40,71,SMB,-0.2729833441933384
40,71,HML,0.5087837660062469
40,71,WML,0.33389746435177886
40,72,MKT_RF,0.5553306981524462
40,72,SMB,0.040915880287496785
40,72,HML,0.6096254083429699
40,72,WML,-0.042764020762394016
40,73,MKT_RF,0.26855739261141914
40,73,SMB,0.007300409174175536
40,73,HML,0.7815817614662913
40,73,WML,0.49456246115287283
40,74,MKT_RF,0.12592223851232556
40,74,SMB,0.384037257727229
40,74,HML,0.47589399752787237
40,74,WML,0.23885564540157256
40,75,MKT_RF,0.40276207464612135
40,75,SMB,-0.32101625985774307
40,75,HML,0.5740078522927838
40,75,WML,0.15424338850713842
40,76,MKT_RF,0.4423913008708633
40,76,SMB,0.06366188824601886
40,76,HML,0.3855044609446184
40,76,WML,0.5363199417731301
40,77,MKT_RF,0.1909170833320759
40,77,SMB,-0.02966448206360579
40,77,HML,0.340125867654568
40,77,WML,0.3232545866090045
40,78,MKT_RF,0.5785022008414406
40,78,SMB,-0.26977075743543816
40,78,HML,0.5904931384055708
40,78,WML,0.0017759762371995901
40,79,MKT_RF,0.19537189031607327
40,79,SMB,-0.07267298323853852
40,79,HML,0.30515633942369264
40,79,WML,0.9395496680571576
40,80,MKT_RF,0.5669996885787824
40,80,SMB,-0.37150930401264465
40,80,HML,0.4486862637688793
40,80,WML,0.17812256634390197
40,81,MKT_RF,0.30738390766322565
40,81,SMB,-0.1352055658578099
40,81,HML,0.46144483687707455
40,81,WML,0.30302126734739177
40,82,MKT_RF,-0.017066322531992847
40,82,SMB,0.014505008920939377
40,82,HML,0.5025182225525762
40,82,WML,0.8137675064565654
40,83,MKT_RF,0.2752639434283298
40,83,SMB,-0.01627627254423423
40,83,HML,0.17032941801574059
40,83,WML,0.45473386418112205
40,84,MKT_RF,0.29621980966262834
40,84,SMB,-0.23188783000998575
40,84,HML,0.3638142425505408
40,84,WML,0.7480066735583432
40,85,MKT_RF,0.20204086526360016
40,85,SMB,-0.0478377987883675
40,85,HML,0.34991304787188016
40,85,WML,0.8922675757273728
40,86,MKT_RF,0.4020734326729405
40,86,SMB,-0.19094393101332724
40,86,HML,0.5518048119936544
40,86,WML,0.270938073392833
40,87,MKT_RF,0.3084912585335115
40,87,SMB,-0.04132674730489474
40,87,HML,0.5417555793995845
40,87,WML,0.29030051113758654
40,88,MKT_RF,0.06604787990386148
40,88,SMB,0.025294371740226477
40,88,HML,0.3779683114946578
40,88,WML,0.7822726833846123
40,89,MKT_RF,0.25891928357746746
40,89,SMB,-0.039210212205834774
40,89,HML,0.31119892420858436
40,89,WML,0.7230749585160232
40,90,MKT_RF,0.5546175334866827
40,90,SMB,0.02555595213063852
40,90,HML,0.3781508122009296
40,90,WML,-0.2938033224794477
40,91,MKT_RF,0.522862104604506
40,91,SMB,-0.21968276668253223
40,91,HML,0.3048969072259505
40,91,WML,0.06580124572934559
40,92,MKT_RF,0.3618014333395885
40,92,SMB,-0.19319122479085954
40,92,HML,-0.23069015512668653
40,92,WML,0.4993354224185776
40,93,MKT_RF,0.4216575709775256
40,93,SMB,-0.3354485759286018
40,93,HML,0.17084716512753564
40,93,WML,0.08950613629287332
40,94,MKT_RF,0.4585841498441131
40,94,SMB,-0.06187715812220501
40,94,HML,0.35879411532482053
40,94,WML,0.44370118914394474
40,95,MKT_RF,0.3702213053879964
40,95,SMB,-0.20719222095020834
40,95,HML,0.24435060527931904
40,95,WML,0.18991420800534972
40,96,MKT_RF,0.18012488281071365
40,96,SMB,0.09408812869551275
40,96,HML,0.4872400166135597
40,96,WML,0.5523240649119742
40,97,MKT_RF,0.46812784414460895
40,97,SMB,-0.29380166049618717
40,97,HML,0.35248658185877413
40,97,WML,0.17317641589360347
40,98,MKT_RF,0.5796717242279938
40,98,SMB,-0.4368804279524604
40,98,HML,0.6402336552883837
40,98,WML,0.22855516345742907
40,99,MKT_RF,0.2871113227022957
40,99,SMB,-0.03350083680651238
40,99,HML,0.3402491574202106
40,99,WML,0.45003177489071083
40,100,MKT_RF,0.1956623574050232
40,100,SMB,0.08349401540411125
40,100,HML,0.5073810382175397
40,100,WML,0.41232908906582216
40,101,MKT_RF,0.2683594168033268
40,101,SMB,-0.23661745156069103
40,101,HML,0.35911142171318944
40,101,WML,0.6662083845277532
40,102,MKT_RF,0.41534567685502527
40,102,SMB,-0.42794627307001387
40,102,HML,0.27113000710671803
40,102,WML,0.09630690964340091
40,103,MKT_RF,0.2817471251972227
40,103,SMB,-0.2869838264349646
40,103,HML,0.4059347631424583
40,103,WML,0.5898746726979944
40,104,MKT_RF,0.3171231366922353
40,104,SMB,-0.11592177503998258
40,104,HML,0.2771864207747445
40,104,WML,-0.0002663269778682641
40,105,MKT_RF,0.07931018656512084
40,105,SMB,0.18777940814499222
40,105,HML,0.5801594300684363
40,105,WML,1.0662673822098945
40,106,MKT_RF,0.6429264572538061
40,106,SMB,-0.08617702997914586
40,106,HML,0.2996316612501647
40,106,WML,-0.14187597329154086
40,107,MKT_RF,0.34600504174389246
40,107,SMB,0.061772041618848236
40,107,HML,0.36460182259252893
40,107,WML,0.1181489661647089
40,108,MKT_RF,0.25977303008356817
40,108,SMB,-0.1285574432709151
40,108,HML,0.22663868350194066
40,108,WML,0.41780253548351853
40,109,MKT_RF,0.292013691564972
40,109,SMB,-0.330975561533836
40,109,HML,0.42402244255459315
40,109,WML,0.28990874090405905
40,110,MKT_RF,0.30697619664122844
40,110,SMB,-0.08764667899169566
40,110,HML,0.43553161484135067
40,110,WML,0.35944653291224377
40,111,MKT_RF,0.6039162816722754
40,111,SMB,-0.1728396115740107
40,111,HML,0.32493155945098834
40,111,WML,0.29220246955642315
40,112,MKT_RF,0.3661912080338914
40,112,SMB,-0.027359670104321165
40,112,HML,0.24803246775695434
40,112,WML,0.37996822977995864
40,113,MKT_RF,0.2674605554381246
40,113,SMB,0.0038022187186330437
40,113,HML,0.25973286617424224
40,113,WML,0.4019718188778063
40,114,MKT_RF,0.37933879906612633
40,114,SMB,-0.18378443792055485
40,114,HML,0.28670519001424755
40,114,WML,0.2268655123807656
40,115,MKT_RF,0.35340222647767383
40,115,SMB,0.14674795799112716
40,115,HML,0.41651314322609606
40,115,WML,0.1178439647094338
40,116,MKT_RF,0.26987573714618396
40,116,SMB,-0.032957665417609056
40,116,HML,0.3971592186669861
40,116,WML,0.3688209103793892
40,117,MKT_RF,0.3715122244861496
40,117,SMB,-0.22570490826798342
40,117,HML,0.3428989118145582
40,117,WML,0.15679863243341519
40,118,MKT_RF,0.08364857121471371
40,118,SMB,-0.1317352546010051
40,118,HML,0.4136616890536723
40,118,WML,0.7586967712886176
40,119,MKT_RF,0.3436898071448829
40,119,SMB,-0.06973985095382734
40,119,HML,0.4728860598354443
40,119,WML,0.5356222471487361
40,120,MKT_RF,0.4270309626100879
40,120,SMB,-0.2405961573075457
40,120,HML,0.2338290846827694
40,120,WML,0.11655263472973715
40,121,MKT_RF,0.4233242657770551
40,121,SMB,-0.11179890700689867
40,121,HML,0.13063100378695724
40,121,WML,0.5846912217056567
40,122,MKT_RF,0.4885845211849892
40,122,SMB,-0.21772088385333874
40,122,HML,0.21091429851149018
40,122,WML,0.1899738894399577
40,123,MKT_RF,0.4233029337040485
40,123,SMB,-0.30025369380932243
40,123,HML,0.37878251331120566
40,123,WML,0.4466728913241242
40,124,MKT_RF,0.15506945627035165
40,124,SMB,-0.19129934267022736
40,124,HML,0.7171543168815137
40,124,WML,0.913770036663384
40,125,MKT_RF,0.191106863054324
40,125,SMB,-0.23923570193660154
40,125,HML,0.514027878014219
40,125,WML,0.8463592566786371
40,126,MKT_RF,0.0319705589247684
40,126,SMB,-0.11540160301897202
40,126,HML,0.604921246282487
40,126,WML,0.8900789479932545
40,127,MKT_RF,0.5179765546615871
40,127,SMB,-0.2511527292099319
40,127,HML,0.43094391124794706
40,127,WML,-0.1381998325326198
40,128,MKT_RF,0.3920728695676057
40,128,SMB,-0.0673746976791629
40,128,HML,0.5774802014039605
40,128,WML,0.43542362947595475
40,129,MKT_RF,0.13888313350631834
40,129,SMB,0.1279968831602257
40,129,HML,0.5189949534539547
40,129,WML,0.8865799294587741
40,130,MKT_RF,0.18993310954414686
40,130,SMB,-0.3413411762763989
40,130,HML,0.5974828408478627
40,130,WML,0.8941486337261779
40,131,MKT_RF,0.3478615551224967
40,131,SMB,-0.197229964164492
40,131,HML,-0.017541239312411472
40,131,WML,-0.07177261450325993
40,132,MKT_RF,0.34560017585716307
40,132,SMB,-0.06921582740762293
40,132,HML,0.3822560685113455
40,132,WML,-0.13641223886663228
40,133,MKT_RF,0.28016600289867677
40,133,SMB,-0.15000643153154333
40,133,HML,0.5964963683692256
40,133,WML,0.7187025981207888
40,134,MKT_RF,0.24376437904187642
40,134,SMB,-0.13929031116334098
40,134,HML,0.6317100378830723
40,134,WML,0.632041259015749
40,135,MKT_RF,0.1940308610141884
40,135,SMB,-0.03759548974496278
40,135,HML,0.5768334545063134
40,135,WML,0.8776685975647484
40,136,MKT_RF,0.38161786678445747
40,136,SMB,-0.08593232688187386
40,136,HML,0.06387461403437368
40,136,WML,0.4399976087587897
40,137,MKT_RF,0.41140335174857423
40,137,SMB,-0.20026554743856548
40,137,HML,0.4982263879932623
40,137,WML,0.2705474029704842
40,138,MKT_RF,0.1410533752498715
40,138,SMB,-0.18578562110086497
40,138,HML,0.20691196159260822
40,138,WML,0.4434600159642007
40,139,MKT_RF,0.3884874466410183
40,139,SMB,-0.13112011312260394
40,139,HML,0.11988250915374951
40,139,WML,0.5701397968345489
40,140,MKT_RF,0.12905595221071245
40,140,SMB,-0.07794455666878523
40,140,HML,0.04925082409293178
40,140,WML,1.11268097846448
40,141,MKT_RF,0.04127482777615749
40,141,SMB,0.040672599615247405
40,141,HML,0.6080324014228403
40,141,WML,0.6730953313571003
40,142,MKT_RF,0.6541832968132938
40,142,SMB,-0.4030185879593014
40,142,HML,0.26259391444326424
40,142,WML,0.09717565882222581
40,143,MKT_RF,0.31506357720791606
40,143,SMB,-0.32651185233450347
40,143,HML,0.20022429580053233
40,143,WML,0.5157560865170256
40,144,MKT_RF,0.04885655431301401
40,144,SMB,-0.5952522190965842
40,144,HML,0.6534548476383855
40,144,WML,0.7232299528222232
40,145,MKT_RF,0.46636331151751154
40,145,SMB,0.1623806682769218
40,145,HML,0.6925263354274619
40,145,WML,0.1902348397435965
40,146,MKT_RF,0.29547016361496165
40,146,SMB,0.1469069747381358
40,146,HML,0.5766608182134684
40,146,WML,0.6111568761948879
40,147,MKT_RF,0.4832924313153225
40,147,SMB,-0.31536085005924674
40,147,HML,0.060359112195558645
40,147,WML,0.17634450451563274
40,148,MKT_RF,0.441513242577904
40,148,SMB,-0.1357102344111872
40,148,HML,0.05260469397723021
40,148,WML,0.4021688895462919
40,149,MKT_RF,0.28911963987743655
40,149,SMB,-0.23486146362318475
40,149,HML,0.38045738537667184
40,149,WML,0.33238816758808565
40,150,MKT_RF,0.37027568818728146
40,150,SMB,-0.06428542089178972
40,150,HML,0.06674830863354839
40,150,WML,0.6230085733746319
40,151,MKT_RF,0.28219269653407036
40,151,SMB,-0.2598033826082001
40,151,HML,0.37780612627154025
40,151,WML,0.6096383171720117
40,152,MKT_RF,0.3149713289603897
40,152,SMB,-0.5249617361514342
40,152,HML,0.2901334507693195
40,152,WML,0.46284075903614724
40,153,MKT_RF,0.6121051436860302
40,153,SMB,-0.3466187754629178
40,153,HML,0.24338659108574418
40,153,WML,-0.1727950948512486
40,154,MKT_RF,0.29645382985792285
40,154,SMB,0.0781260517318194
40,154,HML,-0.010961847209360215
40,154,WML,0.5502820798933871
40,155,MKT_RF,0.6398951134447475
40,155,SMB,-0.4477341136388649
40,155,HML,0.10330592042443162
40,155,WML,0.02147468311431715
40,156,MKT_RF,0.2961841430593783
40,156,SMB,-0.22801006980300814
40,156,HML,0.539009321512863
40,156,WML,0.4525909673644782
40,157,MKT_RF,0.47410076567610626
40,157,SMB,0.0004360950363192823
40,157,HML,0.35851987919188893
40,157,WML,0.2507974616875715
40,158,MKT_RF,0.5727255154046758
40,158,SMB,0.10882334430973667
40,158,HML,0.092446244071639
40,158,WML,-0.051126585877551034
40,159,MKT_RF,0.3729233955591982
40,159,SMB,-0.3770325746594482
40,159,HML,0.14161767547298673
40,159,WML,0.18538214286047208
40,160,MKT_RF,0.41469573371293056
40,160,SMB,-0.0901268276743179
40,160,HML,0.8527766562830736
40,160,WML,0.26128319088137086
40,161,MKT_RF,0.2277780561015138
40,161,SMB,0.05983452032703783
40,161,HML,0.20370895140820572
40,161,WML,0.7717729885073562
40,162,MKT_RF,0.3751707940684164
40,162,SMB,-0.29684026122165
40,162,HML,0.6752518751753392
40,162,WML,0.524463619037763
40,163,MKT_RF,0.47608740912347436
40,163,SMB,-0.34373553149678804
40,163,HML,0.3816609860600769
40,163,WML,0.02866068447944449
40,164,MKT_RF,0.3053467113495319
40,164,SMB,-0.07422295999275141
40,164,HML,0.22218661395935696
40,164,WML,0.7720197468680725
40,165,MKT_RF,0.4445463646014056
40,165,SMB,-0.18843685273429253
40,165,HML,0.3239720188142899
40,165,WML,0.20635869103427246
40,166,MKT_RF,0.26037243967540713
40,166,SMB,-0.16437937848206569
40,166,HML,0.6346052912664925
40,166,WML,0.6743063401009456
40,167,MKT_RF,0.5668497992649542
40,167,SMB,-0.2873482525307599
40,167,HML,0.1356591278998135
40,167,WML,0.07966328981224056
40,168,MKT_RF,0.29417872357498565
40,168,SMB,0.055453482481422255
40,168,HML,0.306680595986221
40,168,WML,0.489849783136097
40,169,MKT_RF,0.32330500682870894
40,169,SMB,-0.4168248567036591
40,169,HML,0.5611250335250616
40,169,WML,0.39470218230042226
40,170,MKT_RF,0.6483173768548678
40,170,SMB,-0.43770561426666166
40,170,HML,0.2391353750331769
40,170,WML,-0.043347038787540995
40,171,MKT_RF,0.6093359326379678
40,171,SMB,-0.17784765220643758
40,171,HML,0.28536089566836653
40,171,WML,0.25867817264370474
40,172,MKT_RF,0.5042606884002313
40,172,SMB,-0.39837307118646
40,172,HML,0.3893656621106714
40,172,WML,0.06603807721030538
40,173,MKT_RF,0.5356805046049071
40,173,SMB,-0.19297873499725787
40,173,HML,0.2546297872565591
40,173,WML,0.1243278127169947
40,174,MKT_RF,0.5529949759647576
40,174,SMB,-0.20329487743582803
40,174,HML,0.3417996622983883
40,174,WML,0.18939710010851907
40,175,MKT_RF,0.4256361590682698
40,175,SMB,0.015458296770855185
40,175,HML,-0.09064219766143354
40,175,WML,-0.10691224751094656
40,176,MKT_RF,0.35293048650489733
40,176,SMB,0.008708676241264368
40,176,HML,0.45301288007426677
40,176,WML,0.5397909862088462
40,177,MKT_RF,0.45249660625377275
40,177,SMB,-0.48460689344708535
40,177,HML,0.25365250799074157
40,177,WML,0.2551992039761195
40,178,MKT_RF,0.21542291110753914
40,178,SMB,-0.015806018051990937
40,178,HML,0.16690049942739027
40,178,WML,0.9717527637554909
40,179,MKT_RF,0.17652479688469766
40,179,SMB,-0.45590767101185636
40,179,HML,0.5970125227023804
40,179,WML,0.8987141417485567
40,180,MKT_RF,0.42835816577090596
40,180,SMB,-0.17918824591949886
40,180,HML,0.12750074205446307
40,180,WML,0.28600172336182966
40,181,MKT_RF,0.5955062452354881
40,181,SMB,-0.06059475684239671
40,181,HML,0.25501612331255724
40,181,WML,-0.053170643231392
40,182,MKT_RF,0.6255963856481247
40,182,SMB,-0.17580409666577396
40,182,HML,0.2263704465116919
40,182,WML,-0.4073679354961901
40,183,MKT_RF,0.30586432682170456
40,183,SMB,0.030467305411264325
40,183,HML,0.08220412796896549
40,183,WML,0.5397703117887673
40,184,MKT_RF,0.30878552369995577
40,184,SMB,0.16576207626377432
40,184,HML,0.2401725003464892
40,184,WML,0.4498652134233065
40,185,MKT_RF,0.31811365660814817
40,185,SMB,-0.08604203966972056
40,185,HML,0.42888109319076356
40,185,WML,0.7879063823723164
40,186,MKT_RF,0.32810416431899886
40,186,SMB,-0.04705811176143974
40,186,HML,-0.03649438286691441
40,186,WML,0.5130859337602945
40,187,MKT_RF,0.5791632353928775
40,187,SMB,-0.30759682255796894
40,187,HML,0.5188890964473454
40,187,WML,0.09221018014134946
40,188,MKT_RF,0.5286150580115541
40,188,SMB,0.024640601239563804
40,188,HML,0.5416193650245305
40,188,WML,0.021417627954687973
40,189,MKT_RF,0.40207183318809164
40,189,SMB,-0.16064336944034177
40,189,HML,0.31291154825308265
40,189,WML,0.4898447699540979
40,190,MKT_RF,0.13571456522008066
40,190,SMB,-0.22919443820870783
40,190,HML,0.5646135208533801
40,190,WML,0.81504212205612
40,191,MKT_RF,0.2602219366595495
40,191,SMB,-0.5429876994930294
40,191,HML,0.7983935502403491
40,191,WML,0.6054792694337248
40,192,MKT_RF,0.37898861666355965
40,192,SMB,-0.056742866224340736
40,192,HML,0.5824865629436127
40,192,WML,0.20705793855823926
40,193,MKT_RF,0.23616121850668437
40,193,SMB,0.12649771448325306
40,193,HML,0.2506294599985136
40,193,WML,0.9289144719733878
40,194,MKT_RF,0.506495735753166
40,194,SMB,-0.04537323844966042
40,194,HML,0.013814524412815067
40,194,WML,0.40630676476617017
40,195,MKT_RF,0.4080081766231574
40,195,SMB,-0.06146665972071275
40,195,HML,0.027297538022964467
40,195,WML,0.7239722582138206
40,196,MKT_RF,0.3641778866662544
40,196,SMB,-0.698582007974712
40,196,HML,0.39957455967840105
40,196,WML,0.5840824044521705
40,197,MKT_RF,0.44382634644816576
40,197,SMB,-0.2776291172712439
40,197,HML,0.09344752071653235
40,197,WML,0.39698665045388054
40,198,MKT_RF,0.32666244515912457
40,198,SMB,-0.061456069065940526
40,198,HML,0.1909372127328398
40,198,WML,0.30902637694929014
40,199,MKT_RF,0.1405239166865382
40,199,SMB,-0.2894934232639299
40,199,HML,0.5566737963996388
40,199,WML,0.889768016951758
40,200,MKT_RF,0.23505073252337388
40,200,SMB,-0.186094091125048
40,200,HML,0.23976322988256007
40,200,WML,0.5666948142386035
40,201,MKT_RF,0.32099390265721806
40,201,SMB,-0.4068832459511106
40,201,HML,0.355549804453846
40,201,WML,0.5634065177632148
40,202,MKT_RF,0.349274137585576
40,202,SMB,-0.2301695386082493
40,202,HML,0.6414296888747888
40,202,WML,0.3873719868736443
40,203,MKT_RF,0.20930905982409304
40,203,SMB,-0.26793002845337066
40,203,HML,0.6381083145173415
40,203,WML,0.6837163551864243
40,204,MKT_RF,0.5707205414114899
40,204,SMB,-0.037328336152994995
40,204,HML,0.21148539060209867
40,204,WML,0.3385998081014454
40,205,MKT_RF,0.3408496486848102
40,205,SMB,0.07481224563293253
40,205,HML,0.1767532769043231
40,205,WML,0.36744114789500026
40,206,MKT_RF,0.2118706226741056
40,206,SMB,-0.1497647511756073
40,206,HML,0.04417217373145087
40,206,WML,0.722428305132361
40,207,MKT_RF,0.2643871764832384
40,207,SMB,-0.04212574995281204
40,207,HML,0.7262326762293445
40,207,WML,0.7901369107196727
40,208,MKT_RF,0.5686151610457731
40,208,SMB,-0.3825665763687606
40,208,HML,0.2084036012712462
40,208,WML,-0.019552284907778113
40,209,MKT_RF,0.3555280811663982
40,209,SMB,-0.30849968145157697
40,209,HML,0.03435491019944382
40,209,WML,0.5551768848500466
40,210,MKT_RF,0.20961020658366786
40,210,SMB,-0.18619993848001687
40,210,HML,0.46828093119605185
40,210,WML,0.6716835656999848
40,211,MKT_RF,0.5452256464421009
40,211,SMB,-0.28177616584597187
40,211,HML,-0.08157227804301612
40,211,WML,-0.13517223805412065
40,212,MKT_RF,0.5087176588164368
40,212,SMB,-0.3275112839014652
40,212,HML,0.489506786165469
40,212,WML,0.25863670884522094
40,213,MKT_RF,0.43474815002705647
40,213,SMB,-0.2994760205183348
40,213,HML,-0.02659596932015425
40,213,WML,0.48961834155509365
40,214,MKT_RF,0.4418499303711228
40,214,SMB,-0.3085572310449115
40,214,HML,0.16354845517379524
40,214,WML,0.1194676598595653
40,215,MKT_RF,0.3306347953863445
40,215,SMB,-0.1698382348462066
40,215,HML,0.2607868862284206
40,215,WML,0.26499589879591967
40,216,MKT_RF,-0.03675828937427155
40,216,SMB,-0.1367449521343962
40,216,HML,0.5030798326969187
40,216,WML,0.8694187487585051
40,217,MKT_RF,0.28956296574289203
40,217,SMB,-0.10459221645106853
40,217,HML,0.12973250893295918
40,217,WML,0.39881398037305416
40,218,MKT_RF,0.2608623738305318
40,218,SMB,-0.4860505889565559
40,218,HML,0.4034613346069503
40,218,WML,0.28420588060691415
40,219,MKT_RF,0.41290243198951004
40,219,SMB,0.052668438738520985
40,219,HML,0.14218642775195955
40,219,WML,0.4470886733362508
40,220,MKT_RF,0.5080324492239386
40,220,SMB,-0.3585584601876425
40,220,HML,0.43363960720650835
40,220,WML,0.31859103415718437
40,221,MKT_RF,0.3906617547495568
40,221,SMB,-0.027822415956545037
40,221,HML,0.3072763349664119
40,221,WML,-0.022684668650756207
40,222,MKT_RF,0.2716370393683234
40,222,SMB,-0.07141698844497353
40,222,HML,0.1987654147924075
40,222,WML,0.4795793743896718
40,223,MKT_RF,0.5572140136187606
40,223,SMB,-0.1777735805076445
40,223,HML,0.2893494613004856
40,223,WML,-0.1269056944336331
40,224,MKT_RF,0.3160416855572693
40,224,SMB,-0.10694631520704578
40,224,HML,0.2533938679342777
40,224,WML,0.4615956865856534
40,225,MKT_RF,0.4024149906126344
40,225,SMB,-0.14610426972440294
40,225,HML,0.011477611847578156
40,225,WML,0.21362747529177717
40,226,MKT_RF,0.391541689142882
40,226,SMB,-0.38964872080472124
40,226,HML,0.4725807657576859
40,226,WML,0.5822809826756368
40,227,MKT_RF,0.7099985366162463
40,227,SMB,-0.04223977281754625
40,227,HML,0.498933263196531
40,227,WML,-0.2436375446661564
40,228,MKT_RF,0.17910128722564306
40,228,SMB,-0.2068905877805496
40,228,HML,0.8134519170549853
40,228,WML,0.8288304756061928
40,229,MKT_RF,0.5068174777424532
40,229,SMB,-0.1075429898140523
40,229,HML,0.060103211655115334
40,229,WML,-0.023509719334531637
40,230,MKT_RF,0.4522417812898626
40,230,SMB,0.01769437555058159
40,230,HML,0.3601931176606479
40,230,WML,0.313729438989015
40,231,MKT_RF,0.41245693822556023
40,231,SMB,-0.46083068279123246
40,231,HML,0.14138048079025356
40,231,WML,0.20644470196821932
40,232,MKT_RF,0.47985030872759776
40,232,SMB,-0.35022641032313456
40,232,HML,0.31424162614691603
40,232,WML,0.33614946269954293
40,233,MKT_RF,0.21974652442336456
40,233,SMB,-0.22673749676084926
40,233,HML,0.20688343244736437
40,233,WML,0.5864855087253811
40,234,MKT_RF,0.5223860760483436
40,234,SMB,-0.08516129572119929
40,234,HML,0.3920077680307097
40,234,WML,0.30294597556047836
40,235,MKT_RF,0.4125824153329915
40,235,SMB,-0.2952441807093813
40,235,HML,0.1844706383119651
40,235,WML,0.5282266303460282
40,236,MKT_RF,0.4368685125919899
40,236,SMB,0.022044990212013383
40,236,HML,0.5540662426023266
40,236,WML,0.1992408615689423
40,237,MKT_RF,0.42254434449208944
40,237,SMB,-0.27819592442906815
40,237,HML,0.2345432021985072
40,237,WML,0.40688885708247347
40,238,MKT_RF,0.43309473406249566
40,238,SMB,-0.15345073617557528
40,238,HML,0.2839405813645318
40,238,WML,0.5316910049407856
40,239,MKT_RF,0.1160557796915
40,239,SMB,-0.11896293061555004
40,239,HML,0.25921210698205244
40,239,WML,0.9113468935693375
40,240,MKT_RF,0.5740344087715594
40,240,SMB,-0.32321157648221516
40,240,HML,0.5210585039241913
40,240,WML,-0.0550674200490391
40,241,MKT_RF,0.476223951904981
40,241,SMB,-0.1626919963802828
40,241,HML,0.2687760433960145
40,241,WML,0.2672686778456263
40,242,MKT_RF,0.4918697431358262
40,242,SMB,-0.04412893372708692
40,242,HML,0.1206881005649508
40,242,WML,0.06994528575245361
40,243,MKT_RF,0.502052600890645
40,243,SMB,-0.14915747190095527
40,243,HML,0.10319336698809589
40,243,WML,-0.08299957445018828
40,244,MKT_RF,0.3518731346538843
40,244,SMB,-0.641578137640058
40,244,HML,0.33466609544601517
40,244,WML,0.6595515406710446
40,245,MKT_RF,0.41679362579485274
40,245,SMB,-0.1861223794112746
40,245,HML,0.10314233136199559
40,245,WML,0.4578043998636284
40,246,MKT_RF,0.3011532849690694
40,246,SMB,0.11579333988000579
40,246,HML,0.022131191047833107
40,246,WML,0.2858915038097829
40,247,MKT_RF,0.3356949790554089
40,247,SMB,-0.4978429947074265
40,247,HML,0.28585848559108734
40,247,WML,0.7086701888080644
40,248,MKT_RF,0.4713815559591657
40,248,SMB,-0.0503833649006981
40,248,HML,0.002705089897286983
40,248,WML,0.21955024485242933
40,249,MKT_RF,0.3824043598076642
40,249,SMB,-0.2757101008487349
40,249,HML,0.41251203776209244
40,249,WML,0.41636044476537465
40,250,MKT_RF,0.3196255722305828
40,250,SMB,0.03307165904360185
40,250,HML,-0.07334353061940353
40,250,WML,0.4276777514224305
40,251,MKT_RF,0.24838152700787
40,251,SMB,-0.39856542823356234
40,251,HML,0.5006366829804585
40,251,WML,0.7478232164780384
40,252,MKT_RF,0.4014740806348459
40,252,SMB,-0.25529907411373254
40,252,HML,0.21730953614645004
40,252,WML,0.1459566720011893
40,253,MKT_RF,0.2545392524431526
40,253,SMB,-0.2014117682821904
40,253,HML,0.4512310216068433
40,253,WML,0.7742387324520673
40,254,MKT_RF,0.11635466276487261
40,254,SMB,0.10167899448497457
40,254,HML,0.1889451948485383
40,254,WML,0.5622365285524112
40,255,MKT_RF,0.35710005352664104
40,255,SMB,-0.04566322208839143
40,255,HML,0.32587417552662534
40,255,WML,0.3287146691337
40,256,MKT_RF,0.4744437583083234
40,256,SMB,-0.1582164419422776
40,256,HML,0.17269051294539065
40,256,WML,0.15707924849145993
40,257,MKT_RF,0.174966080885354
40,257,SMB,-0.08031414161823967
40,257,HML,0.3387803122351041
40,257,WML,0.6812567984491283
40,258,MKT_RF,0.23994972414806787
40,258,SMB,-0.07275091378750502
40,258,HML,0.5916152042965691
40,258,WML,0.17916584050044052
40,259,MKT_RF,0.4876936621595215
40,259,SMB,-0.2664967966482979
40,259,HML,0.041215924518636426
40,259,WML,-0.10016436925609658
40,260,MKT_RF,0.4197343722467868
40,260,SMB,-0.11658883889461778
40,260,HML,0.4712823939393057
40,260,WML,0.1174728847803737
40,261,MKT_RF,0.22918806810357034
40,261,SMB,-0.007961978156235427
40,261,HML,0.08039146869654755
40,261,WML,0.5591516696422368
40,262,MKT_RF,0.44769454614001447
40,262,SMB,-0.26519586243889487
40,262,HML,0.2921741916757947
40,262,WML,0.5039117498729616
40,263,MKT_RF,0.16378511230331677
40,263,SMB,0.2238190026484447
40,263,HML,0.32094609804591917
40,263,WML,0.6510482892600956
40,264,MKT_RF,0.6193001480779693
40,264,SMB,-0.23290782882732955
40,264,HML,0.22921636028269407
40,264,WML,-0.073789233616161
40,265,MKT_RF,0.6384693238639437
40,265,SMB,-0.31699586899974647
40,265,HML,-0.12295224896320993
40,265,WML,0.04877764336882566
40,266,MKT_RF,0.515631148164516
40,266,SMB,0.20366632993925635
40,266,HML,0.37699970270774663
40,266,WML,0.07191789225768648
40,267,MKT_RF,0.34371586831215933
40,267,SMB,0.0418760946528714
40,267,HML,-0.01356633032043699
40,267,WML,0.2664787666733927
40,268,MKT_RF,0.6000173492918756
40,268,SMB,-0.1179475812358894
40,268,HML,0.11465634947018609
40,268,WML,0.252315049036977
40,269,MKT_RF,0.3416454709665257
40,269,SMB,-0.33896361534059644
40,269,HML,0.4197961401786469
40,269,WML,0.23354954467096262
40,270,MKT_RF,0.2842810782092396
40,270,SMB,-0.3232099020568081
40,270,HML,0.16609351470579473
40,270,WML,0.40326235556161133
40,271,MKT_RF,0.5337159618730046
40,271,SMB,-0.3731719318309184
40,271,HML,0.39071460705457983
40,271,WML,0.3301203155999186
40,272,MKT_RF,0.42311212335905396
40,272,SMB,-0.3708046859712252
40,272,HML,0.31241950375975247
40,272,WML,0.25112659722644476
40,273,MKT_RF,0.22371601020688664
40,273,SMB,-0.3224038867516417
40,273,HML,0.6324202185083241
40,273,WML,0.7895783554052054
40,274,MKT_RF,0.4411582488918902
40,274,SMB,0.04834956559470764
40,274,HML,0.6117774096066713
40,274,WML,-0.08862183958152084
40,275,MKT_RF,0.26797954575098876
40,275,SMB,-0.08409328677744055
40,275,HML,0.18857216521097675
40,275,WML,0.48947231143746683
40,276,MKT_RF,0.4807950604527061
40,276,SMB,-0.5008560171328088
40,276,HML,0.3040055222386516
40,276,WML,0.037479388231248974
40,277,MKT_RF,0.3021585525842679
40,277,SMB,-0.15277513566507817
40,277,HML,0.5063545752907432
40,277,WML,0.8305945262149727
40,278,MKT_RF,0.38934376051347563
40,278,SMB,-0.03959225009139774
40,278,HML,0.027601255770397123
40,278,WML,0.15235550068883755
40,279,MKT_RF,0.32029249448435365
40,279,SMB,0.09718783423326176
40,279,HML,0.36613213746691786
40,279,WML,0.16992194175001044
40,280,MKT_RF,0.351604513478878
40,280,SMB,0.017877434943024184
40,280,HML,0.18062020725752495
40,280,WML,0.27611913940669974
40,281,MKT_RF,0.4797046719654895
40,281,SMB,-0.4774135543594303
40,281,HML,0.25504544602684953
40,281,WML,0.1596375736266584
40,282,MKT_RF,0.3593518600254555
40,282,SMB,-0.2179692224915717
40,282,HML,0.06437883548538999
40,282,WML,0.5626195712965523
40,283,MKT_RF,0.20855727493433177
40,283,SMB,-0.03218338817549957
40,283,HML,0.2188200959385846
40,283,WML,0.6226973623361065
40,284,MKT_RF,0.5553349307707361
40,284,SMB,-0.37144489119135926
40,284,HML,0.47153983769596103
40,284,WML,0.03164225065110455
40,285,MKT_RF,0.11683335446724735
40,285,SMB,-0.47518974665658886
40,285,HML,0.45364834619992195
40,285,WML,0.7250531962082056
40,286,MKT_RF,0.5872840917017572
40,286,SMB,-0.030451597167521393
40,286,HML,0.5689578675939183
40,286,WML,0.15078394914918491
40,287,MKT_RF,0.35647371604995554
40,287,SMB,-0.2848310620781216
40,287,HML,0.3460836097582504
40,287,WML,0.3157847981427969
40,288,MKT_RF,0.2975472651784519
40,288,SMB,-0.02809545990661545
40,288,HML,0.38253033871019837
40,288,WML,0.4142958732399422
40,289,MKT_RF,0.08448846969391385
40,289,SMB,-0.05529384274779253
40,289,HML,0.364713711624933
40,289,WML,0.8546144649232209
40,290,MKT_RF,0.6829566590489295
40,290,SMB,-0.5839997253100329
40,290,HML,0.33978413537697605
40,290,WML,-0.12417314473965704
40,291,MKT_RF,0.5023624487189432
40,291,SMB,-0.009801562199971114
40,291,HML,0.6476466747694005
40,291,WML,0.16657894861887093
40,292,MKT_RF,0.29315190635166
40,292,SMB,-0.14496639130534303
40,292,HML,0.8367244754391986
40,292,WML,0.12036619485338294
40,293,MKT_RF,0.2070654155012654
40,293,SMB,-0.4174135779350513
40,293,HML,0.6660724278704908
40,293,WML,0.1802847396872517
40,294,MKT_RF,0.5226829861017175
40,294,SMB,-0.15637800023254456
40,294,HML,0.10721993097748683
40,294,WML,0.06891463766919093
40,295,MKT_RF,0.27814555528713353
40,295,SMB,0.229491796032083
40,295,HML,0.462485053846513
40,295,WML,0.2180914331174538
40,296,MKT_RF,0.40952994404128856
40,296,SMB,-0.192364269119257
40,296,HML,0.15245350435209026
40,296,WML,0.03102118208402159
40,297,MKT_RF,0.48258748644568006
40,297,SMB,-0.31791291043653946
40,297,HML,0.13785430844504296
40,297,WML,0.4918994243904468
40,298,MKT_RF,0.4670229142963438
40,298,SMB,-0.15307785278389158
40,298,HML,0.19987781477075842
40,298,WML,0.15920187594297588
40,299,MKT_RF,0.19531497508031198
40,299,SMB,0.036238976887904124
40,299,HML,0.5073943509572093
40,299,WML,0.5124658540216251
40,300,MKT_RF,0.4074412905787671
40,300,SMB,-0.198497175500389
40,300,HML,0.32520308022615707
40,300,WML,0.2788045492401986
40,301,MKT_RF,0.19978447353255643
40,301,SMB,-0.10711764461652054
40,301,HML,0.44102366845585494
40,301,WML,0.7979553138553992
40,302,MKT_RF,0.4174922949730685
40,302,SMB,-0.1907085612797645
40,302,HML,0.3340639138865969
40,302,WML,0.4160488354377901
40,303,MKT_RF,0.5367416388775527
40,303,SMB,-0.06845270051502239
40,303,HML,0.09075966015239763
40,303,WML,-0.1353367018461089
40,304,MKT_RF,0.06527316719901274
40,304,SMB,-0.018297066544874934
40,304,HML,0.6765511318463342
40,304,WML,0.6438712983342146
40,305,MKT_RF,0.17089723375690238
40,305,SMB,-0.27416351312928844
40,305,HML,0.09410543746391747
40,305,WML,1.0327007594831332
40,306,MKT_RF,0.3521704570006331
40,306,SMB,0.09153495205372444
40,306,HML,0.31558375628104
40,306,WML,0.47398638434933915
40,307,MKT_RF,0.40954533625437034
40,307,SMB,-0.19232479702711408
40,307,HML,0.18857001510199667
40,307,WML,0.43795176360700516
40,308,MKT_RF,0.3895748583382767
40,308,SMB,-0.21402438972130275
40,308,HML,0.6465743631881274
40,308,WML,0.43683994387146946
40,309,MKT_RF,0.2295667896007738
40,309,SMB,0.24716585706220265
40,309,HML,0.37625051190582603
40,309,WML,0.2586083671953339
40,310,MKT_RF,0.30717844636854075
40,310,SMB,-0.028110076124273225
40,310,HML,0.5655342125906546
40,310,WML,0.4436036662869221
40,311,MKT_RF,0.3647606199030777
40,311,SMB,-0.18972522577999917
40,311,HML,0.43250295416146
40,311,WML,0.2467281543025379
40,312,MKT_RF,0.21019642139026998
40,312,SMB,-0.33378079133935
40,312,HML,0.4005928860624852
40,312,WML,0.5809540540939053
40,313,MKT_RF,0.5806057561803551
40,313,SMB,-0.2987559550542598
40,313,HML,0.17728716687677082
40,313,WML,0.3041631921296436
40,314,MKT_RF,0.42163442261850087
40,314,SMB,-0.22374131938483893
40,314,HML,0.3676578740274443
40,314,WML,0.6335862487626716
40,315,MKT_RF,0.35220614302101594
40,315,SMB,-0.29214261077728493
40,315,HML,0.670260658736441
40,315,WML,0.4857481889423663
40,316,MKT_RF,0.36670454576473177
40,316,SMB,-0.19443384625385213
40,316,HML,0.543787747151232
40,316,WML,0.39136400640548774
40,317,MKT_RF,0.5877739150560514
40,317,SMB,-0.2643972307340556
40,317,HML,0.009647453630854638
40,317,WML,-0.2920247687197452
40,318,MKT_RF,0.2589178538426001
40,318,SMB,-0.28244879550911445
40,318,HML,0.22505877224853008
40,318,WML,0.8877474857487223
40,319,MKT_RF,0.3978791643990541
40,319,SMB,-0.31898072072717437
40,319,HML,0.7049854190303029
40,319,WML,0.1337683011047639
40,320,MKT_RF,0.3891972892574177
40,320,SMB,-0.35716139459747165
40,320,HML,0.3704295935993994
40,320,WML,-0.028893903503737616
40,321,MKT_RF,0.2558819655144518
40,321,SMB,-0.1809756861275458
40,321,HML,0.27088145852335016
40,321,WML,0.49109661705008906
40,322,MKT_RF,0.4283004750487026
40,322,SMB,0.05301172139979964
40,322,HML,0.26787085602440447
40,322,WML,0.5943070773962499
40,323,MKT_RF,0.5852775490357636
40,323,SMB,-0.1606816695393622
40,323,HML,0.4408386995112858
40,323,WML,-0.10132047091788034
40,324,MKT_RF,0.32076147660436355
40,324,SMB,-0.28123293946619443
40,324,HML,0.43083318035874335
40,324,WML,0.5635817304898915
40,325,MKT_RF,0.5477585449578051
40,325,SMB,-0.34486032356606455
40,325,HML,-0.06871005587907777
40,325,WML,-0.09101495829264611
40,326,MKT_RF,0.41939598693285884
40,326,SMB,-0.29854533061489097
40,326,HML,0.43471305773417085
40,326,WML,0.14687731772740711
40,327,MKT_RF,0.4105059780326025
40,327,SMB,-0.18295701656068555
40,327,HML,0.32743268402932996
40,327,WML,0.1817119832941911
40,328,MKT_RF,0.26169063116021
40,328,SMB,-0.23524211253343386
40,328,HML,0.4575108251926746
40,328,WML,0.7688252295297471
40,329,MKT_RF,0.30158186267228065
40,329,SMB,-0.21087281741943423
40,329,HML,0.5842518831739268
40,329,WML,1.0586769543857801
40,330,MKT_RF,0.10601328363981571
40,330,SMB,-0.22938916179861193
40,330,HML,0.7808964300327592
40,330,WML,0.8251558560574004
40,331,MKT_RF,0.22021800153539406
40,331,SMB,-0.04005681494188791
40,331,HML,0.5951721320416502
40,331,WML,0.5323161281455658
40,332,MKT_RF,0.3979410623928069
40,332,SMB,-0.6101507062706454
40,332,HML,0.3454421166040464
40,332,WML,0.4251143224212409
40,333,MKT_RF,0.6629766211940006
40,333,SMB,-0.2657972137649075
40,333,HML,-0.02678225475841246
40,333,WML,-0.04693696962949054
40,334,MKT_RF,0.5656710119696413
40,334,SMB,-0.2719198922188231
40,334,HML,0.4745346149798858
40,334,WML,0.19795673175449233
40,335,MKT_RF,0.33657359833093725
40,335,SMB,0.06196000263250822
40,335,HML,0.2167497550826212
40,335,WML,0.44270048529627415
40,336,MKT_RF,0.41675615782072506
40,336,SMB,-0.16643371112399902
40,336,HML,0.6023681176176537
40,336,WML,0.5163925687001857
40,337,MKT_RF,0.4512172435068433
40,337,SMB,-0.13344227074813353
40,337,HML,0.36480383425147844
40,337,WML,0.33144164675712595
40,338,MKT_RF,0.3444995981060294
40,338,SMB,0.026953480978256186
40,338,HML,0.17560140654187387
40,338,WML,0.2971267333794614
40,339,MKT_RF,0.44012834015310737
40,339,SMB,-0.17065003046332977
40,339,HML,-0.003425896700341139
40,339,WML,0.5436444955573847
40,340,MKT_RF,0.4088900962901856
40,340,SMB,0.052976982905042935
40,340,HML,0.4436549713688174
40,340,WML,0.6149154475571542
40,341,MKT_RF,0.26394928286092306
40,341,SMB,-0.060734095911391006
40,341,HML,0.4372965269364772
40,341,WML,0.7533856541516991
40,342,MKT_RF,0.08207011124515264
40,342,SMB,-0.1673741369433248
40,342,HML,0.7838693585034497
40,342,WML,0.8140568605452495
40,343,MKT_RF,0.3379095148218516
40,343,SMB,0.08614425080755393
40,343,HML,0.5870857346915112
40,343,WML,0.6306006638693304
40,344,MKT_RF,0.39340065320330847
40,344,SMB,-0.0005909645800141006
40,344,HML,0.38092499711741856
40,344,WML,0.21821594733823563
40,345,MKT_RF,0.5800584987424726
40,345,SMB,-0.25277760936431165
40,345,HML,-0.03806967797593026
40,345,WML,-0.06055616641498197
40,346,MKT_RF,0.21643157479795855
40,346,SMB,-0.010145395438031706
40,346,HML,0.6611929680641483
40,346,WML,0.7650837696284365
40,347,MKT_RF,0.41775574690155703
40,347,SMB,-0.31500351347371214
40,347,HML,0.42182968630555145
40,347,WML,0.1083962032384163
40,348,MKT_RF,0.4915305255197567
40,348,SMB,0.10292369140504012
40,348,HML,0.036106651410353977
40,348,WML,0.27651355192871274
40,349,MKT_RF,0.597728313551792
40,349,SMB,0.09748694714870836
40,349,HML,0.2793110318753374
40,349,WML,-0.02387641710812901
40,350,MKT_RF,0.2434661612663591
40,350,SMB,-0.36818491023785244
40,350,HML,0.4897740194152393
40,350,WML,0.9312065103722528
40,351,MKT_RF,0.21424311311865146
40,351,SMB,-0.31733639166900907
40,351,HML,0.18314275532150814
40,351,WML,0.4526788263642134
40,352,MKT_RF,0.32257734701982493
40,352,SMB,0.06533235622137015
40,352,HML,0.46024103826078344
40,352,WML,0.21507831114127662
40,353,MKT_RF,0.4603212864517298
40,353,SMB,-0.13974947727673992
40,353,HML,0.21603657808640742
40,353,WML,0.3452397779839745
40,354,MKT_RF,0.40402343410403146
40,354,SMB,-0.2876944843923141
40,354,HML,0.22033029936104442
40,354,WML,0.7139682787344039
40,355,MKT_RF,0.64920396249497
40,355,SMB,-0.3390545061072002
40,355,HML,0.1515847149915263
40,355,WML,0.003604624890822575
40,356,MKT_RF,0.2975333939538868
40,356,SMB,-0.48812153016660625
40,356,HML,0.7836693268319692
40,356,WML,0.603728674221357
40,357,MKT_RF,0.5526222488958749
40,357,SMB,-0.3710324665938407
40,357,HML,-0.05780389293128377
40,357,WML,0.5027785085353448
40,358,MKT_RF,0.3455647993035092
40,358,SMB,-0.25927643715767035
40,358,HML,0.5763001980054798
40,358,WML,0.7301185191550403
40,359,MKT_RF,0.28546266291688316
40,359,SMB,-0.05709444588022077
40,359,HML,0.36533744274842567
40,359,WML,0.6699166640445582
40,360,MKT_RF,0.27084122105526853
40,360,SMB,0.02096458237611761
40,360,HML,0.638543414232135
40,360,WML,0.4823772988295651
40,361,MKT_RF,0.4505176316657258
40,361,SMB,0.0784517162197726
40,361,HML,-0.12623181928055763
40,361,WML,-0.04002919754500818
40,362,MKT_RF,0.1850050430850549
40,362,SMB,0.06720147388931752
40,362,HML,0.6044257295962211
40,362,WML,0.5621303328756303
40,363,MKT_RF,0.30485187704865335
40,363,SMB,-0.3149919113573991
40,363,HML,0.05626687276680108
40,363,WML,0.7105626749293965
40,364,MKT_RF,0.36724455930947086
40,364,SMB,0.10410924781925444
40,364,HML,0.3015089701161106
40,364,WML,0.14424787876939252
40,365,MKT_RF,0.2366153036270998
40,365,SMB,-0.28932236190963423
40,365,HML,0.4201303984166941
40,365,WML,0.7045796280405469
40,366,MKT_RF,0.43772391691150614
40,366,SMB,-0.38043221726842774
40,366,HML,0.09812502809831442
40,366,WML,0.3381794265448448
40,367,MKT_RF,0.5009027183263358
40,367,SMB,-0.28862394048960727
40,367,HML,0.5587295408879329
40,367,WML,0.15019984386406046
40,368,MKT_RF,0.5148974734897092
40,368,SMB,-0.059320227500233386
40,368,HML,0.41409295232364324
40,368,WML,-0.02481158108941399
40,369,MKT_RF,0.4150704888404388
40,369,SMB,-0.17510008632889393
40,369,HML,0.3092763394925979
40,369,WML,0.5515742356863884
40,370,MKT_RF,0.37265181909807016
40,370,SMB,-0.17239446865239985
40,370,HML,0.38592639166236603
40,370,WML,0.15221361729812252
40,371,MKT_RF,0.5204805187314121
40,371,SMB,-0.3463857399121404
40,371,HML,0.25737431207881867
40,371,WML,0.005007161086972214
40,372,MKT_RF,0.28385174411052877
40,372,SMB,-0.26627845060931377
40,372,HML,0.34509304160077453
40,372,WML,0.636230309272992
40,373,MKT_RF,0.44786856439166256
40,373,SMB,0.07562353379449434
40,373,HML,0.32150954537427534
40,373,WML,0.12016960820793551
40,374,MKT_RF,0.1601178892927165
40,374,SMB,0.03509673636259698
40,374,HML,0.08159126384656212
40,374,WML,0.7685883245488536
40,375,MKT_RF,0.6941420846362782
40,375,SMB,0.15714719612785275
40,375,HML,0.15802074630623186
40,375,WML,-0.3126131606466529
40,376,MKT_RF,0.32296685376383816
40,376,SMB,0.0025883269160416472
40,376,HML,0.5200522074066576
40,376,WML,0.5002625174782613
40,377,MKT_RF,0.5629397056121512
40,377,SMB,-0.15425757006637733
40,377,HML,0.39935313142616846
40,377,WML,0.20876758909753212
40,378,MKT_RF,0.20908146495123434
40,378,SMB,-0.3001485883457387
40,378,HML,0.3983808663114731
40,378,WML,0.48039486073581883
40,379,MKT_RF,0.4694257387057294
40,379,SMB,0.03604108440836057
40,379,HML,0.6198479039373294
40,379,WML,0.013025165908555267
40,380,MKT_RF,0.27534376236294394
40,380,SMB,0.06735496556807338
40,380,HML,0.4448942848939083
40,380,WML,0.5773948483115274
40,381,MKT_RF,0.13845267225618718
40,381,SMB,-0.09300672063671987
40,381,HML,0.6185161575143239
40,381,WML,1.1001014448662485
40,382,MKT_RF,0.09825270154659294
40,382,SMB,-0.5184015790840405
40,382,HML,0.24694395001354896
40,382,WML,1.0320519453372416
40,383,MKT_RF,0.44508673041588737
40,383,SMB,0.11691939726163389
40,383,HML,0.26051622248837547
40,383,WML,0.31618780814294273
40,384,MKT_RF,0.271311951967912
40,384,SMB,-0.2953042362708879
40,384,HML,0.15136963604380044
40,384,WML,0.21740961541568432
40,385,MKT_RF,0.39655942305829256
40,385,SMB,-0.20379119639005752
40,385,HML,0.6412661116877878
40,385,WML,0.5450250964298962
40,386,MKT_RF,0.26656707780687705
40,386,SMB,0.076670160616152
40,386,HML,0.8691508985008533
40,386,WML,0.42198694440897955
40,387,MKT_RF,0.3310444365935485
40,387,SMB,-0.14268967523765275
40,387,HML,0.42170353609590383
40,387,WML,0.20005553086204494
40,388,MKT_RF,0.3840185652936013
40,388,SMB,-0.4246216984057358
40,388,HML,0.1449245519506228
40,388,WML,0.38763095852710483
40,389,MKT_RF,0.48141087523452164
40,389,SMB,-0.22624171416231104
40,389,HML,0.6198746617649707
40,389,WML,0.1826187682853046
40,390,MKT_RF,0.22447144392800408
40,390,SMB,-0.46056295622545546
40,390,HML,0.28725854687200686
40,390,WML,0.8158396991783631
40,391,MKT_RF,0.3832231694664353
40,391,SMB,-0.27806629885072254
40,391,HML,0.49600509925900094
40,391,WML,0.4919631251721344
40,392,MKT_RF,0.46755572759028163
40,392,SMB,-0.2662802186553005
40,392,HML,0.19674679863499497
40,392,WML,0.31769570868571095
40,393,MKT_RF,0.49019210836862565
40,393,SMB,0.37224019721301965
40,393,HML,-0.011920677849878084
40,393,WML,0.37100767754095093
40,394,MKT_RF,0.35421580099715483
40,394,SMB,-0.31932064385071535
40,394,HML,0.36856553510085305
40,394,WML,0.5081817435041603
40,395,MKT_RF,0.2919354112953878
40,395,SMB,-0.14579295428654038
40,395,HML,0.22752814248339986
40,395,WML,0.34624710819975346
40,396,MKT_RF,0.29053212619726004
40,396,SMB,-0.007725170502642953
40,396,HML,0.07737582011377028
40,396,WML,0.7269205571010312
40,397,MKT_RF,0.30130262767483945
40,397,SMB,0.019042861039985298
40,397,HML,0.29376528270226127
40,397,WML,0.2827441275241674
40,398,MKT_RF,0.4933017627573402
40,398,SMB,-0.08902197780419105
40,398,HML,0.13507681553142764
40,398,WML,0.09470804476767015
40,399,MKT_RF,0.2716383518537941
40,399,SMB,0.16126867220589372
40,399,HML,0.14018170508127897
40,399,WML,0.8031741931514166
40,400,MKT_RF,0.3100341327036153
40,400,SMB,-0.08054146613393301
40,400,HML,0.2435949810312051
40,400,WML,0.6141809516413097
40,401,MKT_RF,0.4718496593548194
40,401,SMB,-0.2618721124942713
40,401,HML,0.24636147184860935
40,401,WML,-0.12311510413380095
40,402,MKT_RF,0.41536094584408717
40,402,SMB,0.10154699443748122
40,402,HML,0.33846567808927697
40,402,WML,0.4799335558981668
40,403,MKT_RF,0.49860028345798696
40,403,SMB,-0.2066376925916631
40,403,HML,0.17377115933421647
40,403,WML,-0.1745242996377084
40,404,MKT_RF,0.24986340991826078
40,404,SMB,0.18934082615701275
40,404,HML,0.5190998691335649
40,404,WML,0.6461661850290235
40,405,MKT_RF,0.10051832393428288
40,405,SMB,-0.2338312172633513
40,405,HML,0.45448208811817675
40,405,WML,1.0190962549914289
40,406,MKT_RF,0.4170356133505496
40,406,SMB,-0.14815565243471013
40,406,HML,0.15161740737338714
40,406,WML,0.39085494469085613
40,407,MKT_RF,0.5394288290767528
40,407,SMB,-0.20379411426997238
40,407,HML,0.3878782042791748
40,407,WML,0.55944747074838
40,408,MKT_RF,0.14775057550292234
40,408,SMB,-0.11741331014411888
40,408,HML,0.5923498027409128
40,408,WML,0.9493688906260623
40,409,MKT_RF,0.46544833803190677
40,409,SMB,-0.06525675170748055
40,409,HML,0.479407668944307
40,409,WML,0.20320054529878637
40,410,MKT_RF,0.6411036165953183
40,410,SMB,-0.13303038092460567
40,410,HML,0.17120460235462528
40,410,WML,0.08379165533579194
40,411,MKT_RF,0.28366605256386995
40,411,SMB,-0.3993844902899313
40,411,HML,0.264501526722289
40,411,WML,0.4803433482399027
40,412,MKT_RF,0.29235946758138126
40,412,SMB,0.23837066743522248
40,412,HML,0.5107752695794678
40,412,WML,0.3900098350281366
40,413,MKT_RF,0.24472207308388685
40,413,SMB,-0.1956882022064808
40,413,HML,0.26766322187907576
40,413,WML,0.7640483112764425
40,414,MKT_RF,0.5479457663409713
40,414,SMB,-0.43194230453490273
40,414,HML,0.3349767752379219
40,414,WML,-0.11658218293359075
40,415,MKT_RF,0.15655367396597378
40,415,SMB,-0.051809884247730045
40,415,HML,0.28766719205814295
40,415,WML,0.364799131839434
40,416,MKT_RF,0.08522234212195617
40,416,SMB,-0.20719748168323274
40,416,HML,0.3310405320530295
40,416,WML,0.7752159674374175
40,417,MKT_RF,0.19151497495596043
40,417,SMB,-0.3441991602825931
40,417,HML,0.37578888331995114
40,417,WML,0.9031327069430137
40,418,MKT_RF,0.5224045384010436
40,418,SMB,-0.32564490116082906
40,418,HML,0.4456088196405756
40,418,WML,-0.2019783931893023
40,419,MKT_RF,0.49853156605362703
40,419,SMB,-0.39200361826679253
40,419,HML,0.17774708652973928
40,419,WML,0.08855547724515266
40,420,MKT_RF,0.3548711005760707
40,420,SMB,-0.329925996284961
40,420,HML,0.2406740807316449
40,420,WML,0.7276057064740965
40,421,MKT_RF,0.23945180393539828
40,421,SMB,0.17164790758600965
40,421,HML,-0.042892937675044915
40,421,WML,0.6705591565346304
40,422,MKT_RF,0.41849764769752557
40,422,SMB,0.12099857446383845
40,422,HML,0.44690227162584295
40,422,WML,0.10585971732174566
40,423,MKT_RF,0.4283334231158143
40,423,SMB,-0.00491979059268461
40,423,HML,0.08185569198267605
40,423,WML,0.35785292325880064
40,424,MKT_RF,0.2030258031301861
40,424,SMB,0.20415344774842983
40,424,HML,0.688929188089187
40,424,WML,0.1866209606475443
40,425,MKT_RF,0.5176216268120929
40,425,SMB,0.12877584916113302
40,425,HML,0.611845965062164
40,425,WML,0.006421006646014583
40,426,MKT_RF,0.3287067267196937
40,426,SMB,-0.32336656951225234
40,426,HML,0.2726273606710761
40,426,WML,0.47354879130040695
40,427,MKT_RF,0.5243049099202252
40,427,SMB,-0.4314772769073293
40,427,HML,0.42535331746187427
40,427,WML,0.20323012728821824
40,428,MKT_RF,0.4854044346977325
40,428,SMB,-0.3765600674643096
40,428,HML,0.4603623247881893
40,428,WML,0.1849071585115721
40,429,MKT_RF,0.42584309413857796
40,429,SMB,-0.12497952517188943
40,429,HML,0.5133440586854996
40,429,WML,0.545760323742273
40,430,MKT_RF,0.1896040364013897
40,430,SMB,-0.5124321112586989
40,430,HML,0.44221235701198347
40,430,WML,0.7060311779312475
40,431,MKT_RF,0.28591000557671986
40,431,SMB,-0.43746213172547727
40,431,HML,-0.04073362094555382
40,431,WML,0.6950172049863368
40,432,MKT_RF,0.3574865849323112
40,432,SMB,-0.09009880966217058
40,432,HML,0.4149447481142146
40,432,WML,0.7221135344614693
40,433,MKT_RF,0.2955010780935877
40,433,SMB,-0.07228552170571168
40,433,HML,0.8040705903052213
40,433,WML,0.7001432530755194
40,434,MKT_RF,0.26840606832636366
40,434,SMB,0.20826373256437863
40,434,HML,0.28067994772933164
40,434,WML,0.6675053301912331
40,435,MKT_RF,0.40145782727564694
40,435,SMB,0.011991105247900317
40,435,HML,0.7599261417853704
40,435,WML,-0.07278733789978452
40,436,MKT_RF,0.34546986883257064
40,436,SMB,-0.2756084149235325
40,436,HML,0.7285931912321474
40,436,WML,0.35234345862827493
40,437,MKT_RF,0.3192907892736985
40,437,SMB,-0.42414833687822506
40,437,HML,0.3585125489858477
40,437,WML,0.37794674470046535
40,438,MKT_RF,0.23181669936018282
40,438,SMB,0.018691466292091553
40,438,HML,0.49491812781405015
40,438,WML,0.6418491706366325
40,439,MKT_RF,0.4959880885278054
40,439,SMB,-0.4460041433777426
40,439,HML,0.704536551252534
40,439,WML,0.41569712136246595
40,440,MKT_RF,0.5153988512110823
40,440,SMB,-0.1879705891280992
40,440,HML,0.12001567654068741
40,440,WML,0.28275631843709237
40,441,MKT_RF,0.41639047679720353
40,441,SMB,-0.10141818586495162
40,441,HML,0.4243878799430075
40,441,WML,0.1670420850706034
40,442,MKT_RF,0.496661112492098
40,442,SMB,-0.019072136604209054
40,442,HML,0.38493839650262796
40,442,WML,0.2119606466160659
40,443,MKT_RF,0.309081531860016
40,443,SMB,-0.330233897641231
40,443,HML,0.5365021574898231
40,443,WML,0.4138260859329801
40,444,MKT_RF,0.36769554519004544
40,444,SMB,-0.0006138500429706806
40,444,HML,0.5012238094789775
40,444,WML,0.23270484754802653
40,445,MKT_RF,0.20982717443022952
40,445,SMB,-0.2701999165437687
40,445,HML,0.09501653143142084
40,445,WML,0.6576863760763315
40,446,MKT_RF,0.3754994331133945
40,446,SMB,0.09271689060066685
40,446,HML,0.15132712947319446
40,446,WML,-0.2016182172102444
40,447,MKT_RF,0.42440258854580587
40,447,SMB,0.17220723098982324
40,447,HML,0.6095976384855859
40,447,WML,0.2131137698981162
40,448,MKT_RF,0.27821332960453143
40,448,SMB,-0.17185029218198775
40,448,HML,0.4650478232951256
40,448,WML,0.03295320929311673
40,449,MKT_RF,0.4537789157248803
40,449,SMB,-0.22799263204356693
40,449,HML,-0.012174237882471921
40,449,WML,0.31255997499834615
40,450,MKT_RF,0.21034941034158522
40,450,SMB,-0.30252884069971486
40,450,HML,0.4830427740453359
40,450,WML,0.7150701952182971
40,451,MKT_RF,0.6752161220726967
40,451,SMB,-0.3330737089057382
40,451,HML,0.38418124566974166
40,451,WML,-0.0036499525845595164
40,452,MKT_RF,0.40619197833695503
40,452,SMB,-0.5474436486718448
40,452,HML,0.3241804793515566
40,452,WML,0.3018791209295967
40,453,MKT_RF,0.31248201814028986
40,453,SMB,-0.08995685000930961
40,453,HML,0.15091734395681014
40,453,WML,0.4071098784158388
40,454,MKT_RF,0.24212583705148463
40,454,SMB,-0.5551803103053898
40,454,HML,0.29413479318827696
40,454,WML,1.0185538567594796
40,455,MKT_RF,0.31773786265612214
40,455,SMB,0.0273265286483704
40,455,HML,0.17881580061425745
40,455,WML,0.8567705290185565
40,456,MKT_RF,0.28303060228203336
40,456,SMB,0.5047582909043857
40,456,HML,0.8489989727748902
40,456,WML,0.07033367977188926
40,457,MKT_RF,0.7211420802218358
40,457,SMB,-0.35467026311502453
40,457,HML,0.26761710211733936
40,457,WML,-0.11824072061934747
40,458,MKT_RF,0.41235236275311055
40,458,SMB,-0.14101266905333248
40,458,HML,0.41038860845615666
40,458,WML,0.3357857053007299
40,459,MKT_RF,0.6647204340584042
40,459,SMB,0.01715316284676427
40,459,HML,0.24251840037328806
40,459,WML,-0.13549354709874664
40,460,MKT_RF,0.19050542129520062
40,460,SMB,-0.3949087260915375
40,460,HML,0.010301826094950995
40,460,WML,0.8447665321134548
40,461,MKT_RF,0.34589860376206294
40,461,SMB,-0.2178831208613062
40,461,HML,0.21464946024691628
40,461,WML,0.6434742009509556
40,462,MKT_RF,0.3003800085889084
40,462,SMB,-0.230791124386571
40,462,HML,0.17035231914390803
40,462,WML,0.7443811377354883
40,463,MKT_RF,0.285065928911126
40,463,SMB,0.14214762301397155
40,463,HML,0.24306213495980686
40,463,WML,0.635272233681657
40,464,MKT_RF,0.19850753751060873
40,464,SMB,-0.18918382579307022
40,464,HML,0.2930651067497015
40,464,WML,0.3466560271173173
40,465,MKT_RF,0.40718316254645
40,465,SMB,-0.2863660253580065
40,465,HML,0.3585285417496173
40,465,WML,0.2991998457208577
40,466,MKT_RF,0.1578957866041319
40,466,SMB,-0.14866909410265916
40,466,HML,0.4155262078907392
40,466,WML,0.8594321118278284
40,467,MKT_RF,0.5259967518176848
40,467,SMB,-0.13392131517163605
40,467,HML,-0.010229106842645603
40,467,WML,-0.04987383507869689
40,468,MKT_RF,0.2782193518278674
40,468,SMB,-0.10861326404423145
40,468,HML,0.37402695158879845
40,468,WML,0.83980306672444
40,469,MKT_RF,0.3792359351208165
40,469,SMB,0.040784712926369524
40,469,HML,-0.030255640444579242
40,469,WML,-0.0326384378977116
40,470,MKT_RF,0.4543241870482832
40,470,SMB,-0.25431807496388176
40,470,HML,0.078526531584048
40,470,WML,0.38990908801969215
40,471,MKT_RF,0.3970068313701762
40,471,SMB,-0.017319697258936208
40,471,HML,0.2695499549287053
40,471,WML,0.5171938600820336
40,472,MKT_RF,0.29487066865534983
40,472,SMB,-0.2045989828302492
40,472,HML,0.5986165241229853
40,472,WML,0.1381536370312165
40,473,MKT_RF,0.5517985800963291
40,473,SMB,-0.2752876689850068
40,473,HML,0.23980356325341215
40,473,WML,0.2537553848597246
40,474,MKT_RF,0.2486201616578906
40,474,SMB,-0.13787007550743258
40,474,HML,0.688098189356412
40,474,WML,0.3531451586006335
40,475,MKT_RF,0.46812421429509354
40,475,SMB,0.044325861038591347
40,475,HML,0.6799696091889786
40,475,WML,0.43529438260199804
40,476,MKT_RF,0.18344342956371912
40,476,SMB,-0.1137451660287582
40,476,HML,0.32831334946938207
40,476,WML,0.72905737018139
40,477,MKT_RF,0.18873709380995612
40,477,SMB,-0.28411216267361616
40,477,HML,0.19111437463336636
40,477,WML,0.5111488581447377
40,478,MKT_RF,0.37635455692779524
40,478,SMB,-0.34428619556454215
40,478,HML,0.41495849436963655
40,478,WML,0.2359491920789821
40,479,MKT_RF,0.3877217810678616
40,479,SMB,-0.13353956803427391
40,479,HML,0.3564031787990213
40,479,WML,-0.11409931851336134
40,480,MKT_RF,0.4859975768615569
40,480,SMB,-0.323344588596256
40,480,HML,0.3494648458548364
40,480,WML,0.1525038430554077
40,481,MKT_RF,0.3126842941068559
40,481,SMB,0.02131103573089707
40,481,HML,0.6668172172893524
40,481,WML,0.44914868205933367
40,482,MKT_RF,0.3510641239204504
40,482,SMB,-0.14457264346495516
40,482,HML,0.0031479867779547047
40,482,WML,0.24704318395850575
40,483,MKT_RF,0.2580376079619184
40,483,SMB,0.21453530882112076
40,483,HML,0.5212290291376331
40,483,WML,0.36078046052468865
40,484,MKT_RF,0.5234134249742658
40,484,SMB,-0.2327946502316056
40,484,HML,0.08100112700425106
40,484,WML,0.2983080586950001
40,485,MKT_RF,0.5012354838567447
40,485,SMB,-0.3135145292566743
40,485,HML,0.31053979818115046
40,485,WML,0.287090960720961
40,486,MKT_RF,0.18342460597358515
40,486,SMB,-0.3302448538587088
40,486,HML,0.49389592455087067
40,486,WML,0.39252932387368517
40,487,MKT_RF,0.4352466320248533
40,487,SMB,-0.03298454260105907
40,487,HML,0.5053706373198827
40,487,WML,0.401821365629001
40,488,MKT_RF,0.26735211535833686
40,488,SMB,-0.2929326694372339
40,488,HML,0.31433883748454766
40,488,WML,0.46587256235328445
40,489,MKT_RF,0.26686884049089304
40,489,SMB,-0.3366959583009152
40,489,HML,0.73701367329321
40,489,WML,0.5126469525469355
40,490,MKT_RF,0.29680471287026045
40,490,SMB,0.02528166059859959
40,490,HML,0.16242404223428403
40,490,WML,0.50562093498657
40,491,MKT_RF,0.4802129642734417
40,491,SMB,0.025012608259749897
40,491,HML,0.3610695169386859
40,491,WML,-0.10099965991945721
40,492,MKT_RF,0.45618539150621745
40,492,SMB,-0.4678882812963486
40,492,HML,-0.018495187039135216
40,492,WML,0.0798039856238856
40,493,MKT_RF,0.20594628586012584
40,493,SMB,0.021663915218743807
40,493,HML,0.32908226824985626
40,493,WML,0.5275036978225123
40,494,MKT_RF,0.40557911989156015
40,494,SMB,-0.09190022766649751
40,494,HML,0.9659236314478782
40,494,WML,0.06189914284280845
40,495,MKT_RF,0.45883999736392495
40,495,SMB,-0.3519683345992334
40,495,HML,0.12427915217261114
40,495,WML,0.48586452113797557
40,496,MKT_RF,0.41624241969182135
40,496,SMB,-0.15123611126005224
40,496,HML,0.5257958427710909
40,496,WML,0.4858069097023467
40,497,MKT_RF,0.2799572185077052
40,497,SMB,0.03487484799104542
40,497,HML,0.45733412476663826
40,497,WML,0.5238209232529665
40,498,MKT_RF,0.3670170697919434
40,498,SMB,-0.15536929670997995
40,498,HML,-0.056998670809236596
40,498,WML,0.03121684549080804
40,499,MKT_RF,0.3851020572728553
40,499,SMB,0.23230433756843782
40,499,HML,0.07566867253787447
40,499,WML,0.34103500601227016
45,0,MKT_RF,0.35640981405304095
45,0,SMB,-0.16425466079228673
45,0,HML,0.34549133122854747
45,0,WML,0.5641861850544101
45,1,MKT_RF,0.30820637050718636
45,1,SMB,-0.1176373605834342
45,1,HML,0.5117877022258772
45,1,WML,0.6631248473462052
45,2,MKT_RF,0.4587757799962493
45,2,SMB,-0.07762988394672167
45,2,HML,0.44952149304015837
45,2,WML,0.3768003470016121
45,3,MKT_RF,0.46964664327287375
45,3,SMB,-0.19561629480255582
45,3,HML,0.1692175274129299
45,3,WML,0.4078038490397165
45,4,MKT_RF,0.30103466954082303
45,4,SMB,-0.2612216487459771
45,4,HML,0.26058276022917964
45,4,WML,0.70086503637803
45,5,MKT_RF,0.421659226198851
45,5,SMB,0.01900180110265251
45,5,HML,0.3291798533142828
45,5,WML,0.22499130288538866
45,6,MKT_RF,0.3103278042434985
45,6,SMB,-0.17371961576756043
45,6,HML,0.29613705733332285
45,6,WML,0.5543247667542778
45,7,MKT_RF,0.18448508788694418
45,7,SMB,-0.23993286107379205
45,7,HML,0.1626454914386432
45,7,WML,0.6849752362120527
45,8,MKT_RF,0.22888839274600256
45,8,SMB,-0.32236458630260956
45,8,HML,0.2929460400837487
45,8,WML,0.8669552748843298
45,9,MKT_RF,0.1918691191174208
45,9,SMB,-0.19914879411641306
45,9,HML,0.5439653820805694
45,9,WML,0.779652474120337
45,10,MKT_RF,0.26714613052502867
45,10,SMB,-0.40176973432886
45,10,HML,0.45723205971105624
45,10,WML,0.5038695770374445
45,11,MKT_RF,0.40189358068114317
45,11,SMB,-0.0232114028465276
45,11,HML,0.35939866461882725
45,11,WML,0.64470952952056
45,12,MKT_RF,0.4787143427661703
45,12,SMB,-0.23126027822608722
45,12,HML,0.02902002062750724
45,12,WML,0.08870111329611315
45,13,MKT_RF,0.3928730351913514
45,13,SMB,-0.16893341285902974
45,13,HML,0.15679248762432696
45,13,WML,0.3761451048188128
45,14,MKT_RF,0.2594873138274812
45,14,SMB,-0.234613593761488
45,14,HML,0.4209454190715915
45,14,WML,0.5043409370736414
45,15,MKT_RF,0.3081717753144647
45,15,SMB,-0.2309596128298783
45,15,HML,0.33118584810062013
45,15,WML,0.3919433828730665
45,16,MKT_RF,0.3948694267678249
45,16,SMB,-0.20084353635639407
45,16,HML,0.44620243765935846
45,16,WML,0.18211345149049205
45,17,MKT_RF,0.4186554770886781
45,17,SMB,-0.23860041115839087
45,17,HML,0.03753790618171446
45,17,WML,0.26049336393217914
45,18,MKT_RF,0.5594200387189071
45,18,SMB,-0.3678600777729715
45,18,HML,0.368391604339821
45,18,WML,0.26716000413804986
45,19,MKT_RF,0.20370008229646783
45,19,SMB,-0.055734517536909826
45,19,HML,0.42449062390975284
45,19,WML,0.6166467883978315
45,20,MKT_RF,0.17890945041965595
45,20,SMB,-0.11210413325505435
45,20,HML,0.3046789814465338
45,20,WML,0.7087266599500809
45,21,MKT_RF,0.311056602556431
45,21,SMB,-0.24661536159503283
45,21,HML,0.5643738299623978
45,21,WML,0.7030051326045434
45,22,MKT_RF,0.28999325635554557
45,22,SMB,0.03702776987576436
45,22,HML,0.3707404586728219
45,22,WML,0.24298363002889262
45,23,MKT_RF,0.6163785811058545
45,23,SMB,-0.20489704229646832
45,23,HML,0.3575817668921753
45,23,WML,-0.1977136544025796
45,24,MKT_RF,0.007603020177489286
45,24,SMB,-0.08486073201859608
45,24,HML,0.4120079484894056
45,24,WML,0.9299815359929855
45,25,MKT_RF,0.3391293275008887
45,25,SMB,-0.12599738275130232
45,25,HML,0.6042190503383955
45,25,WML,0.5316391058425269
45,26,MKT_RF,0.46240132807050355
45,26,SMB,-0.06609074535430383
45,26,HML,0.6030306304986901
45,26,WML,0.23175463705991928
45,27,MKT_RF,0.27158159733049253
45,27,SMB,0.2323335194786478
45,27,HML,0.41359819942556775
45,27,WML,0.7917734895498965
45,28,MKT_RF,0.41086444137605665
45,28,SMB,-0.12071390412478626
45,28,HML,0.28293793980632637
45,28,WML,0.4081060578487366
45,29,MKT_RF,0.21005656295110128
45,29,SMB,-0.1547742497887752
45,29,HML,0.567671557670842
45,29,WML,0.7193334942669061
45,30,MKT_RF,0.07950755306130852
45,30,SMB,0.34503873252227396
45,30,HML,0.40301391480610244
45,30,WML,0.5971785529537809
45,31,MKT_RF,0.1848864407033057
45,31,SMB,-0.1565646608052362
45,31,HML,0.1430271030705873
45,31,WML,0.44169222361026994
45,32,MKT_RF,0.2659721537029181
45,32,SMB,-0.17449901873244497
45,32,HML,0.45368039114067776
45,32,WML,0.5797885328492883
45,33,MKT_RF,0.3910853971265679
45,33,SMB,-0.06865731204227488
45,33,HML,0.301015804691223
45,33,WML,0.22437784264616764
45,34,MKT_RF,0.41634272284516666
45,34,SMB,-0.022389679083758943
45,34,HML,0.2982231012686432
45,34,WML,0.3059724189405687
45,35,MKT_RF,0.2713362719801252
45,35,SMB,-0.3939342566270134
45,35,HML,0.46762958446851266
45,35,WML,0.7827721308384118
45,36,MKT_RF,0.2927641444780476
45,36,SMB,-0.08923488294533416
45,36,HML,0.17755177074051398
45,36,WML,0.6412286880593122
45,37,MKT_RF,0.21347835505244955
45,37,SMB,0.007084780982942389
45,37,HML,0.6201824897044742
45,37,WML,0.7220443927857128
45,38,MKT_RF,0.2753736689321434
45,38,SMB,-0.13541733209041174
45,38,HML,0.2585192082145221
45,38,WML,0.8318004275662116
45,39,MKT_RF,0.23442968393531555
45,39,SMB,-0.1197757167050815
45,39,HML,0.2652908712688477
45,39,WML,0.27373524409287414
45,40,MKT_RF,0.33655123999398057
45,40,SMB,0.06343102356188779
45,40,HML,0.5992206947244503
45,40,WML,0.4607071133201809
45,41,MKT_RF,0.3454163901370636
45,41,SMB,-0.15494675291229326
45,41,HML,0.15087909402635927
45,41,WML,0.45452770099443135
45,42,MKT_RF,0.3974586467936727
45,42,SMB,-0.2763055262986637
45,42,HML,0.4310395694557248
45,42,WML,0.6660801349304416
45,43,MKT_RF,0.11576480873046814
45,43,SMB,-0.07509127218069642
45,43,HML,0.5917969486201979
45,43,WML,0.729361998226697
45,44,MKT_RF,0.6051526739069931
45,44,SMB,-0.07872086478322451
45,44,HML,0.08791079796499508
45,44,WML,0.18785208762080283
45,45,MKT_RF,0.38004728948366184
45,45,SMB,-0.04409535170295759
45,45,HML,0.26840764348345975
45,45,WML,0.4823786119530217
45,46,MKT_RF,0.3375211597562532
45,46,SMB,-0.05606573769549604
45,46,HML,0.22439554550920657
45,46,WML,0.37719813667344537
45,47,MKT_RF,0.44630567415179134
45,47,SMB,0.023654872553670804
45,47,HML,0.20157519328852416
45,47,WML,0.34180954793723406
45,48,MKT_RF,0.4199359718315378
45,48,SMB,-0.18188095542201352
45,48,HML,0.4239901776151134
45,48,WML,0.2567624624787002
45,49,MKT_RF,0.025428177699895905
45,49,SMB,-0.03883468681763088
45,49,HML,0.5288059011847209
45,49,WML,0.918897708349102
45,50,MKT_RF,0.53597614724184
45,50,SMB,-0.21539793893215503
45,50,HML,0.338427411697589
45,50,WML,-0.20986121365513818
45,51,MKT_RF,0.29428317546445715
45,51,SMB,-0.011456177829746315
45,51,HML,0.1238443072973565
45,51,WML,0.6372285342465467
45,52,MKT_RF,0.11855347074774812
45,52,SMB,-0.06060211784654373
45,52,HML,0.5143223140232708
45,52,WML,0.7321690182493922
45,53,MKT_RF,0.0793660733714453
45,53,SMB,-0.1604011723030574
45,53,HML,0.5148440860554445
45,53,WML,1.1529110533603444
45,54,MKT_RF,0.32183994626697987
45,54,SMB,-0.02765123730937808
45,54,HML,0.3662602141386349
45,54,WML,0.4272982151092191
45,55,MKT_RF,0.48031555612220783
45,55,SMB,-0.21908539830356852
45,55,HML,0.2524488582610676
45,55,WML,0.30902689335317696
45,56,MKT_RF,0.3281828654279469
45,56,SMB,-0.12713032919825057
45,56,HML,0.25696712706849545
45,56,WML,0.5837454626513445
45,57,MKT_RF,0.3169129583960798
45,57,SMB,-0.17639585101892508
45,57,HML,0.1648445062502078
45,57,WML,0.6281567346392435
45,58,MKT_RF,0.11484565158924141
45,58,SMB,-0.08994923795017809
45,58,HML,0.7684203840463069
45,58,WML,0.609757207364648
45,59,MKT_RF,0.4060469986775237
45,59,SMB,-0.02982377714011806
45,59,HML,0.18095738757176266
45,59,WML,0.10876005927103052
45,60,MKT_RF,0.30430691211496896
45,60,SMB,-0.0721285716285931
45,60,HML,0.5650525119478016
45,60,WML,0.5006418163680041
45,61,MKT_RF,0.5685911274077722
45,61,SMB,-0.1788502159266275
45,61,HML,0.31957297583719385
45,61,WML,-0.059214423582443394
45,62,MKT_RF,0.13976078067798253
45,62,SMB,0.2601287028265468
45,62,HML,0.600706391062781
45,62,WML,0.7027758215453849
45,63,MKT_RF,0.30914488331843676
45,63,SMB,0.01883803796211308
45,63,HML,0.6223838867341697
45,63,WML,0.6229171212403974
45,64,MKT_RF,0.3512680153363229
45,64,SMB,-0.1935947821053968
45,64,HML,0.6123635834392673
45,64,WML,0.3064545832444631
45,65,MKT_RF,0.2746734395206082
45,65,SMB,-0.12329401539569906
45,65,HML,0.189504849059919
45,65,WML,0.2869084083625477
45,66,MKT_RF,0.5009980223196532
45,66,SMB,-0.09728204816610742
45,66,HML,0.3161350378895749
45,66,WML,0.31550100093998706
45,67,MKT_RF,0.39410191428774044
45,67,SMB,-0.04154206057540388
45,67,HML,0.4336068886789338
45,67,WML,0.48020498455195204
45,68,MKT_RF,0.28298731535712446
45,68,SMB,0.06102012431295276
45,68,HML,0.23402470700627578
45,68,WML,0.6196594340990237
45,69,MKT_RF,0.36768422611179363
45,69,SMB,-0.15146943780647038
45,69,HML,0.4266863645665452
45,69,WML,0.5964830018143502
45,70,MKT_RF,0.34280973425412603
45,70,SMB,-0.013834738267960873
45,70,HML,0.43721356119756494
45,70,WML,0.21360712027072226
45,71,MKT_RF,0.37627325727764005
45,71,SMB,-0.08080515401683525
45,71,HML,0.3641922307609208
45,71,WML,0.4715020814808524
45,72,MKT_RF,0.20692141545973472
45,72,SMB,-0.023168393236981086
45,72,HML,0.6145691999846868
45,72,WML,0.7196522493429915
45,73,MKT_RF,0.4031820960761022
45,73,SMB,0.07158090151683395
45,73,HML,0.5548295156836743
45,73,WML,0.724745707459819
45,74,MKT_RF,0.3082524402548975
45,74,SMB,-0.0028027372064416
45,74,HML,0.3625419406736681
45,74,WML,0.4851668308337653
45,75,MKT_RF,0.4988271954182451
45,75,SMB,-0.09034454315575113
45,75,HML,0.727530697978363
45,75,WML,-0.0674618167751952
45,76,MKT_RF,0.4546437012660775
45,76,SMB,-0.16260440428535555
45,76,HML,0.5309100687590746
45,76,WML,0.41933425100357097
45,77,MKT_RF,0.16390980385789458
45,77,SMB,-0.31373814553224455
45,77,HML,0.5066008563931143
45,77,WML,0.8925896392707312
45,78,MKT_RF,0.488934702920105
45,78,SMB,-0.005886270094573125
45,78,HML,0.49550793810160104
45,78,WML,0.3077897126690987
45,79,MKT_RF,0.2840946827120691
45,79,SMB,0.2752693293404891
45,79,HML,0.24806539057356963
45,79,WML,0.4803969177145085
45,80,MKT_RF,0.36252782594541566
45,80,SMB,-0.02361377527966828
45,80,HML,0.3645930219307485
45,80,WML,0.08503246120257003
45,81,MKT_RF,0.3297729347042906
45,81,SMB,-0.14336015679908112
45,81,HML,0.37439695831404646
45,81,WML,0.5603542026207377
45,82,MKT_RF,0.3652106171995821
45,82,SMB,-0.010191448172664179
45,82,HML,0.39236304099314767
45,82,WML,0.3600154243603148
45,83,MKT_RF,0.46021397586310947
45,83,SMB,-0.19838462036025828
45,83,HML,0.7039620230714051
45,83,WML,0.24951680903799656
45,84,MKT_RF,0.38580243367139117
45,84,SMB,0.06190467153408128
45,84,HML,0.55616797621951
45,84,WML,0.28855890960247144
45,85,MKT_RF,0.3564275094110825
45,85,SMB,0.12916018259734535
45,85,HML,0.37232301404239826
45,85,WML,0.2332964642143974
45,86,MKT_RF,0.2618188441099011
45,86,SMB,-0.07565363052888553
45,86,HML,0.44980095366744255
45,86,WML,0.39536279960453213
45,87,MKT_RF,0.19344999061393964
45,87,SMB,-0.29948352784842
45,87,HML,0.47095391714195345
45,87,WML,0.6014219640997662
45,88,MKT_RF,0.3218876858222788
45,88,SMB,-0.14166984307786232
45,88,HML,0.4803173376158168
45,88,WML,0.6691556849052521
45,89,MKT_RF,0.3450549695169108
45,89,SMB,-0.02483305628797605
45,89,HML,0.33727212480214286
45,89,WML,0.34051599495223955
45,90,MKT_RF,0.5621925828832964
45,90,SMB,-0.12641041795357852
45,90,HML,0.3351794229949326
45,90,WML,0.4102882146599561
45,91,MKT_RF,0.55778103918657
45,91,SMB,-0.2067774861400929
45,91,HML,0.05666111983600978
45,91,WML,-0.051760009354353285
45,92,MKT_RF,0.1791855986371611
45,92,SMB,-0.156451393007302
45,92,HML,0.3489274782084866
45,92,WML,0.40578353201383155
45,93,MKT_RF,0.26950805005376655
45,93,SMB,-0.28870482460004454
45,93,HML,0.30042384362486035
45,93,WML,0.8022379284313162
45,94,MKT_RF,0.23368202219993514
45,94,SMB,-0.23601522441547823
45,94,HML,0.48325818943766446
45,94,WML,0.4641291727318277
45,95,MKT_RF,0.21823483797683804
45,95,SMB,-0.09675188698981761
45,95,HML,0.5148520510085731
45,95,WML,0.48996760620895613
45,96,MKT_RF,0.472210833658191
45,96,SMB,-0.11569307775980238
45,96,HML,0.46263913728287986
45,96,WML,0.12701844829129552
45,97,MKT_RF,0.3962279055783671
45,97,SMB,0.03231234090797119
45,97,HML,0.24822737550602528
45,97,WML,0.1557578787565308
45,98,MKT_RF,0.24041114334827565
45,98,SMB,-0.1389226345535468
45,98,HML,0.3914458573432584
45,98,WML,0.658796056438647
45,99,MKT_RF,0.41404239848215485
45,99,SMB,-0.24239792046593228
45,99,HML,0.15939325632614013
45,99,WML,0.2855753611526404
45,100,MKT_RF,0.32163774044480836
45,100,SMB,-0.22875678021250165
45,100,HML,0.22028471529970084
45,100,WML,0.746119330938147
45,101,MKT_RF,0.3429155811635221
45,101,SMB,-0.21870583629737647
45,101,HML,0.24874996181581635
45,101,WML,0.39348353527902513
45,102,MKT_RF,0.3396590346757066
45,102,SMB,-0.08955863805430608
45,102,HML,0.45313903654835697
45,102,WML,0.43344831902089
45,103,MKT_RF,0.1609339259131343
45,103,SMB,0.07467861721225186
45,103,HML,0.7216507549696064
45,103,WML,0.8251372998355291
45,104,MKT_RF,0.4031508687477338
45,104,SMB,-0.008310370813346537
45,104,HML,0.5545082769257802
45,104,WML,0.5892118363498511
45,105,MKT_RF,0.44478664030196075
45,105,SMB,-0.35024415364257916
45,105,HML,0.2910558143696836
45,105,WML,0.2417564413128355
45,106,MKT_RF,0.4805421119420982
45,106,SMB,-0.04261505278144155
45,106,HML,0.5467308610178123
45,106,WML,0.3023265029252635
45,107,MKT_RF,0.4210120665671169
45,107,SMB,-0.07108541015909367
45,107,HML,0.47275677888948586
45,107,WML,0.14489504762197547
45,108,MKT_RF,0.17362437260907262
45,108,SMB,-0.12476623603199684
45,108,HML,0.5779023661445007
45,108,WML,0.7475138629711626
45,109,MKT_RF,0.3947461992604347
45,109,SMB,-0.11893611727073485
45,109,HML,0.2681433569891457
45,109,WML,0.2384411082453602
45,110,MKT_RF,0.577195791971635
45,110,SMB,0.05204255888012926
45,110,HML,0.5929864992803758
45,110,WML,0.15944745040322286
45,111,MKT_RF,0.49483959581503545
45,111,SMB,-0.0032643699253573797
45,111,HML,0.27450655633583815
45,111,WML,0.05875935332688824
45,112,MKT_RF,0.27051000942262665
45,112,SMB,0.038768606162752246
45,112,HML,0.6745414797212022
45,112,WML,0.7113708569164564
45,113,MKT_RF,0.5583112575904136
45,113,SMB,0.07784371716361192
45,113,HML,0.1520497751759088
45,113,WML,-0.16879113119561942
45,114,MKT_RF,0.2590004363594676
45,114,SMB,0.10794073723334524
45,114,HML,0.3985287224678457
45,114,WML,0.6172489410548782
45,115,MKT_RF,0.1981915947587336
45,115,SMB,0.2125469046022971
45,115,HML,0.38311895535940377
45,115,WML,0.8915460809124517
45,116,MKT_RF,0.5840234154909222
45,116,SMB,-0.36029186989376094
45,116,HML,0.7884307127626349
45,116,WML,0.16142403509158895
45,117,MKT_RF,0.10112647257873565
45,117,SMB,-0.06795388188260279
45,117,HML,0.6024197465634582
45,117,WML,0.8047300071367806
45,118,MKT_RF,0.16528489060696566
45,118,SMB,-0.2545421962315943
45,118,HML,0.579397074908355
45,118,WML,0.7276662156359915
45,119,MKT_RF,0.2946094353618595
45,119,SMB,-0.05270577927103199
45,119,HML,0.5374278475852358
45,119,WML,0.3264280715609745
45,120,MKT_RF,0.40345180677367465
45,120,SMB,-0.05875335232564245
45,120,HML,0.4770650694841392
45,120,WML,0.30620100305918646
45,121,MKT_RF,0.5547427566475934
45,121,SMB,-0.34923885852616493
45,121,HML,0.3044682635022469
45,121,WML,-0.050471959627542966
45,122,MKT_RF,0.5566863765503133
45,122,SMB,-0.3124357058892837
45,122,HML,0.4021186101472547
45,122,WML,0.15378963320967878
45,123,MKT_RF,0.35921570846605966
45,123,SMB,-0.0702503663166585
45,123,HML,0.5289014533910215
45,123,WML,0.3584306300833852
45,124,MKT_RF,0.3473954431685149
45,124,SMB,-0.19689739855909572
45,124,HML,0.40176072825856973
45,124,WML,0.6248690602558941
45,125,MKT_RF,0.3357863340071386
45,125,SMB,0.028201364800012663
45,125,HML,0.5667070322021602
45,125,WML,0.47250249635149255
45,126,MKT_RF,0.31962690983930003
45,126,SMB,0.061791406682445066
45,126,HML,0.17128268887420972
45,126,WML,0.5205469482494034
45,127,MKT_RF,0.32402346339983323
45,127,SMB,0.01461813491833996
45,127,HML,0.1951359410373843
45,127,WML,0.5927779009985421
45,128,MKT_RF,0.46976311646852603
45,128,SMB,-0.2215958441630609
45,128,HML,0.5359769461716345
45,128,WML,0.22910076627570833
45,129,MKT_RF,0.5832350554377659
45,129,SMB,-0.14576589830992537
45,129,HML,0.2835142645958236
45,129,WML,-0.021864123413576415
45,130,MKT_RF,0.2888493266705993
45,130,SMB,-0.3203140687302315
45,130,HML,0.49431880151488833
45,130,WML,0.5200263028260566
45,131,MKT_RF,0.31620703155718566
45,131,SMB,-0.09112633003231806
45,131,HML,0.4814000858300077
45,131,WML,0.6009042958283306
45,132,MKT_RF,0.3588213992315682
45,132,SMB,-0.12538972326959671
45,132,HML,0.3385599622365104
45,132,WML,0.716969614111969
45,133,MKT_RF,0.4265805521462983
45,133,SMB,-0.21227412471306725
45,133,HML,0.4515746609933666
45,133,WML,0.2260472481391485
45,134,MKT_RF,0.2453732153621786
45,134,SMB,-0.2272401543542656
45,134,HML,0.552698952495189
45,134,WML,0.6150957598634468
45,135,MKT_RF,0.5281978505992146
45,135,SMB,-0.30085566996978974
45,135,HML,0.43779839864243997
45,135,WML,0.08525603184702257
45,136,MKT_RF,0.46800347089595956
45,136,SMB,-0.27481334853486156
45,136,HML,0.2749365882978717
45,136,WML,0.26521718030900715
45,137,MKT_RF,0.14146362823374817
45,137,SMB,-0.16041937176581597
45,137,HML,0.6091106957837642
45,137,WML,0.6629619570653147
45,138,MKT_RF,0.5551529070263591
45,138,SMB,-0.3324173859122847
45,138,HML,0.20941832922480852
45,138,WML,-0.267379505982817
45,139,MKT_RF,0.11588758247554229
45,139,SMB,-0.23221808473318784
45,139,HML,0.31540341130232724
45,139,WML,0.6047033570331449
45,140,MKT_RF,0.2820757332979772
45,140,SMB,0.08479851073751091
45,140,HML,0.5956711411504829
45,140,WML,0.4598385993985423
45,141,MKT_RF,0.400703237115062
45,141,SMB,-0.17514846793242553
45,141,HML,0.2592457572281379
45,141,WML,0.3249425514696936
45,142,MKT_RF,0.5282640682939844
45,142,SMB,0.21351057714437122
45,142,HML,0.4758164136169163
45,142,WML,0.14088867073987674
45,143,MKT_RF,0.30864177092443934
45,143,SMB,-0.2601346353950768
45,143,HML,0.39617156005790183
45,143,WML,0.8763557889659246
45,144,MKT_RF,0.06286510782829302
45,144,SMB,-0.14239155553776728
45,144,HML,0.5533590957434679
45,144,WML,0.7959134630769403
45,145,MKT_RF,0.3488941333070894
45,145,SMB,-0.09231796448953006
45,145,HML,0.22192097666567742
45,145,WML,0.17679835529384041
45,146,MKT_RF,0.549924650125461
45,146,SMB,-0.046570620386101005
45,146,HML,0.3683413786120045
45,146,WML,-0.29345482330307143
45,147,MKT_RF,0.3120580046249344
45,147,SMB,-0.06529031419166081
45,147,HML,0.4967263711512851
45,147,WML,0.5198110492967498
45,148,MKT_RF,0.4935681108483757
45,148,SMB,0.07928548769331963
45,148,HML,0.501379534077024
45,148,WML,-0.17988957855640683
45,149,MKT_RF,0.31650570069220707
45,149,SMB,0.049420763400695476
45,149,HML,0.3464679338012886
45,149,WML,0.32405382809746563
45,150,MKT_RF,0.3303259032304361
45,150,SMB,-0.17342170098768733
45,150,HML,0.38593858302392337
45,150,WML,0.3245476746533433
45,151,MKT_RF,0.2989524368203178
45,151,SMB,-0.006766509178226208
45,151,HML,0.413983209823311
45,151,WML,0.4839047028636358
45,152,MKT_RF,0.36457884157599774
45,152,SMB,0.10899884656628471
45,152,HML,0.4923605283567495
45,152,WML,0.306989171282902
45,153,MKT_RF,0.3910291461773376
45,153,SMB,-0.031093131794984588
45,153,HML,0.4206076377905329
45,153,WML,0.46807748354699363
45,154,MKT_RF,0.14256537864804983
45,154,SMB,-0.2888682257541183
45,154,HML,0.5509831645663449
45,154,WML,0.8604902865395913
45,155,MKT_RF,0.3329536644655139
45,155,SMB,-0.2607255410049991
45,155,HML,0.32766960728037203
45,155,WML,0.25516666889160744
45,156,MKT_RF,0.48723637947750836
45,156,SMB,-0.23646504172555818
45,156,HML,0.14575746099198883
45,156,WML,0.30868697697697334
45,157,MKT_RF,0.31893487554273264
45,157,SMB,-0.08720394363455002
45,157,HML,0.3489863087909306
45,157,WML,0.254928174074528
45,158,MKT_RF,0.2235840142947476
45,158,SMB,0.07099636789919238
45,158,HML,0.2692879746334636
45,158,WML,0.6852084149309623
45,159,MKT_RF,0.46677714316708074
45,159,SMB,-0.2272493109222693
45,159,HML,0.39005624325123983
45,159,WML,0.1941711091225727
45,160,MKT_RF,0.3242676137835721
45,160,SMB,-0.014680824821843913
45,160,HML,0.39951931639701704
45,160,WML,0.6308863255833036
45,161,MKT_RF,0.28109234255768184
45,161,SMB,-0.3351166598251472
45,161,HML,0.37317747473965446
45,161,WML,0.6472704028971196
45,162,MKT_RF,0.270777611798851
45,162,SMB,-0.34634943811317415
45,162,HML,0.09562789255105697
45,162,WML,0.7483262727310661
45,163,MKT_RF,0.20863479915114302
45,163,SMB,-0.1207593615912101
45,163,HML,0.3549730799850547
45,163,WML,0.8786316583991245
45,164,MKT_RF,0.15848929874337844
45,164,SMB,-0.1264621339430428
45,164,HML,0.6488678546692105
45,164,WML,0.7821886657796144
45,165,MKT_RF,0.36267450045452193
45,165,SMB,-0.11236185106015889
45,165,HML,0.2882151986775212
45,165,WML,0.2210207395787694
45,166,MKT_RF,0.09849537584510402
45,166,SMB,-0.06671957889112155
45,166,HML,0.6584683573394805
45,166,WML,0.9392849277329528
45,167,MKT_RF,0.2481977356051741
45,167,SMB,0.06994942415685294
45,167,HML,0.46126635918182074
45,167,WML,0.5778511970010238
45,168,MKT_RF,0.3465703860892558
45,168,SMB,-0.14138821037354957
45,168,HML,0.3220924651884134
45,168,WML,0.6616423261211227
45,169,MKT_RF,0.4089110828333053
45,169,SMB,-0.3469472175122023
45,169,HML,0.14081520376188203
45,169,WML,0.47884777779975213
45,170,MKT_RF,0.14412137467819353
45,170,SMB,-0.2294370783289356
45,170,HML,0.30292073382441365
45,170,WML,0.6676876937976978
45,171,MKT_RF,0.1853953992043558
45,171,SMB,-0.16434748265730637
45,171,HML,0.4201109930047392
45,171,WML,0.6893042578309517
45,172,MKT_RF,0.34430445358665257
45,172,SMB,-0.23022912774303847
45,172,HML,0.545924158795468
45,172,WML,0.2819468359910235
45,173,MKT_RF,0.35929947868281387
45,173,SMB,-0.27531230266789875
45,173,HML,0.40255769365476113
45,173,WML,0.2853255856814502
45,174,MKT_RF,0.1843738623948556
45,174,SMB,-0.05721660617986429
45,174,HML,0.3218426513828553
45,174,WML,0.8481162587804184
45,175,MKT_RF,0.3459071269674777
45,175,SMB,-0.06681443736039482
45,175,HML,0.3730894854910805
45,175,WML,0.44311971421193436
45,176,MKT_RF,0.31958792772726685
45,176,SMB,-0.1163661673298505
45,176,HML,0.6152420134412271
45,176,WML,0.41349775217497325
45,177,MKT_RF,0.38116794093486916
45,177,SMB,-0.11595660184667635
45,177,HML,0.2645666247921131
45,177,WML,0.48076896287784054
45,178,MKT_RF,0.3434480928289855
45,178,SMB,-0.08767722251651427
45,178,HML,0.343192554516961
45,178,WML,0.5241666606440992
45,179,MKT_RF,0.1994886257321766
45,179,SMB,0.12195115066217273
45,179,HML,0.4711128531801709
45,179,WML,0.5769694229751503
45,180,MKT_RF,0.3422747516132803
45,180,SMB,0.060387807803242786
45,180,HML,0.23345486725409612
45,180,WML,0.3097042341970997
45,181,MKT_RF,0.17903672271119192
45,181,SMB,-0.11033691418718257
45,181,HML,0.38839911108026315
45,181,WML,0.8258546205920657
45,182,MKT_RF,0.23243355440789026
45,182,SMB,-0.4835033608870078
45,182,HML,0.2863162760284767
45,182,WML,0.7351789258577013
45,183,MKT_RF,0.27760126986981215
45,183,SMB,-0.37204612592394054
45,183,HML,0.4543565676255038
45,183,WML,0.6502785035768304
45,184,MKT_RF,0.23093354564050028
45,184,SMB,-0.13995969387841092
45,184,HML,0.2932979883249582
45,184,WML,0.7092702349551904
45,185,MKT_RF,0.14524516480678654
45,185,SMB,-0.12372459554955131
45,185,HML,0.416147725077531
45,185,WML,0.6617563362617991
45,186,MKT_RF,0.3068074969493117
45,186,SMB,-0.04948377218408214
45,186,HML,0.24684103461553866
45,186,WML,0.5579031038513279
45,187,MKT_RF,0.34048959335779705
45,187,SMB,0.08263534976009111
45,187,HML,0.29957662652780404
45,187,WML,0.38099824423326367
45,188,MKT_RF,0.20777757659501203
45,188,SMB,0.04829428784286944
45,188,HML,0.591034185637777
45,188,WML,0.9404884362115083
45,189,MKT_RF,0.4063627312018465
45,189,SMB,-0.09645856025837937
45,189,HML,0.4161801263161287
45,189,WML,0.6532975989657409
45,190,MKT_RF,0.4806237177604794
45,190,SMB,-0.2762513299899607
45,190,HML,0.26460143233094763
45,190,WML,0.5002580205658458
45,191,MKT_RF,0.3219951970008068
45,191,SMB,-0.10058650349310469
45,191,HML,0.49548521490178965
45,191,WML,0.4487240797338115
45,192,MKT_RF,0.5469384611298007
45,192,SMB,-0.12296091128336474
45,192,HML,0.5926067923064224
45,192,WML,-0.10924464952250025
45,193,MKT_RF,0.3034223353169588
45,193,SMB,0.09653077262529203
45,193,HML,0.5857784242573054
45,193,WML,0.5374930723126669
45,194,MKT_RF,0.35240099776542405
45,194,SMB,-0.0022951422821663927
45,194,HML,0.6243159905434067
45,194,WML,0.5497014664388047
45,195,MKT_RF,0.4091370799915329
45,195,SMB,-0.2718555626479331
45,195,HML,0.46477332722344644
45,195,WML,0.44932245128068227
45,196,MKT_RF,0.27902841569207115
45,196,SMB,-0.1785586801443076
45,196,HML,0.31527325682381874
45,196,WML,0.5488263195083734
45,197,MKT_RF,0.32522469031668205
45,197,SMB,0.13773706338877126
45,197,HML,0.452072217172948
45,197,WML,0.40482816062983873
45,198,MKT_RF,0.2283021680760391
45,198,SMB,-0.17489270651621683
45,198,HML,0.5413622076312957
45,198,WML,0.4974515865013448
45,199,MKT_RF,0.309321862611725
45,199,SMB,-0.011230408869322177
45,199,HML,0.2887216546482643
45,199,WML,0.6432569758163951
45,200,MKT_RF,0.14149473834309734
45,200,SMB,-0.05344535035671377
45,200,HML,0.5104096458895402
45,200,WML,0.7013902842946562
45,201,MKT_RF,0.22658997254851132
45,201,SMB,-0.23030771748155132
45,201,HML,0.21633247736596317
45,201,WML,0.7913594514171803
45,202,MKT_RF,0.01151187963295135
45,202,SMB,0.10082922642226719
45,202,HML,0.5080297438750669
45,202,WML,1.0958143797397544
45,203,MKT_RF,0.16876996956966467
45,203,SMB,-0.08038196115454131
45,203,HML,0.39191603353936794
45,203,WML,0.7547504974980549
45,204,MKT_RF,0.34884613853812063
45,204,SMB,-0.20724533102675893
45,204,HML,0.3167382163206465
45,204,WML,0.7178569047044681
45,205,MKT_RF,0.40126342882220956
45,205,SMB,0.10255430477398772
45,205,HML,0.30223758308303444
45,205,WML,0.18629510896860263
45,206,MKT_RF,0.12623164434981476
45,206,SMB,0.07984171626580978
45,206,HML,0.6683892773794264
45,206,WML,0.537386232897777
45,207,MKT_RF,0.4897929102947932
45,207,SMB,-0.10604055489672601
45,207,HML,0.31329004531382243
45,207,WML,0.1988259856013843
45,208,MKT_RF,0.3261067305906587
45,208,SMB,0.11849547844040419
45,208,HML,0.3207384260598352
45,208,WML,0.3432175864354384
45,209,MKT_RF,0.4404745384551891
45,209,SMB,-0.13501636827722557
45,209,HML,0.34929496257482306
45,209,WML,0.05488062616326189
45,210,MKT_RF,0.3145587307722511
45,210,SMB,-0.14788089907511404
45,210,HML,0.30450033004001203
45,210,WML,0.4722710003480011
45,211,MKT_RF,0.2834598635748663
45,211,SMB,-0.03412639655496372
45,211,HML,0.611801599644606
45,211,WML,0.6690118686271452
45,212,MKT_RF,0.28642866399268163
45,212,SMB,-0.18508807460436943
45,212,HML,0.5824123718651283
45,212,WML,0.5026794797787696
45,213,MKT_RF,0.3045069972510318
45,213,SMB,-0.03415435209480936
45,213,HML,0.5736692297265555
45,213,WML,0.5732841062901433
45,214,MKT_RF,0.26188928329694466
45,214,SMB,-0.1710494296131424
45,214,HML,0.25778104615279634
45,214,WML,0.5695137506853287
45,215,MKT_RF,0.3533154031692133
45,215,SMB,-0.10052830664601548
45,215,HML,0.5006180996989669
45,215,WML,0.35978952987376833
45,216,MKT_RF,0.5123451400943307
45,216,SMB,-0.13074607092296556
45,216,HML,0.42981017541358807
45,216,WML,0.07782954639896632
45,217,MKT_RF,0.3618194384042979
45,217,SMB,-0.022570020559714295
45,217,HML,0.26527649025022904
45,217,WML,0.5223119049205601
45,218,MKT_RF,0.22380153935877348
45,218,SMB,-0.2554337757667958
45,218,HML,0.49029587430163885
45,218,WML,0.7419224232474987
45,219,MKT_RF,0.2003501767069638
45,219,SMB,0.21565337938737872
45,219,HML,0.6161197261840978
45,219,WML,0.6549147893455727
45,220,MKT_RF,0.5317274525585352
45,220,SMB,-0.02745535606719054
45,220,HML,0.158666978221055
45,220,WML,0.2497147935704175
45,221,MKT_RF,0.3568860963995873
45,221,SMB,-0.06235711220991709
45,221,HML,0.5742508074273056
45,221,WML,0.297297986567778
45,222,MKT_RF,0.35837895069670306
45,222,SMB,-0.013105816359363719
45,222,HML,0.28355853895236677
45,222,WML,0.51023643735039
45,223,MKT_RF,0.5418708136393928
45,223,SMB,-0.13226491414276345
45,223,HML,0.4508867683715077
45,223,WML,0.019399749982554157
45,224,MKT_RF,0.4191256477286763
45,224,SMB,-0.13298114517135173
45,224,HML,0.45781216526763213
45,224,WML,0.4950426894930125
45,225,MKT_RF,0.30476905755806644
45,225,SMB,-0.4271308580013502
45,225,HML,0.5400568781267744
45,225,WML,0.4785695443519452
45,226,MKT_RF,0.27140440400045496
45,226,SMB,-0.3609318795710522
45,226,HML,0.476167288660008
45,226,WML,0.9197588631050146
45,227,MKT_RF,0.4317531521135522
45,227,SMB,-0.1056585011521933
45,227,HML,0.10751145493306072
45,227,WML,0.42905257117320605
45,228,MKT_RF,0.284308201662081
45,228,SMB,0.07336507248186418
45,228,HML,0.6278790851104165
45,228,WML,0.4495703907139099
45,229,MKT_RF,0.5252192253949454
45,229,SMB,-0.49371162663163737
45,229,HML,0.5713847104289682
45,229,WML,0.25348232451937347
45,230,MKT_RF,0.3835400183305374
45,230,SMB,0.018227748080553417
45,230,HML,0.3230716800848696
45,230,WML,0.13463624200850913
45,231,MKT_RF,0.31414132890528224
45,231,SMB,-0.05293637792132385
45,231,HML,0.35700396276990304
45,231,WML,0.5720031186957318
45,232,MKT_RF,0.2697033694650438
45,232,SMB,-0.1167440709623639
45,232,HML,0.8822053936529234
45,232,WML,0.6766224205662352
45,233,MKT_RF,0.33837629029456134
45,233,SMB,-0.4553404323809749
45,233,HML,0.4387580269889106
45,233,WML,0.38459551908000494
45,234,MKT_RF,0.3929877101862833
45,234,SMB,0.08129006653590685
45,234,HML,0.33786674238955033
45,234,WML,0.08461025759273313
45,235,MKT_RF,0.41159646296378655
45,235,SMB,-0.04294540520341199
45,235,HML,0.45198581136619825
45,235,WML,0.4200556886956401
45,236,MKT_RF,0.5196496530123997
45,236,SMB,-0.4080342689394343
45,236,HML,0.5347195665599406
45,236,WML,0.15053143902278443
45,237,MKT_RF,0.2284953890235803
45,237,SMB,-0.2498655660662991
45,237,HML,0.6208531494806713
45,237,WML,0.4890940555094518
45,238,MKT_RF,0.5974585458812398
45,238,SMB,-0.1656023138360585
45,238,HML,0.2989839176527948
45,238,WML,0.0719863466487
45,239,MKT_RF,0.366766124814127
45,239,SMB,-0.033344705141973616
45,239,HML,0.23355288289239487
45,239,WML,0.5514146277944734
45,240,MKT_RF,0.3443358920258225
45,240,SMB,-0.11775715115744664
45,240,HML,0.2709184899121187
45,240,WML,0.42282613765081384
45,241,MKT_RF,0.23216445347733722
45,241,SMB,0.11557150014215885
45,241,HML,0.4185987580195127
45,241,WML,0.9273843456847082
45,242,MKT_RF,0.18296970264042955
45,242,SMB,-0.00021237115116895034
45,242,HML,0.3757961886208282
45,242,WML,0.5765459517866505
45,243,MKT_RF,0.2563327399218319
45,243,SMB,-0.3136798274218364
45,243,HML,0.5001454604453935
45,243,WML,0.8294297229448749
45,244,MKT_RF,0.4236426146833351
45,244,SMB,-0.004186501724632235
45,244,HML,0.03493801127342856
45,244,WML,0.5871676440417002
45,245,MKT_RF,0.3867556102654442
45,245,SMB,-0.008550203388154069
45,245,HML,0.3088568082190937
45,245,WML,0.2778977826942929
45,246,MKT_RF,0.3803436645520772
45,246,SMB,0.05503462747349757
45,246,HML,0.2883417310450246
45,246,WML,0.1903102758738739
45,247,MKT_RF,0.13296839216914746
45,247,SMB,-0.20053401133053975
45,247,HML,0.26301285145316006
45,247,WML,0.8674272653522566
45,248,MKT_RF,0.2989322022196824
45,248,SMB,-0.2170344327842765
45,248,HML,0.682203136619167
45,248,WML,0.751796479945537
45,249,MKT_RF,0.4012692974243269
45,249,SMB,-0.0018877675651004777
45,249,HML,0.31714662325593224
45,249,WML,0.22385645290979228
45,250,MKT_RF,0.5536632923916773
45,250,SMB,-0.1329836655357748
45,250,HML,0.41395886397672765
45,250,WML,-0.07949720396143496
45,251,MKT_RF,0.33776792791847976
45,251,SMB,-0.1046444376432712
45,251,HML,0.48863713706406464
45,251,WML,0.4478586967525554
45,252,MKT_RF,0.1246121010474698
45,252,SMB,-0.144523323818032
45,252,HML,0.722987296203043
45,252,WML,0.6944755445406801
45,253,MKT_RF,0.3362412659988947
45,253,SMB,-0.14877247193245274
45,253,HML,0.3136403699089696
45,253,WML,0.5972515417950807
45,254,MKT_RF,0.36009339824456815
45,254,SMB,-0.002939267004801449
45,254,HML,0.2898849305652975
45,254,WML,0.5631404697816024
45,255,MKT_RF,0.2879241510587523
45,255,SMB,-0.22156957275048275
45,255,HML,0.39762231265821457
45,255,WML,0.622700474158328
45,256,MKT_RF,0.40592267813203914
45,256,SMB,-0.03445937363986917
45,256,HML,0.4977298581271067
45,256,WML,0.46804191494345676
45,257,MKT_RF,0.17270024308095905
45,257,SMB,-0.3120146125582969
45,257,HML,0.4163785336745951
45,257,WML,0.6516446748419235
45,258,MKT_RF,0.15418721079380232
45,258,SMB,-0.035906457846854964
45,258,HML,0.3674342400753837
45,258,WML,0.6987377623807436
45,259,MKT_RF,0.41062760592037495
45,259,SMB,-0.2200880992474258
45,259,HML,0.4126981913306843
45,259,WML,0.41894865552424626
45,260,MKT_RF,0.2292440032505226
45,260,SMB,-0.1809644184032314
45,260,HML,0.049452455666711595
45,260,WML,0.5737403407038169
45,261,MKT_RF,0.38088751299826745
45,261,SMB,-0.16700857346823467
45,261,HML,0.42011561608151027
45,261,WML,0.5215558027083268
45,262,MKT_RF,0.35838283253203373
45,262,SMB,0.026117752449325037
45,262,HML,0.45477561995844434
45,262,WML,0.44786276346033027
45,263,MKT_RF,0.41286351316340203
45,263,SMB,-0.1884153332934867
45,263,HML,0.43842211738344417
45,263,WML,0.47095913377804677
45,264,MKT_RF,0.02339500970901145
45,264,SMB,-0.10165238038669422
45,264,HML,0.44284309594026544
45,264,WML,1.0406011233729497
45,265,MKT_RF,0.23417272786673918
45,265,SMB,-0.20335873587110256
45,265,HML,0.1747351155785023
45,265,WML,0.5135310492062102
45,266,MKT_RF,0.425549586355042
45,266,SMB,-0.1119734863688232
45,266,HML,0.41803657492364926
45,266,WML,0.5458314331480815
45,267,MKT_RF,0.2607985429323609
45,267,SMB,-0.19287445592213753
45,267,HML,0.3282146706723706
45,267,WML,0.5883879299186874
45,268,MKT_RF,0.4744735705384638
45,268,SMB,-0.23065047062016739
45,268,HML,0.45256864276518693
45,268,WML,0.0847002799975555
45,269,MKT_RF,0.4942613888861758
45,269,SMB,0.026605924953957652
45,269,HML,0.3351067750465897
45,269,WML,0.11397823782244736
45,270,MKT_RF,0.39356205674147743
45,270,SMB,-0.029564423156240846
45,270,HML,0.16695744083933048
45,270,WML,0.2588518813557255
45,271,MKT_RF,0.3642580497576601
45,271,SMB,-0.2236793595881407
45,271,HML,0.6539133308415557
45,271,WML,0.4015763104516067
45,272,MKT_RF,0.47520010004271435
45,272,SMB,-0.021321884766236355
45,272,HML,0.2742749692551934
45,272,WML,0.23339702487964786
45,273,MKT_RF,0.22099208833824222
45,273,SMB,0.017864393247088543
45,273,HML,0.22289426924327985
45,273,WML,0.6283450268398308
45,274,MKT_RF,0.521578587069396
45,274,SMB,-0.28973380578383656
45,274,HML,0.38467234979582243
45,274,WML,-0.1302687105934895
45,275,MKT_RF,0.40915704168430417
45,275,SMB,0.0055883396596668475
45,275,HML,0.242314863448377
45,275,WML,0.5944483841414168
45,276,MKT_RF,0.4201851600099947
45,276,SMB,-0.10028564479384638
45,276,HML,0.11460526315616458
45,276,WML,0.14169259744407578
45,277,MKT_RF,0.3658692587654662
45,277,SMB,-0.10822035765057732
45,277,HML,0.2832301428949292
45,277,WML,0.27859931334369425
45,278,MKT_RF,0.28242952442775016
45,278,SMB,-0.20217435491236158
45,278,HML,0.5729871634300688
45,278,WML,0.7255881888343585
45,279,MKT_RF,0.38486767059278076
45,279,SMB,-0.15345762175719121
45,279,HML,0.6967994121723099
45,279,WML,0.5538260886127983
45,280,MKT_RF,0.2649448401190846
45,280,SMB,-0.009915550199717989
45,280,HML,0.502815256812035
45,280,WML,0.48308162947050926
45,281,MKT_RF,0.4814116631949389
45,281,SMB,0.2134349650830907
45,281,HML,0.46128643019795906
45,281,WML,-0.021143330838166722
45,282,MKT_RF,0.2014703804858017
45,282,SMB,-0.15603791392111369
45,282,HML,0.6069048832487339
45,282,WML,0.8939165208311757
45,283,MKT_RF,0.23223941773341777
45,283,SMB,-0.0008159225332745129
45,283,HML,0.4530821833864717
45,283,WML,0.6310637690750104
45,284,MKT_RF,0.3914733515055967
45,284,SMB,-0.27646573311661915
45,284,HML,0.4945733391421235
45,284,WML,0.0710377521526293
45,285,MKT_RF,0.4142311877106014
45,285,SMB,-0.19562778299749917
45,285,HML,0.17644064630808834
45,285,WML,0.14089948508088457
45,286,MKT_RF,0.21963930876464408
45,286,SMB,-0.04067669556578871
45,286,HML,0.5684804506073418
45,286,WML,0.6750691420645827
45,287,MKT_RF,0.4133736150354417
45,287,SMB,-0.22462839930027906
45,287,HML,0.6250534567218227
45,287,WML,0.24698935206153405
45,288,MKT_RF,0.22257030517732815
45,288,SMB,-0.15345057738364062
45,288,HML,0.24255871026932888
45,288,WML,0.944259524707402
45,289,MKT_RF,0.21802905689749935
45,289,SMB,0.043102357964585225
45,289,HML,0.5212199351859983
45,289,WML,0.5507759951707921
45,290,MKT_RF,0.197737309480501
45,290,SMB,-0.17890824499791141
45,290,HML,0.22886139241526454
45,290,WML,0.9279332415565997
45,291,MKT_RF,-0.026241790384303507
45,291,SMB,-0.12413096868982336
45,291,HML,0.321127650912692
45,291,WML,0.711489913230002
45,292,MKT_RF,0.25191515168730516
45,292,SMB,-0.15178726755598732
45,292,HML,0.44468262387693275
45,292,WML,0.6209728499809718
45,293,MKT_RF,0.4963068316981873
45,293,SMB,-0.00259780525811125
45,293,HML,0.05484202666498737
45,293,WML,-0.21806406664083117
45,294,MKT_RF,0.4744243515979597
45,294,SMB,-0.054836806717323876
45,294,HML,0.2428965193995298
45,294,WML,0.10622399641951379
45,295,MKT_RF,0.41494131941029855
45,295,SMB,-0.02944673030852509
45,295,HML,0.25920020391021015
45,295,WML,0.4474989582389614
45,296,MKT_RF,0.21408017387171696
45,296,SMB,-0.09447522523510926
45,296,HML,0.5447201366697132
45,296,WML,0.9249956443867502
45,297,MKT_RF,0.3813810750354847
45,297,SMB,-0.06434641023802903
45,297,HML,0.23592282286835664
45,297,WML,0.42044367548762684
45,298,MKT_RF,0.23789806379866674
45,298,SMB,-0.13683041048100342
45,298,HML,0.5758438514046292
45,298,WML,0.6970635349776658
45,299,MKT_RF,0.37336703764041895
45,299,SMB,-0.0654835022146708
45,299,HML,0.1561979575994555
45,299,WML,0.3445263389816379
45,300,MKT_RF,0.3493166012295279
45,300,SMB,-0.039509694029977505
45,300,HML,0.38366349778800507
45,300,WML,0.3209900688945279
45,301,MKT_RF,0.2796945361158333
45,301,SMB,-0.04980443573920764
45,301,HML,0.5774757070215911
45,301,WML,0.49302479262572796
45,302,MKT_RF,0.4589978020052947
45,302,SMB,-0.13296157913072604
45,302,HML,0.2787613193370479
45,302,WML,0.10043198828178666
45,303,MKT_RF,0.37585859289715096
45,303,SMB,-0.15977711567523512
45,303,HML,0.4196025058548746
45,303,WML,0.5827486444919234
45,304,MKT_RF,0.3158362043669308
45,304,SMB,-0.13757532564624636
45,304,HML,0.3729878195948366
45,304,WML,0.5290034376826895
45,305,MKT_RF,0.2205285716184669
45,305,SMB,-0.16473251925676108
45,305,HML,0.3749345007252511
45,305,WML,0.5481965256340872
45,306,MKT_RF,0.3996601394662567
45,306,SMB,-0.3228950263721343
45,306,HML,0.40134884705554347
45,306,WML,0.599824726843572
45,307,MKT_RF,0.3467072035783069
45,307,SMB,-0.10036280675513234
45,307,HML,0.672188285117379
45,307,WML,0.46019352013752957
45,308,MKT_RF,0.3962882525721687
45,308,SMB,0.01775712670014409
45,308,HML,0.2579338791975558
45,308,WML,0.4714252641664004
45,309,MKT_RF,0.26181745485644015
45,309,SMB,-0.09893332943440585
45,309,HML,0.5080545998628346
45,309,WML,0.49080845276820934
45,310,MKT_RF,0.3217020064779043
45,310,SMB,0.056693512844590316
45,310,HML,0.12766359270865082
45,310,WML,0.4696605002535604
45,311,MKT_RF,0.4616934402969352
45,311,SMB,-0.0642788768262215
45,311,HML,0.27876989412651954
45,311,WML,-0.10942740719479463
45,312,MKT_RF,0.3039521096004181
45,312,SMB,-0.2978401547500829
45,312,HML,0.2622299225307593
45,312,WML,0.46700033408553354
45,313,MKT_RF,0.37179373362376117
45,313,SMB,-0.016244309115336766
45,313,HML,0.06416758358726776
45,313,WML,0.2701645199334416
45,314,MKT_RF,0.3515058298026007
45,314,SMB,-0.17715229204754432
45,314,HML,0.39584009150164423
45,314,WML,0.27077797754676963
45,315,MKT_RF,0.41352508761490653
45,315,SMB,0.06631384901743353
45,315,HML,0.2599649249249772
45,315,WML,0.06522360691087861
45,316,MKT_RF,0.3516996131914663
45,316,SMB,-0.0815419226850008
45,316,HML,0.5025316105128581
45,316,WML,0.5523602167062894
45,317,MKT_RF,0.308218263678622
45,317,SMB,-0.08507740008093766
45,317,HML,0.2886348436122978
45,317,WML,0.38874766259433763
45,318,MKT_RF,0.4381092299790265
45,318,SMB,0.17939324780348273
45,318,HML,0.7454879982777795
45,318,WML,-0.17622417995971962
45,319,MKT_RF,0.5703039260703232
45,319,SMB,-0.12246087660096336
45,319,HML,0.41005049570343144
45,319,WML,0.04263802063442271
45,320,MKT_RF,0.36979519098567243
45,320,SMB,-0.06791136822046637
45,320,HML,0.19240158369067134
45,320,WML,0.49344441222712465
45,321,MKT_RF,0.30086853287276005
45,321,SMB,-0.16533526395993664
45,321,HML,0.26190769392678215
45,321,WML,0.48691323677369214
45,322,MKT_RF,0.4062682168083899
45,322,SMB,-0.2509624795369903
45,322,HML,0.45976830040811556
45,322,WML,0.6553144100398125
45,323,MKT_RF,0.15003322864943544
45,323,SMB,0.05021298622727072
45,323,HML,0.3890416382360013
45,323,WML,0.4437032155463161
45,324,MKT_RF,0.19594555122101243
45,324,SMB,-0.00629107806690689
45,324,HML,0.18913993059953824
45,324,WML,1.1957586576166443
45,325,MKT_RF,0.21952087888477256
45,325,SMB,0.019175559064239886
45,325,HML,0.5535611866023394
45,325,WML,0.7465324319943942
45,326,MKT_RF,0.3916257097874824
45,326,SMB,-0.22588005630529642
45,326,HML,0.3970582764061516
45,326,WML,0.32891461262908667
45,327,MKT_RF,0.16784446410267706
45,327,SMB,-0.037501867660292586
45,327,HML,0.32612982348406155
45,327,WML,0.7415555932883725
45,328,MKT_RF,0.2509469836447656
45,328,SMB,-0.029644427348028725
45,328,HML,0.5594785969589917
45,328,WML,0.6275741840624119
45,329,MKT_RF,0.4158247377607287
45,329,SMB,-0.03842911944830367
45,329,HML,0.48485180759552854
45,329,WML,0.6813879302374386
45,330,MKT_RF,0.27156128317135336
45,330,SMB,-0.1636480721174586
45,330,HML,0.5666525988351165
45,330,WML,0.6544696982655063
45,331,MKT_RF,0.4385093623362957
45,331,SMB,-0.19206835458298865
45,331,HML,0.12481946748993439
45,331,WML,0.5282061380665671
45,332,MKT_RF,0.43318096110133036
45,332,SMB,-0.26505061482517156
45,332,HML,0.3666541087124074
45,332,WML,0.3233894497003003
45,333,MKT_RF,0.211276806439649
45,333,SMB,-0.24960577672926265
45,333,HML,0.47578182482490117
45,333,WML,0.8024973885049668
45,334,MKT_RF,0.48584379678994033
45,334,SMB,-0.5151139485477719
45,334,HML,0.013282276123263829
45,334,WML,0.2821933865223524
45,335,MKT_RF,0.42449329762880206
45,335,SMB,-0.22234217498409728
45,335,HML,0.2203344768460402
45,335,WML,-0.06568796582865578
45,336,MKT_RF,0.2590036371875439
45,336,SMB,0.03959240127560785
45,336,HML,0.5830140484386926
45,336,WML,0.5245212745453072
45,337,MKT_RF,0.32842460444316574
45,337,SMB,-0.1571680753690152
45,337,HML,0.4998562399550036
45,337,WML,0.5707206569933077
45,338,MKT_RF,0.04458852195834258
45,338,SMB,0.007428392093297743
45,338,HML,0.5789067352896703
45,338,WML,1.1262456703932684
45,339,MKT_RF,0.25052910661325495
45,339,SMB,-0.299930773108611
45,339,HML,0.3064362962999391
45,339,WML,0.6897107096484233
45,340,MKT_RF,0.31868164705058705
45,340,SMB,-0.07870579121659951
45,340,HML,0.41430385987053253
45,340,WML,0.30366291463233214
45,341,MKT_RF,0.2849576386923772
45,341,SMB,-0.056942755800972064
45,341,HML,0.4657548917494904
45,341,WML,0.41453955739880544
45,342,MKT_RF,0.5644961501211525
45,342,SMB,-0.007153273383191665
45,342,HML,0.12139966714441895
45,342,WML,-0.23993469095092018
45,343,MKT_RF,0.36376224793089385
45,343,SMB,-0.10198947594317868
45,343,HML,0.2948384613529392
45,343,WML,0.764454639961637
45,344,MKT_RF,0.4939492349154611
45,344,SMB,-0.4176699171726719
45,344,HML,0.4604506908651044
45,344,WML,0.3253513414600524
45,345,MKT_RF,0.4685231861480709
45,345,SMB,-0.14561266986971755
45,345,HML,0.4230749919424612
45,345,WML,0.36864859321295457
45,346,MKT_RF,0.24225301941983457
45,346,SMB,-0.2621130940337303
45,346,HML,0.5734890812218164
45,346,WML,0.6443740296950077
45,347,MKT_RF,0.3651016819916917
45,347,SMB,-0.1072512584323499
45,347,HML,0.30726226058932127
45,347,WML,0.308219168227335
45,348,MKT_RF,0.15429309961603244
45,348,SMB,-0.07878919415074341
45,348,HML,0.23350756894068528
45,348,WML,0.9837573271898622
45,349,MKT_RF,0.6421764435668349
45,349,SMB,0.049175091670992946
45,349,HML,0.6073856501068685
45,349,WML,-0.2138567079037804
45,350,MKT_RF,0.10506773743817822
45,350,SMB,-0.06022744538775929
45,350,HML,0.45496680770276177
45,350,WML,0.8751377320738816
45,351,MKT_RF,0.2579799512764315
45,351,SMB,0.0631360249989681
45,351,HML,0.5525958708664702
45,351,WML,0.6146408518457843
45,352,MKT_RF,0.26005532978935186
45,352,SMB,-0.3546466159319891
45,352,HML,0.7441016326005513
45,352,WML,0.6234291710082633
45,353,MKT_RF,0.419120787335939
45,353,SMB,-0.2019294536382282
45,353,HML,0.32665544218118364
45,353,WML,0.22931413472586545
45,354,MKT_RF,0.33108426981927846
45,354,SMB,0.13237682756993505
45,354,HML,0.4931697585065708
45,354,WML,0.36319422754732905
45,355,MKT_RF,0.32384966336393123
45,355,SMB,-0.0483757599873814
45,355,HML,0.2930492875190657
45,355,WML,0.22199492290404718
45,356,MKT_RF,0.4282796860732193
45,356,SMB,-0.2119596352971325
45,356,HML,0.4839443938975767
45,356,WML,0.6317247144570624
45,357,MKT_RF,0.3594293135286897
45,357,SMB,0.023544302919156945
45,357,HML,0.2520416801500038
45,357,WML,0.3780677749163041
45,358,MKT_RF,0.3271539295669055
45,358,SMB,-0.06874351537846464
45,358,HML,0.7478756612737768
45,358,WML,0.6790050018263886
45,359,MKT_RF,0.22579647505090986
45,359,SMB,-0.009673264970546127
45,359,HML,0.38949821860008066
45,359,WML,0.6068591707230635
45,360,MKT_RF,0.40116037554635736
45,360,SMB,0.047304117514492726
45,360,HML,0.14291446221522483
45,360,WML,0.3453333030287598
45,361,MKT_RF,0.41737315615441867
45,361,SMB,-0.41958224016875056
45,361,HML,0.49534755799893604
45,361,WML,0.6325377072340639
45,362,MKT_RF,0.37815531181921
45,362,SMB,-0.5191644121000711
45,362,HML,0.6746343446902007
45,362,WML,0.6372482806829922
45,363,MKT_RF,0.22264651243875894
45,363,SMB,0.14493816600738033
45,363,HML,0.3766181533976265
45,363,WML,0.45011357809163155
45,364,MKT_RF,0.27463860940295887
45,364,SMB,0.10093975909345038
45,364,HML,0.6555814953749178
45,364,WML,0.5825842344513307
45,365,MKT_RF,0.16544767897589366
45,365,SMB,-0.030866671492575513
45,365,HML,0.4218722416977088
45,365,WML,0.4905080042076621
45,366,MKT_RF,0.21862236281742634
45,366,SMB,-0.19706129364049463
45,366,HML,0.5558408178114591
45,366,WML,0.7390781381556785
45,367,MKT_RF,0.3925352075978554
45,367,SMB,0.0023541321687101328
45,367,HML,0.4122981869954344
45,367,WML,0.4662112901923779
45,368,MKT_RF,0.5022947747863032
45,368,SMB,0.03465755086725026
45,368,HML,0.1674692152522662
45,368,WML,0.08801793818212583
45,369,MKT_RF,0.48136707580361643
45,369,SMB,-0.06287153285533904
45,369,HML,0.09410602539544133
45,369,WML,0.2198774824991668
45,370,MKT_RF,0.2669127332196068
45,370,SMB,-0.1754512545462339
45,370,HML,0.8201741508717241
45,370,WML,0.7389439757920636
45,371,MKT_RF,0.18147181205979887
45,371,SMB,-0.42781999951202054
45,371,HML,0.4523953886623684
45,371,WML,0.8389180745496175
45,372,MKT_RF,0.6061658667864775
45,372,SMB,0.019625167701513107
45,372,HML,0.3736972799492242
45,372,WML,0.4873472146124643
45,373,MKT_RF,0.4861041271727478
45,373,SMB,-0.3122242935319157
45,373,HML,0.39797401606382177
45,373,WML,0.6547011302417367
45,374,MKT_RF,0.3723109736039159
45,374,SMB,-0.2140101377770968
45,374,HML,0.3466145722127666
45,374,WML,0.2736290976414287
45,375,MKT_RF,0.3608456376909593
45,375,SMB,-0.03276659794683203
45,375,HML,0.22334126840921267
45,375,WML,0.30527987456227734
45,376,MKT_RF,0.30523476271436145
45,376,SMB,-0.02660588070268393
45,376,HML,0.5278355462415077
45,376,WML,0.7403523798102334
45,377,MKT_RF,0.34378857100044774
45,377,SMB,-0.19188014807528936
45,377,HML,0.3493756448752767
45,377,WML,0.3271157045239474
45,378,MKT_RF,0.32392977870040146
45,378,SMB,-0.22525600769869827
45,378,HML,0.4254192904254354
45,378,WML,0.4451493685789889
45,379,MKT_RF,0.21447227334540886
45,379,SMB,-0.16344385200687708
45,379,HML,0.23527806222514325
45,379,WML,0.7975176404638236
45,380,MKT_RF,0.38790106113048894
45,380,SMB,-0.11647299233319275
45,380,HML,0.3467719962093082
45,380,WML,0.26032891336903885
45,381,MKT_RF,0.36979519098567387
45,381,SMB,-0.06791136822046479
45,381,HML,0.19240158369066854
45,381,WML,0.4934444122271269
45,382,MKT_RF,0.15964117076405138
45,382,SMB,0.19017690369865073
45,382,HML,0.5657577403626087
45,382,WML,0.7443725806794409
45,383,MKT_RF,0.3812142935760893
45,383,SMB,-0.11334583247828156
45,383,HML,0.3847487922409553
45,383,WML,0.2567299779865959
45,384,MKT_RF,0.4998257009589
45,384,SMB,-0.11067078688861266
45,384,HML,0.43251592083201745
45,384,WML,0.040263711238646666
45,385,MKT_RF,0.4580807620521255
45,385,SMB,-0.4157389149640846
45,385,HML,0.29926278888689617
45,385,WML,0.443968267643981
45,386,MKT_RF,0.29813738450319177
45,386,SMB,-0.3047299645542706
45,386,HML,0.6746053956941616
45,386,WML,0.4519438329363148
45,387,MKT_RF,0.3167383731365741
45,387,SMB,-0.05992865564086848
45,387,HML,0.2996415929303636
45,387,WML,0.37266104444125503
45,388,MKT_RF,0.44741488372199545
45,388,SMB,-0.20454160085185288
45,388,HML,0.6001747462109732
45,388,WML,0.21337490057657832
45,389,MKT_RF,0.3213892197882525
45,389,SMB,-0.0618823931351054
45,389,HML,0.5056814368262681
45,389,WML,0.7078592954519219
45,390,MKT_RF,0.21946322036306226
45,390,SMB,0.05174343721621474
45,390,HML,0.6034440548133224
45,390,WML,0.7616208955203175
45,391,MKT_RF,0.308107769432137
45,391,SMB,-0.1676793688604233
45,391,HML,0.29895941761439776
45,391,WML,0.35505542382619665
45,392,MKT_RF,0.44250030728678297
45,392,SMB,-0.025603966215768086
45,392,HML,0.5456797594116427
45,392,WML,-0.057587752675060146
45,393,MKT_RF,0.3435094608268687
45,393,SMB,-0.16620770004620375
45,393,HML,0.6655514422221996
45,393,WML,0.387978585232251
45,394,MKT_RF,0.4007777635111794
45,394,SMB,-0.06289951880290254
45,394,HML,0.34098311889682537
45,394,WML,0.1489061187313559
45,395,MKT_RF,0.479910566763795
45,395,SMB,-0.07951156447233208
45,395,HML,0.3041527833208677
45,395,WML,0.15953895578250762
45,396,MKT_RF,0.3885829006457933
45,396,SMB,-0.22241174479276302
45,396,HML,0.5488508603981771
45,396,WML,0.30704209601680765
45,397,MKT_RF,0.23695158165791047
45,397,SMB,-0.0450049010344489
45,397,HML,0.3991942123447519
45,397,WML,0.6782692940200147
45,398,MKT_RF,0.283268821840953
45,398,SMB,-0.12432311419762708
45,398,HML,0.5011655774871441
45,398,WML,0.641795726778711
45,399,MKT_RF,0.35772874669657106
45,399,SMB,-0.15356459455094704
45,399,HML,0.4212593902542874
45,399,WML,0.43631904728662774
45,400,MKT_RF,0.39305338491313935
45,400,SMB,-0.14856372799133144
45,400,HML,0.5171784793878789
45,400,WML,0.4909930730929698
45,401,MKT_RF,0.3763790499179527
45,401,SMB,-0.26711175206613413
45,401,HML,0.31694351353760913
45,401,WML,0.33015149463827276
45,402,MKT_RF,0.2446422835015601
45,402,SMB,-0.03296107519082872
45,402,HML,0.6587789620282575
45,402,WML,0.34376609914114553
45,403,MKT_RF,0.351494791272607
45,403,SMB,0.05569086927683669
45,403,HML,0.3170565574574232
45,403,WML,0.36445829432314497
45,404,MKT_RF,0.3379341165489842
45,404,SMB,0.0690952929907363
45,404,HML,0.3760818735292163
45,404,WML,0.7893200099716458
45,405,MKT_RF,0.5030806465981816
45,405,SMB,0.14430748694602621
45,405,HML,0.18305089097247146
45,405,WML,0.26891066340150405
45,406,MKT_RF,0.2441179120115434
45,406,SMB,-0.08760840367719706
45,406,HML,0.34410509194521105
45,406,WML,0.6498941743982686
45,407,MKT_RF,0.38564179408176286
45,407,SMB,-0.09423789313303448
45,407,HML,0.30240497306834263
45,407,WML,0.057319964308548674
45,408,MKT_RF,0.3106224297973448
45,408,SMB,-0.13286382425297533
45,408,HML,0.7037536019850001
45,408,WML,0.47326450468496745
45,409,MKT_RF,0.21032974930569215
45,409,SMB,-0.23264083291721863
45,409,HML,0.6452817881313702
45,409,WML,0.8105512543724048
45,410,MKT_RF,0.39169974901412596
45,410,SMB,0.004304501604709842
45,410,HML,0.6530650924474923
45,410,WML,0.11941260336249958
45,411,MKT_RF,0.35260034947656194
45,411,SMB,0.19922957645914868
45,411,HML,0.4689751130430588
45,411,WML,0.2283365965923329
45,412,MKT_RF,0.3578747172345277
45,412,SMB,-0.2693602044132414
45,412,HML,0.4453418484011238
45,412,WML,0.3255621062368023
45,413,MKT_RF,0.39902719255433106
45,413,SMB,-0.31238753049727447
45,413,HML,0.5437501949293279
45,413,WML,0.37659086356120686
45,414,MKT_RF,0.2506753129423569
45,414,SMB,0.11201379419476111
45,414,HML,0.587784637322059
45,414,WML,0.7404934960752726
45,415,MKT_RF,0.38664609169307773
45,415,SMB,-0.381560925979522
45,415,HML,0.2421783475053699
45,415,WML,0.4994146854968662
45,416,MKT_RF,0.49605260794458045
45,416,SMB,-0.04847832148969817
45,416,HML,0.14833516966394103
45,416,WML,0.2847515097271641
45,417,MKT_RF,0.4225712601283997
45,417,SMB,-0.1767666880338696
45,417,HML,0.44232928092612156
45,417,WML,0.3791259838386725
45,418,MKT_RF,0.3108992626376183
45,418,SMB,-0.1464877494658033
45,418,HML,0.2865182901528285
45,418,WML,0.46222413074093444
45,419,MKT_RF,0.35564968459663
45,419,SMB,-0.09617937436162922
45,419,HML,0.5364741533675168
45,419,WML,0.37022160840120233
45,420,MKT_RF,0.4226435270195013
45,420,SMB,-0.2807282683602966
45,420,HML,0.7848455544439905
45,420,WML,0.3251126837037887
45,421,MKT_RF,0.33825575867542806
45,421,SMB,-0.025206712404323796
45,421,HML,0.36402600197728247
45,421,WML,0.705883234323812
45,422,MKT_RF,0.22459724022167113
45,422,SMB,-0.34778079477805907
45,422,HML,0.37376655861258845
45,422,WML,0.6305541980083608
45,423,MKT_RF,0.3560802494833991
45,423,SMB,-0.058366069313940096
45,423,HML,0.2612756636286615
45,423,WML,0.5399721661159835
45,424,MKT_RF,0.3849965870188569
45,424,SMB,-0.04027508178221486
45,424,HML,0.41390834090389184
45,424,WML,0.011019400668063825
45,425,MKT_RF,0.28949956307409863
45,425,SMB,0.004755380496423943
45,425,HML,0.3984064522392135
45,425,WML,0.31515741892603605
45,426,MKT_RF,0.40833598225727985
45,426,SMB,-0.39085419332017707
45,426,HML,0.462542673818546
45,426,WML,0.19918181834280496
45,427,MKT_RF,0.2879166427237669
45,427,SMB,-0.026096076717122177
45,427,HML,0.3562112450795549
45,427,WML,0.8232069552691166
45,428,MKT_RF,0.3614890103492832
45,428,SMB,-0.1313768095442682
45,428,HML,0.27563834666989107
45,428,WML,0.7165627464427418
45,429,MKT_RF,0.5418026153351164
45,429,SMB,-0.20497399149119938
45,429,HML,0.30504907691579114
45,429,WML,-0.21859032473570777
45,430,MKT_RF,0.28068520715537254
45,430,SMB,-0.29162147797200366
45,430,HML,0.39294786477858085
45,430,WML,0.606340973812262
45,431,MKT_RF,0.3115783102682598
45,431,SMB,-0.00816825002358825
45,431,HML,0.4588965810748466
45,431,WML,0.38649667801078136
45,432,MKT_RF,0.35812341452952295
45,432,SMB,-0.16693104111617504
45,432,HML,0.4468675545710862
45,432,WML,0.39496495164367557
45,433,MKT_RF,0.40307504031089203
45,433,SMB,-0.09245007473242209
45,433,HML,-0.044807779243992665
45,433,WML,0.623063867197551
45,434,MKT_RF,0.21519398423562036
45,434,SMB,0.06232576928429062
45,434,HML,0.3966305400437508
45,434,WML,0.6047282866427256
45,435,MKT_RF,0.15143182957885268
45,435,SMB,-0.11076794590855053
45,435,HML,0.55387668964778
45,435,WML,0.7799274054403663
45,436,MKT_RF,0.2766201667062052
45,436,SMB,-0.06957314515691361
45,436,HML,0.5798111329053779
45,436,WML,0.7242990180558567
45,437,MKT_RF,0.41816904756699147
45,437,SMB,0.007400695429366527
45,437,HML,0.5233812945444597
45,437,WML,0.26074533372314873
45,438,MKT_RF,0.20225740435879255
45,438,SMB,0.12833759129207103
45,438,HML,0.6396351007383548
45,438,WML,0.714785454323993
45,439,MKT_RF,0.44270887921628754
45,439,SMB,-0.02636795889603061
45,439,HML,0.5342628093142326
45,439,WML,0.062156712768342386
45,440,MKT_RF,0.14622545587042232
45,440,SMB,-0.04144910065733033
45,440,HML,0.5622810538152687
45,440,WML,1.0636918745096025
45,441,MKT_RF,0.5210323404418351
45,441,SMB,-0.11267831485620419
45,441,HML,0.29739376874477913
45,441,WML,0.16921761648487704
45,442,MKT_RF,0.39345274712424083
45,442,SMB,-0.11825782489289823
45,442,HML,0.28060410067401426
45,442,WML,0.4481440355275227
45,443,MKT_RF,0.4627588983273441
45,443,SMB,-0.38624110895914177
45,443,HML,0.8003846501189578
45,443,WML,0.46539836051429656
45,444,MKT_RF,0.3049028247282904
45,444,SMB,0.03567603343057277
45,444,HML,0.3815193260044007
45,444,WML,0.6447912695714791
45,445,MKT_RF,0.3179793265385551
45,445,SMB,0.05164109364348888
45,445,HML,0.22904341002195686
45,445,WML,0.29791561886143625
45,446,MKT_RF,0.4642367413170083
45,446,SMB,-0.2864009491931828
45,446,HML,0.38871044336513094
45,446,WML,0.5003314286995076
45,447,MKT_RF,0.49466035468725184
45,447,SMB,-0.11424199924222994
45,447,HML,0.13221325053191882
45,447,WML,0.22694035839170704
45,448,MKT_RF,0.35076905792390434
45,448,SMB,-0.1587187305543797
45,448,HML,0.5190719272602795
45,448,WML,0.26028248465389076
45,449,MKT_RF,0.3665913137451197
45,449,SMB,-0.10518984623454206
45,449,HML,0.27888009379198975
45,449,WML,0.2164029150757305
45,450,MKT_RF,0.4070424101690864
45,450,SMB,0.01091769048088459
45,450,HML,0.479166785906908
45,450,WML,0.47340782764784234
45,451,MKT_RF,0.37252471594244685
45,451,SMB,-0.31405804847837326
45,451,HML,0.2513854040578848
45,451,WML,0.3839266954224412
45,452,MKT_RF,0.4181788889020088
45,452,SMB,-0.3823406912919572
45,452,HML,0.3707690047055111
45,452,WML,0.2566400405330104
45,453,MKT_RF,0.35179889525826824
45,453,SMB,0.09819620878644882
45,453,HML,0.5871423197090828
45,453,WML,0.5880456406551023
45,454,MKT_RF,0.20034812885586234
45,454,SMB,-0.05907353654365754
45,454,HML,0.5588707894746806
45,454,WML,0.7734665194942519
45,455,MKT_RF,0.14492535245800137
45,455,SMB,0.046010790967939544
45,455,HML,0.47884593142864174
45,455,WML,0.5045091256407669
45,456,MKT_RF,0.2410939230629597
45,456,SMB,-0.3377195437173508
45,456,HML,0.4350981234204869
45,456,WML,0.6306873302449124
45,457,MKT_RF,0.16051531461547078
45,457,SMB,-0.09604437419046359
45,457,HML,0.4479848439088084
45,457,WML,0.7699102943356761
45,458,MKT_RF,0.4596957241993806
45,458,SMB,-0.23526558792390073
45,458,HML,0.37743588366799413
45,458,WML,0.378971663323843
45,459,MKT_RF,0.38195944367107176
45,459,SMB,-0.49373748725634403
45,459,HML,0.47938676060672125
45,459,WML,0.21056602885361214
45,460,MKT_RF,0.2825039840439751
45,460,SMB,-0.23638509348171335
45,460,HML,0.3704775744152244
45,460,WML,0.7138734552665172
45,461,MKT_RF,0.2722448082263917
45,461,SMB,-0.06561886952653442
45,461,HML,0.36107936937558277
45,461,WML,0.5585361699057168
45,462,MKT_RF,0.35031510300378566
45,462,SMB,-0.07798749823043871
45,462,HML,0.6025774323820132
45,462,WML,0.22457231222851962
45,463,MKT_RF,0.31445221093915404
45,463,SMB,-0.3747299423732675
45,463,HML,0.5819517818042098
45,463,WML,0.6894032341987699
45,464,MKT_RF,0.49364677628907455
45,464,SMB,-0.3283594259306874
45,464,HML,0.21442924101784214
45,464,WML,0.11761299812822189
45,465,MKT_RF,0.45578701001136085
45,465,SMB,-0.10280873876162278
45,465,HML,0.3441190819463209
45,465,WML,0.4710788937827231
45,466,MKT_RF,0.3864620813877283
45,466,SMB,-0.08393262498628548
45,466,HML,0.5094346921794699
45,466,WML,0.27418372975782396
45,467,MKT_RF,0.27596799276547507
45,467,SMB,-0.14760899984790493
45,467,HML,0.44997503309386144
45,467,WML,0.40692866037110187
45,468,MKT_RF,0.3430859984090062
45,468,SMB,-0.11067148172367251
45,468,HML,0.2958003185390787
45,468,WML,0.36857752052172693
45,469,MKT_RF,0.23139313221136001
45,469,SMB,-0.13475044643181056
45,469,HML,0.45235074451291085
45,469,WML,0.4790283256549736
45,470,MKT_RF,0.33547115092943686
45,470,SMB,0.005379555375794981
45,470,HML,0.22481243562338699
45,470,WML,0.661273298687857
45,471,MKT_RF,0.3702565169874677
45,471,SMB,-0.22790783416086327
45,471,HML,0.47382010350282117
45,471,WML,0.49336569662059515
45,472,MKT_RF,0.1890255628762427
45,472,SMB,-0.03275237455836705
45,472,HML,0.2855401224868185
45,472,WML,0.621370951797944
45,473,MKT_RF,0.3229599335178417
45,473,SMB,-0.21037334868898638
45,473,HML,0.4949125128380399
45,473,WML,0.7051055064948842
45,474,MKT_RF,0.37247575976673686
45,474,SMB,-0.1885720440655284
45,474,HML,0.41285751467268417
45,474,WML,0.4094579899243359
45,475,MKT_RF,0.32845771358753695
45,475,SMB,-0.3734408101520347
45,475,HML,0.49550937757760977
45,475,WML,0.46871197825695465
45,476,MKT_RF,0.593511960815681
45,476,SMB,-0.1093636423861856
45,476,HML,0.12010226586592641
45,476,WML,0.09675395164458687
45,477,MKT_RF,0.22752728219198312
45,477,SMB,0.03140086177142721
45,477,HML,0.5199694500573545
45,477,WML,0.4006500704637602
45,478,MKT_RF,0.28693028693961076
45,478,SMB,0.1450956900722864
45,478,HML,0.6099022944818328
45,478,WML,0.18948982867038996
45,479,MKT_RF,0.2400916719408707
45,479,SMB,0.10691597775256183
45,479,HML,0.4276063130035521
45,479,WML,0.42870176134925925
45,480,MKT_RF,0.38214930460043567
45,480,SMB,-0.2279062754762929
45,480,HML,0.22663528607251976
45,480,WML,0.509949035738283
45,481,MKT_RF,0.45729221530136305
45,481,SMB,-0.07792350816225115
45,481,HML,0.556697412936273
45,481,WML,-0.11948869616393057
45,482,MKT_RF,0.30536846255804145
45,482,SMB,-0.14366629681391577
45,482,HML,0.5344781089223564
45,482,WML,0.5493768929138519
45,483,MKT_RF,0.25130500250719434
45,483,SMB,-0.11001284707133166
45,483,HML,0.3511690481733197
45,483,WML,0.4284111187148104
45,484,MKT_RF,0.03537842311619487
45,484,SMB,-0.18609198457714285
45,484,HML,0.5742392230508009
45,484,WML,0.7268649849161637
45,485,MKT_RF,0.26317908125879313
45,485,SMB,-0.3319838425861251
45,485,HML,0.7078255786673544
45,485,WML,0.7831919144898706
45,486,MKT_RF,0.3724793280896146
45,486,SMB,-0.13420319224861715
45,486,HML,0.42803254867834883
45,486,WML,0.38558796064317646
45,487,MKT_RF,0.44032836893681143
45,487,SMB,-0.34338782683845237
45,487,HML,0.4760424325070097
45,487,WML,0.5062671887567377
45,488,MKT_RF,0.47968341100959716
45,488,SMB,-0.11318578464194748
45,488,HML,0.17290247853957533
45,488,WML,0.0428189834415991
45,489,MKT_RF,0.22977540119290213
45,489,SMB,-0.19987490985245548
45,489,HML,0.669241263431219
45,489,WML,0.4908449502113727
45,490,MKT_RF,0.11750167728861936
45,490,SMB,0.17307379206218165
45,490,HML,0.5258840225930387
45,490,WML,1.0500092315938594
45,491,MKT_RF,0.17645877425272308
45,491,SMB,-0.12333268462185631
45,491,HML,0.5276200097452127
45,491,WML,0.6113534765263066
45,492,MKT_RF,0.31843503617564145
45,492,SMB,-0.0005782808337959397
45,492,HML,0.13525873397243368
45,492,WML,0.324665148691801
45,493,MKT_RF,0.17665943511244245
45,493,SMB,-0.2927152492173337
45,493,HML,0.30249598953616974
45,493,WML,0.7092030299374312
45,494,MKT_RF,0.4624077165412738
45,494,SMB,-0.21467527170318546
45,494,HML,0.22670434592882555
45,494,WML,-0.0732262081866303
45,495,MKT_RF,0.346166501470615
45,495,SMB,-0.07375078091737092
45,495,HML,0.3123267273660006
45,495,WML,0.7542499398140029
45,496,MKT_RF,0.2174686433276568
45,496,SMB,-0.2909681586827932
45,496,HML,0.5957048441408
45,496,WML,0.6233947112941165
45,497,MKT_RF,0.32868993608788755
45,497,SMB,-0.11649822285175504
45,497,HML,0.3719729981596188
45,497,WML,0.7442921222604684
45,498,MKT_RF,0.10940747627890075
45,498,SMB,-0.2156534750237986
45,498,HML,0.5183037179555748
45,498,WML,0.5848063772788922
45,499,MKT_RF,0.23169517412615054
45,499,SMB,-0.06954589806168306
45,499,HML,0.5449320309176666
45,499,WML,0.8471717639326334
50,0,MKT_RF,0.3458508486928301
50,0,SMB,-0.1006800219253434
50,0,HML,0.5057102457395565
50,0,WML,0.5308486973707337
50,1,MKT_RF,0.34585084869283467
50,1,SMB,-0.10068002192534353
50,1,HML,0.5057102457395551
50,1,WML,0.5308486973707344
50,2,MKT_RF,0.3458508486928334
50,2,SMB,-0.10068002192534056
50,2,HML,0.5057102457395559
50,2,WML,0.530848697370732
50,3,MKT_RF,0.345850848692833
50,3,SMB,-0.1006800219253431
50,3,HML,0.505710245739556
50,3,WML,0.5308486973707359
50,4,MKT_RF,0.3458508486928336
50,4,SMB,-0.1006800219253433
50,4,HML,0.5057102457395546
50,4,WML,0.5308486973707355
50,5,MKT_RF,0.3458508486928335
50,5,SMB,-0.10068002192534177
50,5,HML,0.5057102457395567
50,5,WML,0.5308486973707248
50,6,MKT_RF,0.34585084869283633
50,6,SMB,-0.10068002192534159
50,6,HML,0.5057102457395523
50,6,WML,0.530848697370736
50,7,MKT_RF,0.3458508486928338
50,7,SMB,-0.1006800219253442
50,7,HML,0.5057102457395548
50,7,WML,0.5308486973707384
50,8,MKT_RF,0.34585084869283056
50,8,SMB,-0.10068002192534345
50,8,HML,0.5057102457395546
50,8,WML,0.5308486973707375
50,9,MKT_RF,0.3458508486928333
50,9,SMB,-0.10068002192534194
50,9,HML,0.5057102457395534
50,9,WML,0.5308486973707435
50,10,MKT_RF,0.34585084869283117
50,10,SMB,-0.10068002192534078
50,10,HML,0.5057102457395515
50,10,WML,0.5308486973707321
50,11,MKT_RF,0.3458508486928322
50,11,SMB,-0.10068002192534636
50,11,HML,0.5057102457395541
50,11,WML,0.5308486973707371
50,12,MKT_RF,0.345850848692833
50,12,SMB,-0.10068002192534169
50,12,HML,0.5057102457395561
50,12,WML,0.5308486973707396
50,13,MKT_RF,0.3458508486928289
50,13,SMB,-0.10068002192534316
50,13,HML,0.5057102457395539
50,13,WML,0.5308486973707405
50,14,MKT_RF,0.3458508486928296
50,14,SMB,-0.10068002192534428
50,14,HML,0.5057102457395534
50,14,WML,0.5308486973707418
50,15,MKT_RF,0.34585084869283483
50,15,SMB,-0.10068002192534369
50,15,HML,0.5057102457395529
50,15,WML,0.5308486973707361
50,16,MKT_RF,0.3458508486928327
50,16,SMB,-0.10068002192534287
50,16,HML,0.5057102457395527
50,16,WML,0.5308486973707365
50,17,MKT_RF,0.3458508486928313
50,17,SMB,-0.100680021925341
50,17,HML,0.5057102457395557
50,17,WML,0.5308486973707401
50,18,MKT_RF,0.3458508486928293
50,18,SMB,-0.10068002192534165
50,18,HML,0.5057102457395551
50,18,WML,0.530848697370737
50,19,MKT_RF,0.3458508486928309
50,19,SMB,-0.10068002192534593
50,19,HML,0.5057102457395518
50,19,WML,0.5308486973707366
50,20,MKT_RF,0.34585084869283106
50,20,SMB,-0.100680021925345
50,20,HML,0.5057102457395513
50,20,WML,0.5308486973707324
50,21,MKT_RF,0.3458508486928331
50,21,SMB,-0.10068002192534349
50,21,HML,0.505710245739555
50,21,WML,0.5308486973707367
50,22,MKT_RF,0.3458508486928327
50,22,SMB,-0.10068002192534525
50,22,HML,0.5057102457395546
50,22,WML,0.5308486973707317
50,23,MKT_RF,0.3458508486928333
50,23,SMB,-0.10068002192534393
50,23,HML,0.5057102457395543
50,23,WML,0.5308486973707357
50,24,MKT_RF,0.3458508486928326
50,24,SMB,-0.10068002192534489
50,24,HML,0.5057102457395519
50,24,WML,0.530848697370731
50,25,MKT_RF,0.3458508486928316
50,25,SMB,-0.10068002192534511
50,25,HML,0.5057102457395534
50,25,WML,0.5308486973707368
50,26,MKT_RF,0.3458508486928333
50,26,SMB,-0.1006800219253448
50,26,HML,0.5057102457395563
50,26,WML,0.5308486973707365
50,27,MKT_RF,0.34585084869283095
50,27,SMB,-0.10068002192534144
50,27,HML,0.5057102457395545
50,27,WML,0.5308486973707419
50,28,MKT_RF,0.34585084869283095
50,28,SMB,-0.10068002192534292
50,28,HML,0.505710245739557
50,28,WML,0.5308486973707347
50,29,MKT_RF,0.3458508486928318
50,29,SMB,-0.10068002192534234
50,29,HML,0.5057102457395538
50,29,WML,0.5308486973707311
50,30,MKT_RF,0.34585084869282906
50,30,SMB,-0.10068002192534324
50,30,HML,0.5057102457395578
50,30,WML,0.5308486973707361
50,31,MKT_RF,0.34585084869283356
50,31,SMB,-0.1006800219253438
50,31,HML,0.5057102457395543
50,31,WML,0.5308486973707324
50,32,MKT_RF,0.3458508486928302
50,32,SMB,-0.10068002192534395
50,32,HML,0.5057102457395529
50,32,WML,0.5308486973707351
50,33,MKT_RF,0.345850848692832
50,33,SMB,-0.10068002192534417
50,33,HML,0.5057102457395529
50,33,WML,0.5308486973707319
50,34,MKT_RF,0.34585084869283317
50,34,SMB,-0.10068002192534163
50,34,HML,0.5057102457395534
50,34,WML,0.5308486973707315
50,35,MKT_RF,0.34585084869283134
50,35,SMB,-0.10068002192534674
50,35,HML,0.5057102457395549
50,35,WML,0.5308486973707348
50,36,MKT_RF,0.34585084869283156
50,36,SMB,-0.10068002192534219
50,36,HML,0.505710245739556
50,36,WML,0.5308486973707376
50,37,MKT_RF,0.34585084869283417
50,37,SMB,-0.10068002192534152
50,37,HML,0.5057102457395544
50,37,WML,0.5308486973707308
50,38,MKT_RF,0.3458508486928308
50,38,SMB,-0.10068002192534509
50,38,HML,0.5057102457395548
50,38,WML,0.530848697370736
50,39,MKT_RF,0.3458508486928287
50,39,SMB,-0.10068002192534428
50,39,HML,0.5057102457395533
50,39,WML,0.5308486973707378
50,40,MKT_RF,0.34585084869282967
50,40,SMB,-0.10068002192534271
50,40,HML,0.5057102457395529
50,40,WML,0.5308486973707376
50,41,MKT_RF,0.34585084869283145
50,41,SMB,-0.10068002192534371
50,41,HML,0.5057102457395547
50,41,WML,0.5308486973707406
50,42,MKT_RF,0.34585084869283383
50,42,SMB,-0.10068002192534453
50,42,HML,0.5057102457395534
50,42,WML,0.5308486973707326
50,43,MKT_RF,0.34585084869283117
50,43,SMB,-0.10068002192534002
50,43,HML,0.5057102457395556
50,43,WML,0.5308486973707296
50,44,MKT_RF,0.34585084869283306
50,44,SMB,-0.10068002192533981
50,44,HML,0.5057102457395524
50,44,WML,0.5308486973707348
50,45,MKT_RF,0.34585084869283084
50,45,SMB,-0.10068002192534235
50,45,HML,0.5057102457395567
50,45,WML,0.5308486973707391
50,46,MKT_RF,0.345850848692834
50,46,SMB,-0.10068002192534231
50,46,HML,0.5057102457395533
50,46,WML,0.5308486973707339
50,47,MKT_RF,0.34585084869283
50,47,SMB,-0.10068002192534349
50,47,HML,0.5057102457395547
50,47,WML,0.5308486973707327
50,48,MKT_RF,0.34585084869283084
50,48,SMB,-0.10068002192534371
50,48,HML,0.5057102457395556
50,48,WML,0.5308486973707496
50,49,MKT_RF,0.3458508486928281
50,49,SMB,-0.1006800219253412
50,49,HML,0.5057102457395561
50,49,WML,0.5308486973707405
50,50,MKT_RF,0.345850848692833
50,50,SMB,-0.10068002192534513
50,50,HML,0.5057102457395565
50,50,WML,0.53084869737073
50,51,MKT_RF,0.34585084869283017
50,51,SMB,-0.10068002192534306
50,51,HML,0.5057102457395556
50,51,WML,0.5308486973707309
50,52,MKT_RF,0.3458508486928302
50,52,SMB,-0.10068002192534224
50,52,HML,0.5057102457395543
50,52,WML,0.5308486973707379
50,53,MKT_RF,0.34585084869283006
50,53,SMB,-0.10068002192534385
50,53,HML,0.5057102457395529
50,53,WML,0.5308486973707301
50,54,MKT_RF,0.34585084869283084
50,54,SMB,-0.10068002192534828
50,54,HML,0.5057102457395546
50,54,WML,0.5308486973707356
50,55,MKT_RF,0.34585084869283117
50,55,SMB,-0.10068002192534466
50,55,HML,0.5057102457395553
50,55,WML,0.530848697370737
50,56,MKT_RF,0.34585084869283417
50,56,SMB,-0.1006800219253434
50,56,HML,0.5057102457395558
50,56,WML,0.5308486973707341
50,57,MKT_RF,0.34585084869282934
50,57,SMB,-0.10068002192534344
50,57,HML,0.5057102457395571
50,57,WML,0.5308486973707424
50,58,MKT_RF,0.34585084869283106
50,58,SMB,-0.10068002192534352
50,58,HML,0.5057102457395566
50,58,WML,0.5308486973707376
50,59,MKT_RF,0.34585084869283245
50,59,SMB,-0.10068002192534345
50,59,HML,0.5057102457395516
50,59,WML,0.530848697370735
50,60,MKT_RF,0.34585084869283167
50,60,SMB,-0.10068002192534321
50,60,HML,0.5057102457395557
50,60,WML,0.5308486973707345
50,61,MKT_RF,0.34585084869283267
50,61,SMB,-0.10068002192534535
50,61,HML,0.5057102457395548
50,61,WML,0.5308486973707369
50,62,MKT_RF,0.34585084869282895
50,62,SMB,-0.10068002192534296
50,62,HML,0.5057102457395568
50,62,WML,0.5308486973707387
50,63,MKT_RF,0.34585084869283256
50,63,SMB,-0.10068002192534516
50,63,HML,0.5057102457395521
50,63,WML,0.5308486973707298
50,64,MKT_RF,0.34585084869283134
50,64,SMB,-0.10068002192534466
50,64,HML,0.505710245739557
50,64,WML,0.5308486973707315
50,65,MKT_RF,0.3458508486928337
50,65,SMB,-0.10068002192534357
50,65,HML,0.5057102457395557
50,65,WML,0.5308486973707274
50,66,MKT_RF,0.3458508486928296
50,66,SMB,-0.10068002192534306
50,66,HML,0.5057102457395569
50,66,WML,0.5308486973707417
50,67,MKT_RF,0.34585084869282934
50,67,SMB,-0.10068002192534037
50,67,HML,0.5057102457395543
50,67,WML,0.5308486973707378
50,68,MKT_RF,0.34585084869283245
50,68,SMB,-0.10068002192534108
50,68,HML,0.5057102457395546
50,68,WML,0.5308486973707323
50,69,MKT_RF,0.3458508486928328
50,69,SMB,-0.10068002192534051
50,69,HML,0.5057102457395573
50,69,WML,0.5308486973707338
50,70,MKT_RF,0.34585084869283117
50,70,SMB,-0.10068002192534466
50,70,HML,0.5057102457395557
50,70,WML,0.5308486973707407
50,71,MKT_RF,0.34585084869283167
50,71,SMB,-0.10068002192534324
50,71,HML,0.5057102457395579
50,71,WML,0.5308486973707369
50,72,MKT_RF,0.3458508486928315
50,72,SMB,-0.100680021925344
50,72,HML,0.5057102457395559
50,72,WML,0.5308486973707367
50,73,MKT_RF,0.34585084869283383
50,73,SMB,-0.10068002192534138
50,73,HML,0.5057102457395551
50,73,WML,0.5308486973707348
50,74,MKT_RF,0.3458508486928319
50,74,SMB,-0.1006800219253457
50,74,HML,0.5057102457395545
50,74,WML,0.5308486973707369
50,75,MKT_RF,0.3458508486928337
50,75,SMB,-0.10068002192534449
50,75,HML,0.5057102457395524
50,75,WML,0.5308486973707289
50,76,MKT_RF,0.3458508486928302
50,76,SMB,-0.10068002192534292
50,76,HML,0.5057102457395543
50,76,WML,0.5308486973707377
50,77,MKT_RF,0.34585084869283317
50,77,SMB,-0.10068002192534219
50,77,HML,0.5057102457395531
50,77,WML,0.5308486973707349
50,78,MKT_RF,0.34585084869283317
50,78,SMB,-0.10068002192534464
50,78,HML,0.5057102457395546
50,78,WML,0.5308486973707385
50,79,MKT_RF,0.3458508486928299
50,79,SMB,-0.10068002192534113
50,79,HML,0.5057102457395563
50,79,WML,0.5308486973707371
50,80,MKT_RF,0.3458508486928322
50,80,SMB,-0.10068002192534367
50,80,HML,0.505710245739555
50,80,WML,0.5308486973707407
50,81,MKT_RF,0.34585084869283017
50,81,SMB,-0.10068002192534542
50,81,HML,0.5057102457395527
50,81,WML,0.5308486973707349
50,82,MKT_RF,0.3458508486928317
50,82,SMB,-0.10068002192534269
50,82,HML,0.5057102457395557
50,82,WML,0.530848697370735
50,83,MKT_RF,0.34585084869283317
50,83,SMB,-0.10068002192534456
50,83,HML,0.5057102457395525
50,83,WML,0.530848697370729
50,84,MKT_RF,0.3458508486928304
50,84,SMB,-0.10068002192534231
50,84,HML,0.5057102457395537
50,84,WML,0.5308486973707395
50,85,MKT_RF,0.3458508486928307
50,85,SMB,-0.10068002192534276
50,85,HML,0.5057102457395558
50,85,WML,0.5308486973707363
50,86,MKT_RF,0.34585084869283234
50,86,SMB,-0.10068002192534245
50,86,HML,0.5057102457395507
50,86,WML,0.5308486973707357
50,87,MKT_RF,0.345850848692835
50,87,SMB,-0.10068002192534305
50,87,HML,0.5057102457395509
50,87,WML,0.5308486973707328
50,88,MKT_RF,0.3458508486928299
50,88,SMB,-0.1006800219253426
50,88,HML,0.5057102457395556
50,88,WML,0.5308486973707347
50,89,MKT_RF,0.3458508486928315
50,89,SMB,-0.10068002192534432
50,89,HML,0.505710245739556
50,89,WML,0.5308486973707435
50,90,MKT_RF,0.34585084869282934
50,90,SMB,-0.10068002192534471
50,90,HML,0.5057102457395559
50,90,WML,0.5308486973707355
50,91,MKT_RF,0.3458508486928311
50,91,SMB,-0.10068002192534138
50,91,HML,0.5057102457395538
50,91,WML,0.5308486973707401
50,92,MKT_RF,0.3458508486928332
50,92,SMB,-0.1006800219253426
50,92,HML,0.5057102457395514
50,92,WML,0.5308486973707325
50,93,MKT_RF,0.3458508486928319
50,93,SMB,-0.10068002192534325
50,93,HML,0.5057102457395546
50,93,WML,0.530848697370737
50,94,MKT_RF,0.3458508486928316
50,94,SMB,-0.1006800219253442
50,94,HML,0.5057102457395535
50,94,WML,0.5308486973707335
50,95,MKT_RF,0.345850848692832
50,95,SMB,-0.10068002192534183
50,95,HML,0.5057102457395548
50,95,WML,0.5308486973707427
50,96,MKT_RF,0.3458508486928321
50,96,SMB,-0.10068002192534169
50,96,HML,0.5057102457395516
50,96,WML,0.5308486973707361
50,97,MKT_RF,0.34585084869283367
50,97,SMB,-0.10068002192534257
50,97,HML,0.5057102457395528
50,97,WML,0.5308486973707298
50,98,MKT_RF,0.3458508486928323
50,98,SMB,-0.10068002192534337
50,98,HML,0.5057102457395535
50,98,WML,0.5308486973707314
50,99,MKT_RF,0.3458508486928278
50,99,SMB,-0.10068002192534097
50,99,HML,0.5057102457395526
50,99,WML,0.5308486973707328
50,100,MKT_RF,0.3458508486928346
50,100,SMB,-0.10068002192534568
50,100,HML,0.5057102457395533
50,100,WML,0.5308486973707328
50,101,MKT_RF,0.34585084869283217
50,101,SMB,-0.10068002192534474
50,101,HML,0.505710245739554
50,101,WML,0.5308486973707335
50,102,MKT_RF,0.3458508486928323
50,102,SMB,-0.10068002192534388
50,102,HML,0.5057102457395543
50,102,WML,0.5308486973707378
50,103,MKT_RF,0.3458508486928315
50,103,SMB,-0.10068002192534367
50,103,HML,0.5057102457395547
50,103,WML,0.5308486973707337
50,104,MKT_RF,0.34585084869283356
50,104,SMB,-0.10068002192534212
50,104,HML,0.5057102457395535
50,104,WML,0.5308486973707355
50,105,MKT_RF,0.3458508486928298
50,105,SMB,-0.10068002192534349
50,105,HML,0.5057102457395563
50,105,WML,0.5308486973707359
50,106,MKT_RF,0.3458508486928301
50,106,SMB,-0.10068002192534306
50,106,HML,0.5057102457395579
50,106,WML,0.5308486973707397
50,107,MKT_RF,0.34585084869283234
50,107,SMB,-0.10068002192534271
50,107,HML,0.5057102457395506
50,107,WML,0.530848697370732
50,108,MKT_RF,0.34585084869283245
50,108,SMB,-0.10068002192534152
50,108,HML,0.5057102457395534
50,108,WML,0.5308486973707383
50,109,MKT_RF,0.3458508486928316
50,109,SMB,-0.10068002192534602
50,109,HML,0.5057102457395498
50,109,WML,0.5308486973707305
50,110,MKT_RF,0.3458508486928309
50,110,SMB,-0.10068002192534486
50,110,HML,0.5057102457395551
50,110,WML,0.5308486973707349
50,111,MKT_RF,0.34585084869283256
50,111,SMB,-0.1006800219253417
50,111,HML,0.5057102457395527
50,111,WML,0.5308486973707351
50,112,MKT_RF,0.34585084869283195
50,112,SMB,-0.10068002192534196
50,112,HML,0.5057102457395528
50,112,WML,0.5308486973707343
50,113,MKT_RF,0.34585084869283067
50,113,SMB,-0.10068002192534285
50,113,HML,0.5057102457395543
50,113,WML,0.5308486973707435
50,114,MKT_RF,0.34585084869283
50,114,SMB,-0.10068002192534581
50,114,HML,0.5057102457395545
50,114,WML,0.5308486973707359
50,115,MKT_RF,0.34585084869283117
50,115,SMB,-0.10068002192534367
50,115,HML,0.5057102457395574
50,115,WML,0.5308486973707381
50,116,MKT_RF,0.345850848692834
50,116,SMB,-0.10068002192534035
50,116,HML,0.5057102457395553
50,116,WML,0.5308486973707363
50,117,MKT_RF,0.34585084869282795
50,117,SMB,-0.10068002192534316
50,117,HML,0.5057102457395599
50,117,WML,0.5308486973707414
50,118,MKT_RF,0.3458508486928352
50,118,SMB,-0.10068002192534414
50,118,HML,0.5057102457395564
50,118,WML,0.5308486973707349
50,119,MKT_RF,0.34585084869283284
50,119,SMB,-0.1006800219253424
50,119,HML,0.5057102457395573
50,119,WML,0.5308486973707359
50,120,MKT_RF,0.34585084869282967
50,120,SMB,-0.10068002192534178
50,120,HML,0.5057102457395525
50,120,WML,0.5308486973707368
50,121,MKT_RF,0.3458508486928312
50,121,SMB,-0.1006800219253437
50,121,HML,0.5057102457395573
50,121,WML,0.5308486973707408
50,122,MKT_RF,0.3458508486928313
50,122,SMB,-0.10068002192534145
50,122,HML,0.5057102457395523
50,122,WML,0.5308486973707353
50,123,MKT_RF,0.34585084869282984
50,123,SMB,-0.10068002192534237
50,123,HML,0.5057102457395549
50,123,WML,0.5308486973707369
50,124,MKT_RF,0.34585084869283206
50,124,SMB,-0.1006800219253447
50,124,HML,0.5057102457395523
50,124,WML,0.530848697370735
50,125,MKT_RF,0.3458508486928304
50,125,SMB,-0.10068002192534165
50,125,HML,0.5057102457395557
50,125,WML,0.5308486973707406
50,126,MKT_RF,0.345850848692833
50,126,SMB,-0.10068002192534314
50,126,HML,0.5057102457395555
50,126,WML,0.5308486973707375
50,127,MKT_RF,0.3458508486928309
50,127,SMB,-0.10068002192534287
50,127,HML,0.5057102457395565
50,127,WML,0.5308486973707374
50,128,MKT_RF,0.3458508486928304
50,128,SMB,-0.10068002192534145
50,128,HML,0.5057102457395584
50,128,WML,0.5308486973707376
50,129,MKT_RF,0.3458508486928306
50,129,SMB,-0.10068002192534435
50,129,HML,0.5057102457395527
50,129,WML,0.530848697370742
50,130,MKT_RF,0.3458508486928314
50,130,SMB,-0.10068002192534264
50,130,HML,0.5057102457395588
50,130,WML,0.5308486973707338
50,131,MKT_RF,0.3458508486928322
50,131,SMB,-0.10068002192534015
50,131,HML,0.5057102457395557
50,131,WML,0.5308486973707343
50,132,MKT_RF,0.34585084869283145
50,132,SMB,-0.10068002192534051
50,132,HML,0.5057102457395521
50,132,WML,0.5308486973707356
50,133,MKT_RF,0.3458508486928303
50,133,SMB,-0.10068002192534184
50,133,HML,0.5057102457395553
50,133,WML,0.5308486973707376
50,134,MKT_RF,0.3458508486928296
50,134,SMB,-0.10068002192534595
50,134,HML,0.5057102457395548
50,134,WML,0.5308486973707355
50,135,MKT_RF,0.3458508486928336
50,135,SMB,-0.10068002192534345
50,135,HML,0.5057102457395534
50,135,WML,0.5308486973707294
50,136,MKT_RF,0.3458508486928323
50,136,SMB,-0.10068002192534309
50,136,HML,0.5057102457395543
50,136,WML,0.530848697370735
50,137,MKT_RF,0.3458508486928301
50,137,SMB,-0.10068002192534503
50,137,HML,0.5057102457395543
50,137,WML,0.5308486973707299
50,138,MKT_RF,0.3458508486928316
50,138,SMB,-0.10068002192534567
50,138,HML,0.5057102457395528
50,138,WML,0.5308486973707374
50,139,MKT_RF,0.3458508486928305
50,139,SMB,-0.10068002192534385
50,139,HML,0.5057102457395519
50,139,WML,0.5308486973707323
50,140,MKT_RF,0.34585084869283067
50,140,SMB,-0.1006800219253434
50,140,HML,0.5057102457395574
50,140,WML,0.5308486973707364
50,141,MKT_RF,0.3458508486928298
50,141,SMB,-0.10068002192534393
50,141,HML,0.5057102457395549
50,141,WML,0.5308486973707408
50,142,MKT_RF,0.34585084869283217
50,142,SMB,-0.10068002192534256
50,142,HML,0.505710245739554
50,142,WML,0.5308486973707399
50,143,MKT_RF,0.3458508486928328
50,143,SMB,-0.10068002192534535
50,143,HML,0.505710245739555
50,143,WML,0.5308486973707343
50,144,MKT_RF,0.34585084869283306
50,144,SMB,-0.10068002192534234
50,144,HML,0.5057102457395544
50,144,WML,0.5308486973707363
50,145,MKT_RF,0.34585084869283517
50,145,SMB,-0.10068002192534362
50,145,HML,0.5057102457395553
50,145,WML,0.5308486973707311
50,146,MKT_RF,0.34585084869283267
50,146,SMB,-0.10068002192534554
50,146,HML,0.5057102457395517
50,146,WML,0.5308486973707365
50,147,MKT_RF,0.3458508486928307
50,147,SMB,-0.10068002192534603
50,147,HML,0.5057102457395527
50,147,WML,0.5308486973707395
50,148,MKT_RF,0.3458508486928313
50,148,SMB,-0.10068002192534328
50,148,HML,0.5057102457395545
50,148,WML,0.5308486973707366
50,149,MKT_RF,0.34585084869282645
50,149,SMB,-0.1006800219253433
50,149,HML,0.5057102457395557
50,149,WML,0.5308486973707415
50,150,MKT_RF,0.3458508486928311
50,150,SMB,-0.10068002192534402
50,150,HML,0.5057102457395554
50,150,WML,0.5308486973707375
50,151,MKT_RF,0.3458508486928349
50,151,SMB,-0.10068002192534438
50,151,HML,0.5057102457395551
50,151,WML,0.5308486973707307
50,152,MKT_RF,0.34585084869283184
50,152,SMB,-0.10068002192534276
50,152,HML,0.5057102457395537
50,152,WML,0.5308486973707357
50,153,MKT_RF,0.3458508486928324
50,153,SMB,-0.10068002192534299
50,153,HML,0.5057102457395544
50,153,WML,0.5308486973707354
50,154,MKT_RF,0.34585084869283517
50,154,SMB,-0.10068002192534324
50,154,HML,0.5057102457395567
50,154,WML,0.5308486973707319
50,155,MKT_RF,0.3458508486928292
50,155,SMB,-0.10068002192534355
50,155,HML,0.5057102457395568
50,155,WML,0.5308486973707395
50,156,MKT_RF,0.3458508486928301
50,156,SMB,-0.10068002192534195
50,156,HML,0.5057102457395567
50,156,WML,0.5308486973707385
50,157,MKT_RF,0.34585084869283167
50,157,SMB,-0.10068002192534363
50,157,HML,0.5057102457395545
50,157,WML,0.5308486973707314
50,158,MKT_RF,0.34585084869283284
50,158,SMB,-0.10068002192534435
50,158,HML,0.5057102457395561
50,158,WML,0.530848697370736
50,159,MKT_RF,0.34585084869283145
50,159,SMB,-0.10068002192534241
50,159,HML,0.5057102457395511
50,159,WML,0.530848697370739
50,160,MKT_RF,0.3458508486928336
50,160,SMB,-0.10068002192534363
50,160,HML,0.5057102457395527
50,160,WML,0.5308486973707404
50,161,MKT_RF,0.3458508486928329
50,161,SMB,-0.10068002192534387
50,161,HML,0.5057102457395557
50,161,WML,0.530848697370739
50,162,MKT_RF,0.34585084869283184
50,162,SMB,-0.10068002192534245
50,162,HML,0.5057102457395535
50,162,WML,0.5308486973707375
50,163,MKT_RF,0.3458508486928319
50,163,SMB,-0.10068002192534554
50,163,HML,0.5057102457395538
50,163,WML,0.5308486973707368
50,164,MKT_RF,0.3458508486928335
50,164,SMB,-0.10068002192534486
50,164,HML,0.5057102457395537
50,164,WML,0.530848697370736
50,165,MKT_RF,0.34585084869282867
50,165,SMB,-0.10068002192534235
50,165,HML,0.5057102457395574
50,165,WML,0.5308486973707406
50,166,MKT_RF,0.3458508486928362
50,166,SMB,-0.10068002192534425
50,166,HML,0.5057102457395529
50,166,WML,0.5308486973707297
50,167,MKT_RF,0.34585084869283056
50,167,SMB,-0.10068002192534425
50,167,HML,0.5057102457395556
50,167,WML,0.5308486973707378
50,168,MKT_RF,0.34585084869283206
50,168,SMB,-0.10068002192534414
50,168,HML,0.505710245739551
50,168,WML,0.5308486973707357
50,169,MKT_RF,0.34585084869282884
50,169,SMB,-0.10068002192534287
50,169,HML,0.5057102457395566
50,169,WML,0.5308486973707335
50,170,MKT_RF,0.3458508486928288
50,170,SMB,-0.10068002192534345
50,170,HML,0.5057102457395545
50,170,WML,0.530848697370737
50,171,MKT_RF,0.34585084869283417
50,171,SMB,-0.10068002192534496
50,171,HML,0.5057102457395544
50,171,WML,0.5308486973707313
50,172,MKT_RF,0.3458508486928331
50,172,SMB,-0.1006800219253422
50,172,HML,0.5057102457395529
50,172,WML,0.5308486973707311
50,173,MKT_RF,0.3458508486928289
50,173,SMB,-0.10068002192534464
50,173,HML,0.5057102457395541
50,173,WML,0.5308486973707316
50,174,MKT_RF,0.3458508486928328
50,174,SMB,-0.10068002192534194
50,174,HML,0.5057102457395557
50,174,WML,0.5308486973707353
50,175,MKT_RF,0.3458508486928333
50,175,SMB,-0.10068002192534493
50,175,HML,0.5057102457395555
50,175,WML,0.5308486973707357
50,176,MKT_RF,0.34585084869283284
50,176,SMB,-0.10068002192534198
50,176,HML,0.5057102457395516
50,176,WML,0.5308486973707379
50,177,MKT_RF,0.34585084869283006
50,177,SMB,-0.10068002192534563
50,177,HML,0.505710245739555
50,177,WML,0.5308486973707355
50,178,MKT_RF,0.34585084869283234
50,178,SMB,-0.10068002192534294
50,178,HML,0.5057102457395543
50,178,WML,0.5308486973707334
50,179,MKT_RF,0.34585084869282795
50,179,SMB,-0.10068002192534171
50,179,HML,0.5057102457395536
50,179,WML,0.5308486973707384
50,180,MKT_RF,0.34585084869282884
50,180,SMB,-0.1006800219253398
50,180,HML,0.5057102457395527
50,180,WML,0.5308486973707353
50,181,MKT_RF,0.345850848692832
50,181,SMB,-0.10068002192534421
50,181,HML,0.5057102457395583
50,181,WML,0.5308486973707343
50,182,MKT_RF,0.3458508486928336
50,182,SMB,-0.10068002192534328
50,182,HML,0.5057102457395513
50,182,WML,0.530848697370733
50,183,MKT_RF,0.3458508486928323
50,183,SMB,-0.10068002192534554
50,183,HML,0.5057102457395526
50,183,WML,0.5308486973707328
50,184,MKT_RF,0.34585084869283483
50,184,SMB,-0.10068002192534528
50,184,HML,0.5057102457395505
50,184,WML,0.5308486973707299
50,185,MKT_RF,0.3458508486928305
50,185,SMB,-0.10068002192534076
50,185,HML,0.5057102457395549
50,185,WML,0.5308486973707369
50,186,MKT_RF,0.34585084869283444
50,186,SMB,-0.10068002192534725
50,186,HML,0.5057102457395547
50,186,WML,0.5308486973707364
50,187,MKT_RF,0.34585084869282945
50,187,SMB,-0.10068002192534124
50,187,HML,0.5057102457395503
50,187,WML,0.5308486973707389
50,188,MKT_RF,0.345850848692832
50,188,SMB,-0.10068002192534235
50,188,HML,0.5057102457395538
50,188,WML,0.5308486973707323
50,189,MKT_RF,0.34585084869283395
50,189,SMB,-0.1006800219253415
50,189,HML,0.505710245739552
50,189,WML,0.5308486973707368
50,190,MKT_RF,0.3458508486928327
50,190,SMB,-0.10068002192534109
50,190,HML,0.5057102457395557
50,190,WML,0.5308486973707334
50,191,MKT_RF,0.3458508486928306
50,191,SMB,-0.10068002192534195
50,191,HML,0.5057102457395544
50,191,WML,0.5308486973707367
50,192,MKT_RF,0.3458508486928338
50,192,SMB,-0.10068002192534449
50,192,HML,0.505710245739554
50,192,WML,0.5308486973707334
50,193,MKT_RF,0.3458508486928301
50,193,SMB,-0.10068002192534353
50,193,HML,0.5057102457395529
50,193,WML,0.5308486973707345
50,194,MKT_RF,0.3458508486928323
50,194,SMB,-0.1006800219253428
50,194,HML,0.5057102457395517
50,194,WML,0.5308486973707334
50,195,MKT_RF,0.34585084869283017
50,195,SMB,-0.1006800219253426
50,195,HML,0.5057102457395527
50,195,WML,0.5308486973707366
50,196,MKT_RF,0.3458508486928334
50,196,SMB,-0.10068002192534452
50,196,HML,0.5057102457395558
50,196,WML,0.5308486973707396
50,197,MKT_RF,0.34585084869282906
50,197,SMB,-0.1006800219253493
50,197,HML,0.5057102457395559
50,197,WML,0.5308486973707346
50,198,MKT_RF,0.3458508486928295
50,198,SMB,-0.1006800219253437
50,198,HML,0.5057102457395568
50,198,WML,0.5308486973707397
50,199,MKT_RF,0.3458508486928316
50,199,SMB,-0.10068002192534219
50,199,HML,0.5057102457395543
50,199,WML,0.5308486973707307
50,200,MKT_RF,0.34585084869282817
50,200,SMB,-0.10068002192534363
50,200,HML,0.5057102457395558
50,200,WML,0.5308486973707397
50,201,MKT_RF,0.3458508486928328
50,201,SMB,-0.10068002192534051
50,201,HML,0.5057102457395541
50,201,WML,0.5308486973707297
50,202,MKT_RF,0.34585084869283317
50,202,SMB,-0.10068002192534291
50,202,HML,0.5057102457395573
50,202,WML,0.5308486973707344
50,203,MKT_RF,0.3458508486928296
50,203,SMB,-0.10068002192534493
50,203,HML,0.5057102457395529
50,203,WML,0.530848697370738
50,204,MKT_RF,0.3458508486928313
50,204,SMB,-0.10068002192534292
50,204,HML,0.5057102457395528
50,204,WML,0.5308486973707394
50,205,MKT_RF,0.3458508486928338
50,205,SMB,-0.10068002192534152
50,205,HML,0.5057102457395524
50,205,WML,0.5308486973707367
50,206,MKT_RF,0.3458508486928324
50,206,SMB,-0.10068002192534235
50,206,HML,0.5057102457395525
50,206,WML,0.5308486973707351
50,207,MKT_RF,0.3458508486928298
50,207,SMB,-0.10068002192534505
50,207,HML,0.5057102457395537
50,207,WML,0.5308486973707369
50,208,MKT_RF,0.34585084869283134
50,208,SMB,-0.10068002192534496
50,208,HML,0.505710245739556
50,208,WML,0.5308486973707359
50,209,MKT_RF,0.34585084869282984
50,209,SMB,-0.1006800219253409
50,209,HML,0.5057102457395498
50,209,WML,0.5308486973707285
50,210,MKT_RF,0.34585084869283345
50,210,SMB,-0.10068002192534273
50,210,HML,0.5057102457395536
50,210,WML,0.5308486973707385
50,211,MKT_RF,0.3458508486928335
50,211,SMB,-0.1006800219253446
50,211,HML,0.5057102457395526
50,211,WML,0.5308486973707275
50,212,MKT_RF,0.34585084869282895
50,212,SMB,-0.1006800219253447
50,212,HML,0.5057102457395543
50,212,WML,0.5308486973707418
50,213,MKT_RF,0.3458508486928311
50,213,SMB,-0.10068002192534474
50,213,HML,0.5057102457395534
50,213,WML,0.5308486973707334
50,214,MKT_RF,0.34585084869283256
50,214,SMB,-0.10068002192534597
50,214,HML,0.5057102457395563
50,214,WML,0.5308486973707376
50,215,MKT_RF,0.3458508486928312
50,215,SMB,-0.10068002192534461
50,215,HML,0.505710245739553
50,215,WML,0.530848697370743
50,216,MKT_RF,0.34585084869282967
50,216,SMB,-0.10068002192534657
50,216,HML,0.5057102457395546
50,216,WML,0.5308486973707375
50,217,MKT_RF,0.34585084869283217
50,217,SMB,-0.100680021925344
50,217,HML,0.505710245739555
50,217,WML,0.5308486973707337
50,218,MKT_RF,0.34585084869283134
50,218,SMB,-0.10068002192534398
50,218,HML,0.5057102457395533
50,218,WML,0.5308486973707319
50,219,MKT_RF,0.3458508486928301
50,219,SMB,-0.10068002192534387
50,219,HML,0.5057102457395549
50,219,WML,0.5308486973707354
50,220,MKT_RF,0.34585084869283056
50,220,SMB,-0.10068002192534244
50,220,HML,0.505710245739554
50,220,WML,0.5308486973707416
50,221,MKT_RF,0.34585084869283056
50,221,SMB,-0.10068002192534006
50,221,HML,0.5057102457395511
50,221,WML,0.5308486973707379
50,222,MKT_RF,0.34585084869283444
50,222,SMB,-0.10068002192534334
50,222,HML,0.5057102457395519
50,222,WML,0.530848697370731
50,223,MKT_RF,0.3458508486928319
50,223,SMB,-0.10068002192534492
50,223,HML,0.5057102457395545
50,223,WML,0.5308486973707383
50,224,MKT_RF,0.3458508486928321
50,224,SMB,-0.10068002192534235
50,224,HML,0.5057102457395555
50,224,WML,0.5308486973707318
50,225,MKT_RF,0.3458508486928302
50,225,SMB,-0.10068002192534106
50,225,HML,0.5057102457395571
50,225,WML,0.5308486973707393
50,226,MKT_RF,0.34585084869283106
50,226,SMB,-0.10068002192534141
50,226,HML,0.5057102457395579
50,226,WML,0.5308486973707375
50,227,MKT_RF,0.34585084869283317
50,227,SMB,-0.10068002192534317
50,227,HML,0.5057102457395573
50,227,WML,0.5308486973707331
50,228,MKT_RF,0.34585084869283045
50,228,SMB,-0.10068002192534199
50,228,HML,0.5057102457395566
50,228,WML,0.5308486973707351
50,229,MKT_RF,0.34585084869282945
50,229,SMB,-0.10068002192534324
50,229,HML,0.505710245739553
50,229,WML,0.5308486973707408
50,230,MKT_RF,0.3458508486928315
50,230,SMB,-0.10068002192534269
50,230,HML,0.5057102457395516
50,230,WML,0.5308486973707351
50,231,MKT_RF,0.34585084869283284
50,231,SMB,-0.10068002192534312
50,231,HML,0.505710245739555
50,231,WML,0.5308486973707375
50,232,MKT_RF,0.3458508486928327
50,232,SMB,-0.10068002192534341
50,232,HML,0.5057102457395574
50,232,WML,0.5308486973707334
50,233,MKT_RF,0.3458508486928291
50,233,SMB,-0.10068002192534291
50,233,HML,0.5057102457395549
50,233,WML,0.5308486973707348
50,234,MKT_RF,0.34585084869283206
50,234,SMB,-0.10068002192534344
50,234,HML,0.5057102457395546
50,234,WML,0.5308486973707374
50,235,MKT_RF,0.3458508486928335
50,235,SMB,-0.10068002192534183
50,235,HML,0.5057102457395534
50,235,WML,0.5308486973707307
50,236,MKT_RF,0.3458508486928315
50,236,SMB,-0.10068002192534849
50,236,HML,0.5057102457395533
50,236,WML,0.5308486973707361
50,237,MKT_RF,0.3458508486928319
50,237,SMB,-0.10068002192534133
50,237,HML,0.5057102457395547
50,237,WML,0.5308486973707418
50,238,MKT_RF,0.34585084869282945
50,238,SMB,-0.10068002192533956
50,238,HML,0.5057102457395533
50,238,WML,0.5308486973707366
50,239,MKT_RF,0.34585084869283295
50,239,SMB,-0.10068002192534492
50,239,HML,0.5057102457395516
50,239,WML,0.5308486973707394
50,240,MKT_RF,0.3458508486928322
50,240,SMB,-0.10068002192534138
50,240,HML,0.5057102457395548
50,240,WML,0.530848697370733
50,241,MKT_RF,0.34585084869282956
50,241,SMB,-0.10068002192534352
50,241,HML,0.5057102457395553
50,241,WML,0.530848697370739
50,242,MKT_RF,0.3458508486928308
50,242,SMB,-0.10068002192534402
50,242,HML,0.5057102457395526
50,242,WML,0.5308486973707373
50,243,MKT_RF,0.3458508486928326
50,243,SMB,-0.10068002192534381
50,243,HML,0.5057102457395574
50,243,WML,0.5308486973707344
50,244,MKT_RF,0.3458508486928321
50,244,SMB,-0.10068002192534238
50,244,HML,0.5057102457395564
50,244,WML,0.5308486973707329
50,245,MKT_RF,0.3458508486928298
50,245,SMB,-0.10068002192534434
50,245,HML,0.5057102457395543
50,245,WML,0.5308486973707353
50,246,MKT_RF,0.3458508486928286
50,246,SMB,-0.10068002192534284
50,246,HML,0.5057102457395539
50,246,WML,0.5308486973707359
50,247,MKT_RF,0.34585084869283117
50,247,SMB,-0.10068002192534198
50,247,HML,0.5057102457395535
50,247,WML,0.5308486973707359
50,248,MKT_RF,0.3458508486928353
50,248,SMB,-0.10068002192534424
50,248,HML,0.5057102457395523
50,248,WML,0.530848697370731
50,249,MKT_RF,0.34585084869283245
50,249,SMB,-0.100680021925344
50,249,HML,0.5057102457395592
50,249,WML,0.5308486973707351
50,250,MKT_RF,0.34585084869283056
50,250,SMB,-0.10068002192534138
50,250,HML,0.5057102457395538
50,250,WML,0.5308486973707348
50,251,MKT_RF,0.34585084869283084
50,251,SMB,-0.10068002192534499
50,251,HML,0.505710245739552
50,251,WML,0.5308486973707347
50,252,MKT_RF,0.34585084869283017
50,252,SMB,-0.10068002192534127
50,252,HML,0.5057102457395553
50,252,WML,0.530848697370736
50,253,MKT_RF,0.34585084869283034
50,253,SMB,-0.10068002192534439
50,253,HML,0.5057102457395564
50,253,WML,0.5308486973707397
50,254,MKT_RF,0.3458508486928323
50,254,SMB,-0.1006800219253458
50,254,HML,0.5057102457395544
50,254,WML,0.530848697370737
50,255,MKT_RF,0.34585084869283056
50,255,SMB,-0.10068002192534248
50,255,HML,0.5057102457395559
50,255,WML,0.5308486973707327
50,256,MKT_RF,0.34585084869283145
50,256,SMB,-0.10068002192534464
50,256,HML,0.5057102457395513
50,256,WML,0.5308486973707311
50,257,MKT_RF,0.34585084869283245
50,257,SMB,-0.10068002192534492
50,257,HML,0.5057102457395549
50,257,WML,0.5308486973707327
50,258,MKT_RF,0.3458508486928323
50,258,SMB,-0.10068002192534241
50,258,HML,0.5057102457395521
50,258,WML,0.5308486973707334
50,259,MKT_RF,0.34585084869283317
50,259,SMB,-0.10068002192534278
50,259,HML,0.5057102457395555
50,259,WML,0.5308486973707377
50,260,MKT_RF,0.345850848692831
50,260,SMB,-0.10068002192534413
50,260,HML,0.5057102457395545
50,260,WML,0.5308486973707399
50,261,MKT_RF,0.34585084869282917
50,261,SMB,-0.10068002192534475
50,261,HML,0.5057102457395559
50,261,WML,0.5308486973707424
50,262,MKT_RF,0.34585084869283317
50,262,SMB,-0.1006800219253441
50,262,HML,0.505710245739553
50,262,WML,0.5308486973707306
50,263,MKT_RF,0.34585084869283195
50,263,SMB,-0.1006800219253418
50,263,HML,0.5057102457395521
50,263,WML,0.5308486973707287
50,264,MKT_RF,0.3458508486928303
50,264,SMB,-0.1006800219253425
50,264,HML,0.5057102457395538
50,264,WML,0.5308486973707355
50,265,MKT_RF,0.34585084869283117
50,265,SMB,-0.10068002192534382
50,265,HML,0.5057102457395551
50,265,WML,0.5308486973707365
50,266,MKT_RF,0.3458508486928286
50,266,SMB,-0.10068002192534348
50,266,HML,0.5057102457395543
50,266,WML,0.5308486973707395
50,267,MKT_RF,0.34585084869282867
50,267,SMB,-0.10068002192534188
50,267,HML,0.5057102457395556
50,267,WML,0.5308486973707379
50,268,MKT_RF,0.34585084869283333
50,268,SMB,-0.1006800219253432
50,268,HML,0.5057102457395527
50,268,WML,0.5308486973707325
50,269,MKT_RF,0.34585084869283045
50,269,SMB,-0.10068002192534166
50,269,HML,0.5057102457395555
50,269,WML,0.5308486973707373
50,270,MKT_RF,0.3458508486928319
50,270,SMB,-0.10068002192534238
50,270,HML,0.5057102457395538
50,270,WML,0.5308486973707375
50,271,MKT_RF,0.34585084869283056
50,271,SMB,-0.1006800219253402
50,271,HML,0.5057102457395561
50,271,WML,0.530848697370739
50,272,MKT_RF,0.34585084869283245
50,272,SMB,-0.10068002192534171
50,272,HML,0.5057102457395535
50,272,WML,0.5308486973707328
50,273,MKT_RF,0.34585084869283184
50,273,SMB,-0.10068002192534348
50,273,HML,0.5057102457395536
50,273,WML,0.5308486973707324
50,274,MKT_RF,0.34585084869283017
50,274,SMB,-0.10068002192534256
50,274,HML,0.5057102457395528
50,274,WML,0.5308486973707333
50,275,MKT_RF,0.3458508486928308
50,275,SMB,-0.10068002192534448
50,275,HML,0.5057102457395584
50,275,WML,0.5308486973707391
50,276,MKT_RF,0.345850848692833
50,276,SMB,-0.100680021925345
50,276,HML,0.5057102457395543
50,276,WML,0.5308486973707321
50,277,MKT_RF,0.34585084869283284
50,277,SMB,-0.10068002192534337
50,277,HML,0.5057102457395559
50,277,WML,0.5308486973707336
50,278,MKT_RF,0.3458508486928301
50,278,SMB,-0.10068002192534342
50,278,HML,0.5057102457395556
50,278,WML,0.5308486973707419
50,279,MKT_RF,0.3458508486928299
50,279,SMB,-0.10068002192534298
50,279,HML,0.5057102457395551
50,279,WML,0.5308486973707419
50,280,MKT_RF,0.34585084869283206
50,280,SMB,-0.10068002192534241
50,280,HML,0.5057102457395531
50,280,WML,0.5308486973707393
50,281,MKT_RF,0.3458508486928321
50,281,SMB,-0.10068002192534146
50,281,HML,0.5057102457395571
50,281,WML,0.5308486973707373
50,282,MKT_RF,0.34585084869282945
50,282,SMB,-0.10068002192534505
50,282,HML,0.5057102457395538
50,282,WML,0.5308486973707339
50,283,MKT_RF,0.34585084869283095
50,283,SMB,-0.10068002192534185
50,283,HML,0.5057102457395563
50,283,WML,0.5308486973707414
50,284,MKT_RF,0.3458508486928303
50,284,SMB,-0.1006800219253442
50,284,HML,0.5057102457395516
50,284,WML,0.5308486973707343
50,285,MKT_RF,0.34585084869283045
50,285,SMB,-0.10068002192534246
50,285,HML,0.505710245739554
50,285,WML,0.5308486973707318
50,286,MKT_RF,0.34585084869283367
50,286,SMB,-0.10068002192534262
50,286,HML,0.5057102457395569
50,286,WML,0.5308486973707344
50,287,MKT_RF,0.3458508486928311
50,287,SMB,-0.1006800219253451
50,287,HML,0.5057102457395534
50,287,WML,0.5308486973707383
50,288,MKT_RF,0.3458508486928326
50,288,SMB,-0.10068002192534047
50,288,HML,0.5057102457395528
50,288,WML,0.5308486973707345
50,289,MKT_RF,0.34585084869283333
50,289,SMB,-0.10068002192534352
50,289,HML,0.5057102457395557
50,289,WML,0.5308486973707344
50,290,MKT_RF,0.3458508486928333
50,290,SMB,-0.10068002192533941
50,290,HML,0.5057102457395516
50,290,WML,0.5308486973707315
50,291,MKT_RF,0.34585084869283134
50,291,SMB,-0.10068002192534015
50,291,HML,0.5057102457395554
50,291,WML,0.5308486973707309
50,292,MKT_RF,0.345850848692831
50,292,SMB,-0.1006800219253418
50,292,HML,0.5057102457395513
50,292,WML,0.5308486973707349
50,293,MKT_RF,0.3458508486928312
50,293,SMB,-0.10068002192534108
50,293,HML,0.5057102457395533
50,293,WML,0.5308486973707361
50,294,MKT_RF,0.34585084869283017
50,294,SMB,-0.10068002192534123
50,294,HML,0.5057102457395516
50,294,WML,0.5308486973707337
50,295,MKT_RF,0.34585084869283056
50,295,SMB,-0.1006800219253414
50,295,HML,0.5057102457395545
50,295,WML,0.5308486973707359
50,296,MKT_RF,0.34585084869283006
50,296,SMB,-0.1006800219253423
50,296,HML,0.5057102457395539
50,296,WML,0.5308486973707406
50,297,MKT_RF,0.3458508486928328
50,297,SMB,-0.10068002192534371
50,297,HML,0.5057102457395566
50,297,WML,0.5308486973707337
50,298,MKT_RF,0.3458508486928338
50,298,SMB,-0.10068002192534349
50,298,HML,0.5057102457395553
50,298,WML,0.5308486973707358
50,299,MKT_RF,0.345850848692832
50,299,SMB,-0.10068002192534556
50,299,HML,0.5057102457395533
50,299,WML,0.5308486973707304
50,300,MKT_RF,0.3458508486928312
50,300,SMB,-0.1006800219253414
50,300,HML,0.5057102457395527
50,300,WML,0.5308486973707414
50,301,MKT_RF,0.34585084869283056
50,301,SMB,-0.10068002192534112
50,301,HML,0.505710245739555
50,301,WML,0.5308486973707359
50,302,MKT_RF,0.34585084869283145
50,302,SMB,-0.10068002192534244
50,302,HML,0.5057102457395538
50,302,WML,0.5308486973707326
50,303,MKT_RF,0.34585084869282945
50,303,SMB,-0.10068002192534242
50,303,HML,0.5057102457395569
50,303,WML,0.5308486973707358
50,304,MKT_RF,0.3458508486928322
50,304,SMB,-0.10068002192534317
50,304,HML,0.5057102457395567
50,304,WML,0.5308486973707361
50,305,MKT_RF,0.3458508486928302
50,305,SMB,-0.1006800219253423
50,305,HML,0.5057102457395541
50,305,WML,0.5308486973707454
50,306,MKT_RF,0.34585084869283117
50,306,SMB,-0.10068002192534017
50,306,HML,0.5057102457395555
50,306,WML,0.5308486973707376
50,307,MKT_RF,0.34585084869283095
50,307,SMB,-0.1006800219253425
50,307,HML,0.5057102457395527
50,307,WML,0.5308486973707369
50,308,MKT_RF,0.345850848692832
50,308,SMB,-0.10068002192534556
50,308,HML,0.5057102457395558
50,308,WML,0.5308486973707383
50,309,MKT_RF,0.345850848692833
50,309,SMB,-0.10068002192534407
50,309,HML,0.5057102457395576
50,309,WML,0.5308486973707358
50,310,MKT_RF,0.3458508486928302
50,310,SMB,-0.10068002192534306
50,310,HML,0.5057102457395558
50,310,WML,0.5308486973707363
50,311,MKT_RF,0.3458508486928337
50,311,SMB,-0.10068002192534244
50,311,HML,0.5057102457395527
50,311,WML,0.5308486973707366
50,312,MKT_RF,0.34585084869283095
50,312,SMB,-0.10068002192534703
50,312,HML,0.5057102457395553
50,312,WML,0.5308486973707401
50,313,MKT_RF,0.3458508486928299
50,313,SMB,-0.10068002192534133
50,313,HML,0.505710245739554
50,313,WML,0.5308486973707343
50,314,MKT_RF,0.34585084869283084
50,314,SMB,-0.10068002192534567
50,314,HML,0.5057102457395524
50,314,WML,0.5308486973707406
50,315,MKT_RF,0.3458508486928309
50,315,SMB,-0.10068002192534366
50,315,HML,0.5057102457395537
50,315,WML,0.5308486973707341
50,316,MKT_RF,0.3458508486928315
50,316,SMB,-0.10068002192534228
50,316,HML,0.5057102457395535
50,316,WML,0.5308486973707306
50,317,MKT_RF,0.3458508486928322
50,317,SMB,-0.10068002192534418
50,317,HML,0.5057102457395554
50,317,WML,0.5308486973707371
50,318,MKT_RF,0.3458508486928316
50,318,SMB,-0.1006800219253439
50,318,HML,0.505710245739555
50,318,WML,0.5308486973707375
50,319,MKT_RF,0.3458508486928314
50,319,SMB,-0.10068002192534338
50,319,HML,0.5057102457395534
50,319,WML,0.5308486973707345
50,320,MKT_RF,0.3458508486928336
50,320,SMB,-0.10068002192534181
50,320,HML,0.5057102457395575
50,320,WML,0.5308486973707423
50,321,MKT_RF,0.3458508486928327
50,321,SMB,-0.10068002192534553
50,321,HML,0.5057102457395565
50,321,WML,0.5308486973707308
50,322,MKT_RF,0.34585084869283345
50,322,SMB,-0.1006800219253414
50,322,HML,0.5057102457395539
50,322,WML,0.5308486973707366
50,323,MKT_RF,0.34585084869282984
50,323,SMB,-0.10068002192534375
50,323,HML,0.5057102457395554
50,323,WML,0.5308486973707451
50,324,MKT_RF,0.3458508486928302
50,324,SMB,-0.10068002192534042
50,324,HML,0.5057102457395557
50,324,WML,0.5308486973707379
50,325,MKT_RF,0.3458508486928313
50,325,SMB,-0.10068002192534392
50,325,HML,0.5057102457395549
50,325,WML,0.5308486973707381
50,326,MKT_RF,0.34585084869283006
50,326,SMB,-0.10068002192534332
50,326,HML,0.5057102457395531
50,326,WML,0.5308486973707398
50,327,MKT_RF,0.34585084869283
50,327,SMB,-0.1006800219253416
50,327,HML,0.5057102457395541
50,327,WML,0.5308486973707411
50,328,MKT_RF,0.345850848692832
50,328,SMB,-0.1006800219253402
50,328,HML,0.5057102457395573
50,328,WML,0.5308486973707273
50,329,MKT_RF,0.34585084869283056
50,329,SMB,-0.10068002192534328
50,329,HML,0.5057102457395569
50,329,WML,0.5308486973707403
50,330,MKT_RF,0.34585084869282795
50,330,SMB,-0.10068002192534152
50,330,HML,0.5057102457395531
50,330,WML,0.5308486973707358
50,331,MKT_RF,0.34585084869282995
50,331,SMB,-0.10068002192534325
50,331,HML,0.5057102457395568
50,331,WML,0.5308486973707325
50,332,MKT_RF,0.3458508486928318
50,332,SMB,-0.10068002192534371
50,332,HML,0.5057102457395523
50,332,WML,0.5308486973707374
50,333,MKT_RF,0.3458508486928321
50,333,SMB,-0.10068002192534461
50,333,HML,0.5057102457395521
50,333,WML,0.5308486973707351
50,334,MKT_RF,0.34585084869282967
50,334,SMB,-0.10068002192534137
50,334,HML,0.5057102457395554
50,334,WML,0.5308486973707338
50,335,MKT_RF,0.3458508486928348
50,335,SMB,-0.10068002192534242
50,335,HML,0.5057102457395547
50,335,WML,0.5308486973707337
50,336,MKT_RF,0.3458508486928305
50,336,SMB,-0.10068002192534281
50,336,HML,0.5057102457395553
50,336,WML,0.5308486973707389
50,337,MKT_RF,0.345850848692831
50,337,SMB,-0.10068002192534477
50,337,HML,0.5057102457395534
50,337,WML,0.530848697370733
50,338,MKT_RF,0.3458508486928344
50,338,SMB,-0.1006800219253425
50,338,HML,0.5057102457395556
50,338,WML,0.5308486973707348
50,339,MKT_RF,0.3458508486928282
50,339,SMB,-0.1006800219253445
50,339,HML,0.5057102457395531
50,339,WML,0.5308486973707336
50,340,MKT_RF,0.34585084869283106
50,340,SMB,-0.10068002192534152
50,340,HML,0.5057102457395595
50,340,WML,0.5308486973707349
50,341,MKT_RF,0.3458508486928356
50,341,SMB,-0.1006800219253431
50,341,HML,0.5057102457395558
50,341,WML,0.5308486973707295
50,342,MKT_RF,0.3458508486928299
50,342,SMB,-0.10068002192534471
50,342,HML,0.5057102457395571
50,342,WML,0.5308486973707426
50,343,MKT_RF,0.3458508486928303
50,343,SMB,-0.10068002192534384
50,343,HML,0.5057102457395543
50,343,WML,0.5308486973707375
50,344,MKT_RF,0.3458508486928323
50,344,SMB,-0.10068002192534249
50,344,HML,0.5057102457395534
50,344,WML,0.5308486973707381
50,345,MKT_RF,0.34585084869282934
50,345,SMB,-0.10068002192534387
50,345,HML,0.5057102457395554
50,345,WML,0.5308486973707357
50,346,MKT_RF,0.3458508486928293
50,346,SMB,-0.10068002192534248
50,346,HML,0.5057102457395551
50,346,WML,0.5308486973707359
50,347,MKT_RF,0.3458508486928304
50,347,SMB,-0.10068002192534477
50,347,HML,0.505710245739554
50,347,WML,0.5308486973707426
50,348,MKT_RF,0.3458508486928335
50,348,SMB,-0.10068002192534374
50,348,HML,0.5057102457395546
50,348,WML,0.5308486973707337
50,349,MKT_RF,0.3458508486928338
50,349,SMB,-0.10068002192534298
50,349,HML,0.5057102457395541
50,349,WML,0.5308486973707324
50,350,MKT_RF,0.3458508486928349
50,350,SMB,-0.10068002192534226
50,350,HML,0.5057102457395528
50,350,WML,0.5308486973707333
50,351,MKT_RF,0.3458508486928333
50,351,SMB,-0.10068002192534234
50,351,HML,0.5057102457395584
50,351,WML,0.5308486973707389
50,352,MKT_RF,0.34585084869283184
50,352,SMB,-0.10068002192534387
50,352,HML,0.5057102457395557
50,352,WML,0.5308486973707265
50,353,MKT_RF,0.34585084869283383
50,353,SMB,-0.10068002192534299
50,353,HML,0.5057102457395516
50,353,WML,0.5308486973707347
50,354,MKT_RF,0.3458508486928324
50,354,SMB,-0.10068002192534205
50,354,HML,0.5057102457395536
50,354,WML,0.5308486973707347
50,355,MKT_RF,0.3458508486928323
50,355,SMB,-0.10068002192534456
50,355,HML,0.5057102457395567
50,355,WML,0.530848697370737
50,356,MKT_RF,0.3458508486928295
50,356,SMB,-0.10068002192534285
50,356,HML,0.5057102457395534
50,356,WML,0.5308486973707368
50,357,MKT_RF,0.3458508486928342
50,357,SMB,-0.10068002192534346
50,357,HML,0.505710245739554
50,357,WML,0.5308486973707311
50,358,MKT_RF,0.3458508486928294
50,358,SMB,-0.10068002192534263
50,358,HML,0.5057102457395531
50,358,WML,0.5308486973707344
50,359,MKT_RF,0.3458508486928328
50,359,SMB,-0.10068002192534233
50,359,HML,0.505710245739556
50,359,WML,0.5308486973707358
50,360,MKT_RF,0.3458508486928307
50,360,SMB,-0.10068002192534198
50,360,HML,0.5057102457395571
50,360,WML,0.5308486973707385
50,361,MKT_RF,0.34585084869283156
50,361,SMB,-0.1006800219253438
50,361,HML,0.5057102457395595
50,361,WML,0.5308486973707311
50,362,MKT_RF,0.345850848692832
50,362,SMB,-0.1006800219253412
50,362,HML,0.5057102457395546
50,362,WML,0.53084869737074
50,363,MKT_RF,0.345850848692832
50,363,SMB,-0.10068002192534235
50,363,HML,0.5057102457395514
50,363,WML,0.5308486973707357
50,364,MKT_RF,0.34585084869283056
50,364,SMB,-0.10068002192534284
50,364,HML,0.505710245739556
50,364,WML,0.5308486973707341
50,365,MKT_RF,0.34585084869282995
50,365,SMB,-0.10068002192534484
50,365,HML,0.5057102457395558
50,365,WML,0.53084869737074
50,366,MKT_RF,0.34585084869283217
50,366,SMB,-0.10068002192534102
50,366,HML,0.5057102457395545
50,366,WML,0.5308486973707388
50,367,MKT_RF,0.3458508486928331
50,367,SMB,-0.10068002192534249
50,367,HML,0.5057102457395567
50,367,WML,0.5308486973707363
50,368,MKT_RF,0.3458508486928287
50,368,SMB,-0.10068002192534271
50,368,HML,0.5057102457395551
50,368,WML,0.5308486973707401
50,369,MKT_RF,0.34585084869283356
50,369,SMB,-0.10068002192534371
50,369,HML,0.5057102457395545
50,369,WML,0.5308486973707329
50,370,MKT_RF,0.3458508486928287
50,370,SMB,-0.10068002192534396
50,370,HML,0.5057102457395545
50,370,WML,0.5308486973707414
50,371,MKT_RF,0.34585084869283017
50,371,SMB,-0.10068002192534377
50,371,HML,0.5057102457395574
50,371,WML,0.5308486973707411
50,372,MKT_RF,0.345850848692833
50,372,SMB,-0.10068002192534209
50,372,HML,0.5057102457395558
50,372,WML,0.5308486973707337
50,373,MKT_RF,0.3458508486928316
50,373,SMB,-0.10068002192534188
50,373,HML,0.505710245739556
50,373,WML,0.5308486973707364
50,374,MKT_RF,0.34585084869283195
50,374,SMB,-0.10068002192534396
50,374,HML,0.5057102457395548
50,374,WML,0.5308486973707308
50,375,MKT_RF,0.3458508486928329
50,375,SMB,-0.10068002192534042
50,375,HML,0.5057102457395556
50,375,WML,0.5308486973707351
50,376,MKT_RF,0.34585084869283084
50,376,SMB,-0.10068002192534142
50,376,HML,0.5057102457395538
50,376,WML,0.5308486973707367
50,377,MKT_RF,0.34585084869283117
50,377,SMB,-0.10068002192534464
50,377,HML,0.5057102457395528
50,377,WML,0.5308486973707425
50,378,MKT_RF,0.3458508486928337
50,378,SMB,-0.10068002192534135
50,378,HML,0.5057102457395536
50,378,WML,0.5308486973707327
50,379,MKT_RF,0.3458508486928316
50,379,SMB,-0.1006800219253426
50,379,HML,0.5057102457395525
50,379,WML,0.5308486973707363
50,380,MKT_RF,0.34585084869283056
50,380,SMB,-0.1006800219253432
50,380,HML,0.5057102457395518
50,380,WML,0.5308486973707325
50,381,MKT_RF,0.34585084869283345
50,381,SMB,-0.10068002192534241
50,381,HML,0.5057102457395513
50,381,WML,0.5308486973707308
50,382,MKT_RF,0.34585084869283333
50,382,SMB,-0.10068002192534535
50,382,HML,0.5057102457395546
50,382,WML,0.5308486973707282
50,383,MKT_RF,0.3458508486928332
50,383,SMB,-0.10068002192534505
50,383,HML,0.5057102457395549
50,383,WML,0.5308486973707389
50,384,MKT_RF,0.3458508486928321
50,384,SMB,-0.10068002192534378
50,384,HML,0.5057102457395579
50,384,WML,0.5308486973707414
50,385,MKT_RF,0.3458508486928348
50,385,SMB,-0.10068002192534406
50,385,HML,0.5057102457395528
50,385,WML,0.530848697370738
50,386,MKT_RF,0.3458508486928299
50,386,SMB,-0.10068002192534062
50,386,HML,0.5057102457395555
50,386,WML,0.5308486973707383
50,387,MKT_RF,0.3458508486928297
50,387,SMB,-0.10068002192534377
50,387,HML,0.5057102457395544
50,387,WML,0.5308486973707367
50,388,MKT_RF,0.34585084869283217
50,388,SMB,-0.10068002192534478
50,388,HML,0.505710245739554
50,388,WML,0.5308486973707314
50,389,MKT_RF,0.3458508486928312
50,389,SMB,-0.10068002192534402
50,389,HML,0.5057102457395527
50,389,WML,0.5308486973707397
50,390,MKT_RF,0.34585084869282845
50,390,SMB,-0.10068002192534355
50,390,HML,0.5057102457395541
50,390,WML,0.5308486973707476
50,391,MKT_RF,0.3458508486928306
50,391,SMB,-0.10068002192534316
50,391,HML,0.5057102457395539
50,391,WML,0.5308486973707343
50,392,MKT_RF,0.3458508486928338
50,392,SMB,-0.10068002192534456
50,392,HML,0.5057102457395544
50,392,WML,0.5308486973707326
50,393,MKT_RF,0.3458508486928306
50,393,SMB,-0.10068002192534149
50,393,HML,0.5057102457395589
50,393,WML,0.5308486973707381
50,394,MKT_RF,0.34585084869283306
50,394,SMB,-0.10068002192534212
50,394,HML,0.5057102457395551
50,394,WML,0.5308486973707333
50,395,MKT_RF,0.3458508486928294
50,395,SMB,-0.10068002192534195
50,395,HML,0.5057102457395549
50,395,WML,0.5308486973707349
50,396,MKT_RF,0.34585084869283167
50,396,SMB,-0.10068002192534414
50,396,HML,0.5057102457395509
50,396,WML,0.5308486973707323
50,397,MKT_RF,0.34585084869283145
50,397,SMB,-0.10068002192534029
50,397,HML,0.5057102457395527
50,397,WML,0.530848697370736
50,398,MKT_RF,0.345850848692833
50,398,SMB,-0.10068002192534307
50,398,HML,0.5057102457395515
50,398,WML,0.5308486973707369
50,399,MKT_RF,0.34585084869283117
50,399,SMB,-0.10068002192534355
50,399,HML,0.5057102457395527
50,399,WML,0.5308486973707376
50,400,MKT_RF,0.3458508486928306
50,400,SMB,-0.1006800219253441
50,400,HML,0.5057102457395524
50,400,WML,0.5308486973707364
50,401,MKT_RF,0.3458508486928327
50,401,SMB,-0.10068002192533976
50,401,HML,0.5057102457395557
50,401,WML,0.5308486973707257
50,402,MKT_RF,0.34585084869283467
50,402,SMB,-0.100680021925344
50,402,HML,0.5057102457395563
50,402,WML,0.530848697370732
50,403,MKT_RF,0.34585084869283295
50,403,SMB,-0.10068002192534248
50,403,HML,0.5057102457395519
50,403,WML,0.5308486973707294
50,404,MKT_RF,0.34585084869283433
50,404,SMB,-0.10068002192534184
50,404,HML,0.505710245739556
50,404,WML,0.5308486973707331
50,405,MKT_RF,0.3458508486928295
50,405,SMB,-0.1006800219253436
50,405,HML,0.5057102457395568
50,405,WML,0.5308486973707413
50,406,MKT_RF,0.3458508486928307
50,406,SMB,-0.10068002192534184
50,406,HML,0.5057102457395565
50,406,WML,0.5308486973707357
50,407,MKT_RF,0.3458508486928315
50,407,SMB,-0.10068002192534144
50,407,HML,0.5057102457395543
50,407,WML,0.5308486973707423
50,408,MKT_RF,0.34585084869283045
50,408,SMB,-0.10068002192534467
50,408,HML,0.5057102457395553
50,408,WML,0.53084869737074
50,409,MKT_RF,0.3458508486928326
50,409,SMB,-0.10068002192534199
50,409,HML,0.5057102457395563
50,409,WML,0.5308486973707311
50,410,MKT_RF,0.3458508486928297
50,410,SMB,-0.10068002192534228
50,410,HML,0.5057102457395537
50,410,WML,0.5308486973707364
50,411,MKT_RF,0.3458508486928315
50,411,SMB,-0.10068002192534398
50,411,HML,0.5057102457395577
50,411,WML,0.530848697370736
50,412,MKT_RF,0.3458508486928324
50,412,SMB,-0.10068002192533994
50,412,HML,0.5057102457395547
50,412,WML,0.5308486973707385
50,413,MKT_RF,0.34585084869283517
50,413,SMB,-0.10068002192534442
50,413,HML,0.5057102457395515
50,413,WML,0.5308486973707316
50,414,MKT_RF,0.3458508486928292
50,414,SMB,-0.10068002192534314
50,414,HML,0.5057102457395573
50,414,WML,0.5308486973707384
50,415,MKT_RF,0.3458508486928302
50,415,SMB,-0.1006800219253427
50,415,HML,0.5057102457395571
50,415,WML,0.5308486973707374
50,416,MKT_RF,0.34585084869283045
50,416,SMB,-0.10068002192534246
50,416,HML,0.5057102457395569
50,416,WML,0.5308486973707375
50,417,MKT_RF,0.3458508486928343
50,417,SMB,-0.10068002192534264
50,417,HML,0.5057102457395519
50,417,WML,0.5308486973707371
50,418,MKT_RF,0.34585084869283034
50,418,SMB,-0.10068002192534302
50,418,HML,0.5057102457395554
50,418,WML,0.5308486973707338
50,419,MKT_RF,0.3458508486928326
50,419,SMB,-0.10068002192534309
50,419,HML,0.5057102457395535
50,419,WML,0.5308486973707325
50,420,MKT_RF,0.3458508486928348
50,420,SMB,-0.10068002192534217
50,420,HML,0.505710245739554
50,420,WML,0.5308486973707324
50,421,MKT_RF,0.3458508486928295
50,421,SMB,-0.10068002192534149
50,421,HML,0.5057102457395565
50,421,WML,0.5308486973707356
50,422,MKT_RF,0.34585084869283317
50,422,SMB,-0.10068002192534367
50,422,HML,0.5057102457395526
50,422,WML,0.5308486973707429
50,423,MKT_RF,0.3458508486928309
50,423,SMB,-0.10068002192534548
50,423,HML,0.5057102457395568
50,423,WML,0.5308486973707397
50,424,MKT_RF,0.34585084869283206
50,424,SMB,-0.10068002192534804
50,424,HML,0.5057102457395524
50,424,WML,0.5308486973707348
50,425,MKT_RF,0.3458508486928316
50,425,SMB,-0.10068002192534585
50,425,HML,0.5057102457395551
50,425,WML,0.5308486973707365
50,426,MKT_RF,0.3458508486928325
50,426,SMB,-0.10068002192534405
50,426,HML,0.5057102457395519
50,426,WML,0.5308486973707329
50,427,MKT_RF,0.34585084869283317
50,427,SMB,-0.10068002192534185
50,427,HML,0.5057102457395535
50,427,WML,0.5308486973707355
50,428,MKT_RF,0.3458508486928338
50,428,SMB,-0.10068002192534502
50,428,HML,0.5057102457395564
50,428,WML,0.5308486973707357
50,429,MKT_RF,0.3458508486928317
50,429,SMB,-0.10068002192534357
50,429,HML,0.505710245739555
50,429,WML,0.5308486973707373
50,430,MKT_RF,0.3458508486928295
50,430,SMB,-0.100680021925343
50,430,HML,0.5057102457395544
50,430,WML,0.530848697370738
50,431,MKT_RF,0.34585084869283217
50,431,SMB,-0.10068002192534391
50,431,HML,0.5057102457395578
50,431,WML,0.5308486973707364
50,432,MKT_RF,0.3458508486928344
50,432,SMB,-0.10068002192534266
50,432,HML,0.5057102457395528
50,432,WML,0.5308486973707286
50,433,MKT_RF,0.3458508486928305
50,433,SMB,-0.10068002192534231
50,433,HML,0.5057102457395573
50,433,WML,0.5308486973707401
50,434,MKT_RF,0.3458508486928327
50,434,SMB,-0.10068002192534384
50,434,HML,0.5057102457395541
50,434,WML,0.5308486973707368
50,435,MKT_RF,0.3458508486928333
50,435,SMB,-0.10068002192534606
50,435,HML,0.5057102457395556
50,435,WML,0.5308486973707394
50,436,MKT_RF,0.3458508486928319
50,436,SMB,-0.10068002192534135
50,436,HML,0.5057102457395537
50,436,WML,0.5308486973707374
50,437,MKT_RF,0.3458508486928321
50,437,SMB,-0.10068002192534395
50,437,HML,0.5057102457395529
50,437,WML,0.5308486973707367
50,438,MKT_RF,0.3458508486928316
50,438,SMB,-0.10068002192534248
50,438,HML,0.5057102457395517
50,438,WML,0.5308486973707329
50,439,MKT_RF,0.34585084869283333
50,439,SMB,-0.10068002192534264
50,439,HML,0.5057102457395529
50,439,WML,0.5308486973707285
50,440,MKT_RF,0.3458508486928326
50,440,SMB,-0.10068002192534416
50,440,HML,0.5057102457395539
50,440,WML,0.5308486973707363
50,441,MKT_RF,0.34585084869283284
50,441,SMB,-0.10068002192534282
50,441,HML,0.505710245739551
50,441,WML,0.53084869737073
50,442,MKT_RF,0.3458508486928323
50,442,SMB,-0.10068002192534255
50,442,HML,0.5057102457395549
50,442,WML,0.5308486973707334
50,443,MKT_RF,0.34585084869282834
50,443,SMB,-0.10068002192534252
50,443,HML,0.5057102457395561
50,443,WML,0.5308486973707319
50,444,MKT_RF,0.3458508486928337
50,444,SMB,-0.10068002192534169
50,444,HML,0.5057102457395531
50,444,WML,0.5308486973707343
50,445,MKT_RF,0.34585084869283117
50,445,SMB,-0.10068002192534514
50,445,HML,0.5057102457395518
50,445,WML,0.5308486973707335
50,446,MKT_RF,0.3458508486928308
50,446,SMB,-0.10068002192534108
50,446,HML,0.5057102457395531
50,446,WML,0.5308486973707417
50,447,MKT_RF,0.34585084869283167
50,447,SMB,-0.10068002192534276
50,447,HML,0.505710245739554
50,447,WML,0.5308486973707341
50,448,MKT_RF,0.34585084869283317
50,448,SMB,-0.10068002192534121
50,448,HML,0.5057102457395531
50,448,WML,0.53084869737074
50,449,MKT_RF,0.345850848692832
50,449,SMB,-0.10068002192534455
50,449,HML,0.5057102457395526
50,449,WML,0.5308486973707326
50,450,MKT_RF,0.3458508486928315
50,450,SMB,-0.10068002192534124
50,450,HML,0.505710245739555
50,450,WML,0.5308486973707331
50,451,MKT_RF,0.3458508486928331
50,451,SMB,-0.10068002192534288
50,451,HML,0.5057102457395567
50,451,WML,0.530848697370733
50,452,MKT_RF,0.3458508486928333
50,452,SMB,-0.10068002192534159
50,452,HML,0.5057102457395561
50,452,WML,0.5308486973707356
50,453,MKT_RF,0.3458508486928287
50,453,SMB,-0.10068002192534309
50,453,HML,0.5057102457395568
50,453,WML,0.5308486973707354
50,454,MKT_RF,0.34585084869283134
50,454,SMB,-0.10068002192534321
50,454,HML,0.5057102457395558
50,454,WML,0.5308486973707401
50,455,MKT_RF,0.3458508486928331
50,455,SMB,-0.10068002192534257
50,455,HML,0.5057102457395527
50,455,WML,0.5308486973707388
50,456,MKT_RF,0.3458508486928304
50,456,SMB,-0.10068002192534127
50,456,HML,0.505710245739556
50,456,WML,0.5308486973707338
50,457,MKT_RF,0.34585084869283117
50,457,SMB,-0.1006800219253442
50,457,HML,0.505710245739556
50,457,WML,0.5308486973707363
50,458,MKT_RF,0.34585084869283217
50,458,SMB,-0.10068002192534188
50,458,HML,0.5057102457395554
50,458,WML,0.5308486973707256
50,459,MKT_RF,0.3458508486928293
50,459,SMB,-0.10068002192534388
50,459,HML,0.5057102457395555
50,459,WML,0.530848697370735
50,460,MKT_RF,0.3458508486928311
50,460,SMB,-0.10068002192534405
50,460,HML,0.5057102457395553
50,460,WML,0.5308486973707375
50,461,MKT_RF,0.34585084869283494
50,461,SMB,-0.10068002192534446
50,461,HML,0.505710245739555
50,461,WML,0.5308486973707345
50,462,MKT_RF,0.3458508486928349
50,462,SMB,-0.10068002192534423
50,462,HML,0.5057102457395541
50,462,WML,0.5308486973707349
50,463,MKT_RF,0.3458508486928326
50,463,SMB,-0.10068002192534287
50,463,HML,0.5057102457395534
50,463,WML,0.5308486973707339
50,464,MKT_RF,0.3458508486928305
50,464,SMB,-0.10068002192534399
50,464,HML,0.5057102457395563
50,464,WML,0.5308486973707399
50,465,MKT_RF,0.34585084869283117
50,465,SMB,-0.10068002192534223
50,465,HML,0.5057102457395554
50,465,WML,0.5308486973707398
50,466,MKT_RF,0.3458508486928327
50,466,SMB,-0.1006800219253407
50,466,HML,0.5057102457395548
50,466,WML,0.5308486973707369
50,467,MKT_RF,0.3458508486928319
50,467,SMB,-0.1006800219253427
50,467,HML,0.5057102457395548
50,467,WML,0.5308486973707355
50,468,MKT_RF,0.3458508486928312
50,468,SMB,-0.10068002192534518
50,468,HML,0.5057102457395546
50,468,WML,0.5308486973707389
50,469,MKT_RF,0.34585084869283267
50,469,SMB,-0.10068002192534434
50,469,HML,0.5057102457395534
50,469,WML,0.5308486973707378
50,470,MKT_RF,0.3458508486928337
50,470,SMB,-0.1006800219253432
50,470,HML,0.5057102457395571
50,470,WML,0.5308486973707279
50,471,MKT_RF,0.3458508486928298
50,471,SMB,-0.10068002192534446
50,471,HML,0.5057102457395573
50,471,WML,0.5308486973707357
50,472,MKT_RF,0.34585084869283345
50,472,SMB,-0.10068002192534159
50,472,HML,0.5057102457395535
50,472,WML,0.5308486973707339
50,473,MKT_RF,0.34585084869283006
50,473,SMB,-0.10068002192534285
50,473,HML,0.5057102457395557
50,473,WML,0.530848697370741
50,474,MKT_RF,0.34585084869283533
50,474,SMB,-0.10068002192534395
50,474,HML,0.5057102457395504
50,474,WML,0.53084869737073
50,475,MKT_RF,0.3458508486928346
50,475,SMB,-0.10068002192534288
50,475,HML,0.5057102457395528
50,475,WML,0.5308486973707361
50,476,MKT_RF,0.34585084869283256
50,476,SMB,-0.10068002192534241
50,476,HML,0.5057102457395514
50,476,WML,0.5308486973707298
50,477,MKT_RF,0.345850848692831
50,477,SMB,-0.10068002192534099
50,477,HML,0.505710245739554
50,477,WML,0.5308486973707389
50,478,MKT_RF,0.3458508486928335
50,478,SMB,-0.1006800219253457
50,478,HML,0.5057102457395527
50,478,WML,0.5308486973707389
50,479,MKT_RF,0.3458508486928311
50,479,SMB,-0.10068002192534181
50,479,HML,0.5057102457395535
50,479,WML,0.5308486973707394
50,480,MKT_RF,0.3458508486928349
50,480,SMB,-0.10068002192534402
50,480,HML,0.5057102457395531
50,480,WML,0.5308486973707319
50,481,MKT_RF,0.34585084869283417
50,481,SMB,-0.10068002192534406
50,481,HML,0.5057102457395525
50,481,WML,0.5308486973707276
50,482,MKT_RF,0.34585084869283067
50,482,SMB,-0.10068002192534163
50,482,HML,0.5057102457395543
50,482,WML,0.5308486973707365
50,483,MKT_RF,0.3458508486928335
50,483,SMB,-0.10068002192534388
50,483,HML,0.5057102457395533
50,483,WML,0.5308486973707374
50,484,MKT_RF,0.3458508486928346
50,484,SMB,-0.10068002192534456
50,484,HML,0.5057102457395539
50,484,WML,0.5308486973707347
50,485,MKT_RF,0.345850848692831
50,485,SMB,-0.10068002192534051
50,485,HML,0.5057102457395564
50,485,WML,0.5308486973707421
50,486,MKT_RF,0.3458508486928349
50,486,SMB,-0.10068002192534285
50,486,HML,0.5057102457395545
50,486,WML,0.5308486973707325
50,487,MKT_RF,0.34585084869283284
50,487,SMB,-0.10068002192534081
50,487,HML,0.5057102457395566
50,487,WML,0.5308486973707366
50,488,MKT_RF,0.3458508486928333
50,488,SMB,-0.10068002192534399
50,488,HML,0.5057102457395528
50,488,WML,0.5308486973707378
50,489,MKT_RF,0.3458508486928314
50,489,SMB,-0.10068002192534474
50,489,HML,0.505710245739555
50,489,WML,0.5308486973707378
50,490,MKT_RF,0.3458508486928331
50,490,SMB,-0.10068002192534412
50,490,HML,0.5057102457395584
50,490,WML,0.5308486973707349
50,491,MKT_RF,0.34585084869283067
50,491,SMB,-0.1006800219253429
50,491,HML,0.5057102457395528
50,491,WML,0.5308486973707336
50,492,MKT_RF,0.3458508486928349
50,492,SMB,-0.10068002192534227
50,492,HML,0.505710245739554
50,492,WML,0.5308486973707289
50,493,MKT_RF,0.34585084869283106
50,493,SMB,-0.10068002192534248
50,493,HML,0.5057102457395556
50,493,WML,0.5308486973707365
50,494,MKT_RF,0.34585084869283167
50,494,SMB,-0.10068002192534112
50,494,HML,0.5057102457395524
50,494,WML,0.5308486973707378
50,495,MKT_RF,0.3458508486928284
50,495,SMB,-0.1006800219253442
50,495,HML,0.5057102457395553
50,495,WML,0.5308486973707343
50,496,MKT_RF,0.3458508486928315
50,496,SMB,-0.10068002192534337
50,496,HML,0.505710245739554
50,496,WML,0.5308486973707381
50,497,MKT_RF,0.3458508486928309
50,497,SMB,-0.10068002192534206
50,497,HML,0.5057102457395563
50,497,WML,0.5308486973707369
50,498,MKT_RF,0.3458508486928323
50,498,SMB,-0.10068002192534238
50,498,HML,0.505710245739553
50,498,WML,0.5308486973707354
50,499,MKT_RF,0.34585084869283117
50,499,SMB,-0.10068002192534449
50,499,HML,0.5057102457395565
50,499,WML,0.5308486973707448
